organism_name,assembly_id
Aaosphaeria arxii CBS 175.79,GCA_010015735.1
Aaosphaeria pasadenensis,GCA_022813625.1
Abortiporus biennis,GCA_022606235.1
Abortiporus biennis,GCA_047301825.1
Absidia healeyae,GCA_019677225.1
Absidia repens,GCA_002105175.1
Absidia sp. UoMAU379,GCA_019677255.1
Absidia sp. YW-2025a,GCA_050656845.1
Absidia sp. YW-2025b,GCA_050656855.1
Acaromyces ingoldii,GCA_003144295.1
Acarospora aff. strigata,GCA_022814355.1
Acarospora socialis,GCA_025617375.2
Acaulopage tetraceros,GCA_004114255.1
Acephala macrosclerotiorum,GCA_014904845.1
Achaetomiella virescens,GCA_031001845.1
Achaetomium macrosporum,GCA_033296875.1
Aciculoconidium aculeatum,GCA_003707435.1
Aciculoconidium aculeatum,GCA_030579395.1
Aciculosporium take MAFF-241224,GCA_000222935.2
Acidiella bohemica,GCA_019670975.1
Acidomyces richmondensis BFW,GCA_001592465.1
Acidomyces sp. 'richmondensis',GCA_001572075.1
Acidomyces sp. 'richmondensis',GCA_003545705.1
Acremonium polychromum,GCA_054490815.1
Acremonium sp. FKII-L8-BK-P5,GCA_020087035.1
Acrocalymma vagum,GCA_028476805.1
Acrodontium crateriforme,GCA_033807595.1
Actinomortierella ambigua,GCA_015502565.1
Actinomortierella ambigua,GCA_015849275.1
Actinomortierella ambigua,GCA_016098155.1
Actinomortierella wolfii,GCA_016098105.1
Actinomortierella wolfii,GCA_016098135.1
Actinomucor elegans,GCA_001599635.1
Actinomucor elegans,GCA_026027325.1
Aeminium ludgeri,GCA_004216415.1
Afroboletus lepidellus,GCA_038094355.1
Agaricales sp. HM26-F1,GCA_002718315.1
Agaricus bisporus,GCA_006228365.1
Agaricus bisporus,GCA_008271545.1
Agaricus bisporus,GCA_037953735.1
Agaricus bisporus,GCA_041430195.1
Agaricus bisporus,GCA_043380955.1
Agaricus bisporus,GCA_043381075.1
Agaricus bisporus,GCA_046056105.1
Agaricus bisporus,GCA_046056185.1
Agaricus bisporus,GCA_055470795.1
Agaricus bisporus var. bisporus,GCA_001682475.1
Agaricus bisporus var. bisporus,GCA_006491665.1
Agaricus bisporus var. bisporus H97,GCA_000300575.2
Agaricus bisporus var. burnettii,GCA_014872705.1
Agaricus bisporus var. burnettii JB137-S8,GCA_000300555.1
Agaricus bitorquis,GCA_030246685.1
Agaricus blazei,GCA_029719445.1
Agaricus sinodeliciosus,GCA_022315185.1
Agaricus subrufescens,GCA_029945375.1
Agmasoma carcini (nom. nud.),GCA_029231695.1
Agmasoma carcini (nom. nud.),GCA_029232285.1
Agroathelia delphinii,GCA_041475395.1
Agroathelia rolfsii,GCA_000961905.2
Agroathelia rolfsii,GCA_002940785.1
Agroathelia rolfsii,GCA_018343895.1
Agroathelia rolfsii,GCA_018343915.1
Agroathelia rolfsii,GCA_036172465.1
Agroathelia rolfsii,GCA_052928445.1
Agrocybe chaxingu,GCA_027627235.1
Agrocybe pediades,GCA_013053245.1
Agrocybe pediades,GCA_015484485.1
Agrocybe pediades,GCA_051996695.1
Agrocybe striatipes,GCA_051996675.1
Agyrium rufum,GCA_022814335.1
Akanthomyces attenuatus,GCA_051529075.1
Akanthomyces dipterigenus,GCA_030411515.1
Akanthomyces dipterigenus,GCA_030779985.1
Akanthomyces dipterigenus,GCA_030781665.1
Akanthomyces dipterigenus,GCA_030781925.1
Akanthomyces dipterigenus,GCA_030782645.1
Akanthomyces dipterigenus,GCA_030783265.1
Akanthomyces dipterigenus,GCA_030783385.1
Akanthomyces dipterigenus,GCA_030783725.1
Akanthomyces dipterigenus,GCA_030783745.1
Akanthomyces dipterigenus,GCA_030783805.1
Akanthomyces dipterigenus,GCA_030784025.1
Akanthomyces dipterigenus,GCA_051527285.1
Akanthomyces lecanii,GCA_001653215.1
Akanthomyces lecanii,GCA_016170065.1
Akanthomyces lecanii,GCA_030411575.1
Akanthomyces lecanii,GCA_030772815.1
Akanthomyces lecanii,GCA_030780265.1
Akanthomyces lecanii,GCA_030781825.1
Akanthomyces lecanii,GCA_030783985.1
Akanthomyces lecanii,GCA_030785975.1
Akanthomyces lecanii,GCA_030789525.1
Akanthomyces lecanii,GCA_032354155.1
Akanthomyces lecanii,GCA_051527755.1
Akanthomyces lecanii,GCA_051529055.1
Akanthomyces lecanii,GCA_054134475.1
Akanthomyces lecanii RCEF 1005,GCA_001636795.1
Akanthomyces muscarius,GCA_028009165.1
Akanthomyces muscarius,GCA_040955805.1
Akanthomyces muscarius,GCA_051527555.1
Akanthomyces muscarius,GCA_051529015.1
Akanthomyces sp. G78,GCA_051528755.1
Akanthomyces uredinophilus,GCA_030778065.2
Akanthomyces uredinophilus,GCA_030783525.2
Albatrellus ellisii,GCA_003314395.1
Albatrellus sp. MG142,GCA_003314695.1
Albifimbria verrucaria,GCA_020081605.1
Albifimbria verrucaria,GCA_021442215.1
Albophoma yamanashiensis,GCA_001600555.1
Albophoma yamanashiensis,GCA_051623215.1
Albopleistophora grylli,GCA_043388365.1
Alectoria sarmentosa,GCA_009733775.1
Allantophomopsis cytisporea,GCA_024752435.1
Allantophomopsis lycopodina,GCA_024752465.1
Alloascoidea africana,GCA_030581615.1
Alloascoidea hylecoeti,GCA_001600815.1
Alloascoidea hylecoeti,GCA_030555715.1
Allodekkera sacchari,GCA_030565225.1
Allomyces arbusculus,GCA_027604705.1
Allomyces javanicus,GCA_027604645.1
Allomyces macrogynus ATCC 38327,GCA_000151295.1
Alternaria alstroemeriae,GCA_037044435.1
Alternaria alstroemeriae,GCA_053542345.1
Alternaria alternarina,GCA_036971565.1
Alternaria alternata,GCA_001443195.1
Alternaria alternata,GCA_001572055.1
Alternaria alternata,GCA_001642055.1
Alternaria alternata,GCA_001696825.1
Alternaria alternata,GCA_004154755.1
Alternaria alternata,GCA_004634295.1
Alternaria alternata,GCA_009650635.1
Alternaria alternata,GCA_009932595.1
Alternaria alternata,GCA_011420255.1
Alternaria alternata,GCA_011420445.1
Alternaria alternata,GCA_011420565.1
Alternaria alternata,GCA_014154925.1
Alternaria alternata,GCA_014751505.1
Alternaria alternata,GCA_016097525.1
Alternaria alternata,GCA_018104255.1
Alternaria alternata,GCA_020085065.1
Alternaria alternata,GCA_020449105.1
Alternaria alternata,GCA_020736535.1
Alternaria alternata,GCA_020736745.1
Alternaria alternata,GCA_020736755.1
Alternaria alternata,GCA_020736765.1
Alternaria alternata,GCA_020736775.1
Alternaria alternata,GCA_022344125.1
Alternaria alternata,GCA_022344135.1
Alternaria alternata,GCA_022344145.1
Alternaria alternata,GCA_022344155.1
Alternaria alternata,GCA_022344165.1
Alternaria alternata,GCA_022344205.1
Alternaria alternata,GCA_022344225.1
Alternaria alternata,GCA_022344235.1
Alternaria alternata,GCA_022344255.1
Alternaria alternata,GCA_022344265.1
Alternaria alternata,GCA_022344295.1
Alternaria alternata,GCA_022344325.1
Alternaria alternata,GCA_022344335.1
Alternaria alternata,GCA_022344355.1
Alternaria alternata,GCA_022344365.1
Alternaria alternata,GCA_022344405.1
Alternaria alternata,GCA_022344415.1
Alternaria alternata,GCA_022344435.1
Alternaria alternata,GCA_022344465.1
Alternaria alternata,GCA_022344485.1
Alternaria alternata,GCA_022344495.1
Alternaria alternata,GCA_022344505.1
Alternaria alternata,GCA_022344545.1
Alternaria alternata,GCA_022344555.1
Alternaria alternata,GCA_022344575.1
Alternaria alternata,GCA_022344615.1
Alternaria alternata,GCA_022344625.1
Alternaria alternata,GCA_022344635.1
Alternaria alternata,GCA_022344655.1
Alternaria alternata,GCA_022344665.1
Alternaria alternata,GCA_022344695.1
Alternaria alternata,GCA_022344705.1
Alternaria alternata,GCA_022344745.1
Alternaria alternata,GCA_022344765.1
Alternaria alternata,GCA_022344775.1
Alternaria alternata,GCA_022344825.1
Alternaria alternata,GCA_022344835.1
Alternaria alternata,GCA_022344855.1
Alternaria alternata,GCA_022344875.1
Alternaria alternata,GCA_022344885.1
Alternaria alternata,GCA_022344895.1
Alternaria alternata,GCA_022344905.1
Alternaria alternata,GCA_022344925.1
Alternaria alternata,GCA_022344955.1
Alternaria alternata,GCA_022344985.1
Alternaria alternata,GCA_022344995.1
Alternaria alternata,GCA_022345075.1
Alternaria alternata,GCA_022345085.1
Alternaria alternata,GCA_022345095.1
Alternaria alternata,GCA_022345105.1
Alternaria alternata,GCA_022345155.1
Alternaria alternata,GCA_022345165.1
Alternaria alternata,GCA_022345175.1
Alternaria alternata,GCA_022345185.1
Alternaria alternata,GCA_022345235.1
Alternaria alternata,GCA_022345245.1
Alternaria alternata,GCA_022345265.1
Alternaria alternata,GCA_022345275.1
Alternaria alternata,GCA_022345285.1
Alternaria alternata,GCA_022345305.1
Alternaria alternata,GCA_022345335.1
Alternaria alternata,GCA_022355435.1
Alternaria alternata,GCA_023079285.1
Alternaria alternata,GCA_029891365.1
Alternaria alternata,GCA_039700775.1
Alternaria alternata,GCA_039700845.1
Alternaria alternata,GCA_040783835.1
Alternaria alternata,GCA_046563045.1
Alternaria alternata,GCA_047716545.1
Alternaria alternata,GCA_049724635.1
Alternaria alternata,GCA_049724695.1
Alternaria alternata,GCA_049859505.1
Alternaria alternata,GCA_050710565.1
Alternaria alternata,GCA_050710675.1
Alternaria alternata,GCA_050710795.1
Alternaria alternata,GCA_050711485.1
Alternaria alternata,GCA_051107835.1
Alternaria alternata,GCA_051107855.1
Alternaria alternata,GCA_051107875.1
Alternaria alternata,GCA_051107895.1
Alternaria alternata,GCA_051107915.1
Alternaria alternata,GCA_051107955.1
Alternaria alternata,GCA_054051525.1
Alternaria alternata,GCA_054126945.1
Alternaria alternata,GCA_055084135.1
Alternaria alternata,GCA_055769695.1
Alternaria alternata,GCA_055769715.1
Alternaria alternata,GCA_055769815.1
Alternaria angustiovoidea,GCA_022814425.1
Alternaria angustiovoidea,GCA_022814545.1
Alternaria arborescens,GCA_004154815.1
Alternaria arborescens,GCA_004154835.1
Alternaria arborescens,GCA_004155955.1
Alternaria arborescens,GCA_004634205.1
Alternaria arborescens,GCA_013282825.1
Alternaria arborescens,GCA_020736785.1
Alternaria arborescens,GCA_025426055.1
Alternaria arborescens,GCA_040783815.1
Alternaria arborescens,GCA_040783855.1
Alternaria arborescens,GCA_052110775.1
Alternaria arborescens EGS 39-128,GCA_000256225.1
Alternaria arbusti,GCA_024043155.1
Alternaria arbusti,GCA_040583865.1
Alternaria atra,GCA_004634305.1
Alternaria brassicae,GCA_004936725.1
Alternaria brassicae,GCA_030704915.1
Alternaria brassicae,GCA_030704925.1
Alternaria brassicae,GCA_036768455.1
Alternaria brassicae,GCA_036768465.1
Alternaria brassicicola,GCA_002796735.1
Alternaria brassicicola,GCA_023079265.1
Alternaria brassicicola,GCA_027569035.1
Alternaria brassicicola,GCA_027569655.1
Alternaria brassicicola ATCC 96836,GCA_000174375.1
Alternaria burnsii,GCA_013036055.1
Alternaria burnsii,GCA_021613345.1
Alternaria cf. alternata,GCA_020284155.1
Alternaria chlamydospora,GCA_047302185.1
Alternaria conjuncta,GCA_024043145.1
Alternaria conjuncta,GCA_040584035.1
Alternaria consortialis,GCA_001950455.1
Alternaria dauci,GCA_025504955.1
Alternaria dauci,GCA_042100115.1
Alternaria destruens,GCA_037044395.1
Alternaria ethzedia,GCA_023757985.1
Alternaria ethzedia,GCA_040583925.1
Alternaria gaisen,GCA_004156025.2
Alternaria gaisen,GCA_022345345.1
Alternaria gaisen,GCA_022345375.1
Alternaria gaisen,GCA_022345385.1
Alternaria gaisen,GCA_022345405.1
Alternaria gaisen,GCA_022345445.1
Alternaria gaisen,GCA_022345455.1
Alternaria gaisen,GCA_022345465.1
Alternaria gaisen,GCA_022345485.1
Alternaria gaisen,GCA_022345505.1
Alternaria gaisen,GCA_022345525.1
Alternaria gaisen,GCA_022345565.1
Alternaria gaisen,GCA_022345575.1
Alternaria gaisen,GCA_022345585.1
Alternaria gaisen,GCA_022345615.1
Alternaria gaisen,GCA_022345635.1
Alternaria gaisen,GCA_022345655.1
Alternaria gaisen,GCA_022345675.1
Alternaria gansuensis,GCA_008973795.1
Alternaria gansuensis,GCA_009289805.1
Alternaria hordeiaustralica,GCA_023758085.1
Alternaria incomplexa,GCA_024043165.1
Alternaria infectoria,GCA_024043175.1
Alternaria linariae,GCA_047834895.1
Alternaria longipes,GCA_019059555.1
Alternaria metachromatica,GCA_023757995.1
Alternaria metachromatica,GCA_040583895.1
Alternaria novae-zelandiae,GCA_023758075.1
Alternaria oregonensis,GCA_040583965.1
Alternaria panax,GCA_019702505.1
Alternaria porri,GCA_029783965.1
Alternaria postmessia,GCA_024291825.1
Alternaria postmessia,GCA_049724655.1
Alternaria postmessia,GCA_050710595.1
Alternaria postmessia,GCA_050710685.1
Alternaria postmessia,GCA_050710805.1
Alternaria postmessia,GCA_050711445.1
Alternaria radicina,GCA_050230835.1
Alternaria rosae,GCA_020736505.1
Alternaria rosae,GCA_024043135.1
Alternaria solani,GCA_002837235.1
Alternaria solani,GCA_002952155.1
Alternaria solani,GCA_036363465.1
Alternaria sp. 'sect. Undifilum',GCA_024321975.1
Alternaria sp. ALMS-2024a,GCA_049307025.1
Alternaria sp. Ai002NY15,GCA_023758125.1
Alternaria sp. BMP 0032,GCA_023758005.1
Alternaria sp. BMP 2799,GCA_023758145.1
Alternaria sp. DAOMC 225332,GCA_040584015.1
Alternaria sp. DET2042,GCA_040583805.1
Alternaria sp. DET2072,GCA_040583825.1
Alternaria sp. DET2103,GCA_040583765.1
Alternaria sp. DET2104,GCA_040583745.1
Alternaria sp. DET2105,GCA_040583725.1
Alternaria sp. DET2106,GCA_040583705.1
Alternaria sp. DET2107,GCA_040583685.1
Alternaria sp. KAS5446,GCA_040583665.1
Alternaria sp. KAS5449,GCA_040583645.1
Alternaria sp. KAS5470,GCA_040583605.1
Alternaria sp. KAS5474,GCA_040583625.1
Alternaria sp. KAS5477,GCA_040583575.1
Alternaria sp. KAS5486,GCA_040583525.1
Alternaria sp. KAS5506,GCA_040583505.1
Alternaria sp. M3903,GCA_023621305.1
Alternaria sp. M3908,GCA_023621335.1
Alternaria sp. MG1,GCA_003574525.1
Alternaria sp. S3601,GCA_023621325.1
Alternaria sp. SPS-2,GCA_024606205.1
Alternaria tenuissima,GCA_004154735.1
Alternaria tenuissima,GCA_004154745.1
Alternaria tenuissima,GCA_004154765.1
Alternaria tenuissima,GCA_004154845.1
Alternaria tenuissima,GCA_004156015.1
Alternaria tenuissima,GCA_004156035.1
Alternaria tenuissima,GCA_004168565.1
Alternaria tenuissima,GCA_017589455.1
Alternaria tenuissima,GCA_041430775.1
Alternaria triticimaculans,GCA_023758025.1
Alternaria triticimaculans,GCA_040583915.1
Alternaria triticina,GCA_022609215.1
Alternaria triticina,GCA_040583995.1
Alternaria ventricosa,GCA_023758065.1
Alternaria viburni,GCA_023758015.1
Alternosema astaquatica,GCA_030386735.1
Alyxoria varia,GCA_026054675.1
Amanita bisporigera,GCA_001983365.1
Amanita brunnescens Koide BX004,GCA_001691785.3
Amanita exitialis,GCA_023014455.1
Amanita fuliginea,GCA_023014435.1
Amanita inopinata Kibby_2008,GCA_001691775.3
Amanita jacksonii TRTC168611,GCA_000497225.1
Amanita molliuscula,GCA_023014405.1
Amanita muscaria,GCA_054369615.1
Amanita muscaria Koide BX008,GCA_000827485.1
Amanita muscaria var. guessowii Koide BX008,GCA_001691765.1
Amanita pallidorosea,GCA_023014475.1
Amanita phalloides,GCA_001983385.1
Amanita phalloides,GCA_032173475.1
Amanita polypyramis BW_CC,GCA_001691755.2
Amanita pseudoporphyria,GCA_003316615.1
Amanita rimosa,GCA_023014395.1
Amanita rubescens,GCA_015039365.1
Amanita subjunquillea,GCA_020011035.1
Amanita thiersii Skay4041,GCA_002554575.1
Amauroascus niger,GCA_001430945.1
Amauroascus verrucosus,GCA_001430935.1
Ambrosiella beaveri,GCA_030294605.1
Ambrosiella cleistominuta,GCA_017139545.1
Ambrosiella roeperi,GCA_050613645.1
Ambrosiella xylebori,GCA_002778035.1
Ambrosiozyma ambrosiae,GCA_003705185.2
Ambrosiozyma angophorae,GCA_030567475.1
Ambrosiozyma cicatricosa,GCA_030579935.1
Ambrosiozyma kamigamensis,GCA_030572235.1
Ambrosiozyma kashinagicola,GCA_001599075.1
Ambrosiozyma kashinagicola,GCA_030561455.1
Ambrosiozyma llanquihuensis,GCA_030568425.1
Ambrosiozyma maleeae (nom. inval.),GCA_003706635.2
Ambrosiozyma monospora,GCA_001599995.1
Ambrosiozyma monospora,GCA_030267745.1
Ambrosiozyma monospora,GCA_030267765.1
Ambrosiozyma monospora,GCA_030579955.1
Ambrosiozyma neoplatypodis,GCA_030567495.1
Ambrosiozyma oregonensis (nom. inval.),GCA_003706315.3
Ambrosiozyma philentoma,GCA_003243135.1
Ambrosiozyma philentoma,GCA_003707675.3
Ambrosiozyma platypodis,GCA_030557395.1
Ambrosiozyma pseudovanderkliftii,GCA_003707895.3
Ambrosiozyma vanderkliftii,GCA_003705225.2
Amesomyces nigricolor,GCA_004802645.1
Amniculicola lignicola CBS 123094,GCA_010015725.1
Amoeboaphelidium occidentale,GCA_023515795.1
Amoeboaphelidium protococcarum,GCA_023515725.1
Amoeboaphelidium protococcarum,GCA_023515745.1
Amoeboradix gromovi,GCA_018985225.1
Amorphotheca resinae,GCA_001270345.1
Amorphotheca resinae,GCA_018167515.1
Amorphotheca resinae ATCC 22711,GCA_003019875.1
Ampelomyces quisqualis,GCA_010094095.1
Ampelomyces quisqualis,GCA_018398575.1
Ampelomyces sp. BRIP 72102,GCA_052029495.1
Ampelomyces sp. BRIP:72097,GCA_051944865.1
Amphiamblys sp. WSBS2006,GCA_001875675.1
Amphichorda felina,GCA_016490725.1
Amphichorda felina,GCA_050947745.1
Amphichorda felina,GCA_051527895.1
Amphichorda felina,GCA_051527935.1
Amphirosellinia nigrospora,GCA_004123355.1
Amylocarpus encephaloides,GCA_019669835.1
Amylocystis lapponica,GCA_022376435.1
Amyloporia xantha,GCA_036971615.1
Amylostereum areolatum,GCA_012932865.1
Amylostereum chailletii,GCA_022385825.1
Anaeromyces robustus,GCA_002104895.1
Anguillospora crassa,GCA_045281415.1
Anisogramma anomala,GCA_038502455.1
Anncaliia algerae,GCA_000313815.1
Anncaliia algerae PRA109,GCA_000385855.2
Anncaliia algerae PRA339,GCA_000385875.2
Annulohypoxylon bovei var. microspora,GCA_022836615.1
Annulohypoxylon maeteangense,GCA_022496945.1
Annulohypoxylon moriforme,GCA_022695765.1
Annulohypoxylon nitens,GCA_022496965.1
Annulohypoxylon sp. FPYF3050,GCA_040104375.1
Annulohypoxylon sp. FPYF3050.1,GCA_040938065.1
Annulohypoxylon stygium,GCA_003049155.1
Annulohypoxylon stygium,GCA_003314315.1
Annulohypoxylon stygium,GCA_022695755.1
Annulohypoxylon stygium,GCA_036872565.1
Annulohypoxylon stygium,GCA_040126005.1
Annulohypoxylon stygium,GCA_053804095.1
Annulohypoxylon truncatum,GCA_022578515.1
Antarctomyces pellizariae,GCA_010623925.1
Anthracina ramosa,GCA_046718355.1
Anthracocystis panici-leucophaei,GCA_014826065.1
Antonospora locustae,GCA_007674295.1
Antrodiella citrinella,GCA_004802725.1
Aotearoamyces nothofagi,GCA_015345905.1
Aphanoascus verrucosus,GCA_014839905.1
Aphanocladium album,GCA_029218145.1
Aphelidium insulamus,GCA_036784855.1
Apiosordaria backusii,GCA_030549205.1
Apiospora arundinis,GCA_037074995.1
Apiospora arundinis,GCA_037075025.1
Apiospora arundinis,GCA_038362765.1
Apiospora arundinis,GCA_038362815.1
Apiospora arundinis,GCA_039105305.1
Apiospora aurea,GCA_038362705.1
Apiospora guizhouensis,GCA_040333125.2
Apiospora hydei,GCA_038363865.1
Apiospora kogelbergensis,GCA_038363985.1
Apiospora kogelbergensis,GCA_038364125.1
Apiospora koreana,GCA_017163955.1
Apiospora malaysiana,GCA_006508115.1
Apiospora marii,GCA_038362585.1
Apiospora marii,GCA_038362885.1
Apiospora phragmitis,GCA_038363925.1
Apiospora pterosperma,GCA_019976485.1
Apiospora rasikravindrae,GCA_022605435.1
Apiospora rasikravindrae,GCA_038363885.1
Apiospora saccharicola,GCA_019000065.1
Apiospora saccharicola,GCA_038362655.1
Apiospora saccharicola,GCA_038363915.1
Apiospora sp. TS-2023a,GCA_038364195.1
Apiospora sphaerosperma,GCA_040366785.1
Apiotrichum akiyoshidainum,GCA_002973495.1
Apiotrichum brassicae,GCA_001600295.1
Apiotrichum brassicae,GCA_023628095.1
Apiotrichum cacaoliposimile,GCA_040285315.1
Apiotrichum domesticum,GCA_001599015.1
Apiotrichum gamsii,GCA_001600315.1
Apiotrichum gracile,GCA_001600335.1
Apiotrichum laibachii,GCA_001600735.1
Apiotrichum loubieri,GCA_048772795.1
Apiotrichum loubieri,GCA_051020585.1
Apiotrichum loubieri,GCA_051034095.1
Apiotrichum montevideense,GCA_001598995.1
Apiotrichum mycotoxinovorans,GCA_011290525.1
Apiotrichum mycotoxinovorans,GCA_013177335.1
Apiotrichum porosum,GCA_001600255.1
Apiotrichum porosum,GCA_003942205.1
Apiotrichum siamense,GCA_023653615.1
Apiotrichum sp. M3315A-1,GCA_025530005.1
Apiotrichum sp. PA4207,GCA_025531445.1
Apiotrichum sp. PDH3304B,GCA_025531405.1
Apiotrichum sp. PL3306B,GCA_025531385.1
Apiotrichum sp. PL3309B,GCA_025529995.1
Apiotrichum sp. Y3305A,GCA_025529965.1
Apiotrichum sp. Y4201-1,GCA_025530845.1
Apiotrichum sp. Y4204,GCA_025531455.1
Apiotrichum veenhuisii,GCA_001600595.1
Apiotrichum veenhuisii,GCA_051942825.1
Aplosporella prunicola,GCA_023079245.1
Aplosporella prunicola CBS 121167,GCA_010093885.1
Apodospora peruviana,GCA_033439685.1
Apophysomyces elegans B7760,GCA_000696995.1
Apophysomyces ossiformis,GCA_014839865.1
Apophysomyces sp. BC1015,GCA_016097715.1
Apophysomyces sp. BC1021,GCA_016097735.1
Apophysomyces sp. BC1034,GCA_016097755.1
Apophysomyces trapeziformis B9324,GCA_000696975.1
Apophysomyces variabilis,GCA_002749535.1
Aquanectria penicillioides,GCA_003415625.1
Arachnomyces sp. PD_36,GCA_032988195.1
Arachnopeziza araneosa,GCA_003988855.1
Arachnopeziza aurata,GCA_051247085.1
Arachnopeziza aurelia,GCA_051247835.1
Arcopilus aureus,GCA_054372435.1
Arcopilus aureus,GCA_055672465.1
Aristastoma oeconomicum,GCA_052323795.1
Armillaria altimontana,GCA_022818075.1
Armillaria borealis,GCA_013427175.2
Armillaria borealis,GCA_030435635.1
Armillaria calvescens,GCA_043748625.1
Armillaria fumosa,GCA_030407015.1
Armillaria fuscipes,GCA_001679825.1
Armillaria gallica,GCA_002307695.1
Armillaria gallica,GCA_012064365.1
Armillaria gallica,GCA_026212265.1
Armillaria gallica,GCA_037576215.1
Armillaria gallica,GCA_038088205.1
Armillaria luteobubalina,GCA_030435615.1
Armillaria mellea,GCA_030407055.1
Armillaria mexicana,GCA_052426525.1
Armillaria nabsnona,GCA_030407065.1
Armillaria novae-zelandiae,GCA_030435655.1
Armillaria sinapina,GCA_040085025.1
Armillaria solidipes,GCA_002307675.1
Armillaria solidipes,GCA_022818035.1
Armillaria solidipes,GCA_053525415.1
Armillaria sp. CMW 4456,GCA_028551335.1
Arthonia radiata,GCA_002989075.1
Arthoniomycetes sp. BF10,GCA_049996255.1
Arthrinium phaeospermum,GCA_006503535.1
Arthrinium puccinioides,GCA_022414665.1
Arthrobotrys conoides,GCA_036971575.1
Arthrobotrys conoides,GCA_036971725.1
Arthrobotrys conoides,GCA_040437185.1
Arthrobotrys entomopaga,GCA_012184315.1
Arthrobotrys flagrans,GCA_003590515.1
Arthrobotrys flagrans,GCA_004000055.1
Arthrobotrys flagrans,GCA_009651115.1
Arthrobotrys flagrans,GCA_030406815.1
Arthrobotrys iridis,GCA_036971165.1
Arthrobotrys megalospora,GCA_036971655.1
Arthrobotrys musiformis,GCA_036971485.1
Arthrobotrys musiformis,GCA_036971715.1
Arthrobotrys pseudoclavata,GCA_036971205.1
Arthrobotrys sinensis,GCA_036971225.1
Arthrobotrys sphaeroides,GCA_036971245.1
Arthrocladium fulminans,GCA_003614865.1
Arthroderma sp. MBC 290,GCA_030411455.1
Arthroderma sp. MBC 293,GCA_032351835.1
Arthroderma sp. MBC 929,GCA_030789285.1
Arthroderma sp. MBC 961,GCA_030789025.1
Arthroderma sp. PD_2,GCA_032989685.1
Arthroderma uncinatum,GCA_011692745.1
Arthroderma uncinatum,GCA_030015485.1
Arthromyces matolae,GCA_018850255.1
Arthromyces matolae,GCA_018855395.1
Articulospora tetracladia,GCA_003415645.1
Artomyces pyxidatus,GCA_022160305.1
Arxiozyma bovina,GCA_023309525.1
Arxiozyma bovina,GCA_030580575.1
Arxiozyma heterogenica,GCA_030674295.1
Arxiozyma heterogenica,GCA_036320825.1
Arxiozyma heterogenica,GCA_036370985.1
Arxiozyma pintolopesii,GCA_030674285.1
Arxiozyma pintolopesii,GCA_041941575.1
Arxiozyma pintolopesii,GCA_041941585.1
Arxiozyma pintolopesii,GCA_041941595.1
Arxiozyma pintolopesii,GCA_041941635.1
Arxiozyma pintolopesii,GCA_042140155.1
Arxiozyma slooffiae,GCA_017347545.2
Arxiozyma slooffiae,GCA_030580615.1
Arxiozyma telluris,GCA_009394695.1
Arxiozyma telluris,GCA_030571675.1
Aschersonia sp. MBC 508,GCA_030780645.1
Aschersonia sp. MBC 593,GCA_030780945.1
Aschersonia sp. MBC 610,GCA_030781625.1
Aschersonia sp. MBC 612,GCA_030781705.1
Aschersonia sp. MBC 622,GCA_030782805.1
Aschersonia sp. MBC 710,GCA_030783285.1
Aschersonia sp. MBC 735,GCA_030783925.1
Aschersonia sp. MBC 819,GCA_030785145.1
Aschersonia sp. MBC 877,GCA_030787035.1
Ascobolus immersus RN42,GCA_003788565.2
Ascobotryozyma americana,GCA_030573245.1
Ascobotryozyma cognata,GCA_030565755.1
Ascochyta clinopodiicola,GCA_027946445.1
Ascochyta fabae,GCA_004335285.1
Ascochyta fabae,GCA_024372665.1
Ascochyta fabae,GCA_024372685.1
Ascochyta koolunga,GCA_004151145.1
Ascochyta koolunga,GCA_004151165.1
Ascochyta koolunga,GCA_004151575.1
Ascochyta koolunga,GCA_026119505.1
Ascochyta koolunga,GCA_026119515.1
Ascochyta koolunga,GCA_026119525.1
Ascochyta koolunga,GCA_026119535.1
Ascochyta koolunga,GCA_026119565.1
Ascochyta koolunga,GCA_026547115.1
Ascochyta lentis,GCA_004011705.1
Ascochyta lentis,GCA_004335125.1
Ascochyta lentis,GCA_004335135.1
Ascochyta lentis,GCA_004335145.1
Ascochyta lentis,GCA_016097295.1
Ascochyta lentis,GCA_016097305.1
Ascochyta lentis,GCA_016097315.1
Ascochyta lentis,GCA_016097375.2
Ascochyta lentis,GCA_022606875.1
Ascochyta lentis,GCA_022606885.1
Ascochyta lentis,GCA_022607105.2
Ascochyta pisi,GCA_026119825.1
Ascochyta pisi,GCA_039634435.1
Ascochyta rabiei,GCA_001630375.1
Ascochyta rabiei,GCA_004011695.2
Ascochyta rabiei,GCA_011037155.1
Ascochyta rabiei,GCA_056320135.1
Ascochyta rabiei,GCA_056320165.1
Ascochyta rabiei,GCA_056320195.1
Ascochyta viciae,GCA_004335155.1
Ascochyta viciae-villosae,GCA_004335205.1
Ascocoryne sarcoides NRRL 50072,GCA_000328965.1
Ascodesmis nigricans,GCA_004786065.1
Ascodesmis sphaerospora,GCA_027569015.1
Ascoidea asiatica,GCA_001600695.1
Ascoidea asiatica,GCA_030572175.1
Ascoidea asiatica,GCA_031126425.1
Ascoidea rubescens,GCA_030572095.1
Ascoidea rubescens DSM 1968,GCA_001661345.1
Ascoidea tarda (nom. inval.),GCA_030560485.1
Ascomycota sp.,GCA_029293645.1
Ascomycota sp.,GCA_029294875.1
Ascomycota sp.,GCA_029295915.1
Ascomycota sp.,GCA_029297955.1
Ascomycota sp.,GCA_029300015.1
Ascomycota sp.,GCA_029300035.1
Ascomycota sp.,GCA_029300195.1
Ascomycota sp.,GCA_029300415.1
Ascomycota sp.,GCA_029300615.1
Ascomycota sp.,GCA_029300655.1
Ascomycota sp.,GCA_029302095.1
Ascomycota sp.,GCA_029302105.1
Ascomycota sp.,GCA_029302195.1
Ascomycota sp.,GCA_029302335.1
Ascomycota sp.,GCA_029303315.1
Ascosphaera acerosa,GCA_024244165.1
Ascosphaera aggregata,GCA_024244195.1
Ascosphaera apis ARSEF 7405,GCA_000149775.1
Ascosphaera apis ARSEF 7405,GCA_001636715.1
Ascosphaera atra,GCA_024244595.1
Ascosphaera pollenicola,GCA_024244615.1
Aspergillaceae sp.,GCA_029299965.1
Aspergillaceae sp. MA 6039,GCA_003004485.1
Aspergillus aculeatinus,GCA_016748025.1
Aspergillus aculeatinus CBS 121060,GCA_003184765.1
Aspergillus aculeatus,GCA_039111445.1
Aspergillus aculeatus,GCA_039111485.1
Aspergillus aculeatus ATCC 16872,GCA_001890905.1
Aspergillus aff. floccosus IMV 01167,GCA_001931935.1
Aspergillus affinis,GCA_023601865.2
Aspergillus aflatoxiformans,GCA_037043995.1
Aspergillus alliaceus,GCA_009176365.1
Aspergillus alliaceus,GCA_009193605.1
Aspergillus alliaceus,GCA_013421405.2
Aspergillus alliaceus,GCA_029169295.1
Aspergillus ambiguus,GCA_047715705.1
Aspergillus amoenus,GCA_009812435.1
Aspergillus amoenus,GCA_023624915.1
Aspergillus amstelodami,GCA_027569315.1
Aspergillus annui,GCA_047496425.1
Aspergillus arachidicola,GCA_002749805.1
Aspergillus arachidicola,GCA_009193545.1
Aspergillus aspearensis,GCA_044706995.1
Aspergillus asperescens,GCA_027569075.1
Aspergillus aurantiobrunneus,GCA_047715765.1
Aspergillus austwickii,GCA_037043805.1
Aspergillus avenaceus,GCA_009193465.1
Aspergillus awamori,GCA_003850985.1
Aspergillus awamori var. piceus,GCA_001599415.1
Aspergillus baeticus,GCA_027569055.1
Aspergillus bertholletiae,GCA_009193595.1
Aspergillus biplanus,GCA_027569045.1
Aspergillus bombycis,GCA_001792695.1
Aspergillus brasiliensis,GCA_027924045.1
Aspergillus brasiliensis,GCA_027924065.1
Aspergillus brasiliensis,GCA_027924085.1
Aspergillus brasiliensis,GCA_037892995.1
Aspergillus brasiliensis CBS 101740,GCA_001889945.1
Aspergillus bridgeri,GCA_027569665.1
Aspergillus brunneoviolaceus CBS 621.78,GCA_003184695.1
Aspergillus brunneus,GCA_020284055.1
Aspergillus brunneus,GCA_020284075.1
Aspergillus caelatus,GCA_009193585.1
Aspergillus calidoustus,GCA_001511075.1
Aspergillus calidoustus,GCA_022813285.1
Aspergillus calidoustus,GCA_022814385.1
Aspergillus calidoustus,GCA_022814395.1
Aspergillus calidoustus,GCA_022814485.1
Aspergillus calidoustus,GCA_022814525.1
Aspergillus californicus,GCA_045785085.1
Aspergillus campestris,GCA_037044165.1
Aspergillus campestris IBT 28561,GCA_002847485.1
Aspergillus candidus,GCA_002847045.1
Aspergillus carbonarius ITEM 5010,GCA_001990825.1
Aspergillus carlsbadensis,GCA_025688815.1
Aspergillus carlsbadensis,GCA_051168675.1
Aspergillus cavernicola,GCA_027569065.1
Aspergillus cavernicola,GCA_044048685.1
Aspergillus cejpii,GCA_004769165.1
Aspergillus chevalieri,GCA_001599875.1
Aspergillus chevalieri,GCA_016861735.1
Aspergillus chevalieri,GCA_023619785.1
Aspergillus chevalieri,GCA_023619795.1
Aspergillus chevalieri,GCA_041430515.1
Aspergillus chevalieri,GCA_041430555.1
Aspergillus chevalieri,GCA_045514245.1
Aspergillus chevalieri,GCA_049306625.1
Aspergillus clavatus,GCA_023620035.1
Aspergillus clavatus NRRL 1,GCA_000002715.1
Aspergillus conjunctus,GCA_027569095.1
Aspergillus coremiiformis,GCA_009193565.1
Aspergillus costaricaensis CBS 115574,GCA_003184835.1
Aspergillus costaricensis,GCA_022814465.1
Aspergillus costaricensis,GCA_037044335.1
Aspergillus costiformis,GCA_037044115.1
Aspergillus creber,GCA_021436935.1
Aspergillus cristatus,GCA_001693355.1
Aspergillus cristatus,GCA_001717485.1
Aspergillus cristatus,GCA_020465965.1
Aspergillus cristatus,GCA_020466005.1
Aspergillus cristatus,GCA_025766175.1
Aspergillus cristatus,GCA_025766235.1
Aspergillus cristatus,GCA_026770215.1
Aspergillus cristatus,GCA_034509305.1
Aspergillus cristatus,GCA_044232405.1
Aspergillus cristatus,GCA_044706195.1
Aspergillus cristatus,GCA_054135345.1
Aspergillus cristatus,GCA_054825215.1
Aspergillus croceus,GCA_019828945.1
Aspergillus crustosus,GCA_048571495.1
Aspergillus cvjetkovicii,GCA_027569695.1
Aspergillus desertorum,GCA_047715865.1
Aspergillus destruens,GCA_056320525.1
Aspergillus destruens,GCA_056321185.1
Aspergillus diversus,GCA_027569885.1
Aspergillus egyptiacus,GCA_025688805.1
Aspergillus elegans,GCA_016097275.1
Aspergillus ellipticus CBS 707.79,GCA_003184645.1
Aspergillus eucalypticola CBS 122712,GCA_003184535.1
Aspergillus falconensis,GCA_047715845.1
Aspergillus felis,GCA_014281895.1
Aspergillus felis,GCA_014281915.1
Aspergillus felis,GCA_016413765.1
Aspergillus felis,GCA_055755405.1
Aspergillus fijiensis,GCA_030014135.1
Aspergillus fijiensis CBS 313.89,GCA_003184825.1
Aspergillus filifer,GCA_047715815.1
Aspergillus fischeri,GCA_008711165.1
Aspergillus fischeri,GCA_008711225.1
Aspergillus fischeri,GCA_014250575.1
Aspergillus fischeri,GCA_016748045.1
Aspergillus fischeri NRRL 181,GCA_000149645.4
Aspergillus flavus,GCA_001576635.1
Aspergillus flavus,GCA_001576645.1
Aspergillus flavus,GCA_001576655.1
Aspergillus flavus,GCA_001576715.1
Aspergillus flavus,GCA_001576725.1
Aspergillus flavus,GCA_001576735.1
Aspergillus flavus,GCA_001576745.1
Aspergillus flavus,GCA_001576795.1
Aspergillus flavus,GCA_001695535.1
Aspergillus flavus,GCA_002217615.1
Aspergillus flavus,GCA_002217635.1
Aspergillus flavus,GCA_002443195.2
Aspergillus flavus,GCA_002443215.2
Aspergillus flavus,GCA_002456175.2
Aspergillus flavus,GCA_002864195.1
Aspergillus flavus,GCA_003709025.1
Aspergillus flavus,GCA_003711285.1
Aspergillus flavus,GCA_003711305.1
Aspergillus flavus,GCA_003711315.1
Aspergillus flavus,GCA_003711345.1
Aspergillus flavus,GCA_003711355.1
Aspergillus flavus,GCA_003711385.1
Aspergillus flavus,GCA_003953485.1
Aspergillus flavus,GCA_003953495.1
Aspergillus flavus,GCA_003953505.1
Aspergillus flavus,GCA_003953515.1
Aspergillus flavus,GCA_003953525.1
Aspergillus flavus,GCA_003953585.1
Aspergillus flavus,GCA_003953595.1
Aspergillus flavus,GCA_003953605.1
Aspergillus flavus,GCA_003953615.1
Aspergillus flavus,GCA_003953625.1
Aspergillus flavus,GCA_003953685.1
Aspergillus flavus,GCA_003953695.1
Aspergillus flavus,GCA_003953705.1
Aspergillus flavus,GCA_003953715.1
Aspergillus flavus,GCA_003953735.1
Aspergillus flavus,GCA_003953785.1
Aspergillus flavus,GCA_003953795.1
Aspergillus flavus,GCA_003953805.1
Aspergillus flavus,GCA_003953825.1
Aspergillus flavus,GCA_003953865.1
Aspergillus flavus,GCA_003967615.1
Aspergillus flavus,GCA_003967635.1
Aspergillus flavus,GCA_003967655.1
Aspergillus flavus,GCA_003967675.1
Aspergillus flavus,GCA_003967695.1
Aspergillus flavus,GCA_003967715.1
Aspergillus flavus,GCA_003967735.1
Aspergillus flavus,GCA_003967755.1
Aspergillus flavus,GCA_003967775.1
Aspergillus flavus,GCA_003967795.1
Aspergillus flavus,GCA_004150275.1
Aspergillus flavus,GCA_004329145.1
Aspergillus flavus,GCA_008694405.1
Aspergillus flavus,GCA_008694415.1
Aspergillus flavus,GCA_008694425.1
Aspergillus flavus,GCA_008694435.1
Aspergillus flavus,GCA_009017415.1
Aspergillus flavus,GCA_009176375.1
Aspergillus flavus,GCA_009856665.1
Aspergillus flavus,GCA_011420395.1
Aspergillus flavus,GCA_011420405.1
Aspergillus flavus,GCA_011420415.1
Aspergillus flavus,GCA_011420435.1
Aspergillus flavus,GCA_012895975.1
Aspergillus flavus,GCA_012896145.1
Aspergillus flavus,GCA_012896275.1
Aspergillus flavus,GCA_012896415.1
Aspergillus flavus,GCA_012896555.1
Aspergillus flavus,GCA_012896705.1
Aspergillus flavus,GCA_012896875.1
Aspergillus flavus,GCA_012896995.1
Aspergillus flavus,GCA_012897115.1
Aspergillus flavus,GCA_012897275.1
Aspergillus flavus,GCA_013145855.1
Aspergillus flavus,GCA_013145865.1
Aspergillus flavus,GCA_013145925.1
Aspergillus flavus,GCA_013146015.1
Aspergillus flavus,GCA_013146025.1
Aspergillus flavus,GCA_013146035.1
Aspergillus flavus,GCA_013146155.1
Aspergillus flavus,GCA_013146165.1
Aspergillus flavus,GCA_013435725.1
Aspergillus flavus,GCA_013435825.1
Aspergillus flavus,GCA_013435835.1
Aspergillus flavus,GCA_013435855.1
Aspergillus flavus,GCA_013435925.1
Aspergillus flavus,GCA_013436085.1
Aspergillus flavus,GCA_013436095.1
Aspergillus flavus,GCA_013436105.1
Aspergillus flavus,GCA_013436115.1
Aspergillus flavus,GCA_013436165.1
Aspergillus flavus,GCA_013436195.1
Aspergillus flavus,GCA_013436215.1
Aspergillus flavus,GCA_013436235.1
Aspergillus flavus,GCA_013436315.1
Aspergillus flavus,GCA_013436325.1
Aspergillus flavus,GCA_013436335.1
Aspergillus flavus,GCA_013436355.1
Aspergillus flavus,GCA_013436375.1
Aspergillus flavus,GCA_013436445.1
Aspergillus flavus,GCA_013436455.1
Aspergillus flavus,GCA_014117485.1
Aspergillus flavus,GCA_014784225.2
Aspergillus flavus,GCA_018140865.1
Aspergillus flavus,GCA_018140885.1
Aspergillus flavus,GCA_019880445.1
Aspergillus flavus,GCA_020091605.1
Aspergillus flavus,GCA_023653635.1
Aspergillus flavus,GCA_024665695.1
Aspergillus flavus,GCA_024665715.1
Aspergillus flavus,GCA_024666635.1
Aspergillus flavus,GCA_024666645.1
Aspergillus flavus,GCA_024667035.1
Aspergillus flavus,GCA_024667295.1
Aspergillus flavus,GCA_024667605.1
Aspergillus flavus,GCA_024667655.1
Aspergillus flavus,GCA_024667775.1
Aspergillus flavus,GCA_024667855.1
Aspergillus flavus,GCA_024668675.1
Aspergillus flavus,GCA_024668685.1
Aspergillus flavus,GCA_024668875.1
Aspergillus flavus,GCA_024668885.1
Aspergillus flavus,GCA_024668895.1
Aspergillus flavus,GCA_024669875.1
Aspergillus flavus,GCA_024670345.1
Aspergillus flavus,GCA_024670455.1
Aspergillus flavus,GCA_024671085.1
Aspergillus flavus,GCA_024671095.1
Aspergillus flavus,GCA_024671105.1
Aspergillus flavus,GCA_024671585.1
Aspergillus flavus,GCA_024672055.1
Aspergillus flavus,GCA_024672335.1
Aspergillus flavus,GCA_024672365.1
Aspergillus flavus,GCA_024672685.1
Aspergillus flavus,GCA_024673175.1
Aspergillus flavus,GCA_024673185.1
Aspergillus flavus,GCA_024673995.1
Aspergillus flavus,GCA_024674045.1
Aspergillus flavus,GCA_024674685.1
Aspergillus flavus,GCA_024674975.1
Aspergillus flavus,GCA_024675085.1
Aspergillus flavus,GCA_024675385.1
Aspergillus flavus,GCA_024675505.1
Aspergillus flavus,GCA_024676255.1
Aspergillus flavus,GCA_024676265.1
Aspergillus flavus,GCA_024676745.1
Aspergillus flavus,GCA_024676795.1
Aspergillus flavus,GCA_024676845.1
Aspergillus flavus,GCA_024676865.1
Aspergillus flavus,GCA_024676875.1
Aspergillus flavus,GCA_024676895.1
Aspergillus flavus,GCA_024676915.1
Aspergillus flavus,GCA_024676945.1
Aspergillus flavus,GCA_024676965.1
Aspergillus flavus,GCA_024676985.1
Aspergillus flavus,GCA_024677005.1
Aspergillus flavus,GCA_024677025.1
Aspergillus flavus,GCA_024677065.1
Aspergillus flavus,GCA_024677125.1
Aspergillus flavus,GCA_024677145.1
Aspergillus flavus,GCA_024678145.1
Aspergillus flavus,GCA_024678165.1
Aspergillus flavus,GCA_024678185.1
Aspergillus flavus,GCA_024678205.1
Aspergillus flavus,GCA_024678225.1
Aspergillus flavus,GCA_024678285.1
Aspergillus flavus,GCA_024678295.1
Aspergillus flavus,GCA_024678325.1
Aspergillus flavus,GCA_024678345.1
Aspergillus flavus,GCA_024678365.1
Aspergillus flavus,GCA_024678385.1
Aspergillus flavus,GCA_024678405.1
Aspergillus flavus,GCA_024678425.1
Aspergillus flavus,GCA_024678445.1
Aspergillus flavus,GCA_024678465.1
Aspergillus flavus,GCA_024678485.1
Aspergillus flavus,GCA_024678505.1
Aspergillus flavus,GCA_024678525.1
Aspergillus flavus,GCA_024678545.1
Aspergillus flavus,GCA_024678565.1
Aspergillus flavus,GCA_024678585.1
Aspergillus flavus,GCA_024678605.1
Aspergillus flavus,GCA_024678625.1
Aspergillus flavus,GCA_024678645.1
Aspergillus flavus,GCA_024678665.1
Aspergillus flavus,GCA_024678685.1
Aspergillus flavus,GCA_024678705.1
Aspergillus flavus,GCA_024678725.1
Aspergillus flavus,GCA_024678745.1
Aspergillus flavus,GCA_024678765.1
Aspergillus flavus,GCA_024678785.1
Aspergillus flavus,GCA_024678805.1
Aspergillus flavus,GCA_024678825.1
Aspergillus flavus,GCA_024678845.1
Aspergillus flavus,GCA_024678865.1
Aspergillus flavus,GCA_024678885.1
Aspergillus flavus,GCA_024678905.1
Aspergillus flavus,GCA_024678925.1
Aspergillus flavus,GCA_024678945.1
Aspergillus flavus,GCA_025765975.1
Aspergillus flavus,GCA_025769605.1
Aspergillus flavus,GCA_025769635.1
Aspergillus flavus,GCA_025769655.1
Aspergillus flavus,GCA_025769695.1
Aspergillus flavus,GCA_025769725.1
Aspergillus flavus,GCA_025769745.1
Aspergillus flavus,GCA_025769785.1
Aspergillus flavus,GCA_025769805.1
Aspergillus flavus,GCA_025769845.1
Aspergillus flavus,GCA_026743815.1
Aspergillus flavus,GCA_026743835.1
Aspergillus flavus,GCA_026743845.1
Aspergillus flavus,GCA_027574695.1
Aspergillus flavus,GCA_029582055.1
Aspergillus flavus,GCA_030515275.1
Aspergillus flavus,GCA_030770195.1
Aspergillus flavus,GCA_030770205.1
Aspergillus flavus,GCA_031304175.1
Aspergillus flavus,GCA_031304185.1
Aspergillus flavus,GCA_031304255.1
Aspergillus flavus,GCA_031304705.1
Aspergillus flavus,GCA_031304755.1
Aspergillus flavus,GCA_031304965.1
Aspergillus flavus,GCA_031304975.1
Aspergillus flavus,GCA_031305065.1
Aspergillus flavus,GCA_031305075.1
Aspergillus flavus,GCA_031305155.1
Aspergillus flavus,GCA_031471895.1
Aspergillus flavus,GCA_031471915.1
Aspergillus flavus,GCA_031471935.1
Aspergillus flavus,GCA_031471965.1
Aspergillus flavus,GCA_031471985.1
Aspergillus flavus,GCA_034621645.1
Aspergillus flavus,GCA_034621665.1
Aspergillus flavus,GCA_037040755.1
Aspergillus flavus,GCA_037044375.1
Aspergillus flavus,GCA_039267105.1
Aspergillus flavus,GCA_039267115.1
Aspergillus flavus,GCA_039267155.1
Aspergillus flavus,GCA_039267165.1
Aspergillus flavus,GCA_039267225.1
Aspergillus flavus,GCA_039267495.1
Aspergillus flavus,GCA_039267505.1
Aspergillus flavus,GCA_039267535.1
Aspergillus flavus,GCA_039267545.1
Aspergillus flavus,GCA_039267615.1
Aspergillus flavus,GCA_039267855.1
Aspergillus flavus,GCA_039267875.1
Aspergillus flavus,GCA_039267895.1
Aspergillus flavus,GCA_039267915.1
Aspergillus flavus,GCA_039268055.1
Aspergillus flavus,GCA_039268115.1
Aspergillus flavus,GCA_042608585.1
Aspergillus flavus,GCA_042608595.1
Aspergillus flavus,GCA_042608605.1
Aspergillus flavus,GCA_042608625.1
Aspergillus flavus,GCA_042608645.1
Aspergillus flavus,GCA_042608685.1
Aspergillus flavus,GCA_042608695.1
Aspergillus flavus,GCA_042608725.1
Aspergillus flavus,GCA_042608735.1
Aspergillus flavus,GCA_042608745.1
Aspergillus flavus,GCA_042608785.1
Aspergillus flavus,GCA_042608795.1
Aspergillus flavus,GCA_042608805.1
Aspergillus flavus,GCA_042608825.1
Aspergillus flavus,GCA_042608855.1
Aspergillus flavus,GCA_042608885.1
Aspergillus flavus,GCA_042608895.1
Aspergillus flavus,GCA_042608905.1
Aspergillus flavus,GCA_042608915.1
Aspergillus flavus,GCA_042608925.1
Aspergillus flavus,GCA_042608985.1
Aspergillus flavus,GCA_042608995.1
Aspergillus flavus,GCA_042609005.1
Aspergillus flavus,GCA_042609015.1
Aspergillus flavus,GCA_042609025.1
Aspergillus flavus,GCA_042609085.1
Aspergillus flavus,GCA_042609095.1
Aspergillus flavus,GCA_042609105.1
Aspergillus flavus,GCA_042609115.1
Aspergillus flavus,GCA_042609135.1
Aspergillus flavus,GCA_042609175.1
Aspergillus flavus,GCA_042609195.1
Aspergillus flavus,GCA_042609205.1
Aspergillus flavus,GCA_042609225.1
Aspergillus flavus,GCA_042609255.1
Aspergillus flavus,GCA_042609265.1
Aspergillus flavus,GCA_042609275.1
Aspergillus flavus,GCA_042609295.1
Aspergillus flavus,GCA_042609345.1
Aspergillus flavus,GCA_042609365.1
Aspergillus flavus,GCA_042931535.1
Aspergillus flavus,GCA_042931575.1
Aspergillus flavus,GCA_042931675.1
Aspergillus flavus,GCA_042931695.1
Aspergillus flavus,GCA_042931735.1
Aspergillus flavus,GCA_042931755.1
Aspergillus flavus,GCA_042931795.1
Aspergillus flavus,GCA_042931815.1
Aspergillus flavus,GCA_044589465.1
Aspergillus flavus,GCA_050947185.1
Aspergillus flavus,GCA_052814715.1
Aspergillus flavus,GCA_052814735.1
Aspergillus flavus,GCA_052814805.1
Aspergillus flavus,GCA_052815365.1
Aspergillus flavus,GCA_052815425.1
Aspergillus flavus,GCA_052815445.1
Aspergillus flavus,GCA_052815505.1
Aspergillus flavus,GCA_052815525.1
Aspergillus flavus,GCA_052815545.1
Aspergillus flavus,GCA_052815585.1
Aspergillus flavus,GCA_052815605.1
Aspergillus flavus,GCA_052815635.1
Aspergillus flavus,GCA_054134075.1
Aspergillus flavus,GCA_054134085.1
Aspergillus flavus,GCA_054134095.1
Aspergillus flavus,GCA_054134195.1
Aspergillus flavus,GCA_054134225.1
Aspergillus flavus,GCA_054134245.1
Aspergillus flavus,GCA_054771975.1
Aspergillus flavus,GCA_054771995.1
Aspergillus flavus,GCA_054772015.1
Aspergillus flavus,GCA_054772035.1
Aspergillus flavus,GCA_055672005.1
Aspergillus flavus,GCA_055672025.1
Aspergillus flavus,GCA_055697395.1
Aspergillus flavus,GCA_055697435.1
Aspergillus flavus AF70,GCA_000952835.1
Aspergillus flavus NRRL3357,GCA_000006275.3
Aspergillus flavus NRRL3357,GCA_014117465.1
Aspergillus floccosus,GCA_048565125.1
Aspergillus floridensis,GCA_012184565.1
Aspergillus foetidus,GCA_037044355.1
Aspergillus foveolatus,GCA_047715535.1
Aspergillus fructus,GCA_027569115.1
Aspergillus fruticulosus,GCA_047715895.1
Aspergillus fumigatiaffinis,GCA_012656225.1
Aspergillus fumigatiaffinis,GCA_012656285.1
Aspergillus fumigatiaffinis,GCA_012656295.1
Aspergillus fumigatiaffinis,GCA_012656325.1
Aspergillus fumigatus,GCA_000731615.1
Aspergillus fumigatus,GCA_001643655.1
Aspergillus fumigatus,GCA_001643665.1
Aspergillus fumigatus,GCA_001715275.2
Aspergillus fumigatus,GCA_002234955.1
Aspergillus fumigatus,GCA_002234985.1
Aspergillus fumigatus,GCA_003069565.1
Aspergillus fumigatus,GCA_003116565.1
Aspergillus fumigatus,GCA_012656115.1
Aspergillus fumigatus,GCA_012656125.1
Aspergillus fumigatus,GCA_012656165.1
Aspergillus fumigatus,GCA_012656185.1
Aspergillus fumigatus,GCA_012656215.1
Aspergillus fumigatus,GCA_015571995.1
Aspergillus fumigatus,GCA_015572005.1
Aspergillus fumigatus,GCA_015572015.1
Aspergillus fumigatus,GCA_015572025.1
Aspergillus fumigatus,GCA_015586125.1
Aspergillus fumigatus,GCA_018804105.1
Aspergillus fumigatus,GCA_020498725.1
Aspergillus fumigatus,GCA_020498735.1
Aspergillus fumigatus,GCA_020498745.1
Aspergillus fumigatus,GCA_020498755.1
Aspergillus fumigatus,GCA_020498765.1
Aspergillus fumigatus,GCA_020498805.1
Aspergillus fumigatus,GCA_020498815.1
Aspergillus fumigatus,GCA_020498865.1
Aspergillus fumigatus,GCA_020498875.1
Aspergillus fumigatus,GCA_020498885.1
Aspergillus fumigatus,GCA_020498895.1
Aspergillus fumigatus,GCA_020498905.1
Aspergillus fumigatus,GCA_020498945.1
Aspergillus fumigatus,GCA_020498965.1
Aspergillus fumigatus,GCA_020498985.1
Aspergillus fumigatus,GCA_020499005.1
Aspergillus fumigatus,GCA_020499015.1
Aspergillus fumigatus,GCA_020499035.1
Aspergillus fumigatus,GCA_020499045.1
Aspergillus fumigatus,GCA_020499075.1
Aspergillus fumigatus,GCA_020499115.1
Aspergillus fumigatus,GCA_020499125.1
Aspergillus fumigatus,GCA_020499135.1
Aspergillus fumigatus,GCA_020499155.1
Aspergillus fumigatus,GCA_020499185.1
Aspergillus fumigatus,GCA_020499195.1
Aspergillus fumigatus,GCA_020499225.1
Aspergillus fumigatus,GCA_020499245.1
Aspergillus fumigatus,GCA_020499255.1
Aspergillus fumigatus,GCA_020499265.1
Aspergillus fumigatus,GCA_020499315.1
Aspergillus fumigatus,GCA_020499325.1
Aspergillus fumigatus,GCA_020499335.1
Aspergillus fumigatus,GCA_020499355.1
Aspergillus fumigatus,GCA_020499395.1
Aspergillus fumigatus,GCA_020499405.1
Aspergillus fumigatus,GCA_020499415.1
Aspergillus fumigatus,GCA_020499455.1
Aspergillus fumigatus,GCA_020499475.1
Aspergillus fumigatus,GCA_020499485.1
Aspergillus fumigatus,GCA_020499495.1
Aspergillus fumigatus,GCA_020499505.1
Aspergillus fumigatus,GCA_020499565.1
Aspergillus fumigatus,GCA_020499575.1
Aspergillus fumigatus,GCA_020499585.1
Aspergillus fumigatus,GCA_020499595.1
Aspergillus fumigatus,GCA_020499605.1
Aspergillus fumigatus,GCA_020499645.1
Aspergillus fumigatus,GCA_020499675.1
Aspergillus fumigatus,GCA_020499685.1
Aspergillus fumigatus,GCA_020499695.1
Aspergillus fumigatus,GCA_020499715.1
Aspergillus fumigatus,GCA_020499755.1
Aspergillus fumigatus,GCA_020499775.1
Aspergillus fumigatus,GCA_020499785.1
Aspergillus fumigatus,GCA_020499805.1
Aspergillus fumigatus,GCA_020499815.1
Aspergillus fumigatus,GCA_020499825.1
Aspergillus fumigatus,GCA_020499865.1
Aspergillus fumigatus,GCA_020499885.1
Aspergillus fumigatus,GCA_020499905.1
Aspergillus fumigatus,GCA_020499915.1
Aspergillus fumigatus,GCA_020499935.1
Aspergillus fumigatus,GCA_020499975.1
Aspergillus fumigatus,GCA_020499985.1
Aspergillus fumigatus,GCA_020499995.1
Aspergillus fumigatus,GCA_020500025.1
Aspergillus fumigatus,GCA_020500065.1
Aspergillus fumigatus,GCA_020500075.1
Aspergillus fumigatus,GCA_020500085.1
Aspergillus fumigatus,GCA_020500105.1
Aspergillus fumigatus,GCA_020500115.1
Aspergillus fumigatus,GCA_020500165.1
Aspergillus fumigatus,GCA_020500185.1
Aspergillus fumigatus,GCA_020500195.1
Aspergillus fumigatus,GCA_020500205.1
Aspergillus fumigatus,GCA_020500215.1
Aspergillus fumigatus,GCA_020500235.1
Aspergillus fumigatus,GCA_020500275.1
Aspergillus fumigatus,GCA_020500285.1
Aspergillus fumigatus,GCA_020500295.1
Aspergillus fumigatus,GCA_020500305.1
Aspergillus fumigatus,GCA_020500355.1
Aspergillus fumigatus,GCA_020500365.1
Aspergillus fumigatus,GCA_020500385.1
Aspergillus fumigatus,GCA_020500395.1
Aspergillus fumigatus,GCA_020500445.1
Aspergillus fumigatus,GCA_020500455.1
Aspergillus fumigatus,GCA_020500465.1
Aspergillus fumigatus,GCA_020500475.1
Aspergillus fumigatus,GCA_020500485.1
Aspergillus fumigatus,GCA_020500535.1
Aspergillus fumigatus,GCA_020500545.1
Aspergillus fumigatus,GCA_020500555.1
Aspergillus fumigatus,GCA_020500565.1
Aspergillus fumigatus,GCA_020500595.1
Aspergillus fumigatus,GCA_020500605.1
Aspergillus fumigatus,GCA_020500645.1
Aspergillus fumigatus,GCA_020500655.1
Aspergillus fumigatus,GCA_020500685.1
Aspergillus fumigatus,GCA_020500695.1
Aspergillus fumigatus,GCA_020500705.1
Aspergillus fumigatus,GCA_020500765.1
Aspergillus fumigatus,GCA_020500775.1
Aspergillus fumigatus,GCA_020500785.1
Aspergillus fumigatus,GCA_020500805.1
Aspergillus fumigatus,GCA_020500815.1
Aspergillus fumigatus,GCA_020500845.1
Aspergillus fumigatus,GCA_020500865.1
Aspergillus fumigatus,GCA_020500875.1
Aspergillus fumigatus,GCA_020500905.1
Aspergillus fumigatus,GCA_020500935.1
Aspergillus fumigatus,GCA_020500945.1
Aspergillus fumigatus,GCA_020500965.1
Aspergillus fumigatus,GCA_020500975.1
Aspergillus fumigatus,GCA_020500995.1
Aspergillus fumigatus,GCA_020501005.1
Aspergillus fumigatus,GCA_020501045.1
Aspergillus fumigatus,GCA_020501075.1
Aspergillus fumigatus,GCA_020501095.1
Aspergillus fumigatus,GCA_020501105.1
Aspergillus fumigatus,GCA_020501115.1
Aspergillus fumigatus,GCA_020501135.1
Aspergillus fumigatus,GCA_020501145.1
Aspergillus fumigatus,GCA_020501175.1
Aspergillus fumigatus,GCA_020501185.1
Aspergillus fumigatus,GCA_020501235.1
Aspergillus fumigatus,GCA_020501245.1
Aspergillus fumigatus,GCA_020501255.1
Aspergillus fumigatus,GCA_020501265.1
Aspergillus fumigatus,GCA_020501325.1
Aspergillus fumigatus,GCA_020501335.1
Aspergillus fumigatus,GCA_020501345.1
Aspergillus fumigatus,GCA_020501355.1
Aspergillus fumigatus,GCA_020501375.1
Aspergillus fumigatus,GCA_020501405.1
Aspergillus fumigatus,GCA_020501425.1
Aspergillus fumigatus,GCA_020501445.1
Aspergillus fumigatus,GCA_020501465.1
Aspergillus fumigatus,GCA_020501475.1
Aspergillus fumigatus,GCA_020501495.1
Aspergillus fumigatus,GCA_020501535.1
Aspergillus fumigatus,GCA_020501545.1
Aspergillus fumigatus,GCA_020501555.1
Aspergillus fumigatus,GCA_020501575.1
Aspergillus fumigatus,GCA_020501605.1
Aspergillus fumigatus,GCA_020501615.1
Aspergillus fumigatus,GCA_020501635.1
Aspergillus fumigatus,GCA_020501645.1
Aspergillus fumigatus,GCA_020501695.1
Aspergillus fumigatus,GCA_020501705.1
Aspergillus fumigatus,GCA_020501715.1
Aspergillus fumigatus,GCA_020501735.1
Aspergillus fumigatus,GCA_020501765.1
Aspergillus fumigatus,GCA_020501785.1
Aspergillus fumigatus,GCA_020501805.1
Aspergillus fumigatus,GCA_020501815.1
Aspergillus fumigatus,GCA_020501835.1
Aspergillus fumigatus,GCA_020501875.1
Aspergillus fumigatus,GCA_020501885.1
Aspergillus fumigatus,GCA_020501895.1
Aspergillus fumigatus,GCA_020501905.1
Aspergillus fumigatus,GCA_020501935.1
Aspergillus fumigatus,GCA_020501985.1
Aspergillus fumigatus,GCA_020501995.1
Aspergillus fumigatus,GCA_020502005.1
Aspergillus fumigatus,GCA_020502025.1
Aspergillus fumigatus,GCA_020502035.1
Aspergillus fumigatus,GCA_020502045.1
Aspergillus fumigatus,GCA_020502095.1
Aspergillus fumigatus,GCA_020502105.1
Aspergillus fumigatus,GCA_020502115.1
Aspergillus fumigatus,GCA_020502125.1
Aspergillus fumigatus,GCA_020502165.1
Aspergillus fumigatus,GCA_020502185.1
Aspergillus fumigatus,GCA_020502215.1
Aspergillus fumigatus,GCA_020502225.1
Aspergillus fumigatus,GCA_020502235.1
Aspergillus fumigatus,GCA_020502245.1
Aspergillus fumigatus,GCA_020502325.1
Aspergillus fumigatus,GCA_020502335.1
Aspergillus fumigatus,GCA_020502365.1
Aspergillus fumigatus,GCA_020502375.1
Aspergillus fumigatus,GCA_020502385.1
Aspergillus fumigatus,GCA_020502425.1
Aspergillus fumigatus,GCA_020502435.1
Aspergillus fumigatus,GCA_020502455.1
Aspergillus fumigatus,GCA_020502485.1
Aspergillus fumigatus,GCA_020502495.1
Aspergillus fumigatus,GCA_020502525.1
Aspergillus fumigatus,GCA_020502545.1
Aspergillus fumigatus,GCA_020502575.1
Aspergillus fumigatus,GCA_020502595.1
Aspergillus fumigatus,GCA_020502605.1
Aspergillus fumigatus,GCA_020502615.1
Aspergillus fumigatus,GCA_020502625.1
Aspergillus fumigatus,GCA_020502675.1
Aspergillus fumigatus,GCA_020502695.1
Aspergillus fumigatus,GCA_020502705.1
Aspergillus fumigatus,GCA_020502715.1
Aspergillus fumigatus,GCA_020502725.1
Aspergillus fumigatus,GCA_020502875.1
Aspergillus fumigatus,GCA_020502985.1
Aspergillus fumigatus,GCA_020502995.1
Aspergillus fumigatus,GCA_020503015.1
Aspergillus fumigatus,GCA_020503055.1
Aspergillus fumigatus,GCA_020503065.1
Aspergillus fumigatus,GCA_020503085.1
Aspergillus fumigatus,GCA_020503095.1
Aspergillus fumigatus,GCA_020503105.1
Aspergillus fumigatus,GCA_020503165.1
Aspergillus fumigatus,GCA_020503175.1
Aspergillus fumigatus,GCA_020503185.1
Aspergillus fumigatus,GCA_020503195.1
Aspergillus fumigatus,GCA_020503205.1
Aspergillus fumigatus,GCA_020503245.1
Aspergillus fumigatus,GCA_020503265.1
Aspergillus fumigatus,GCA_020503275.1
Aspergillus fumigatus,GCA_020503295.1
Aspergillus fumigatus,GCA_020503305.1
Aspergillus fumigatus,GCA_020503345.1
Aspergillus fumigatus,GCA_020503365.1
Aspergillus fumigatus,GCA_020503375.1
Aspergillus fumigatus,GCA_020503395.1
Aspergillus fumigatus,GCA_020503435.1
Aspergillus fumigatus,GCA_020503445.1
Aspergillus fumigatus,GCA_020503455.1
Aspergillus fumigatus,GCA_020503465.1
Aspergillus fumigatus,GCA_020503515.1
Aspergillus fumigatus,GCA_020503535.1
Aspergillus fumigatus,GCA_020503545.1
Aspergillus fumigatus,GCA_020503555.1
Aspergillus fumigatus,GCA_020503565.1
Aspergillus fumigatus,GCA_020503595.1
Aspergillus fumigatus,GCA_020503635.1
Aspergillus fumigatus,GCA_020503645.1
Aspergillus fumigatus,GCA_020503665.1
Aspergillus fumigatus,GCA_020503705.1
Aspergillus fumigatus,GCA_020503715.1
Aspergillus fumigatus,GCA_020503725.1
Aspergillus fumigatus,GCA_020503735.1
Aspergillus fumigatus,GCA_020503745.1
Aspergillus fumigatus,GCA_020503795.1
Aspergillus fumigatus,GCA_020503805.1
Aspergillus fumigatus,GCA_020503815.1
Aspergillus fumigatus,GCA_020503825.1
Aspergillus fumigatus,GCA_020503885.1
Aspergillus fumigatus,GCA_020503895.1
Aspergillus fumigatus,GCA_020503905.1
Aspergillus fumigatus,GCA_020503915.1
Aspergillus fumigatus,GCA_020503935.1
Aspergillus fumigatus,GCA_020510485.1
Aspergillus fumigatus,GCA_023620045.1
Aspergillus fumigatus,GCA_023620055.1
Aspergillus fumigatus,GCA_023620085.1
Aspergillus fumigatus,GCA_023620105.1
Aspergillus fumigatus,GCA_023620135.1
Aspergillus fumigatus,GCA_023620155.1
Aspergillus fumigatus,GCA_023620165.1
Aspergillus fumigatus,GCA_023620175.1
Aspergillus fumigatus,GCA_023620195.1
Aspergillus fumigatus,GCA_023620225.1
Aspergillus fumigatus,GCA_023620235.1
Aspergillus fumigatus,GCA_023620255.1
Aspergillus fumigatus,GCA_023620275.1
Aspergillus fumigatus,GCA_023620295.1
Aspergillus fumigatus,GCA_023620325.1
Aspergillus fumigatus,GCA_023620335.1
Aspergillus fumigatus,GCA_023620365.1
Aspergillus fumigatus,GCA_023620375.1
Aspergillus fumigatus,GCA_023620605.1
Aspergillus fumigatus,GCA_023620755.1
Aspergillus fumigatus,GCA_023620795.1
Aspergillus fumigatus,GCA_023620825.1
Aspergillus fumigatus,GCA_023620835.1
Aspergillus fumigatus,GCA_023620865.1
Aspergillus fumigatus,GCA_023620875.1
Aspergillus fumigatus,GCA_023620895.1
Aspergillus fumigatus,GCA_023620925.1
Aspergillus fumigatus,GCA_023620935.1
Aspergillus fumigatus,GCA_023620975.1
Aspergillus fumigatus,GCA_023620985.1
Aspergillus fumigatus,GCA_023620995.1
Aspergillus fumigatus,GCA_023621025.1
Aspergillus fumigatus,GCA_023621035.1
Aspergillus fumigatus,GCA_023621065.1
Aspergillus fumigatus,GCA_023621075.1
Aspergillus fumigatus,GCA_024220425.1
Aspergillus fumigatus,GCA_025118165.1
Aspergillus fumigatus,GCA_025201645.1
Aspergillus fumigatus,GCA_025765995.1
Aspergillus fumigatus,GCA_025766045.1
Aspergillus fumigatus,GCA_025766085.1
Aspergillus fumigatus,GCA_025766105.1
Aspergillus fumigatus,GCA_025766145.1
Aspergillus fumigatus,GCA_028752175.1
Aspergillus fumigatus,GCA_028752205.1
Aspergillus fumigatus,GCA_029618165.1
Aspergillus fumigatus,GCA_029618175.1
Aspergillus fumigatus,GCA_029618185.1
Aspergillus fumigatus,GCA_029618195.1
Aspergillus fumigatus,GCA_029618205.1
Aspergillus fumigatus,GCA_029618225.1
Aspergillus fumigatus,GCA_029618255.1
Aspergillus fumigatus,GCA_029618275.1
Aspergillus fumigatus,GCA_029618285.1
Aspergillus fumigatus,GCA_029618305.1
Aspergillus fumigatus,GCA_029618335.1
Aspergillus fumigatus,GCA_032627265.1
Aspergillus fumigatus,GCA_037040925.1
Aspergillus fumigatus,GCA_040126065.1
Aspergillus fumigatus,GCA_040142845.1
Aspergillus fumigatus,GCA_040142855.1
Aspergillus fumigatus,GCA_040142865.1
Aspergillus fumigatus,GCA_040142875.1
Aspergillus fumigatus,GCA_040142885.1
Aspergillus fumigatus,GCA_040142945.1
Aspergillus fumigatus,GCA_040142955.1
Aspergillus fumigatus,GCA_040142975.1
Aspergillus fumigatus,GCA_040167795.1
Aspergillus fumigatus,GCA_040167805.1
Aspergillus fumigatus,GCA_044589475.1
Aspergillus fumigatus,GCA_044589545.1
Aspergillus fumigatus,GCA_045820835.1
Aspergillus fumigatus,GCA_046867075.2
Aspergillus fumigatus,GCA_046867235.2
Aspergillus fumigatus,GCA_046867255.2
Aspergillus fumigatus,GCA_048595945.2
Aspergillus fumigatus,GCA_049901915.1
Aspergillus fumigatus,GCA_051225625.1
Aspergillus fumigatus,GCA_051911435.1
Aspergillus fumigatus,GCA_051942955.1
Aspergillus fumigatus A1163,GCA_000150145.1
Aspergillus fumigatus AF210,GCA_000225645.2
Aspergillus fumigatus Af10,GCA_000225625.2
Aspergillus fumigatus Af293,GCA_000002655.1
Aspergillus fumigatus Z5,GCA_001029325.1
Aspergillus fumigatus var. fumigatus,GCA_001599455.1
Aspergillus funiculosus,GCA_027569145.1
Aspergillus germanicus,GCA_045785125.1
Aspergillus glaucus CBS 516.65,GCA_001890805.1
Aspergillus granulosus,GCA_044048675.1
Aspergillus haitiensis,GCA_027569155.1
Aspergillus hancockii,GCA_001696595.2
Aspergillus heteromorphus CBS 117.55,GCA_003184545.1
Aspergillus heterothallicus,GCA_045784785.1
Aspergillus hiratsukae,GCA_014281905.1
Aspergillus hiratsukae,GCA_014281935.1
Aspergillus homomorphus CBS 101889,GCA_003184865.1
Aspergillus hortae,GCA_032158085.1
Aspergillus hortae,GCA_032158105.1
Aspergillus hortae,GCA_032158215.1
Aspergillus ibericus CBS 121593,GCA_003184845.1
Aspergillus incahuasiensis,GCA_003719405.1
Aspergillus indologenus CBS 114.80,GCA_003184685.1
Aspergillus insuetus,GCA_045784725.1
Aspergillus intermedius,GCA_027569185.1
Aspergillus intermedius,GCA_039880815.1
Aspergillus japonicus,GCA_016808025.1
Aspergillus japonicus,GCA_023625335.1
Aspergillus japonicus CBS 114.51,GCA_003184785.1
Aspergillus jensenii,GCA_021437015.1
Aspergillus jensenii,GCA_037043905.1
Aspergillus karnatakaensis,GCA_047715665.1
Aspergillus kassunensis,GCA_027569205.1
Aspergillus keveii,GCA_044089335.1
Aspergillus latus,GCA_013305935.1
Aspergillus latus,GCA_013305975.1
Aspergillus latus,GCA_013305995.1
Aspergillus latus,GCA_013306175.1
Aspergillus latus,GCA_013306195.1
Aspergillus latus,GCA_013306215.1
Aspergillus latus,GCA_013306895.1
Aspergillus latus,GCA_041682755.1
Aspergillus latus,GCA_041682775.1
Aspergillus latus,GCA_041682785.1
Aspergillus latus,GCA_041682805.1
Aspergillus latus,GCA_041684185.1
Aspergillus latus,GCA_041684415.1
Aspergillus latus,GCA_041684435.1
Aspergillus latus,GCA_041684455.1
Aspergillus latus,GCA_041684475.1
Aspergillus latus,GCA_041684495.1
Aspergillus latus,GCA_041684515.1
Aspergillus latus,GCA_041684535.1
Aspergillus latus,GCA_041684555.1
Aspergillus latus,GCA_041684575.1
Aspergillus latus,GCA_041684595.1
Aspergillus latus,GCA_041684615.1
Aspergillus latus,GCA_041684635.1
Aspergillus latus,GCA_041684655.1
Aspergillus latus,GCA_041684675.1
Aspergillus latus,GCA_041684695.1
Aspergillus latus,GCA_041684715.1
Aspergillus latus,GCA_041684755.1
Aspergillus lentulus,GCA_001445615.2
Aspergillus lentulus,GCA_010723975.1
Aspergillus lentulus,GCA_010724455.1
Aspergillus lentulus,GCA_010724575.1
Aspergillus lentulus,GCA_010724635.1
Aspergillus lentulus,GCA_010724915.1
Aspergillus lentulus,GCA_012656335.1
Aspergillus lentulus,GCA_012656375.1
Aspergillus lentulus,GCA_012656395.1
Aspergillus lentulus,GCA_012656435.1
Aspergillus lentulus,GCA_012656445.1
Aspergillus lentulus,GCA_012656455.1
Aspergillus lentulus,GCA_023625555.1
Aspergillus leporis,GCA_009176345.1
Aspergillus luchuensis,GCA_001602395.1
Aspergillus luchuensis,GCA_016860305.1
Aspergillus luchuensis,GCA_016860325.1
Aspergillus luchuensis,GCA_016860345.1
Aspergillus luchuensis,GCA_016860365.1
Aspergillus luchuensis,GCA_016860385.1
Aspergillus luchuensis,GCA_016860405.1
Aspergillus luchuensis,GCA_016860425.1
Aspergillus luchuensis,GCA_016860445.1
Aspergillus luchuensis,GCA_016861625.1
Aspergillus luchuensis,GCA_016865315.1
Aspergillus luchuensis,GCA_037074665.1
Aspergillus luchuensis CBS 106.47,GCA_001890685.1
Aspergillus luchuensis IFO 4308,GCA_000239835.2
Aspergillus lucknowensis,GCA_044049455.1
Aspergillus luteorubrus,GCA_054471235.1
Aspergillus magnivesiculatus,GCA_056320545.1
Aspergillus melleus,GCA_016097325.1
Aspergillus melleus,GCA_030674015.1
Aspergillus micronesiensis,GCA_039763685.1
Aspergillus minisclerotigenes,GCA_009176455.1
Aspergillus minisclerotigenes,GCA_028505775.1
Aspergillus minisclerotigenes,GCA_028505865.1
Aspergillus montevidensis,GCA_020826735.1
Aspergillus multicolor,GCA_047715735.1
Aspergillus mulundensis,GCA_003369625.1
Aspergillus nanangensis,GCA_015844325.1
Aspergillus navahoensis,GCA_048626375.1
Aspergillus neoniger,GCA_029783945.1
Aspergillus neoniger CBS 115656,GCA_003184625.1
Aspergillus neotritici,GCA_009812425.1
Aspergillus neotritici,GCA_023619815.1
Aspergillus neotritici,GCA_023619845.1
Aspergillus neotritici,GCA_037042075.1
Aspergillus nidulans,GCA_011074995.1
Aspergillus nidulans,GCA_011075025.1
Aspergillus nidulans,GCA_025766005.1
Aspergillus nidulans,GCA_027569745.1
Aspergillus nidulans,GCA_041682675.1
Aspergillus nidulans,GCA_041682695.1
Aspergillus nidulans,GCA_041682705.1
Aspergillus nidulans,GCA_041682715.1
Aspergillus nidulans,GCA_041684195.1
Aspergillus nidulans,GCA_041684235.1
Aspergillus nidulans,GCA_041684245.1
Aspergillus nidulans,GCA_041684285.1
Aspergillus nidulans,GCA_041684315.1
Aspergillus nidulans,GCA_041684325.1
Aspergillus nidulans,GCA_041684355.1
Aspergillus nidulans FGSC A4,GCA_000011425.1
Aspergillus nidulans FGSC A4,GCA_000149205.2
Aspergillus nidulans var. acristatus,GCA_047715555.1
Aspergillus niger,GCA_000002855.2
Aspergillus niger,GCA_001515345.1
Aspergillus niger,GCA_001715265.1
Aspergillus niger,GCA_001741885.1
Aspergillus niger,GCA_001741905.1
Aspergillus niger,GCA_001741915.1
Aspergillus niger,GCA_001931795.1
Aspergillus niger,GCA_002211485.2
Aspergillus niger,GCA_002740505.1
Aspergillus niger,GCA_004634315.1
Aspergillus niger,GCA_009812365.1
Aspergillus niger,GCA_011316255.1
Aspergillus niger,GCA_013618955.1
Aspergillus niger,GCA_015586215.1
Aspergillus niger,GCA_015586235.1
Aspergillus niger,GCA_015586245.1
Aspergillus niger,GCA_016162265.1
Aspergillus niger,GCA_019288275.1
Aspergillus niger,GCA_019843515.1
Aspergillus niger,GCA_023091205.1
Aspergillus niger,GCA_023091265.1
Aspergillus niger,GCA_023134235.1
Aspergillus niger,GCA_023134265.1
Aspergillus niger,GCA_023134295.1
Aspergillus niger,GCA_023134325.1
Aspergillus niger,GCA_023134355.1
Aspergillus niger,GCA_023134385.1
Aspergillus niger,GCA_023134415.1
Aspergillus niger,GCA_023134445.1
Aspergillus niger,GCA_023134475.1
Aspergillus niger,GCA_023134515.1
Aspergillus niger,GCA_023137675.1
Aspergillus niger,GCA_023137705.1
Aspergillus niger,GCA_023137735.1
Aspergillus niger,GCA_023137765.1
Aspergillus niger,GCA_023137795.1
Aspergillus niger,GCA_023137805.1
Aspergillus niger,GCA_023137835.1
Aspergillus niger,GCA_023137865.1
Aspergillus niger,GCA_023137895.1
Aspergillus niger,GCA_023137925.1
Aspergillus niger,GCA_023137955.1
Aspergillus niger,GCA_023137965.1
Aspergillus niger,GCA_023509725.1
Aspergillus niger,GCA_023618355.1
Aspergillus niger,GCA_023618365.1
Aspergillus niger,GCA_023618375.1
Aspergillus niger,GCA_023618435.1
Aspergillus niger,GCA_023618715.1
Aspergillus niger,GCA_023618895.1
Aspergillus niger,GCA_023618915.1
Aspergillus niger,GCA_023625315.1
Aspergillus niger,GCA_023625355.1
Aspergillus niger,GCA_023625375.1
Aspergillus niger,GCA_023625395.1
Aspergillus niger,GCA_023625415.1
Aspergillus niger,GCA_023625435.1
Aspergillus niger,GCA_023625455.1
Aspergillus niger,GCA_023625475.1
Aspergillus niger,GCA_023625615.1
Aspergillus niger,GCA_023625655.1
Aspergillus niger,GCA_023973435.1
Aspergillus niger,GCA_023973445.1
Aspergillus niger,GCA_024862975.1
Aspergillus niger,GCA_025768885.1
Aspergillus niger,GCA_025768975.1
Aspergillus niger,GCA_025769005.1
Aspergillus niger,GCA_025769035.1
Aspergillus niger,GCA_025769065.1
Aspergillus niger,GCA_025769085.1
Aspergillus niger,GCA_025769125.1
Aspergillus niger,GCA_025769155.1
Aspergillus niger,GCA_025769175.1
Aspergillus niger,GCA_025769215.1
Aspergillus niger,GCA_025769245.1
Aspergillus niger,GCA_025769265.1
Aspergillus niger,GCA_025769305.1
Aspergillus niger,GCA_025769325.1
Aspergillus niger,GCA_025769365.1
Aspergillus niger,GCA_025769395.1
Aspergillus niger,GCA_025769415.1
Aspergillus niger,GCA_025769455.1
Aspergillus niger,GCA_025769485.1
Aspergillus niger,GCA_025769515.1
Aspergillus niger,GCA_025769535.1
Aspergillus niger,GCA_025769575.1
Aspergillus niger,GCA_026119635.1
Aspergillus niger,GCA_026119665.1
Aspergillus niger,GCA_026119675.1
Aspergillus niger,GCA_026119705.1
Aspergillus niger,GCA_026119715.1
Aspergillus niger,GCA_026119745.1
Aspergillus niger,GCA_026119755.1
Aspergillus niger,GCA_026119785.1
Aspergillus niger,GCA_026261755.1
Aspergillus niger,GCA_026284195.1
Aspergillus niger,GCA_027923725.1
Aspergillus niger,GCA_027923745.1
Aspergillus niger,GCA_027923785.1
Aspergillus niger,GCA_027923805.1
Aspergillus niger,GCA_027923825.1
Aspergillus niger,GCA_027923865.1
Aspergillus niger,GCA_027923945.1
Aspergillus niger,GCA_027923985.1
Aspergillus niger,GCA_027924005.1
Aspergillus niger,GCA_029582035.1
Aspergillus niger,GCA_029783905.1
Aspergillus niger,GCA_029783925.1
Aspergillus niger,GCA_037044415.1
Aspergillus niger,GCA_040285385.1
Aspergillus niger,GCA_045781135.1
Aspergillus niger,GCA_047651775.1
Aspergillus niger,GCA_051529875.1
Aspergillus niger,GCA_055697485.1
Aspergillus niger,GCA_055944285.1
Aspergillus niger ATCC 1015,GCA_000230395.2
Aspergillus niger ATCC 13496,GCA_003344705.1
Aspergillus niger CBS 101883,GCA_003184595.1
Aspergillus niger SH-2,GCA_000633045.1
Aspergillus niger var. macrosporus,GCA_033032185.1
Aspergillus nomiae,GCA_000531055.1
Aspergillus nomiae,GCA_029962645.1
Aspergillus nomiae NRRL 13137,GCA_001204775.2
Aspergillus novofumigatus IBT 16806,GCA_002847465.1
Aspergillus novoparasiticus,GCA_009176405.1
Aspergillus ochraceoroseus,GCA_000986665.1
Aspergillus ochraceoroseus IBT 24754,GCA_002846915.2
Aspergillus ochraceus,GCA_004849945.1
Aspergillus ochraceus,GCA_005784425.1
Aspergillus ochraceus,GCA_025594125.1
Aspergillus ochraceus,GCA_026108165.1
Aspergillus ochraceus,GCA_037127345.1
Aspergillus oerlinghausenensis,GCA_014250555.1
Aspergillus oleicola,GCA_047715755.1
Aspergillus olivimuriae,GCA_003719415.1
Aspergillus oryzae,GCA_002007945.1
Aspergillus oryzae,GCA_002214955.1
Aspergillus oryzae,GCA_002214965.1
Aspergillus oryzae,GCA_004353305.1
Aspergillus oryzae,GCA_008032055.1
Aspergillus oryzae,GCA_008032255.1
Aspergillus oryzae,GCA_009684795.1
Aspergillus oryzae,GCA_009684815.1
Aspergillus oryzae,GCA_009684835.1
Aspergillus oryzae,GCA_009684855.1
Aspergillus oryzae,GCA_009684875.1
Aspergillus oryzae,GCA_009684895.1
Aspergillus oryzae,GCA_009684915.1
Aspergillus oryzae,GCA_009684935.1
Aspergillus oryzae,GCA_009684955.1
Aspergillus oryzae,GCA_009684975.1
Aspergillus oryzae,GCA_009684995.1
Aspergillus oryzae,GCA_009685015.1
Aspergillus oryzae,GCA_009685035.1
Aspergillus oryzae,GCA_009685055.1
Aspergillus oryzae,GCA_009685075.1
Aspergillus oryzae,GCA_009685095.1
Aspergillus oryzae,GCA_009685115.1
Aspergillus oryzae,GCA_009686465.1
Aspergillus oryzae,GCA_009686485.1
Aspergillus oryzae,GCA_009686505.1
Aspergillus oryzae,GCA_009686525.1
Aspergillus oryzae,GCA_009686545.1
Aspergillus oryzae,GCA_009686565.1
Aspergillus oryzae,GCA_009686585.1
Aspergillus oryzae,GCA_009686605.1
Aspergillus oryzae,GCA_009686625.1
Aspergillus oryzae,GCA_009686645.1
Aspergillus oryzae,GCA_009686665.1
Aspergillus oryzae,GCA_009686685.1
Aspergillus oryzae,GCA_009686705.1
Aspergillus oryzae,GCA_009686725.1
Aspergillus oryzae,GCA_009686745.1
Aspergillus oryzae,GCA_009686765.1
Aspergillus oryzae,GCA_009686785.1
Aspergillus oryzae,GCA_009686805.1
Aspergillus oryzae,GCA_009686825.1
Aspergillus oryzae,GCA_009686845.1
Aspergillus oryzae,GCA_009686865.1
Aspergillus oryzae,GCA_009686885.1
Aspergillus oryzae,GCA_009686905.1
Aspergillus oryzae,GCA_009686925.1
Aspergillus oryzae,GCA_009686945.1
Aspergillus oryzae,GCA_009686965.1
Aspergillus oryzae,GCA_009686985.1
Aspergillus oryzae,GCA_009687005.1
Aspergillus oryzae,GCA_009687025.1
Aspergillus oryzae,GCA_009687045.1
Aspergillus oryzae,GCA_009687065.1
Aspergillus oryzae,GCA_009687085.1
Aspergillus oryzae,GCA_009687105.1
Aspergillus oryzae,GCA_009687125.1
Aspergillus oryzae,GCA_009687145.1
Aspergillus oryzae,GCA_009687165.1
Aspergillus oryzae,GCA_009687185.1
Aspergillus oryzae,GCA_009687205.1
Aspergillus oryzae,GCA_009687225.1
Aspergillus oryzae,GCA_009687245.1
Aspergillus oryzae,GCA_009687265.1
Aspergillus oryzae,GCA_009687285.1
Aspergillus oryzae,GCA_009687305.1
Aspergillus oryzae,GCA_009687325.1
Aspergillus oryzae,GCA_009687345.1
Aspergillus oryzae,GCA_009687365.1
Aspergillus oryzae,GCA_009687385.1
Aspergillus oryzae,GCA_009687405.1
Aspergillus oryzae,GCA_009687425.1
Aspergillus oryzae,GCA_009687445.1
Aspergillus oryzae,GCA_009687465.1
Aspergillus oryzae,GCA_009687485.1
Aspergillus oryzae,GCA_009687505.1
Aspergillus oryzae,GCA_009687525.1
Aspergillus oryzae,GCA_009687545.1
Aspergillus oryzae,GCA_009687565.1
Aspergillus oryzae,GCA_009687585.1
Aspergillus oryzae,GCA_009687605.1
Aspergillus oryzae,GCA_009687625.1
Aspergillus oryzae,GCA_009687645.1
Aspergillus oryzae,GCA_009687665.1
Aspergillus oryzae,GCA_009687685.1
Aspergillus oryzae,GCA_009687705.1
Aspergillus oryzae,GCA_009687725.1
Aspergillus oryzae,GCA_009687745.1
Aspergillus oryzae,GCA_013407045.2
Aspergillus oryzae,GCA_018140735.1
Aspergillus oryzae,GCA_018140755.1
Aspergillus oryzae,GCA_019097755.1
Aspergillus oryzae,GCA_022023695.1
Aspergillus oryzae,GCA_022023705.1
Aspergillus oryzae,GCA_022023715.1
Aspergillus oryzae,GCA_025738265.1
Aspergillus oryzae,GCA_030270465.1
Aspergillus oryzae,GCA_030270485.1
Aspergillus oryzae,GCA_030270505.1
Aspergillus oryzae,GCA_030270525.1
Aspergillus oryzae,GCA_034767895.1
Aspergillus oryzae,GCA_034767915.1
Aspergillus oryzae,GCA_034767935.1
Aspergillus oryzae,GCA_034767955.1
Aspergillus oryzae,GCA_034768095.1
Aspergillus oryzae,GCA_034768115.1
Aspergillus oryzae,GCA_034768135.1
Aspergillus oryzae,GCA_039654725.1
Aspergillus oryzae,GCA_040938235.1
Aspergillus oryzae,GCA_040938365.1
Aspergillus oryzae,GCA_040954735.1
Aspergillus oryzae,GCA_040954775.1
Aspergillus oryzae,GCA_040954795.1
Aspergillus oryzae,GCA_043249295.1
Aspergillus oryzae,GCA_043290115.1
Aspergillus oryzae,GCA_044231575.1
Aspergillus oryzae,GCA_054127265.1
Aspergillus oryzae,GCA_054644345.1
Aspergillus oryzae 100-8,GCA_000691885.1
Aspergillus oryzae 3.042,GCA_000269785.2
Aspergillus oryzae AS 3.863,GCA_000278425.1
Aspergillus oryzae AS 3.951,GCA_000278405.1
Aspergillus oryzae RIB326,GCA_000320905.1
Aspergillus oryzae RIB40,GCA_000184455.3
Aspergillus oryzae RIB40,GCA_000965245.1
Aspergillus oryzae var. brunneus,GCA_030270545.1
Aspergillus oryzae var. oryzae,GCA_052058325.1
Aspergillus ostianus,GCA_025592935.1
Aspergillus panamensis,GCA_027569225.1
Aspergillus parasiticus,GCA_001576805.1
Aspergillus parasiticus,GCA_009176385.1
Aspergillus parasiticus,GCA_013145845.1
Aspergillus parasiticus,GCA_013145875.1
Aspergillus parasiticus,GCA_013145995.1
Aspergillus parasiticus,GCA_013146005.1
Aspergillus parasiticus,GCA_013146145.1
Aspergillus parasiticus,GCA_019419805.1
Aspergillus parasiticus,GCA_028505765.1
Aspergillus parasiticus,GCA_037075405.1
Aspergillus parasiticus,GCA_051397035.1
Aspergillus parasiticus,GCA_051397045.1
Aspergillus parasiticus,GCA_051397075.1
Aspergillus parasiticus,GCA_051397115.1
Aspergillus parasiticus,GCA_051397125.1
Aspergillus parasiticus,GCA_051397155.1
Aspergillus parasiticus,GCA_051397175.1
Aspergillus parasiticus,GCA_051397185.1
Aspergillus parasiticus,GCA_051397215.1
Aspergillus parasiticus,GCA_051397235.1
Aspergillus parasiticus,GCA_051397255.1
Aspergillus parasiticus,GCA_051397275.1
Aspergillus parasiticus,GCA_051397295.1
Aspergillus parasiticus,GCA_051397315.1
Aspergillus parasiticus,GCA_051397335.1
Aspergillus parasiticus,GCA_051397355.1
Aspergillus parasiticus,GCA_051397365.1
Aspergillus parasiticus,GCA_051397395.1
Aspergillus parasiticus,GCA_051397415.1
Aspergillus parasiticus,GCA_051397425.1
Aspergillus parasiticus,GCA_051397455.1
Aspergillus parasiticus,GCA_051397475.1
Aspergillus parasiticus,GCA_051397495.1
Aspergillus parasiticus,GCA_051397515.1
Aspergillus parasiticus,GCA_051397535.1
Aspergillus parasiticus,GCA_051397545.1
Aspergillus parasiticus,GCA_051397575.1
Aspergillus parasiticus,GCA_051397595.1
Aspergillus parasiticus,GCA_051397615.1
Aspergillus parasiticus,GCA_051397635.1
Aspergillus parasiticus,GCA_051397645.1
Aspergillus parasiticus,GCA_051397675.1
Aspergillus parasiticus,GCA_051397695.1
Aspergillus parasiticus,GCA_051397715.1
Aspergillus parasiticus,GCA_051397735.1
Aspergillus parasiticus,GCA_051397755.1
Aspergillus parasiticus,GCA_051397765.1
Aspergillus parasiticus,GCA_051397795.1
Aspergillus parasiticus SU-1,GCA_000731695.1
Aspergillus parasiticus SU-1,GCA_000956085.1
Aspergillus persii,GCA_002215965.1
Aspergillus phoenicis ATCC 13157,GCA_003344505.1
Aspergillus piperis CBS 112811,GCA_003184755.1
Aspergillus pragensis,GCA_037044195.1
Aspergillus proliferans,GCA_039880865.1
Aspergillus proliferans,GCA_056320485.1
Aspergillus protuberus,GCA_021436995.1
Aspergillus pseudocaelatus,GCA_009193665.1
Aspergillus pseudodeflectus,GCA_044049435.1
Aspergillus pseudoglaucus,GCA_022813405.1
Aspergillus pseudoglaucus,GCA_039880875.1
Aspergillus pseudonomiae,GCA_009176395.1
Aspergillus pseudonomiae,GCA_009193645.1
Aspergillus pseudonomiae,GCA_054661555.1
Aspergillus pseudonomiae,GCA_054661575.1
Aspergillus pseudotamarii,GCA_009193445.1
Aspergillus pseudotamarii,GCA_030324235.1
Aspergillus pseudoterreus,GCA_002927005.1
Aspergillus pseudoustus,GCA_044049465.1
Aspergillus pseudoviridinutans,GCA_018340605.1
Aspergillus puulaauensis,GCA_016861865.1
Aspergillus puulaauensis,GCA_026319425.1
Aspergillus puulaauensis,GCA_056320505.1
Aspergillus quadricinctus,GCA_022814375.1
Aspergillus quadricinctus,GCA_022814405.1
Aspergillus quadrilineatus,GCA_013305525.1
Aspergillus quadrilineatus,GCA_041684375.1
Aspergillus quadrilineatus,GCA_041684395.1
Aspergillus rambellii,GCA_000986645.1
Aspergillus recurvatus,GCA_047715885.1
Aspergillus ruber,GCA_023621105.1
Aspergillus ruber,GCA_023621115.1
Aspergillus ruber,GCA_039880785.1
Aspergillus ruber CBS 135680,GCA_000600275.1
Aspergillus saccharicola,GCA_047496445.1
Aspergillus saccharolyticus JOP 1030-1,GCA_003184585.1
Aspergillus sclerotialis,GCA_003589665.1
Aspergillus sclerotiicarbonarius CBS 121057,GCA_003184635.1
Aspergillus sclerotioniger CBS 115572,GCA_003184525.1
Aspergillus sclerotiorum,GCA_000530345.1
Aspergillus sclerotiorum,GCA_025592505.1
Aspergillus sergii,GCA_009193525.1
Aspergillus similis,GCA_047715515.1
Aspergillus sojae,GCA_008274985.1
Aspergillus sojae,GCA_009687765.1
Aspergillus sojae,GCA_009687785.1
Aspergillus sojae,GCA_009687805.1
Aspergillus sojae,GCA_046127495.1
Aspergillus sojae NBRC 4239,GCA_000226655.2
Aspergillus sp. 'subgen. Cremei',GCA_019976455.1
Aspergillus sp. 2663,GCA_016880755.1
Aspergillus sp. 2NF922,GCA_023625275.1
Aspergillus sp. 2NF923,GCA_023625115.1
Aspergillus sp. 2NF925,GCA_023625195.1
Aspergillus sp. A31,GCA_016162245.1
Aspergillus sp. ADI1,GCA_020615375.1
Aspergillus sp. AS01,GCA_036986335.1
Aspergillus sp. ATCC 12892,GCA_002894705.1
Aspergillus sp. B102-05B,GCA_037042565.1
Aspergillus sp. B3601,GCA_023625155.1
Aspergillus sp. B3605,GCA_023625035.1
Aspergillus sp. DX121-18F,GCA_037042555.1
Aspergillus sp. DX7217,GCA_037042595.1
Aspergillus sp. F3601,GCA_023619735.1
Aspergillus sp. F3603,GCA_023627655.1
Aspergillus sp. F3604,GCA_023619485.1
Aspergillus sp. F3605,GCA_023619445.1
Aspergillus sp. GBTC2 WXH,GCA_026119255.1
Aspergillus sp. GbtcF1,GCA_019176365.1
Aspergillus sp. GbtcF2,GCA_019176375.1
Aspergillus sp. HF37,GCA_003698115.1
Aspergillus sp. JS3-R5,GCA_019775315.1
Aspergillus sp. M3605,GCA_023619345.1
Aspergillus sp. M3606,GCA_023619275.1
Aspergillus sp. MA 6037,GCA_003138035.1
Aspergillus sp. MA 6038,GCA_003004525.2
Aspergillus sp. MA 6041,GCA_003138005.1
Aspergillus sp. MA 6041,GCA_025768905.1
Aspergillus sp. MA 6041,GCA_025768925.1
Aspergillus sp. MEXU 27854,GCA_019721355.1
Aspergillus sp. P7301S-1,GCA_037042525.1
Aspergillus sp. PA2101,GCA_023619705.1
Aspergillus sp. PA3604,GCA_023624935.1
Aspergillus sp. PA40-03,GCA_023618985.1
Aspergillus sp. PB2407,GCA_023619755.1
Aspergillus sp. PB4102,GCA_023619575.1
Aspergillus sp. PB4105,GCA_023618955.1
Aspergillus sp. PB4106,GCA_023619455.1
Aspergillus sp. PG119-06,GCA_037042605.1
Aspergillus sp. PG3603,GCA_023619615.1
Aspergillus sp. PG3606C,GCA_023625255.1
Aspergillus sp. PG3606D,GCA_023619545.1
Aspergillus sp. PG3608,GCA_023619555.1
Aspergillus sp. PH2503,GCA_023619285.1
Aspergillus sp. PH3601,GCA_023618865.1
Aspergillus sp. PK2410,GCA_023619325.1
Aspergillus sp. PM3601,GCA_023625295.1
Aspergillus sp. PM3602,GCA_023618995.1
Aspergillus sp. PM3604,GCA_025768815.1
Aspergillus sp. PYS2105,GCA_023619375.1
Aspergillus sp. PYS4201,GCA_023627435.1
Aspergillus sp. PYS4240,GCA_023627495.1
Aspergillus sp. PYS4241,GCA_023627515.1
Aspergillus sp. R109-04A,GCA_037042665.1
Aspergillus sp. R1430,GCA_023625135.1
Aspergillus sp. R2302,GCA_023627595.1
Aspergillus sp. R2305,GCA_023627615.1
Aspergillus sp. R2407,GCA_023627575.1
Aspergillus sp. R2504,GCA_023627395.1
Aspergillus sp. R2506,GCA_023625075.1
Aspergillus sp. R2804,GCA_023619725.1
Aspergillus sp. R3602,GCA_023618935.1
Aspergillus sp. R3607,GCA_023627635.1
Aspergillus sp. S1107B,GCA_023627455.1
Aspergillus sp. S1702,GCA_023619415.1
Aspergillus sp. S1801,GCA_023627555.1
Aspergillus sp. S1802E,GCA_023627535.1
Aspergillus sp. S1902Y,GCA_023627675.1
Aspergillus sp. S1903S,GCA_023619515.1
Aspergillus sp. S1905,GCA_023619655.1
Aspergillus sp. S2101G,GCA_023625215.1
Aspergillus sp. S2103,GCA_023619405.1
Aspergillus sp. S2105,GCA_023619605.1
Aspergillus sp. S2109,GCA_023619645.1
Aspergillus sp. S2111G.1,GCA_023625175.1
Aspergillus sp. S2111Y,GCA_023625095.1
Aspergillus sp. S2805,GCA_023627695.1
Aspergillus sp. S3505,GCA_023627475.1
Aspergillus sp. S3602,GCA_023625055.1
Aspergillus sp. S3605,GCA_023625235.1
Aspergillus sp. S3606,GCA_023619495.1
Aspergillus sp. S4401N,GCA_023619365.1
Aspergillus sp. S4402,GCA_023619295.1
Aspergillus sp. WHUF0304,GCA_042767195.1
Aspergillus sp. Z5,GCA_001044295.1
Aspergillus sp. Z5,GCA_025765985.1
Aspergillus sp. Z5,GCA_025766015.1
Aspergillus sparsus,GCA_027569235.1
Aspergillus spectabilis,GCA_047715635.1
Aspergillus spinulosporus,GCA_003574815.1
Aspergillus spinulosporus,GCA_013305485.1
Aspergillus spinulosporus,GCA_041684735.1
Aspergillus spinulosporus,GCA_041684775.1
Aspergillus spinulosporus,GCA_041684795.1
Aspergillus spinulosporus,GCA_041684815.1
Aspergillus spinulosporus,GCA_041684835.1
Aspergillus spinulosporus,GCA_041684855.1
Aspergillus spinulosporus,GCA_041684875.1
Aspergillus spinulosporus,GCA_041684895.1
Aspergillus spinulosporus,GCA_041729795.1
Aspergillus spinulosporus,GCA_047715645.1
Aspergillus stella-maris,GCA_047715825.1
Aspergillus steynii IBT 23096,GCA_002849105.1
Aspergillus subversicolor,GCA_037044295.1
Aspergillus sydowii,GCA_009193685.1
Aspergillus sydowii,GCA_009828905.1
Aspergillus sydowii,GCA_026319385.1
Aspergillus sydowii,GCA_026319405.1
Aspergillus sydowii,GCA_034192605.1
Aspergillus sydowii,GCA_040113305.1
Aspergillus sydowii,GCA_050948135.1
Aspergillus sydowii CBS 593.65,GCA_001890705.1
Aspergillus taichungensis,GCA_002850765.1
Aspergillus tamarii,GCA_008973505.1
Aspergillus tamarii,GCA_008973515.1
Aspergillus tamarii,GCA_009193485.1
Aspergillus tamarii,GCA_023619855.1
Aspergillus tamarii,GCA_023619995.1
Aspergillus tamarii,GCA_023973455.1
Aspergillus tamarii,GCA_029962655.1
Aspergillus tamarii,GCA_030556085.1
Aspergillus tanneri,GCA_003426965.1
Aspergillus tanneri,GCA_004796565.1
Aspergillus tanneri,GCA_004798825.1
Aspergillus tennesseensis,GCA_037043975.1
Aspergillus terreus,GCA_001630395.1
Aspergillus terreus,GCA_002749855.1
Aspergillus terreus,GCA_002930435.1
Aspergillus terreus,GCA_009014675.2
Aspergillus terreus,GCA_009834425.1
Aspergillus terreus,GCA_009932835.1
Aspergillus terreus,GCA_015266375.1
Aspergillus terreus,GCA_015333565.1
Aspergillus terreus,GCA_016808415.1
Aspergillus terreus,GCA_023625495.1
Aspergillus terreus,GCA_023625515.1
Aspergillus terreus,GCA_023625535.1
Aspergillus terreus,GCA_023625575.1
Aspergillus terreus,GCA_033632065.1
Aspergillus terreus,GCA_034642025.1
Aspergillus terreus,GCA_037041615.1
Aspergillus terreus,GCA_037041815.1
Aspergillus terreus,GCA_049862995.1
Aspergillus terreus,GCA_054661595.1
Aspergillus terreus ATCC 20542,GCA_000166915.1
Aspergillus terreus NIH2624,GCA_000149615.1
Aspergillus terricola var. indicus,GCA_047715525.1
Aspergillus tetrazonus,GCA_045791975.1
Aspergillus texensis,GCA_024668715.1
Aspergillus texensis,GCA_046128075.1
Aspergillus thermomutatus,GCA_002237265.2
Aspergillus toxicus (nom. inval.),GCA_046128015.1
Aspergillus transmontanensis,GCA_009193505.1
Aspergillus tubingensis,GCA_010614855.1
Aspergillus tubingensis,GCA_013340325.1
Aspergillus tubingensis,GCA_019805365.1
Aspergillus tubingensis,GCA_019827425.1
Aspergillus tubingensis,GCA_019827445.1
Aspergillus tubingensis,GCA_019827465.1
Aspergillus tubingensis,GCA_019827565.1
Aspergillus tubingensis,GCA_019828785.1
Aspergillus tubingensis,GCA_027923605.1
Aspergillus tubingensis,GCA_027923625.1
Aspergillus tubingensis,GCA_027923665.1
Aspergillus tubingensis,GCA_027923685.1
Aspergillus tubingensis,GCA_027923885.1
Aspergillus tubingensis,GCA_027923925.1
Aspergillus tubingensis,GCA_030762845.1
Aspergillus tubingensis,GCA_037044275.1
Aspergillus tubingensis,GCA_040333235.1
Aspergillus tubingensis,GCA_044589405.1
Aspergillus tubingensis,GCA_044592785.1
Aspergillus tubingensis,GCA_049803905.1
Aspergillus tubingensis,GCA_050924195.1
Aspergillus tubingensis CBS 134.48,GCA_001890745.1
Aspergillus turcosus,GCA_002234965.2
Aspergillus turcosus,GCA_002234975.2
Aspergillus udagawae,GCA_001078395.2
Aspergillus udagawae,GCA_010723835.1
Aspergillus udagawae,GCA_010724135.1
Aspergillus udagawae,GCA_010724255.1
Aspergillus udagawae,GCA_010724335.1
Aspergillus udagawae,GCA_010724795.1
Aspergillus undulatus,GCA_047715775.1
Aspergillus unguis,GCA_003324175.1
Aspergillus unguis,GCA_015586375.1
Aspergillus unguis,GCA_018408605.1
Aspergillus unguis,GCA_018408615.1
Aspergillus unguis,GCA_023624955.1
Aspergillus unguis,GCA_023624975.1
Aspergillus unguis,GCA_023624995.1
Aspergillus unguis,GCA_023625005.1
Aspergillus unguis,GCA_047715655.1
Aspergillus ustus,GCA_000812125.1
Aspergillus ustus,GCA_040285355.1
Aspergillus uvarum,GCA_023618385.1
Aspergillus uvarum,GCA_023625595.1
Aspergillus uvarum,GCA_048773035.1
Aspergillus uvarum CBS 121591,GCA_003184745.1
Aspergillus vadensis CBS 113365,GCA_003184925.1
Aspergillus varians,GCA_047715575.1
Aspergillus venezuelensis,GCA_047715615.1
Aspergillus verrucosus,GCA_039955225.1
Aspergillus versicolor,GCA_020284045.1
Aspergillus versicolor,GCA_028828405.1
Aspergillus versicolor,GCA_037043815.1
Aspergillus versicolor,GCA_051621845.1
Aspergillus versicolor CBS 583.65,GCA_001890125.1
Aspergillus violaceofuscus CBS 115571,GCA_003184705.1
Aspergillus viridinutans,GCA_004368095.1
Aspergillus viridinutans,GCA_018404265.1
Aspergillus vitricola,GCA_056320585.1
Aspergillus vitricola,GCA_056321165.1
Aspergillus welwitschiae,GCA_003344945.1
Aspergillus welwitschiae,GCA_009761105.1
Aspergillus welwitschiae,GCA_012275225.1
Aspergillus welwitschiae,GCA_012365075.1
Aspergillus welwitschiae,GCA_023718355.1
Aspergillus welwitschiae,GCA_030015405.1
Aspergillus welwitschiae,GCA_037044315.1
Aspergillus welwitschiae,GCA_047655695.1
Aspergillus wentii,GCA_026184555.1
Aspergillus wentii,GCA_046000195.1
Aspergillus wentii DTO 134E9,GCA_001890725.1
Aspergillus westerdijkiae,GCA_001307345.1
Aspergillus westerdijkiae,GCA_019976475.1
Aspergillus westerdijkiae,GCA_026259865.1
Astathelohania contejeani,GCA_014805555.1
Asterophora lycoperdoides,GCA_018850815.1
Asterophora parasitica,GCA_018282005.1
Astraeus odoratus,GCA_016618355.2
Astrocystis sublimbata,GCA_022453515.1
Astrothelium macrocarpum,GCA_021030915.1
Astrothelium subdiscretum,GCA_021030935.1
Athelia psychrophila,GCA_001630335.1
Athelia sp. TMB,GCA_014898675.1
Atkinsonella hypoxylon,GCA_000729835.1
Atkinsonella texensis,GCA_001008035.1
Atkinsonella texensis,GCA_001008105.1
Atractiella rhizophila,GCA_021432655.1
Atractium crassum,GCA_045526815.1
Atractium stilbaster,GCA_045526835.1
Aulographum hederae CBS 113979,GCA_010015705.1
Aureobasidium aubasidani,GCA_015251385.1
Aureobasidium castaneae,GCA_054135185.1
Aureobasidium leucospermi,GCA_019775405.1
Aureobasidium lini,GCA_022813425.1
Aureobasidium mangrovei,GCA_021014315.1
Aureobasidium melanogenum,GCA_002156615.1
Aureobasidium melanogenum,GCA_014595575.1
Aureobasidium melanogenum,GCA_016807825.1
Aureobasidium melanogenum,GCA_017949455.1
Aureobasidium melanogenum,GCA_017949655.1
Aureobasidium melanogenum,GCA_018290055.1
Aureobasidium melanogenum,GCA_018290075.1
Aureobasidium melanogenum,GCA_019915885.1
Aureobasidium melanogenum,GCA_019923975.1
Aureobasidium melanogenum,GCA_019924015.1
Aureobasidium melanogenum,GCA_019924025.1
Aureobasidium melanogenum,GCA_019924115.1
Aureobasidium melanogenum,GCA_019924135.1
Aureobasidium melanogenum,GCA_019924155.1
Aureobasidium melanogenum,GCA_019924175.1
Aureobasidium melanogenum,GCA_019924185.1
Aureobasidium melanogenum,GCA_019924195.1
Aureobasidium melanogenum,GCA_019924215.1
Aureobasidium melanogenum,GCA_019924255.1
Aureobasidium melanogenum,GCA_019924265.1
Aureobasidium melanogenum,GCA_019924275.1
Aureobasidium melanogenum,GCA_019924295.1
Aureobasidium melanogenum,GCA_019924315.1
Aureobasidium melanogenum,GCA_019924355.1
Aureobasidium melanogenum,GCA_019924375.1
Aureobasidium melanogenum,GCA_019924395.1
Aureobasidium melanogenum,GCA_019924415.1
Aureobasidium melanogenum,GCA_019924425.1
Aureobasidium melanogenum,GCA_019924435.1
Aureobasidium melanogenum,GCA_019924465.1
Aureobasidium melanogenum,GCA_019924485.1
Aureobasidium melanogenum,GCA_019924535.1
Aureobasidium melanogenum,GCA_019924555.1
Aureobasidium melanogenum,GCA_019924575.1
Aureobasidium melanogenum,GCA_019924615.1
Aureobasidium melanogenum,GCA_019924655.1
Aureobasidium melanogenum,GCA_019924675.1
Aureobasidium melanogenum,GCA_019924695.1
Aureobasidium melanogenum,GCA_019924715.1
Aureobasidium melanogenum,GCA_019924725.1
Aureobasidium melanogenum,GCA_019924735.1
Aureobasidium melanogenum,GCA_019924755.1
Aureobasidium melanogenum,GCA_019924775.1
Aureobasidium melanogenum,GCA_019924815.1
Aureobasidium melanogenum,GCA_019924825.1
Aureobasidium melanogenum,GCA_019924835.1
Aureobasidium melanogenum,GCA_019924875.1
Aureobasidium melanogenum,GCA_019924895.1
Aureobasidium melanogenum,GCA_019924905.1
Aureobasidium melanogenum,GCA_019924995.1
Aureobasidium melanogenum,GCA_019925005.1
Aureobasidium melanogenum,GCA_019925035.1
Aureobasidium melanogenum,GCA_019925055.1
Aureobasidium melanogenum,GCA_019925085.1
Aureobasidium melanogenum,GCA_019925215.1
Aureobasidium melanogenum,GCA_019925775.1
Aureobasidium melanogenum,GCA_020231955.1
Aureobasidium melanogenum,GCA_022814665.1
Aureobasidium melanogenum,GCA_025604605.1
Aureobasidium melanogenum,GCA_030867465.1
Aureobasidium melanogenum,GCA_037950655.1
Aureobasidium melanogenum,GCA_041682595.1
Aureobasidium melanogenum,GCA_050947315.1
Aureobasidium melanogenum,GCA_054643255.1
Aureobasidium melanogenum CBS 110374,GCA_000721775.1
Aureobasidium namibiae CBS 147.97,GCA_000721765.1
Aureobasidium pullulans,GCA_001678115.1
Aureobasidium pullulans,GCA_003336255.1
Aureobasidium pullulans,GCA_003574545.1
Aureobasidium pullulans,GCA_004917105.1
Aureobasidium pullulans,GCA_004917115.1
Aureobasidium pullulans,GCA_004917135.1
Aureobasidium pullulans,GCA_004917145.1
Aureobasidium pullulans,GCA_004917155.1
Aureobasidium pullulans,GCA_004917165.1
Aureobasidium pullulans,GCA_004917185.1
Aureobasidium pullulans,GCA_004917205.1
Aureobasidium pullulans,GCA_004917225.1
Aureobasidium pullulans,GCA_004917255.1
Aureobasidium pullulans,GCA_004917275.1
Aureobasidium pullulans,GCA_004917305.1
Aureobasidium pullulans,GCA_004917335.1
Aureobasidium pullulans,GCA_004917355.1
Aureobasidium pullulans,GCA_004917375.1
Aureobasidium pullulans,GCA_004917385.1
Aureobasidium pullulans,GCA_004917415.1
Aureobasidium pullulans,GCA_004917425.1
Aureobasidium pullulans,GCA_004917435.1
Aureobasidium pullulans,GCA_004917445.1
Aureobasidium pullulans,GCA_004917485.1
Aureobasidium pullulans,GCA_004917495.1
Aureobasidium pullulans,GCA_004917505.1
Aureobasidium pullulans,GCA_004917525.1
Aureobasidium pullulans,GCA_004917555.1
Aureobasidium pullulans,GCA_004917595.1
Aureobasidium pullulans,GCA_004917605.1
Aureobasidium pullulans,GCA_004917615.1
Aureobasidium pullulans,GCA_004917625.1
Aureobasidium pullulans,GCA_004917665.1
Aureobasidium pullulans,GCA_004917685.1
Aureobasidium pullulans,GCA_004917705.1
Aureobasidium pullulans,GCA_004917725.1
Aureobasidium pullulans,GCA_004917745.1
Aureobasidium pullulans,GCA_004917755.1
Aureobasidium pullulans,GCA_004917795.1
Aureobasidium pullulans,GCA_004917815.1
Aureobasidium pullulans,GCA_004917825.1
Aureobasidium pullulans,GCA_004918105.1
Aureobasidium pullulans,GCA_004918115.1
Aureobasidium pullulans,GCA_004918145.1
Aureobasidium pullulans,GCA_004918165.1
Aureobasidium pullulans,GCA_004918195.1
Aureobasidium pullulans,GCA_004918215.1
Aureobasidium pullulans,GCA_004918245.1
Aureobasidium pullulans,GCA_004918275.1
Aureobasidium pullulans,GCA_004918505.1
Aureobasidium pullulans,GCA_004918535.1
Aureobasidium pullulans,GCA_004918575.1
Aureobasidium pullulans,GCA_017165705.1
Aureobasidium pullulans,GCA_018408375.1
Aureobasidium pullulans,GCA_018408415.1
Aureobasidium pullulans,GCA_018408505.1
Aureobasidium pullulans,GCA_018408515.1
Aureobasidium pullulans,GCA_018408545.1
Aureobasidium pullulans,GCA_018408595.1
Aureobasidium pullulans,GCA_018408725.1
Aureobasidium pullulans,GCA_018408735.1
Aureobasidium pullulans,GCA_018408745.1
Aureobasidium pullulans,GCA_018408835.1
Aureobasidium pullulans,GCA_018410155.1
Aureobasidium pullulans,GCA_018410165.1
Aureobasidium pullulans,GCA_023079225.1
Aureobasidium pullulans,GCA_023079325.1
Aureobasidium pullulans,GCA_024115135.1
Aureobasidium pullulans,GCA_031010245.1
Aureobasidium pullulans,GCA_036418965.1
Aureobasidium pullulans,GCA_036850625.1
Aureobasidium pullulans,GCA_037042995.1
Aureobasidium pullulans,GCA_037367325.1
Aureobasidium pullulans,GCA_040364705.1
Aureobasidium pullulans,GCA_041956735.1
Aureobasidium pullulans,GCA_043161985.1
Aureobasidium pullulans,GCA_043230705.1
Aureobasidium pullulans,GCA_051912055.1
Aureobasidium pullulans,GCA_051942775.1
Aureobasidium pullulans,GCA_052056975.1
Aureobasidium pullulans,GCA_052057015.1
Aureobasidium pullulans,GCA_052057045.1
Aureobasidium pullulans,GCA_054790355.1
Aureobasidium pullulans AY4,GCA_000294735.1
Aureobasidium pullulans EXF-150,GCA_000721785.1
Aureobasidium sp. CE_43,GCA_053477255.1
Aureobasidium sp. DW-1,GCA_055471805.1
Aureobasidium sp. EXF-10727,GCA_023848595.1
Aureobasidium sp. EXF-10728,GCA_023848605.1
Aureobasidium sp. EXF-12298,GCA_024195555.1
Aureobasidium sp. EXF-12344,GCA_024195545.1
Aureobasidium sp. EXF-3399,GCA_019924955.1
Aureobasidium sp. EXF-3400,GCA_024195585.1
Aureobasidium sp. EXF-8845,GCA_024195465.1
Aureobasidium sp. EXF-8846,GCA_024195485.1
Aureobasidium sp. FSWF8-4,GCA_001914275.1
Aureobasidium sp. GC_Fusr_1,GCA_026538705.1
Aureobasidium sp. M94-06E,GCA_037040395.1
Aureobasidium sp. P6,GCA_003992365.1
Aureobasidium sp. SLJ-2021a,GCA_019677095.1
Aureobasidium sp. TD-062,GCA_022575945.1
Aureobasidium sp. Y128-05A,GCA_037042735.1
Aureobasidium subglaciale,GCA_024244225.1
Aureobasidium subglaciale,GCA_024244235.1
Aureobasidium subglaciale,GCA_024244255.1
Aureobasidium subglaciale,GCA_024244275.1
Aureobasidium subglaciale,GCA_024244305.1
Aureobasidium subglaciale,GCA_024244315.1
Aureobasidium subglaciale,GCA_024244335.1
Aureobasidium subglaciale,GCA_024244585.1
Aureobasidium subglaciale EXF-2481,GCA_000721755.1
Aureobasidium tremulum,GCA_042608425.1
Aureobasidium zeae,GCA_017580825.2
Aureobasidium zeae,GCA_048593495.1
Aureoboletus auriporus,GCA_038089615.1
Aureoboletus sp. UT-M0000056,GCA_041722815.1
Auricularia auricula-judae,GCA_002092955.1
Auricularia cornea,GCA_008368385.1
Auricularia cornea,GCA_030578095.1
Auricularia cornea,GCA_041684135.1
Auricularia heimuer,GCA_002287115.1
Auricularia heimuer,GCA_050574805.1
Auricularia heimuer,GCA_050574865.1
Auricularia polytricha,GCA_003316125.1
Auricularia sp. M12,GCA_037042885.1
Auricularia sp. M13,GCA_037042915.1
Auricularia subglabra TFB-10046 SS5,GCA_000265015.1
Auriculariales sp. MPI-PUGE-AT-0066,GCA_020744175.1
Aurifilum marmelostoma,GCA_027559495.1
Auriscalpium microsporum,GCA_019914985.1
Auriscalpium orientale,GCA_019915035.1
Auriscalpium vulgare,GCA_019915015.1
Auriscalpium vulgare,GCA_022160275.1
Australozyma bambusicola,GCA_030563705.1
Australozyma monospora,GCA_003614695.1
Australozyma nongkhaiensis,GCA_030563825.1
Australozyma picinguabensis,GCA_030582875.1
Australozyma robnettiae,GCA_030568975.1
Australozyma saccharicola,GCA_030569455.1
Australozyma saopauloensis,GCA_030582915.1
Australozyma saopauloensis,GCA_035610405.1
Australozyma succicola,GCA_030563905.1
Australozyma touchengensis,GCA_030566735.1
Austroboletus cf. mucosus,GCA_038093715.1
Austroboletus eburneus,GCA_038090175.1
Austroboletus festivus,GCA_038088875.1
Austroboletus festivus,GCA_038091375.1
Austroboletus niveus,GCA_038090255.1
Austroboletus novae-zelandiae,GCA_038090275.1
Austroboletus olivaceoglutinosus,GCA_038093615.1
Austroboletus rostrupii,GCA_038089255.1
Austropuccinia psidii,GCA_001443065.1
Austropuccinia psidii,GCA_003724095.1
Austropuccinia psidii,GCA_023105745.2
Austropuccinia psidii,GCA_023105775.2
Austropuccinia psidii MF-1,GCA_000469055.2
Babjevia anomala,GCA_030580435.1
Babjeviella inositovora,GCA_018344385.1
Babjeviella inositovora,GCA_030561425.1
Babjeviella inositovora,GCA_046867375.1
Babjeviella inositovora NRRL Y-12698,GCA_001661335.1
Bachmanniomyces sp. S44760,GCA_022814255.1
Bacidia gigantensis,GCA_019456465.1
Bacidia rubella,GCA_032158265.1
Backusella australiensis,GCA_024140275.1
Backusella australiensis,GCA_024140565.1
Backusella circina FSU 941,GCA_025399235.1
Backusella liffmaniae,GCA_024140265.1
Backusella luteola,GCA_024140195.1
Backusella macrospora,GCA_024139275.1
Backusella mclennaniae,GCA_024139405.1
Backusella morwellensis,GCA_024139395.1
Backusella parvicylindrica,GCA_024140155.1
Backusella psychrophila,GCA_024139485.1
Backusella sp. ASU-2019c,GCA_024139495.1
Backusella tarrabulga,GCA_024139415.1
Backusella tuberculispora,GCA_024140245.1
Backusella westeae,GCA_024140375.1
Baeospora myosura,GCA_001179705.1
Balansia obtecta B249,GCA_000709145.1
Baorangia bicolor,GCA_038093395.1
Baorangia sp. TRTC168334,GCA_041721955.1
Barbatosphaeria neglecta,GCA_022813145.1
Barnettozyma californica,GCA_003123585.1
Barnettozyma californica,GCA_003123885.1
Barnettozyma californica,GCA_003706655.3
Barnettozyma californica,GCA_023627795.1
Barnettozyma discipulorum,GCA_049863505.1
Barnettozyma hawaiiensis,GCA_003706665.2
Barnettozyma populi,GCA_003706705.3
Barnettozyma sp. UFMG-CM-Y5996,GCA_030580455.1
Barnettozyma sucrosica,GCA_030558145.1
Barnettozyma vustinii,GCA_030569515.1
Bartalinia pondoensis,GCA_041381275.1
Basidioascus undulatus,GCA_000826855.1
Basidioascus undulatus,GCA_055755435.1
Basidiobolus heterosporus B8920,GCA_000697455.1
Basidiobolus meristosporus B9252,GCA_000697375.1
Basidiobolus meristosporus CBS 931.73,GCA_002104905.1
Basidiobolus ranarum,GCA_040143965.1
Basipetospora chlamydospora,GCA_001599675.1
Basipetospora sp. M8501,GCA_037040375.1
Bathelium albidoporum,GCA_021031095.1
Bathelium mastoideum,GCA_026023875.1
Bathelium mastoideum,GCA_026054635.1
Batrachochytrium dendrobatidis,GCA_003595275.1
Batrachochytrium dendrobatidis,GCA_029704095.1
Batrachochytrium dendrobatidis,GCA_036289345.1
Batrachochytrium dendrobatidis,GCA_036783925.1
Batrachochytrium dendrobatidis,GCA_048537975.1
Batrachochytrium dendrobatidis JAM81,GCA_000203795.2
Batrachochytrium dendrobatidis JEL423,GCA_000149865.1
Batrachochytrium salamandrivorans,GCA_002006685.2
Batrachochytrium salamandrivorans,GCA_020617195.1
Batrachochytrium salamandrivorans,GCA_020617715.1
Batrachochytrium salamandrivorans,GCA_020617725.1
Batrachochytrium salamandrivorans,GCA_020617735.1
Batrachochytrium salamandrivorans,GCA_021556655.1
Batrachochytrium salamandrivorans,GCA_021556665.1
Batrachochytrium salamandrivorans,GCA_021556675.1
Batrachochytrium salamandrivorans,GCA_021556705.1
Batrachochytrium salamandrivorans,GCA_044508915.1
Baudoinia panamericana,GCA_015295725.1
Baudoinia panamericana,GCA_015295765.1
Baudoinia panamericana UAMH 10762,GCA_000338955.1
Beauveria asiatica,GCA_030781985.1
Beauveria asiatica,GCA_030782205.1
Beauveria asiatica,GCA_030782245.1
Beauveria asiatica,GCA_030782365.1
Beauveria asiatica,GCA_030782445.1
Beauveria asiatica,GCA_030782725.1
Beauveria asiatica,GCA_030783325.1
Beauveria asiatica,GCA_030783645.1
Beauveria asiatica,GCA_030783665.1
Beauveria asiatica,GCA_030783785.1
Beauveria asiatica,GCA_030783845.1
Beauveria asiatica,GCA_030783865.1
Beauveria asiatica,GCA_038367545.1
Beauveria asiatica,GCA_053540825.1
Beauveria asiatica,GCA_053540845.1
Beauveria australis,GCA_030406835.1
Beauveria australis,GCA_030411535.1
Beauveria australis,GCA_030771945.1
Beauveria australis,GCA_030778145.1
Beauveria bassiana,GCA_001682635.1
Beauveria bassiana,GCA_001684195.1
Beauveria bassiana,GCA_001684205.1
Beauveria bassiana,GCA_001684215.1
Beauveria bassiana,GCA_001684225.1
Beauveria bassiana,GCA_002224115.1
Beauveria bassiana,GCA_002871155.1
Beauveria bassiana,GCA_003337105.1
Beauveria bassiana,GCA_010099065.1
Beauveria bassiana,GCA_011316055.1
Beauveria bassiana,GCA_012654165.1
Beauveria bassiana,GCA_014607475.1
Beauveria bassiana,GCA_015266365.1
Beauveria bassiana,GCA_021365345.1
Beauveria bassiana,GCA_022684685.1
Beauveria bassiana,GCA_022684695.1
Beauveria bassiana,GCA_022684705.1
Beauveria bassiana,GCA_022684715.1
Beauveria bassiana,GCA_022684725.1
Beauveria bassiana,GCA_022684745.1
Beauveria bassiana,GCA_022684765.1
Beauveria bassiana,GCA_022758125.1
Beauveria bassiana,GCA_025380265.1
Beauveria bassiana,GCA_030406955.1
Beauveria bassiana,GCA_030406965.1
Beauveria bassiana,GCA_030770625.1
Beauveria bassiana,GCA_030771925.1
Beauveria bassiana,GCA_030771935.1
Beauveria bassiana,GCA_030772005.1
Beauveria bassiana,GCA_030772015.1
Beauveria bassiana,GCA_030772035.1
Beauveria bassiana,GCA_030772065.1
Beauveria bassiana,GCA_030772095.1
Beauveria bassiana,GCA_030772105.1
Beauveria bassiana,GCA_030772125.1
Beauveria bassiana,GCA_030772135.1
Beauveria bassiana,GCA_030772175.1
Beauveria bassiana,GCA_030772235.1
Beauveria bassiana,GCA_030772255.1
Beauveria bassiana,GCA_030772265.1
Beauveria bassiana,GCA_030772295.1
Beauveria bassiana,GCA_030772305.1
Beauveria bassiana,GCA_030772395.1
Beauveria bassiana,GCA_030772405.1
Beauveria bassiana,GCA_030772425.1
Beauveria bassiana,GCA_030772495.1
Beauveria bassiana,GCA_030772515.1
Beauveria bassiana,GCA_030772535.1
Beauveria bassiana,GCA_030772555.1
Beauveria bassiana,GCA_030772595.1
Beauveria bassiana,GCA_030772615.1
Beauveria bassiana,GCA_030772635.1
Beauveria bassiana,GCA_030772675.1
Beauveria bassiana,GCA_030772715.1
Beauveria bassiana,GCA_030772755.1
Beauveria bassiana,GCA_030772775.1
Beauveria bassiana,GCA_030772835.1
Beauveria bassiana,GCA_030772855.1
Beauveria bassiana,GCA_030772875.1
Beauveria bassiana,GCA_030772895.1
Beauveria bassiana,GCA_030772915.1
Beauveria bassiana,GCA_030772955.1
Beauveria bassiana,GCA_030777425.1
Beauveria bassiana,GCA_030777485.1
Beauveria bassiana,GCA_030777505.1
Beauveria bassiana,GCA_030777565.1
Beauveria bassiana,GCA_030777585.1
Beauveria bassiana,GCA_030777605.1
Beauveria bassiana,GCA_030777625.1
Beauveria bassiana,GCA_030777645.1
Beauveria bassiana,GCA_030777665.1
Beauveria bassiana,GCA_030777685.1
Beauveria bassiana,GCA_030777705.1
Beauveria bassiana,GCA_030777745.1
Beauveria bassiana,GCA_030777865.1
Beauveria bassiana,GCA_030777905.1
Beauveria bassiana,GCA_030778045.1
Beauveria bassiana,GCA_030778085.1
Beauveria bassiana,GCA_030778225.1
Beauveria bassiana,GCA_030778265.1
Beauveria bassiana,GCA_030778425.1
Beauveria bassiana,GCA_030778565.1
Beauveria bassiana,GCA_030778605.1
Beauveria bassiana,GCA_030778625.1
Beauveria bassiana,GCA_030778665.1
Beauveria bassiana,GCA_030778725.1
Beauveria bassiana,GCA_030778745.1
Beauveria bassiana,GCA_030778785.1
Beauveria bassiana,GCA_030778845.1
Beauveria bassiana,GCA_030778885.1
Beauveria bassiana,GCA_030778945.1
Beauveria bassiana,GCA_030779005.1
Beauveria bassiana,GCA_030779045.1
Beauveria bassiana,GCA_030779055.1
Beauveria bassiana,GCA_030779085.1
Beauveria bassiana,GCA_030779105.1
Beauveria bassiana,GCA_030779125.1
Beauveria bassiana,GCA_030779195.1
Beauveria bassiana,GCA_030779225.1
Beauveria bassiana,GCA_030779265.1
Beauveria bassiana,GCA_030779325.1
Beauveria bassiana,GCA_030779345.1
Beauveria bassiana,GCA_030779365.1
Beauveria bassiana,GCA_030779485.1
Beauveria bassiana,GCA_030779505.1
Beauveria bassiana,GCA_030779545.1
Beauveria bassiana,GCA_030779575.1
Beauveria bassiana,GCA_030779805.1
Beauveria bassiana,GCA_030779935.1
Beauveria bassiana,GCA_030780285.1
Beauveria bassiana,GCA_030780325.1
Beauveria bassiana,GCA_030780465.1
Beauveria bassiana,GCA_030780475.1
Beauveria bassiana,GCA_030780625.1
Beauveria bassiana,GCA_030780665.1
Beauveria bassiana,GCA_030780685.1
Beauveria bassiana,GCA_030780705.1
Beauveria bassiana,GCA_030780725.1
Beauveria bassiana,GCA_030780745.1
Beauveria bassiana,GCA_030780765.1
Beauveria bassiana,GCA_030780785.1
Beauveria bassiana,GCA_030780865.1
Beauveria bassiana,GCA_030780885.1
Beauveria bassiana,GCA_030781065.1
Beauveria bassiana,GCA_030781105.1
Beauveria bassiana,GCA_030781125.1
Beauveria bassiana,GCA_030781305.1
Beauveria bassiana,GCA_030781385.1
Beauveria bassiana,GCA_030781405.1
Beauveria bassiana,GCA_030781865.1
Beauveria bassiana,GCA_030782145.1
Beauveria bassiana,GCA_030782185.1
Beauveria bassiana,GCA_030782325.1
Beauveria bassiana,GCA_030782385.1
Beauveria bassiana,GCA_030782705.1
Beauveria bassiana,GCA_030782745.1
Beauveria bassiana,GCA_030782825.1
Beauveria bassiana,GCA_030782865.1
Beauveria bassiana,GCA_030782985.1
Beauveria bassiana,GCA_030783005.1
Beauveria bassiana,GCA_030783085.1
Beauveria bassiana,GCA_030783205.1
Beauveria bassiana,GCA_030783345.1
Beauveria bassiana,GCA_030783545.1
Beauveria bassiana,GCA_030783825.1
Beauveria bassiana,GCA_030783885.1
Beauveria bassiana,GCA_030783965.1
Beauveria bassiana,GCA_030783995.1
Beauveria bassiana,GCA_030784505.1
Beauveria bassiana,GCA_030784525.1
Beauveria bassiana,GCA_030784555.1
Beauveria bassiana,GCA_030784885.1
Beauveria bassiana,GCA_030784925.1
Beauveria bassiana,GCA_030785025.1
Beauveria bassiana,GCA_030785215.1
Beauveria bassiana,GCA_030786195.1
Beauveria bassiana,GCA_030786345.1
Beauveria bassiana,GCA_030786905.1
Beauveria bassiana,GCA_030786925.1
Beauveria bassiana,GCA_030786945.1
Beauveria bassiana,GCA_030786965.1
Beauveria bassiana,GCA_030786985.1
Beauveria bassiana,GCA_030787015.1
Beauveria bassiana,GCA_030787055.1
Beauveria bassiana,GCA_030787155.1
Beauveria bassiana,GCA_030787195.1
Beauveria bassiana,GCA_030787235.1
Beauveria bassiana,GCA_030787275.1
Beauveria bassiana,GCA_030787525.1
Beauveria bassiana,GCA_030787535.1
Beauveria bassiana,GCA_030787685.1
Beauveria bassiana,GCA_030787925.1
Beauveria bassiana,GCA_030788025.1
Beauveria bassiana,GCA_030788315.1
Beauveria bassiana,GCA_030789005.1
Beauveria bassiana,GCA_030789045.1
Beauveria bassiana,GCA_030789205.1
Beauveria bassiana,GCA_030789405.1
Beauveria bassiana,GCA_030789425.1
Beauveria bassiana,GCA_030789445.1
Beauveria bassiana,GCA_030789465.1
Beauveria bassiana,GCA_030789485.1
Beauveria bassiana,GCA_030789545.1
Beauveria bassiana,GCA_030789585.1
Beauveria bassiana,GCA_030789675.1
Beauveria bassiana,GCA_030849485.1
Beauveria bassiana,GCA_032353905.1
Beauveria bassiana,GCA_032353955.1
Beauveria bassiana,GCA_032354015.1
Beauveria bassiana,GCA_032354075.1
Beauveria bassiana,GCA_032354175.1
Beauveria bassiana,GCA_032354195.1
Beauveria bassiana,GCA_032354215.1
Beauveria bassiana,GCA_032354235.1
Beauveria bassiana,GCA_032354255.1
Beauveria bassiana,GCA_032354495.1
Beauveria bassiana,GCA_032358105.1
Beauveria bassiana,GCA_041222345.1
Beauveria bassiana,GCA_042247495.1
Beauveria bassiana,GCA_042477315.1
Beauveria bassiana,GCA_044509585.1
Beauveria bassiana,GCA_046622555.1
Beauveria bassiana,GCA_046622565.1
Beauveria bassiana,GCA_046718215.1
Beauveria bassiana,GCA_046866715.1
Beauveria bassiana,GCA_046866755.1
Beauveria bassiana,GCA_050495785.1
Beauveria bassiana,GCA_050495805.1
Beauveria bassiana,GCA_050495825.1
Beauveria bassiana,GCA_050656615.1
Beauveria bassiana,GCA_050656745.1
Beauveria bassiana,GCA_051527345.1
Beauveria bassiana,GCA_051528915.1
Beauveria bassiana,GCA_051529035.1
Beauveria bassiana,GCA_051529155.1
Beauveria bassiana,GCA_052426205.1
Beauveria bassiana,GCA_052576285.1
Beauveria bassiana,GCA_052674815.1
Beauveria bassiana,GCA_053540765.1
Beauveria bassiana,GCA_053540785.1
Beauveria bassiana,GCA_053540805.1
Beauveria bassiana,GCA_054134435.1
Beauveria bassiana ARSEF 2860,GCA_000280675.1
Beauveria bassiana D1-5,GCA_000770705.1
Beauveria brongniartii,GCA_030779765.1
Beauveria brongniartii,GCA_030782005.1
Beauveria brongniartii,GCA_030782125.1
Beauveria brongniartii,GCA_030782165.1
Beauveria brongniartii,GCA_030782225.1
Beauveria brongniartii,GCA_030782265.1
Beauveria brongniartii,GCA_030782345.1
Beauveria brongniartii,GCA_030782485.1
Beauveria brongniartii,GCA_030783465.1
Beauveria brongniartii,GCA_030783505.1
Beauveria brongniartii,GCA_032353995.1
Beauveria brongniartii,GCA_032354595.1
Beauveria brongniartii,GCA_032354635.1
Beauveria brongniartii,GCA_032358065.1
Beauveria brongniartii,GCA_051528515.1
Beauveria brongniartii,GCA_051528735.1
Beauveria brongniartii RCEF 3172,GCA_001636735.1
Beauveria caledonica,GCA_030777785.1
Beauveria caledonica,GCA_051528435.1
Beauveria gryllotalpidicola,GCA_053540745.1
Beauveria medogensis,GCA_030778325.1
Beauveria mimosiformis,GCA_053540725.1
Beauveria namnaoensis,GCA_053539385.1
Beauveria namnaoensis,GCA_053539405.1
Beauveria neobassiana,GCA_053539345.1
Beauveria neobassiana,GCA_053539365.1
Beauveria pseudobassiana,GCA_003267905.1
Beauveria pseudobassiana,GCA_022985055.1
Beauveria pseudobassiana,GCA_030406945.1
Beauveria pseudobassiana,GCA_030411475.1
Beauveria pseudobassiana,GCA_030411555.1
Beauveria pseudobassiana,GCA_030411595.1
Beauveria pseudobassiana,GCA_030411615.1
Beauveria pseudobassiana,GCA_030411655.1
Beauveria pseudobassiana,GCA_030770595.1
Beauveria pseudobassiana,GCA_030770635.1
Beauveria pseudobassiana,GCA_030771955.1
Beauveria pseudobassiana,GCA_030772025.1
Beauveria pseudobassiana,GCA_030772365.1
Beauveria pseudobassiana,GCA_030772385.1
Beauveria pseudobassiana,GCA_030772575.1
Beauveria pseudobassiana,GCA_030772655.1
Beauveria pseudobassiana,GCA_030772695.1
Beauveria pseudobassiana,GCA_030772795.1
Beauveria pseudobassiana,GCA_030777445.1
Beauveria pseudobassiana,GCA_030777465.1
Beauveria pseudobassiana,GCA_030777525.1
Beauveria pseudobassiana,GCA_030778585.1
Beauveria pseudobassiana,GCA_030779145.1
Beauveria pseudobassiana,GCA_030779465.1
Beauveria pseudobassiana,GCA_030779705.1
Beauveria pseudobassiana,GCA_030779865.1
Beauveria pseudobassiana,GCA_030779905.1
Beauveria pseudobassiana,GCA_030779925.1
Beauveria pseudobassiana,GCA_030780385.1
Beauveria pseudobassiana,GCA_030780525.1
Beauveria pseudobassiana,GCA_030780605.1
Beauveria pseudobassiana,GCA_030780805.1
Beauveria pseudobassiana,GCA_030780825.1
Beauveria pseudobassiana,GCA_030780845.1
Beauveria pseudobassiana,GCA_030781585.1
Beauveria pseudobassiana,GCA_030781685.1
Beauveria pseudobassiana,GCA_030781805.1
Beauveria pseudobassiana,GCA_030781965.1
Beauveria pseudobassiana,GCA_030782025.1
Beauveria pseudobassiana,GCA_030782105.1
Beauveria pseudobassiana,GCA_030782885.1
Beauveria pseudobassiana,GCA_030783165.1
Beauveria pseudobassiana,GCA_030784175.1
Beauveria pseudobassiana,GCA_030784515.1
Beauveria pseudobassiana,GCA_030784625.1
Beauveria pseudobassiana,GCA_030784865.1
Beauveria pseudobassiana,GCA_030784905.1
Beauveria pseudobassiana,GCA_030785085.1
Beauveria pseudobassiana,GCA_030785205.1
Beauveria pseudobassiana,GCA_030785225.1
Beauveria pseudobassiana,GCA_030786555.1
Beauveria pseudobassiana,GCA_030786955.1
Beauveria pseudobassiana,GCA_030787005.1
Beauveria pseudobassiana,GCA_030787075.1
Beauveria pseudobassiana,GCA_030787095.1
Beauveria pseudobassiana,GCA_030787135.1
Beauveria pseudobassiana,GCA_030787175.1
Beauveria pseudobassiana,GCA_030787215.1
Beauveria pseudobassiana,GCA_030787255.1
Beauveria pseudobassiana,GCA_030787405.1
Beauveria pseudobassiana,GCA_030787415.1
Beauveria pseudobassiana,GCA_030787705.1
Beauveria pseudobassiana,GCA_030787845.1
Beauveria pseudobassiana,GCA_030788085.1
Beauveria pseudobassiana,GCA_030788305.1
Beauveria pseudobassiana,GCA_030788335.1
Beauveria pseudobassiana,GCA_030788355.1
Beauveria pseudobassiana,GCA_030788365.1
Beauveria pseudobassiana,GCA_030789065.1
Beauveria pseudobassiana,GCA_030789185.1
Beauveria pseudobassiana,GCA_030789245.1
Beauveria pseudobassiana,GCA_030789305.1
Beauveria pseudobassiana,GCA_030789345.1
Beauveria pseudobassiana,GCA_030789365.1
Beauveria pseudobassiana,GCA_030789385.1
Beauveria pseudobassiana,GCA_030789505.1
Beauveria pseudobassiana,GCA_030789565.1
Beauveria pseudobassiana,GCA_030789625.1
Beauveria pseudobassiana,GCA_030789645.1
Beauveria pseudobassiana,GCA_030846815.1
Beauveria pseudobassiana,GCA_032353975.1
Beauveria pseudobassiana,GCA_032354055.1
Beauveria pseudobassiana,GCA_032354095.1
Beauveria pseudobassiana,GCA_032354115.1
Beauveria pseudobassiana,GCA_032354135.1
Beauveria pseudobassiana,GCA_032354535.1
Beauveria pseudobassiana,GCA_032357895.1
Beauveria pseudobassiana,GCA_032357915.1
Beauveria rudraprayagi,GCA_000733645.1
Beauveria scarabaeidicola,GCA_037289395.1
Beauveria sp. AdecLV25a,GCA_030914405.1
Beauveria sp. IMV 00265,GCA_001931865.2
Beauveria sp. NWAFU-1,GCA_024472245.1
Beauveria thailandica,GCA_053539275.1
Beauveria thailandica,GCA_053539305.1
Beauveria thailandica,GCA_053539325.1
Beauveria varroae,GCA_030772205.1
Beauveria varroae,GCA_030777885.1
Beauveria varroae,GCA_030778865.1
Beauveria varroae,GCA_030779305.1
Beauveria varroae,GCA_030780425.1
Beauveria varroae,GCA_030782845.1
Beauveria varroae,GCA_030783025.1
Beauveria varroae,GCA_030784825.1
Beauveria varroae,GCA_032353875.1
Beauveria varroae,GCA_032354035.1
Beauveria varroae,GCA_032358045.1
Benjaminiella poitrasii,GCA_025766325.1
Benniella sp.,GCA_033807495.1
Berkeleyomyces basicola,GCA_003671435.1
Berkeleyomyces basicola,GCA_038407175.1
Berkeleyomyces rouxiae,GCA_026151695.1
Berkeleyomyces rouxiae,GCA_027563905.1
Berkeleyomyces rouxiae,GCA_036245355.1
Berkeleyomyces rouxiae,GCA_048999915.1
Berkeleyomyces rouxiae,GCA_048999995.1
Bertia moriformis,GCA_025802115.2
Beverwykella pulmonaria,GCA_001599595.1
Bifiguratus adelaidae,GCA_002261195.1
Bimuria novae-zelandiae CBS 107.79,GCA_010015655.1
Binderoboletus segoi,GCA_038089175.1
Binucleata daphniae,GCA_052576015.1
Bipolaris bicolor,GCA_026262445.1
Bipolaris cookei,GCA_002286855.1
Bipolaris gigantea,GCA_030558545.1
Bipolaris gigantea,GCA_035078755.1
Bipolaris gigantea,GCA_035078915.1
Bipolaris gigantea,GCA_035078935.1
Bipolaris gigantea,GCA_035078975.1
Bipolaris gigantea,GCA_035078985.1
Bipolaris gigantea,GCA_035079505.1
Bipolaris gigantea,GCA_036172725.1
Bipolaris gigantea,GCA_040113375.1
Bipolaris maydis,GCA_019454015.1
Bipolaris maydis,GCA_023087585.1
Bipolaris maydis,GCA_028564845.1
Bipolaris maydis,GCA_028751825.1
Bipolaris maydis,GCA_028856445.1
Bipolaris maydis,GCA_028858645.1
Bipolaris maydis,GCA_028858655.1
Bipolaris maydis,GCA_028891585.1
Bipolaris maydis,GCA_034642335.1
Bipolaris maydis ATCC 48331,GCA_000354255.1
Bipolaris maydis C5,GCA_000338975.1
Bipolaris oryzae,GCA_001675385.1
Bipolaris oryzae,GCA_037177745.1
Bipolaris oryzae,GCA_051549895.1
Bipolaris oryzae,GCA_051549915.1
Bipolaris oryzae,GCA_051549995.1
Bipolaris oryzae,GCA_051550015.1
Bipolaris oryzae,GCA_051550035.1
Bipolaris oryzae,GCA_051550055.1
Bipolaris oryzae ATCC 44560,GCA_000523455.1
Bipolaris sivanesaniana,GCA_055773965.2
Bipolaris sorokiniana,GCA_004329375.1
Bipolaris sorokiniana,GCA_008452705.1
Bipolaris sorokiniana,GCA_008452715.1
Bipolaris sorokiniana,GCA_008452725.1
Bipolaris sorokiniana,GCA_008452735.1
Bipolaris sorokiniana,GCA_013416765.1
Bipolaris sorokiniana,GCA_024722535.1
Bipolaris sorokiniana,GCA_033006315.1
Bipolaris sorokiniana,GCA_037974985.1
Bipolaris sorokiniana,GCA_055473625.1
Bipolaris sorokiniana,GCA_055473645.1
Bipolaris sorokiniana,GCA_055473675.1
Bipolaris sorokiniana,GCA_055473695.1
Bipolaris sorokiniana,GCA_055473715.1
Bipolaris sorokiniana,GCA_055473735.1
Bipolaris sorokiniana,GCA_055473755.1
Bipolaris sorokiniana,GCA_055473775.1
Bipolaris sorokiniana,GCA_055473875.1
Bipolaris sorokiniana ND90Pr,GCA_000338995.1
Bipolaris sp. L1-2,GCA_036562085.1
Bipolaris victoriae FI3,GCA_000527765.2
Bipolaris zeicola,GCA_016906865.1
Bipolaris zeicola,GCA_023079205.1
Bipolaris zeicola,GCA_026367875.1
Bipolaris zeicola 26-R-13,GCA_000523435.1
Biscogniauxia marginata,GCA_022695795.1
Biscogniauxia mediterranea,GCA_018398605.1
Biscogniauxia mediterranea,GCA_022478735.1
Biscogniauxia mediterranea,GCA_022478745.1
Biscogniauxia sp. FL1348,GCA_022544895.1
Bisporella sp. PMI_857,GCA_021307315.1
Bjerkandera adusta,GCA_027924225.1
Blakeslea trispora,GCA_025331445.1
Blastenia crenularia,GCA_051941205.1
Blastobotrys adeninivorans,GCA_016162255.1
Blastobotrys adeninivorans,GCA_030555625.1
Blastobotrys adeninivorans,GCA_055672235.1
Blastobotrys allociferrii,GCA_045529685.1
Blastobotrys allociferrii,GCA_045529695.1
Blastobotrys americanus,GCA_003705795.3
Blastobotrys apis,GCA_030557665.1
Blastobotrys arbuscula,GCA_030564365.1
Blastobotrys attinorum,GCA_030564265.1
Blastobotrys buckinghamii (nom. inval.),GCA_030579975.1
Blastobotrys capitulatus,GCA_030564325.1
Blastobotrys chiropterorum,GCA_030570055.1
Blastobotrys ciferrii,GCA_008704605.1
Blastobotrys ciferrii,GCA_030573635.1
Blastobotrys elegans,GCA_030564235.1
Blastobotrys illinoisensis,GCA_030558835.1
Blastobotrys indianensis,GCA_030558855.1
Blastobotrys malaysiensis,GCA_030558815.1
Blastobotrys mokoenaii,GCA_003705765.3
Blastobotrys mucifer,GCA_036871495.1
Blastobotrys muscicola,GCA_003705745.3
Blastobotrys niveus,GCA_003707525.2
Blastobotrys niveus,GCA_030558825.1
Blastobotrys parvus,GCA_030564285.1
Blastobotrys peoriensis,GCA_003705735.3
Blastobotrys persicus,GCA_030585065.1
Blastobotrys petasosporus,GCA_030580095.1
Blastobotrys proliferans,GCA_003707485.3
Blastobotrys raffinosifermentans,GCA_003705705.2
Blastobotrys robertii,GCA_030564385.1
Blastobotrys serpentis,GCA_003705695.2
Blastobotrys sp. G-9,GCA_037074825.1
Blastobotrys sp. GZQ94Y-2,GCA_049862355.1
Blastobotrys terrestris,GCA_030674225.1
Blastobotrys vanleenenianus,GCA_030572835.1
Blastocladiella britannica,GCA_025349905.2
Blastocladiella emersonii ATCC 22665,GCA_025594325.1
Blastomyces dermatitidis,GCA_043170745.1
Blastomyces dermatitidis,GCA_043229245.1
Blastomyces dermatitidis ATCC 18187,GCA_000301155.1
Blastomyces dermatitidis ATCC 18188,GCA_000151595.1
Blastomyces dermatitidis ATCC 26199,GCA_000166155.1
Blastomyces dermatitidis ER-3,GCA_000003525.2
Blastomyces emzantsi,GCA_003206195.1
Blastomyces emzantsi,GCA_003206205.1
Blastomyces emzantsi,GCA_003206215.1
Blastomyces emzantsi,GCA_003206725.1
Blastomyces emzantsi,GCA_003206745.1
Blastomyces emzantsi,GCA_003206755.1
Blastomyces emzantsi,GCA_003206845.1
Blastomyces emzantsi,GCA_003226315.1
Blastomyces gilchristii,GCA_043229185.1
Blastomyces gilchristii,GCA_043229235.1
Blastomyces gilchristii SLH14081,GCA_000003855.2
Blastomyces parvus,GCA_002572885.1
Blastomyces percursus,GCA_001883805.1
Blastomyces percursus,GCA_003206225.1
Blastomyces percursus,GCA_003206275.1
Blastomyces percursus,GCA_003206295.1
Blastomyces percursus,GCA_003206765.1
Blastomyces percursus,GCA_003206785.1
Blastomyces percursus,GCA_003206805.1
Blastomyces percursus,GCA_003206875.1
Blastomyces percursus,GCA_003206885.1
Blastomyces percursus,GCA_003417775.1
Blastomyces percursus,GCA_018296045.1
Blastomyces percursus,GCA_018296055.1
Blastomyces percursus,GCA_018296065.1
Blastomyces percursus,GCA_018296075.1
Blastomyces silverae,GCA_001014755.1
Blastosporella zonata,GCA_018856295.1
Blumeria graminis f. sp. tritici,GCA_024363405.1
Blumeria graminis f. sp. tritici 94202,GCA_000417865.1
Blumeria graminis f. sp. tritici 96224,GCA_000418435.1
Blumeria graminis f. sp. tritici Bgt#70,GCA_000441875.1
Blumeria graminis f. sp. tritici JIW2,GCA_000417025.1
Blumeria hordei A6,GCA_000401675.1
Blumeria hordei DH14,GCA_000151065.3
Blumeria hordei K1,GCA_000401615.1
Blumeria hordei K1,GCA_023065745.1
Blumeriella jaapii,GCA_009599575.1
Blyttiomyces helicus,GCA_003614705.1
Blyttiomyces sp. JEL0837,GCA_027604625.1
Boeremia exigua,GCA_020726555.1
Boeremia exigua,GCA_029590635.1
Boeremia exigua,GCA_047655185.1
Boeremia exigua,GCA_050229455.1
Boeremia foveata,GCA_022560035.1
Boeremia lycopersici,GCA_022609225.1
Bogoriella megaspora,GCA_026027345.1
Boletaceae sp. DLT08-010,GCA_041722455.1
Boletaceae sp. KM206666,GCA_041722295.1
Boletaceae sp. KM206700,GCA_041722255.1
Boletaceae sp. KM206711,GCA_041722215.1
Boletaceae sp. KM206713,GCA_041722195.1
Boletaceae sp. KM206733,GCA_041722055.1
Boletaceae sp. KM206735,GCA_041722135.1
Boletaceae sp. KM206737,GCA_041722175.1
Boletaceae sp. KM206743,GCA_041722155.1
Boletaceae sp. TRTC157208,GCA_041722575.1
Boletaceae sp. TRTC157229,GCA_041722635.1
Boletaceae sp. TRTC157249,GCA_041722495.1
Boletaceae sp. TRTC157251,GCA_041722475.1
Boletaceae sp. TRTC163558,GCA_041722115.1
Boletaceae sp. TRTC168347,GCA_041721915.1
Boletaceae sp. TRTC168532,GCA_041721795.1
Boletaceae sp. TRTC168571,GCA_041721715.1
Boletaceae sp. TRTC168574,GCA_041721695.1
Boletaceae sp. UT-M0000358,GCA_041722595.1
Boletales sp. KT-2023a,GCA_038090395.1
Boletales sp. KT-2023b,GCA_038089675.1
Boletellus aff. emodensis,GCA_038093915.1
Boletellus aff. lepidospora,GCA_038094175.1
Boletellus aff. obscurococcineus,GCA_038089335.1
Boletellus ananas,GCA_038089235.1
Boletellus ananas,GCA_038089895.1
Boletellus ananiceps,GCA_038089975.1
Boletellus deceptivus,GCA_038090195.1
Boletellus dicymbophilus,GCA_038089035.1
Boletellus emodensis,GCA_038089935.1
Boletellus pseudochrysenteroides,GCA_038090975.1
Boletellus sp. TRTC168476,GCA_041721855.1
Boletellus sp. UT-M0000026,GCA_041722855.1
Boletus aff. mottiae,GCA_038093895.1
Boletus aff. phaeocephalus,GCA_038094555.1
Boletus aff. separans,GCA_038088755.1
Boletus aff. vermiculosoides,GCA_038089475.1
Boletus aff. violaceofuscus,GCA_038093735.1
Boletus albobrunnescens,GCA_038093955.1
Boletus austroedulis,GCA_038089435.1
Boletus barrowsii,GCA_038088775.1
Boletus bicolor,GCA_003316205.1
Boletus bicolor var. subreticulatus,GCA_038093465.1
Boletus bicoloroides,GCA_038090895.1
Boletus calvinii,GCA_038093355.1
Boletus chippewaensis,GCA_038093335.1
Boletus coccyginus,GCA_025782845.1
Boletus coffeatus,GCA_038092175.1
Boletus eberwhitei,GCA_038090915.1
Boletus edulis,GCA_003316165.1
Boletus edulis,GCA_014925795.1
Boletus edulis,GCA_022837065.1
Boletus edulis,GCA_038089135.1
Boletus edulis,GCA_038093215.1
Boletus edulis,GCA_054741165.1
Boletus edulis BED1,GCA_015179015.1
Boletus fagicola,GCA_038093195.1
Boletus harrisonii,GCA_038093235.1
Boletus holoroseus,GCA_038093245.1
Boletus hoseneyae,GCA_038093175.1
Boletus huronensis,GCA_038093155.1
Boletus insuetus,GCA_038093095.1
Boletus loyita,GCA_038094115.1
Boletus mariae,GCA_038093055.1
Boletus miniatopallescens,GCA_038093015.1
Boletus nancyae,GCA_038093035.1
Boletus nobilissimus,GCA_038088815.1
Boletus patriciae,GCA_038093075.1
Boletus piedmontensis,GCA_038092855.1
Boletus pseudo-olivaceus,GCA_038092955.1
Boletus pseudopeckii,GCA_038092915.1
Boletus pseudoseparans,GCA_038092835.1
Boletus putidus,GCA_038094095.1
Boletus reticulatus,GCA_038093535.1
Boletus reticuloceps,GCA_018397855.1
Boletus reticuloceps,GCA_038093655.1
Boletus rex-veris,GCA_038088615.1
Boletus rex-veris,GCA_038088795.1
Boletus roseobadius,GCA_038092935.1
Boletus rubescentipes,GCA_038092775.1
Boletus rubissimus,GCA_038092795.1
Boletus rubroflammeus,GCA_038090375.1
Boletus rubroflammeus,GCA_038092755.1
Boletus rubropictus,GCA_038092695.1
Boletus rufocinnamomeus,GCA_038092675.1
Boletus semigastroideus,GCA_038090295.1
Boletus sensibilis,GCA_038092655.1
Boletus smithii,GCA_038092715.1
Boletus sp. MG55,GCA_003313885.1
Boletus sp. MG95,GCA_003313155.1
Boletus sp. MULU70,GCA_041722035.1
Boletus sp. NGJ,GCA_019096195.1
Boletus sp. UT-M0002076,GCA_041722275.1
Boletus speciosus,GCA_003316055.1
Boletus sphaerocystis,GCA_038092615.1
Boletus subcaerulescens,GCA_038090555.1
Boletus subdepauperatus,GCA_038092595.1
Boletus subgraveolens,GCA_038092555.1
Boletus subluridellus,GCA_038092575.1
Boletus subparvulus,GCA_038092515.1
Boletus tomentosulus,GCA_038092475.1
Boletus tylopilopsis,GCA_038093875.1
Boletus variipes,GCA_038088695.1
Boletus variipes var. fagicola,GCA_038088715.1
Boletus variipes var. fagicola,GCA_038092395.1
Boletus vermiculosoides,GCA_038091015.1
Boletus vermiculosoides,GCA_038092375.1
Boletus vermiculosus,GCA_038090995.1
Boletus vinaceobasis,GCA_038092335.1
Bombardia bombarda,GCA_030512295.1
Bondarzewia mesenterica,GCA_004802705.1
Boothiomyces macroporosus,GCA_027604185.1
Boothiomyces sp. JEL0838,GCA_027604245.1
Boothiomyces sp. JEL0866,GCA_027604345.1
Borealophlyctis nickersoniae,GCA_027604605.1
Bothia castanella,GCA_038089595.1
Botryobasidium botryosum FD-172 SS1,GCA_000697705.1
Botryosphaeria agaves,GCA_022813555.1
Botryosphaeria dothidea,GCA_001717445.1
Botryosphaeria dothidea,GCA_004016265.1
Botryosphaeria dothidea,GCA_011064635.1
Botryosphaeria dothidea,GCA_011503125.2
Botryosphaeria dothidea,GCA_013343905.1
Botryosphaeria dothidea,GCA_015159355.1
Botryosphaeria dothidea,GCA_021436945.2
Botryosphaeria dothidea,GCA_021650725.1
Botryosphaeria dothidea,GCA_023079565.1
Botryosphaeria dothidea,GCA_023079585.1
Botryosphaeria dothidea,GCA_023079615.1
Botryosphaeria dothidea,GCA_023080815.1
Botryosphaeria dothidea,GCA_023082125.1
Botryosphaeria dothidea,GCA_023082145.1
Botryosphaeria dothidea,GCA_023084445.1
Botryosphaeria dothidea,GCA_023084485.1
Botryosphaeria dothidea,GCA_023084505.1
Botryosphaeria dothidea,GCA_023084545.1
Botryosphaeria dothidea,GCA_023084565.1
Botryosphaeria dothidea,GCA_023084585.1
Botryosphaeria dothidea,GCA_023084605.1
Botryosphaeria dothidea,GCA_023084625.1
Botryosphaeria dothidea,GCA_023084645.1
Botryosphaeria dothidea,GCA_023084665.1
Botryosphaeria dothidea,GCA_023084685.1
Botryosphaeria dothidea,GCA_023084705.1
Botryosphaeria dothidea,GCA_023084725.1
Botryosphaeria dothidea,GCA_023084745.1
Botryosphaeria dothidea,GCA_023084765.1
Botryosphaeria dothidea,GCA_023084785.1
Botryosphaeria dothidea,GCA_023084825.1
Botryosphaeria dothidea,GCA_023084845.1
Botryosphaeria dothidea,GCA_023084865.1
Botryosphaeria dothidea,GCA_023084885.1
Botryosphaeria dothidea,GCA_023084905.1
Botryosphaeria dothidea,GCA_023084925.1
Botryosphaeria dothidea,GCA_023084945.1
Botryosphaeria dothidea,GCA_023084965.1
Botryosphaeria dothidea,GCA_023084985.1
Botryosphaeria dothidea,GCA_023085005.1
Botryosphaeria dothidea,GCA_023085025.1
Botryosphaeria dothidea,GCA_023085045.1
Botryosphaeria dothidea,GCA_023085065.1
Botryosphaeria dothidea,GCA_023085085.1
Botryosphaeria dothidea,GCA_023085105.1
Botryosphaeria dothidea,GCA_023085125.1
Botryosphaeria dothidea,GCA_023085145.1
Botryosphaeria dothidea,GCA_023085165.1
Botryosphaeria dothidea,GCA_023085185.1
Botryosphaeria dothidea,GCA_023085205.1
Botryosphaeria dothidea,GCA_023085225.1
Botryosphaeria dothidea,GCA_023085245.1
Botryosphaeria dothidea,GCA_023085265.1
Botryosphaeria dothidea,GCA_023085275.1
Botryosphaeria dothidea,GCA_023085295.1
Botryosphaeria dothidea,GCA_023085315.1
Botryosphaeria dothidea,GCA_023085355.1
Botryosphaeria dothidea,GCA_023085455.1
Botryosphaeria dothidea,GCA_023085465.1
Botryosphaeria dothidea,GCA_023085475.1
Botryosphaeria dothidea,GCA_023085525.1
Botryosphaeria dothidea,GCA_023085745.1
Botryosphaeria dothidea,GCA_023085825.1
Botryosphaeria dothidea,GCA_023086605.1
Botryosphaeria dothidea,GCA_023086915.1
Botryosphaeria dothidea,GCA_023086925.1
Botryosphaeria dothidea,GCA_023086955.1
Botryosphaeria dothidea,GCA_023087025.1
Botryosphaeria dothidea,GCA_023087045.1
Botryosphaeria dothidea,GCA_023087065.1
Botryosphaeria dothidea,GCA_023087085.1
Botryosphaeria dothidea,GCA_023087105.1
Botryosphaeria dothidea,GCA_023087115.1
Botryosphaeria dothidea,GCA_023087145.1
Botryosphaeria dothidea,GCA_023087155.1
Botryosphaeria dothidea,GCA_023087165.1
Botryosphaeria dothidea,GCA_023087175.1
Botryosphaeria dothidea,GCA_023087185.1
Botryosphaeria dothidea,GCA_023087225.1
Botryosphaeria dothidea,GCA_023087285.1
Botryosphaeria dothidea,GCA_023087345.1
Botryosphaeria dothidea,GCA_023087425.1
Botryosphaeria dothidea,GCA_023087465.1
Botryosphaeria dothidea,GCA_023087505.1
Botryosphaeria dothidea,GCA_023087555.1
Botryosphaeria dothidea,GCA_023087565.1
Botryosphaeria dothidea,GCA_023087575.1
Botryosphaeria dothidea,GCA_023087785.1
Botryosphaeria dothidea,GCA_023088125.1
Botryosphaeria dothidea,GCA_023088145.1
Botryosphaeria dothidea,GCA_023088185.1
Botryosphaeria dothidea,GCA_023088205.1
Botryosphaeria dothidea,GCA_023088225.1
Botryosphaeria dothidea,GCA_023088265.1
Botryosphaeria dothidea,GCA_023088285.1
Botryosphaeria dothidea,GCA_023088325.1
Botryosphaeria dothidea,GCA_023088345.1
Botryosphaeria dothidea,GCA_023088355.1
Botryosphaeria dothidea,GCA_023088375.1
Botryosphaeria dothidea,GCA_023088395.1
Botryosphaeria dothidea,GCA_023088405.1
Botryosphaeria dothidea,GCA_023088415.1
Botryosphaeria dothidea,GCA_023088425.1
Botryosphaeria dothidea,GCA_023088695.1
Botryosphaeria dothidea,GCA_023088705.1
Botryosphaeria dothidea,GCA_023088725.1
Botryosphaeria dothidea,GCA_023088745.1
Botryosphaeria dothidea,GCA_023088765.1
Botryosphaeria dothidea,GCA_023088785.1
Botryosphaeria dothidea,GCA_023088805.1
Botryosphaeria dothidea,GCA_023088845.1
Botryosphaeria dothidea,GCA_023088885.1
Botryosphaeria dothidea,GCA_023088905.1
Botryosphaeria dothidea,GCA_023088925.1
Botryosphaeria dothidea,GCA_023088945.1
Botryosphaeria dothidea,GCA_023088965.1
Botryosphaeria dothidea,GCA_023088985.1
Botryosphaeria dothidea,GCA_023089005.1
Botryosphaeria dothidea,GCA_023089025.1
Botryosphaeria dothidea,GCA_023089045.1
Botryosphaeria dothidea,GCA_023089065.1
Botryosphaeria dothidea,GCA_023089085.1
Botryosphaeria dothidea,GCA_023089125.1
Botryosphaeria dothidea,GCA_023089145.1
Botryosphaeria dothidea,GCA_023089165.1
Botryosphaeria dothidea,GCA_023089185.1
Botryosphaeria dothidea,GCA_023089205.1
Botryosphaeria dothidea,GCA_023089225.1
Botryosphaeria dothidea,GCA_023089245.1
Botryosphaeria dothidea,GCA_023089275.1
Botryosphaeria dothidea,GCA_023089445.1
Botryosphaeria dothidea,GCA_023089465.1
Botryosphaeria dothidea,GCA_023089515.1
Botryosphaeria dothidea,GCA_023089535.1
Botryosphaeria dothidea,GCA_023089565.1
Botryosphaeria dothidea,GCA_026401095.1
Botryosphaeria dothidea,GCA_029169205.1
Botryosphaeria dothidea,GCA_029169225.1
Botryosphaeria dothidea,GCA_029169245.1
Botryosphaeria kuwatsukai,GCA_004016305.1
Botryosphaeria kuwatsukai,GCA_023084525.1
Botryotinia calthae,GCA_004379285.1
Botryotinia convoluta,GCA_004786275.1
Botryotinia globosa,GCA_014898425.1
Botryotinia narcissicola,GCA_004786225.1
Botryozyma mucatilis,GCA_030571375.1
Botryozyma nematodophila,GCA_003707445.1
Botryozyma nematodophila,GCA_030579355.1
Botrytis aclada,GCA_014898285.1
Botrytis byssoidea,GCA_014898295.1
Botrytis cinerea,GCA_015147955.1
Botrytis cinerea,GCA_015147965.1
Botrytis cinerea,GCA_015147975.1
Botrytis cinerea,GCA_015147985.1
Botrytis cinerea,GCA_015148035.1
Botrytis cinerea,GCA_015148055.1
Botrytis cinerea,GCA_015148645.1
Botrytis cinerea,GCA_015148665.1
Botrytis cinerea,GCA_015148675.1
Botrytis cinerea,GCA_015148685.1
Botrytis cinerea,GCA_015148695.1
Botrytis cinerea,GCA_015148715.1
Botrytis cinerea,GCA_015148775.1
Botrytis cinerea,GCA_015148785.1
Botrytis cinerea,GCA_015148795.1
Botrytis cinerea,GCA_015148805.1
Botrytis cinerea,GCA_015148815.1
Botrytis cinerea,GCA_015148845.1
Botrytis cinerea,GCA_015148855.1
Botrytis cinerea,GCA_015148905.1
Botrytis cinerea,GCA_015148915.1
Botrytis cinerea,GCA_015148935.1
Botrytis cinerea,GCA_015148945.1
Botrytis cinerea,GCA_015148965.1
Botrytis cinerea,GCA_015148975.1
Botrytis cinerea,GCA_015149525.1
Botrytis cinerea,GCA_015149565.1
Botrytis cinerea,GCA_015149595.1
Botrytis cinerea,GCA_015149605.1
Botrytis cinerea,GCA_015149615.1
Botrytis cinerea,GCA_015149655.1
Botrytis cinerea,GCA_019186565.1
Botrytis cinerea,GCA_019186575.1
Botrytis cinerea,GCA_022560135.1
Botrytis cinerea,GCA_031205075.2
Botrytis cinerea,GCA_032197365.1
Botrytis cinerea,GCA_032197385.1
Botrytis cinerea,GCA_032197395.1
Botrytis cinerea,GCA_032197465.1
Botrytis cinerea,GCA_032197525.1
Botrytis cinerea,GCA_032197565.1
Botrytis cinerea,GCA_032197585.1
Botrytis cinerea,GCA_037039525.1
Botrytis cinerea,GCA_037039555.1
Botrytis cinerea,GCA_037178645.1
Botrytis cinerea,GCA_039644125.1
Botrytis cinerea,GCA_040571525.1
Botrytis cinerea,GCA_040955425.1
Botrytis cinerea,GCA_040955445.1
Botrytis cinerea,GCA_040955485.1
Botrytis cinerea,GCA_040955505.1
Botrytis cinerea,GCA_043381465.1
Botrytis cinerea,GCA_052569665.1
Botrytis cinerea,GCA_052569675.1
Botrytis cinerea,GCA_052570955.1
Botrytis cinerea,GCA_052570965.1
Botrytis cinerea,GCA_052570975.1
Botrytis cinerea,GCA_052571015.1
Botrytis cinerea,GCA_052571025.1
Botrytis cinerea,GCA_053455415.1
Botrytis cinerea B05.10,GCA_000143535.4
Botrytis cinerea BcDW1,GCA_000349525.1
Botrytis cinerea T4,GCA_000227075.1
Botrytis cinerea T4,GCA_000292645.1
Botrytis deweyae,GCA_014898535.1
Botrytis elliptica,GCA_004786205.1
Botrytis elliptica,GCA_014898555.1
Botrytis elliptica,GCA_024478385.1
Botrytis euroamericana,GCA_052862785.1
Botrytis fabae,GCA_004335035.1
Botrytis fabae,GCA_004335055.1
Botrytis fabae,GCA_015147945.1
Botrytis fabae,GCA_032594075.1
Botrytis fragariae,GCA_013461495.1
Botrytis galanthina,GCA_004916875.1
Botrytis hyacinthi,GCA_004786245.1
Botrytis medusae,GCA_019395255.1
Botrytis paeoniae,GCA_001005785.1
Botrytis paeoniae,GCA_004786145.1
Botrytis porri,GCA_004786265.1
Botrytis porri,GCA_014898465.1
Botrytis pseudocinerea,GCA_019395245.1
Botrytis sinoallii,GCA_014898435.1
Botrytis squamosa,GCA_014898485.2
Botrytis tulipae,GCA_004786125.1
Brachybasidiaceae sp.,GCA_029302275.1
Bradymyces pullus,GCA_046718315.1
Brasilioporus rufonigricans,GCA_038089195.1
Brettanomyces anomalus,GCA_001005505.1
Brettanomyces anomalus,GCA_001754015.1
Brettanomyces anomalus,GCA_011074815.1
Brettanomyces anomalus,GCA_012295365.1
Brettanomyces anomalus,GCA_018344455.1
Brettanomyces anomalus,GCA_030567135.1
Brettanomyces bruxellensis,GCA_001719535.1
Brettanomyces bruxellensis,GCA_011074885.2
Brettanomyces bruxellensis,GCA_012295375.1
Brettanomyces bruxellensis,GCA_014176175.1
Brettanomyces bruxellensis,GCA_014176185.1
Brettanomyces bruxellensis,GCA_018346845.1
Brettanomyces bruxellensis,GCA_019923885.1
Brettanomyces bruxellensis,GCA_019923895.1
Brettanomyces bruxellensis,GCA_030557325.1
Brettanomyces bruxellensis AWRI1499,GCA_000259595.1
Brettanomyces bruxellensis CBS 2499,GCA_000340765.1
Brettanomyces bruxellensis LAMAP2480,GCA_000688595.1
Brettanomyces custersianus,GCA_001746385.1
Brettanomyces custersianus,GCA_003705215.3
Brettanomyces custersianus,GCA_011074765.1
Brettanomyces custersianus,GCA_012295335.1
Brettanomyces naardenensis,GCA_011074775.1
Brettanomyces naardenensis,GCA_012295355.1
Brettanomyces naardenensis,GCA_018344465.1
Brettanomyces naardenensis,GCA_030557425.1
Brettanomyces nanus,GCA_011074865.2
Brettanomyces nanus,GCA_030579115.1
Brettanomyces sp. HC-2020a,GCA_016906875.1
Bretziella fagacearum,GCA_002018255.1
Brigantiaea leucoxantha,GCA_051941505.1
Bryoglossum gracile,GCA_037952635.1
Buchwaldoboletus xylophilus,GCA_054960005.1
Bullera alba,GCA_001600095.1
Butyriboletus appendiculatus,GCA_038093555.1
Butyriboletus loyo,GCA_038093515.1
Butyriboletus loyo,GCA_038093635.1
Butyriboletus pseudospeciosus,GCA_038093775.1
Butyriboletus regius,GCA_038093595.1
Butyriboletus roseoflavus,GCA_003315995.1
Butyriboletus roseoflavus,GCA_019364595.1
Butyriboletus sp. TRTC157195,GCA_041722415.1
Butyriboletus sp. TRTC157199,GCA_041722335.1
Byssochlamys sp. AF001,GCA_002914405.1
Byssochlamys sp. BYSS01,GCA_002242795.1
Byssochlamys sp. IMV 00236,GCA_001931875.2
Byssoonygena ceratinophila,GCA_001430925.1
Byssothecium circinans,GCA_010015675.1
Cadophora gregata,GCA_030347475.1
Cadophora gregata f. sp. sojae,GCA_030347535.1
Cadophora luteo-olivacea,GCA_026120085.1
Cadophora luteo-olivacea,GCA_051170865.1
Cadophora malorum,GCA_017365405.1
Cadophora sp. DSE1049,GCA_003073865.1
Cadophora sp. M221,GCA_017366145.1
Cadophora sp. MPI-SDFR-AT-0126,GCA_020747065.1
Caecomyces sp.,GCA_027248405.1
Caeruleum heppii,GCA_026023835.1
Cairneyella variabilis,GCA_001625345.1
Calcarisporiella thermophila,GCA_041956535.1
Calcarisporium arbuscula,GCA_009828645.1
Caloboletus calopus,GCA_003316085.1
Caloboletus firmus,GCA_038089415.1
Caloboletus firmus,GCA_038094755.1
Caloboletus inedulis,GCA_038092355.1
Caloboletus sp. UT-M0002021,GCA_041722955.1
Calocera cornea HHB12733,GCA_001632435.1
Calocera viscosa TUFC12733,GCA_001630345.1
Calocybe cyanea,GCA_018851305.1
Calocybe gangraenosa,GCA_018221785.1
Calocybe indica,GCA_030407095.1
Calocybe indica,GCA_047665795.1
Calogaya cf. arnoldii,GCA_051941235.1
Calogaya cf. arnoldii,GCA_051941725.1
Calonectria aciculata,GCA_013406995.1
Calonectria crousiana,GCA_013406985.1
Calonectria eucalypti,GCA_051200855.1
Calonectria fujianensis,GCA_013406965.1
Calonectria hawksworthii,GCA_020975415.1
Calonectria henricotiae,GCA_004380885.1
Calonectria henricotiae,GCA_004380935.1
Calonectria henricotiae,GCA_004380965.1
Calonectria henricotiae,GCA_004382205.1
Calonectria henricotiae,GCA_020623695.1
Calonectria honghensis,GCA_013403855.1
Calonectria hongkongensis,GCA_017140755.1
Calonectria ilicicola,GCA_014621995.1
Calonectria ilicicola,GCA_014622005.1
Calonectria ilicicola,GCA_014622015.1
Calonectria ilicicola,GCA_014622025.1
Calonectria ilicicola,GCA_014622035.1
Calonectria ilicicola,GCA_014622095.1
Calonectria ilicicola,GCA_014622105.1
Calonectria ilicicola,GCA_016508645.1
Calonectria ilicicola,GCA_020740345.1
Calonectria ilicicola,GCA_020740355.1
Calonectria ilicicola,GCA_020740365.1
Calonectria ilicicola,GCA_020809705.1
Calonectria ilicicola,GCA_021019015.1
Calonectria ilicicola,GCA_021019055.1
Calonectria ilicicola,GCA_021019075.1
Calonectria ilicicola,GCA_021019085.1
Calonectria ilicicola,GCA_021019095.1
Calonectria ilicicola,GCA_021019105.1
Calonectria ilicicola,GCA_021019155.1
Calonectria ilicicola,GCA_021019175.1
Calonectria ilicicola,GCA_021019195.1
Calonectria ilicicola,GCA_021019215.1
Calonectria ilicicola,GCA_021019225.1
Calonectria ilicicola,GCA_021019255.1
Calonectria ilicicola,GCA_021019265.1
Calonectria ilicicola,GCA_021019295.1
Calonectria ilicicola,GCA_021019315.1
Calonectria ilicicola,GCA_021019335.1
Calonectria ilicicola,GCA_021019365.1
Calonectria ilicicola,GCA_023015345.1
Calonectria ilicicola,GCA_023015375.1
Calonectria ilicicola,GCA_023015385.1
Calonectria ilicicola,GCA_023015405.1
Calonectria ilicicola,GCA_023015435.1
Calonectria ilicicola,GCA_023015445.1
Calonectria ilicicola,GCA_023015465.1
Calonectria ilicicola,GCA_023015485.1
Calonectria ilicicola,GCA_023015515.1
Calonectria ilicicola,GCA_023015535.1
Calonectria ilicicola,GCA_024515735.1
Calonectria ilicicola,GCA_046630675.1
Calonectria ilicicola,GCA_046630685.1
Calonectria ilicicola,GCA_049861065.1
Calonectria leucothoes,GCA_002179835.1
Calonectria montana,GCA_022606435.1
Calonectria multiphialidica,GCA_020623665.1
Calonectria naviculata,GCA_003031705.1
Calonectria pauciramosa,GCA_017140655.1
Calonectria pauciramosa,GCA_017140785.1
Calonectria pseudonaviculata,GCA_001696505.1
Calonectria pseudonaviculata,GCA_004141935.1
Calonectria pseudonaviculata,GCA_004380915.1
Calonectria pseudonaviculata,GCA_004380985.1
Calonectria pseudonaviculata,GCA_004381005.1
Calonectria pseudonaviculata,GCA_004381035.1
Calonectria pseudonaviculata,GCA_004382225.1
Calonectria pseudonaviculata,GCA_004382245.1
Calonectria pseudonaviculata,GCA_006505905.1
Calonectria pseudonaviculata,GCA_020623675.1
Calonectria pseudoreteaudii,GCA_001879505.1
Calonectria pseudoturangicola,GCA_013403825.1
Calonectria pteridis,GCA_022837005.1
Calonectria sp. 134-2022,GCA_049190905.1
Calonectria sp. QL-2023a,GCA_046056135.1
Caloplaca aegaea,GCA_023646655.1
Caloplaca aetnensis,GCA_023646255.1
Caloplaca ligustica,GCA_023645885.1
Calvatia gigantea,GCA_025093545.1
Calvatia gigantea,GCA_025093985.1
Calycina herbarum,GCA_001414485.1
Calycina marina,GCA_019669825.1
Camarosporium strobilinum,GCA_046563385.1
Camarosporium strobilinum,GCA_046563425.1
Camarosporium strobilinum,GCA_046563455.1
Camarosporium strobilinum,GCA_046563485.1
Camillea tinctor,GCA_022578605.1
Camptophora hylomeconis,GCA_032357745.1
Canariomyces notabilis,GCA_033297395.1
Canariomyces subthermophilus,GCA_040285455.1
Candelaria pacifica,GCA_026023815.1
Candelina mexicana,GCA_026023805.1
Candelina submexicana,GCA_026023795.1
Candida africana,GCA_019359905.1
Candida albicans,GCA_002259805.1
Candida albicans,GCA_002259865.1
Candida albicans,GCA_002259875.1
Candida albicans,GCA_002259885.1
Candida albicans,GCA_002276455.1
Candida albicans,GCA_002835845.1
Candida albicans,GCA_002837675.1
Candida albicans,GCA_003454735.1
Candida albicans,GCA_004026255.1
Candida albicans,GCA_005890685.1
Candida albicans,GCA_005890695.1
Candida albicans,GCA_005890705.1
Candida albicans,GCA_005890745.1
Candida albicans,GCA_005890765.1
Candida albicans,GCA_005890775.1
Candida albicans,GCA_011037055.1
Candida albicans,GCA_014049485.1
Candida albicans,GCA_014825715.1
Candida albicans,GCA_015227795.1
Candida albicans,GCA_015344825.1
Candida albicans,GCA_015344855.1
Candida albicans,GCA_015344895.1
Candida albicans,GCA_015345605.1
Candida albicans,GCA_015345625.1
Candida albicans,GCA_015345665.1
Candida albicans,GCA_015345685.1
Candida albicans,GCA_015345725.1
Candida albicans,GCA_015345745.1
Candida albicans,GCA_015345785.1
Candida albicans,GCA_015345795.1
Candida albicans,GCA_015345815.1
Candida albicans,GCA_015345835.1
Candida albicans,GCA_016906495.1
Candida albicans,GCA_020027055.1
Candida albicans,GCA_020027065.1
Candida albicans,GCA_020027085.1
Candida albicans,GCA_023623345.1
Candida albicans,GCA_023623395.1
Candida albicans,GCA_023623405.1
Candida albicans,GCA_025766345.1
Candida albicans,GCA_025766415.1
Candida albicans,GCA_025766435.1
Candida albicans,GCA_025766445.1
Candida albicans,GCA_025766475.1
Candida albicans,GCA_025766515.1
Candida albicans,GCA_025766535.1
Candida albicans,GCA_025766575.1
Candida albicans,GCA_025766595.1
Candida albicans,GCA_025767555.1
Candida albicans,GCA_028532805.1
Candida albicans,GCA_028532825.1
Candida albicans,GCA_029931495.1
Candida albicans,GCA_029931505.1
Candida albicans,GCA_029931515.1
Candida albicans,GCA_029931525.1
Candida albicans,GCA_029931585.1
Candida albicans,GCA_029931595.1
Candida albicans,GCA_029931615.1
Candida albicans,GCA_029931635.1
Candida albicans,GCA_029931665.1
Candida albicans,GCA_029931675.1
Candida albicans,GCA_029931695.1
Candida albicans,GCA_029931725.1
Candida albicans,GCA_030582515.1
Candida albicans,GCA_032688725.1
Candida albicans,GCA_037039665.1
Candida albicans,GCA_037040415.1
Candida albicans,GCA_037040515.1
Candida albicans,GCA_037040595.1
Candida albicans,GCA_037041175.1
Candida albicans,GCA_041438215.1
Candida albicans,GCA_041438225.1
Candida albicans,GCA_042860215.1
Candida albicans,GCA_042860225.1
Candida albicans,GCA_042860255.1
Candida albicans,GCA_044592555.1
Candida albicans,GCA_044592615.1
Candida albicans,GCA_044592765.1
Candida albicans,GCA_044592855.1
Candida albicans,GCA_049307185.1
Candida albicans,GCA_049307325.1
Candida albicans,GCA_049997665.1
Candida albicans,GCA_049997695.1
Candida albicans,GCA_049997725.1
Candida albicans,GCA_051940765.1
Candida albicans,GCA_052855785.1
Candida albicans,GCA_053525435.1
Candida albicans,GCA_053525455.1
Candida albicans,GCA_053525475.1
Candida albicans,GCA_053525495.1
Candida albicans,GCA_053525535.1
Candida albicans,GCA_053525565.1
Candida albicans,GCA_053525585.1
Candida albicans,GCA_053525615.1
Candida albicans,GCA_056150635.1
Candida albicans,GCA_056150675.1
Candida albicans,GCA_056150765.1
Candida albicans,GCA_056150785.1
Candida albicans,GCA_056150845.1
Candida albicans,GCA_056150895.1
Candida albicans,GCA_056151595.1
Candida albicans,GCA_056151625.1
Candida albicans,GCA_056151655.1
Candida albicans,GCA_056151685.1
Candida albicans,GCA_056151705.1
Candida albicans,GCA_056151785.1
Candida albicans 12C,GCA_000773845.1
Candida albicans 19F,GCA_000775445.1
Candida albicans 3153A,GCA_000447595.1
Candida albicans A123,GCA_000447455.1
Candida albicans A155,GCA_000447615.1
Candida albicans A20,GCA_000447575.1
Candida albicans A203,GCA_000447495.1
Candida albicans A48,GCA_000447535.1
Candida albicans A67,GCA_000447515.1
Candida albicans A84,GCA_000447635.1
Candida albicans A92,GCA_000447475.1
Candida albicans CHN1,GCA_000447555.1
Candida albicans CHN1,GCA_017309835.1
Candida albicans Ca529L,GCA_000691765.2
Candida albicans Ca6,GCA_000784695.1
Candida albicans GC75,GCA_000773735.1
Candida albicans L26,GCA_000775455.1
Candida albicans P34048,GCA_000775465.1
Candida albicans P37005,GCA_000773745.1
Candida albicans P37037,GCA_000773825.1
Candida albicans P37039,GCA_000784515.1
Candida albicans P57055,GCA_000775505.1
Candida albicans P57072,GCA_000773805.1
Candida albicans P60002,GCA_000784525.1
Candida albicans P75010,GCA_000784575.1
Candida albicans P75016,GCA_000784595.1
Candida albicans P75063,GCA_000775525.1
Candida albicans P76055,GCA_000784505.1
Candida albicans P76067,GCA_000784495.1
Candida albicans P78042,GCA_000784615.1
Candida albicans P78048,GCA_000773725.1
Candida albicans P87,GCA_000774085.1
Candida albicans P94015,GCA_000773755.1
Candida albicans SC5314,GCA_000182965.3
Candida albicans SC5314,GCA_000784635.1
Candida albicans SC5314,GCA_000784655.1
Candida albicans WO-1,GCA_000149445.2
Candida baotianmanensis,GCA_030556145.1
Candida buenavistaensis,GCA_030582575.1
Candida dubliniensis,GCA_000647555.1
Candida dubliniensis,GCA_000647575.1
Candida dubliniensis,GCA_030568755.1
Candida dubliniensis,GCA_049307205.1
Candida dubliniensis,GCA_049997635.1
Candida dubliniensis,GCA_051944335.1
Candida dubliniensis,GCA_051944355.1
Candida dubliniensis,GCA_051944375.1
Candida dubliniensis CD36,GCA_000026945.1
Candida frijolesensis,GCA_030557105.1
Candida gigantensis,GCA_030557085.1
Candida labiduridarum,GCA_030572435.1
Candida maltosa,GCA_030582995.1
Candida maltosa Xu316,GCA_000344705.1
Candida maltosa Xu316,GCA_050495715.1
Candida neerlandica,GCA_030557875.1
Candida pseudoviswanathii,GCA_030565125.1
Candida sanyaensis,GCA_030562985.1
Candida sojae,GCA_001442715.1
Candida sojae,GCA_013177575.1
Candida sojae,GCA_030582655.1
Candida sp. AC06,GCA_026724345.1
Candida sp. LDI48194,GCA_001005365.1
Candida sp. LN1,GCA_019280635.1
Candida sp. Y128-05C,GCA_037042315.1
Candida sp. Y128-05E,GCA_037042355.1
Candida tetrigidarum,GCA_030557055.1
Candida tropicalis,GCA_000633855.1
Candida tropicalis,GCA_002864075.1
Candida tropicalis,GCA_013177555.1
Candida tropicalis,GCA_017315405.1
Candida tropicalis,GCA_019239295.1
Candida tropicalis,GCA_021018935.2
Candida tropicalis,GCA_021018955.2
Candida tropicalis,GCA_021018975.2
Candida tropicalis,GCA_021019025.2
Candida tropicalis,GCA_022984785.1
Candida tropicalis,GCA_023373895.1
Candida tropicalis,GCA_023623415.1
Candida tropicalis,GCA_023623695.1
Candida tropicalis,GCA_024220415.1
Candida tropicalis,GCA_025767605.1
Candida tropicalis,GCA_025767625.1
Candida tropicalis,GCA_025767665.1
Candida tropicalis,GCA_025767685.1
Candida tropicalis,GCA_029582195.1
Candida tropicalis,GCA_030582595.1
Candida tropicalis,GCA_032356445.1
Candida tropicalis,GCA_032356465.1
Candida tropicalis,GCA_032356485.1
Candida tropicalis,GCA_032356505.1
Candida tropicalis,GCA_032356545.1
Candida tropicalis,GCA_032356565.1
Candida tropicalis,GCA_032356585.1
Candida tropicalis,GCA_032356605.1
Candida tropicalis,GCA_032356665.1
Candida tropicalis,GCA_032356685.1
Candida tropicalis,GCA_032356705.1
Candida tropicalis,GCA_032356725.1
Candida tropicalis,GCA_032356745.1
Candida tropicalis,GCA_032356765.1
Candida tropicalis,GCA_032356785.1
Candida tropicalis,GCA_032356805.1
Candida tropicalis,GCA_032356825.1
Candida tropicalis,GCA_032356845.1
Candida tropicalis,GCA_032356865.1
Candida tropicalis,GCA_032356885.1
Candida tropicalis,GCA_032714595.1
Candida tropicalis,GCA_032714655.1
Candida tropicalis,GCA_032714675.1
Candida tropicalis,GCA_032714735.1
Candida tropicalis,GCA_032714815.1
Candida tropicalis,GCA_035078345.1
Candida tropicalis,GCA_035078385.1
Candida tropicalis,GCA_035078395.1
Candida tropicalis,GCA_035078465.1
Candida tropicalis,GCA_044592505.1
Candida tropicalis,GCA_049862575.1
Candida tropicalis,GCA_050230375.1
Candida tropicalis,GCA_050230425.1
Candida tropicalis,GCA_051944405.1
Candida tropicalis,GCA_052815135.1
Candida tropicalis,GCA_052815155.1
Candida tropicalis,GCA_056151195.1
Candida tropicalis MYA-3404,GCA_000006335.3
Candida tropicalis MYA-3404,GCA_006942135.1
Candida viswanathii,GCA_003327735.1
Candida viswanathii,GCA_030566835.1
Candidozyma auris,GCA_001049995.1
Candidozyma auris,GCA_001189475.1
Candidozyma auris,GCA_002759435.3
Candidozyma auris,GCA_002775015.1
Candidozyma auris,GCA_003013715.2
Candidozyma auris,GCA_003014415.1
Candidozyma auris,GCA_004287075.1
Candidozyma auris,GCA_005234155.1
Candidozyma auris,GCA_007168705.1
Candidozyma auris,GCA_008275145.1
Candidozyma auris,GCA_008729165.1
Candidozyma auris,GCA_008729175.1
Candidozyma auris,GCA_008729195.1
Candidozyma auris,GCA_008729205.1
Candidozyma auris,GCA_008729255.1
Candidozyma auris,GCA_008729275.1
Candidozyma auris,GCA_009602605.1
Candidozyma auris,GCA_014217455.1
Candidozyma auris,GCA_014638765.1
Candidozyma auris,GCA_014638775.1
Candidozyma auris,GCA_014638805.1
Candidozyma auris,GCA_014638825.1
Candidozyma auris,GCA_014638875.1
Candidozyma auris,GCA_014638885.1
Candidozyma auris,GCA_014638895.1
Candidozyma auris,GCA_014638955.1
Candidozyma auris,GCA_014638965.1
Candidozyma auris,GCA_014673535.1
Candidozyma auris,GCA_016495645.1
Candidozyma auris,GCA_016495665.1
Candidozyma auris,GCA_016495685.1
Candidozyma auris,GCA_016772135.1
Candidozyma auris,GCA_016772155.1
Candidozyma auris,GCA_016772175.1
Candidozyma auris,GCA_016772195.1
Candidozyma auris,GCA_016772215.1
Candidozyma auris,GCA_016772235.1
Candidozyma auris,GCA_016809505.1
Candidozyma auris,GCA_018831645.1
Candidozyma auris,GCA_018902005.1
Candidozyma auris,GCA_019039235.1
Candidozyma auris,GCA_019039275.1
Candidozyma auris,GCA_019039295.1
Candidozyma auris,GCA_019039315.1
Candidozyma auris,GCA_019039335.1
Candidozyma auris,GCA_019039355.1
Candidozyma auris,GCA_019039375.1
Candidozyma auris,GCA_019039395.1
Candidozyma auris,GCA_019039415.1
Candidozyma auris,GCA_019039435.1
Candidozyma auris,GCA_019039455.1
Candidozyma auris,GCA_019039475.1
Candidozyma auris,GCA_019039495.1
Candidozyma auris,GCA_019039515.1
Candidozyma auris,GCA_019039535.1
Candidozyma auris,GCA_019039555.1
Candidozyma auris,GCA_019039575.1
Candidozyma auris,GCA_019039595.1
Candidozyma auris,GCA_019039615.1
Candidozyma auris,GCA_019039635.1
Candidozyma auris,GCA_019039655.1
Candidozyma auris,GCA_019039675.1
Candidozyma auris,GCA_019039695.1
Candidozyma auris,GCA_019039715.1
Candidozyma auris,GCA_019039735.1
Candidozyma auris,GCA_019039755.1
Candidozyma auris,GCA_019039775.1
Candidozyma auris,GCA_019332045.1
Candidozyma auris,GCA_019968925.1
Candidozyma auris,GCA_020809265.1
Candidozyma auris,GCA_024706545.1
Candidozyma auris,GCA_025429525.1
Candidozyma auris,GCA_025429595.1
Candidozyma auris,GCA_025429735.1
Candidozyma auris,GCA_025429745.1
Candidozyma auris,GCA_025429755.1
Candidozyma auris,GCA_025429885.1
Candidozyma auris,GCA_025429895.1
Candidozyma auris,GCA_025430195.1
Candidozyma auris,GCA_025430335.1
Candidozyma auris,GCA_025430355.1
Candidozyma auris,GCA_025430385.1
Candidozyma auris,GCA_025430405.1
Candidozyma auris,GCA_025430635.1
Candidozyma auris,GCA_025430785.1
Candidozyma auris,GCA_026743825.1
Candidozyma auris,GCA_027563635.1
Candidozyma auris,GCA_027563645.1
Candidozyma auris,GCA_027563705.1
Candidozyma auris,GCA_027563715.1
Candidozyma auris,GCA_027563725.1
Candidozyma auris,GCA_027563765.1
Candidozyma auris,GCA_027563775.1
Candidozyma auris,GCA_027886145.1
Candidozyma auris,GCA_029618675.1
Candidozyma auris,GCA_029618685.1
Candidozyma auris,GCA_029618695.1
Candidozyma auris,GCA_029619135.1
Candidozyma auris,GCA_029619145.1
Candidozyma auris,GCA_030122255.1
Candidozyma auris,GCA_030122265.1
Candidozyma auris,GCA_030581515.1
Candidozyma auris,GCA_031357565.2
Candidozyma auris,GCA_031357835.2
Candidozyma auris,GCA_031359945.2
Candidozyma auris,GCA_031463115.1
Candidozyma auris,GCA_032367535.1
Candidozyma auris,GCA_032694445.1
Candidozyma auris,GCA_032694455.1
Candidozyma auris,GCA_032694465.1
Candidozyma auris,GCA_032694475.1
Candidozyma auris,GCA_032694485.1
Candidozyma auris,GCA_032694645.1
Candidozyma auris,GCA_032694655.1
Candidozyma auris,GCA_032694685.1
Candidozyma auris,GCA_032694695.1
Candidozyma auris,GCA_032694745.1
Candidozyma auris,GCA_032714025.1
Candidozyma auris,GCA_032715285.1
Candidozyma auris,GCA_032888605.1
Candidozyma auris,GCA_034640365.1
Candidozyma auris,GCA_035220645.1
Candidozyma auris,GCA_035582505.1
Candidozyma auris,GCA_035582525.1
Candidozyma auris,GCA_035582555.1
Candidozyma auris,GCA_035582585.1
Candidozyma auris,GCA_035582605.1
Candidozyma auris,GCA_035582625.1
Candidozyma auris,GCA_035582645.1
Candidozyma auris,GCA_035771705.1
Candidozyma auris,GCA_035771715.1
Candidozyma auris,GCA_035771725.1
Candidozyma auris,GCA_035771735.1
Candidozyma auris,GCA_035771765.1
Candidozyma auris,GCA_035771885.1
Candidozyma auris,GCA_035771895.1
Candidozyma auris,GCA_035771925.1
Candidozyma auris,GCA_035771935.1
Candidozyma auris,GCA_035771965.1
Candidozyma auris,GCA_035772105.1
Candidozyma auris,GCA_035772125.1
Candidozyma auris,GCA_035772165.1
Candidozyma auris,GCA_035772185.1
Candidozyma auris,GCA_035772215.1
Candidozyma auris,GCA_035772265.1
Candidozyma auris,GCA_035772305.1
Candidozyma auris,GCA_035772345.1
Candidozyma auris,GCA_035772365.1
Candidozyma auris,GCA_035772375.1
Candidozyma auris,GCA_037074745.1
Candidozyma auris,GCA_037201695.1
Candidozyma auris,GCA_037201715.1
Candidozyma auris,GCA_037201725.1
Candidozyma auris,GCA_037201735.1
Candidozyma auris,GCA_037201745.1
Candidozyma auris,GCA_037201755.1
Candidozyma auris,GCA_037201765.1
Candidozyma auris,GCA_037201775.1
Candidozyma auris,GCA_039852025.1
Candidozyma auris,GCA_041026465.1
Candidozyma auris,GCA_041026485.1
Candidozyma auris,GCA_041026505.1
Candidozyma auris,GCA_041026525.1
Candidozyma auris,GCA_041026545.1
Candidozyma auris,GCA_041026565.1
Candidozyma auris,GCA_041026585.1
Candidozyma auris,GCA_041026605.1
Candidozyma auris,GCA_041381095.1
Candidozyma auris,GCA_041381755.1
Candidozyma auris,GCA_044589395.1
Candidozyma auris,GCA_046250215.1
Candidozyma auris,GCA_046250225.1
Candidozyma auris,GCA_046250235.1
Candidozyma auris,GCA_046250245.1
Candidozyma auris,GCA_046250265.1
Candidozyma auris,GCA_046250365.1
Candidozyma auris,GCA_046250385.1
Candidozyma auris,GCA_046250395.1
Candidozyma auris,GCA_046250415.1
Candidozyma auris,GCA_046250425.1
Candidozyma auris,GCA_046250515.1
Candidozyma auris,GCA_046250535.1
Candidozyma auris,GCA_046250555.1
Candidozyma auris,GCA_046250565.1
Candidozyma auris,GCA_046250585.1
Candidozyma auris,GCA_046250655.1
Candidozyma auris,GCA_046250695.1
Candidozyma auris,GCA_046250715.1
Candidozyma auris,GCA_046250725.1
Candidozyma auris,GCA_046250735.1
Candidozyma auris,GCA_046250815.1
Candidozyma auris,GCA_046250845.1
Candidozyma auris,GCA_046250865.1
Candidozyma auris,GCA_046250895.1
Candidozyma auris,GCA_046250905.1
Candidozyma auris,GCA_046250915.1
Candidozyma auris,GCA_046250995.1
Candidozyma auris,GCA_046251005.1
Candidozyma auris,GCA_046251035.1
Candidozyma auris,GCA_046251065.1
Candidozyma auris,GCA_046251105.1
Candidozyma auris,GCA_046251145.1
Candidozyma auris,GCA_046251155.1
Candidozyma auris,GCA_046251185.1
Candidozyma auris,GCA_046251195.1
Candidozyma auris,GCA_046251255.1
Candidozyma auris,GCA_046251295.1
Candidozyma auris,GCA_046251315.1
Candidozyma auris,GCA_046251355.1
Candidozyma auris,GCA_046251385.1
Candidozyma auris,GCA_046251415.1
Candidozyma auris,GCA_046251445.1
Candidozyma auris,GCA_046251465.1
Candidozyma auris,GCA_046251485.1
Candidozyma auris,GCA_046251535.1
Candidozyma auris,GCA_046251555.1
Candidozyma auris,GCA_046251595.1
Candidozyma auris,GCA_046251615.1
Candidozyma auris,GCA_046251635.1
Candidozyma auris,GCA_046251655.1
Candidozyma auris,GCA_046251675.1
Candidozyma auris,GCA_046251745.1
Candidozyma auris,GCA_046251775.1
Candidozyma auris,GCA_046251795.1
Candidozyma auris,GCA_046251815.1
Candidozyma auris,GCA_046251845.1
Candidozyma auris,GCA_046251895.1
Candidozyma auris,GCA_046251925.1
Candidozyma auris,GCA_046251955.1
Candidozyma auris,GCA_046251975.1
Candidozyma auris,GCA_046252015.1
Candidozyma auris,GCA_046252035.1
Candidozyma auris,GCA_046252075.1
Candidozyma auris,GCA_046252095.1
Candidozyma auris,GCA_046252135.1
Candidozyma auris,GCA_046252165.1
Candidozyma auris,GCA_046252185.1
Candidozyma auris,GCA_046252225.1
Candidozyma auris,GCA_046252255.1
Candidozyma auris,GCA_046252285.1
Candidozyma auris,GCA_046252305.1
Candidozyma auris,GCA_046252325.1
Candidozyma auris,GCA_046252375.1
Candidozyma auris,GCA_046252405.1
Candidozyma auris,GCA_046252425.1
Candidozyma auris,GCA_046252445.1
Candidozyma auris,GCA_046252475.1
Candidozyma auris,GCA_046252485.1
Candidozyma auris,GCA_046252555.1
Candidozyma auris,GCA_046252585.1
Candidozyma auris,GCA_046252605.1
Candidozyma auris,GCA_046252625.1
Candidozyma auris,GCA_046252645.1
Candidozyma auris,GCA_046252705.1
Candidozyma auris,GCA_046252735.1
Candidozyma auris,GCA_046252755.1
Candidozyma auris,GCA_046252795.1
Candidozyma auris,GCA_046252815.1
Candidozyma auris,GCA_046252855.1
Candidozyma auris,GCA_046252885.1
Candidozyma auris,GCA_046252905.1
Candidozyma auris,GCA_046252925.1
Candidozyma auris,GCA_046252945.1
Candidozyma auris,GCA_046252965.1
Candidozyma auris,GCA_046253035.1
Candidozyma auris,GCA_046253055.1
Candidozyma auris,GCA_046253075.1
Candidozyma auris,GCA_046253105.1
Candidozyma auris,GCA_046253155.1
Candidozyma auris,GCA_046253185.1
Candidozyma auris,GCA_046253205.1
Candidozyma auris,GCA_046253235.1
Candidozyma auris,GCA_046253275.1
Candidozyma auris,GCA_046253305.1
Candidozyma auris,GCA_046253335.1
Candidozyma auris,GCA_046253355.1
Candidozyma auris,GCA_046253375.1
Candidozyma auris,GCA_046253425.1
Candidozyma auris,GCA_046253445.1
Candidozyma auris,GCA_046253485.1
Candidozyma auris,GCA_046253505.1
Candidozyma auris,GCA_046253535.1
Candidozyma auris,GCA_046253555.1
Candidozyma auris,GCA_046253575.1
Candidozyma auris,GCA_046253635.1
Candidozyma auris,GCA_046253665.1
Candidozyma auris,GCA_046253685.1
Candidozyma auris,GCA_046253715.1
Candidozyma auris,GCA_046253755.1
Candidozyma auris,GCA_046253775.1
Candidozyma auris,GCA_046253815.1
Candidozyma auris,GCA_046253845.1
Candidozyma auris,GCA_046253875.1
Candidozyma auris,GCA_046253895.1
Candidozyma auris,GCA_046253925.1
Candidozyma auris,GCA_046253955.1
Candidozyma auris,GCA_046253995.1
Candidozyma auris,GCA_046254025.1
Candidozyma auris,GCA_046254055.1
Candidozyma auris,GCA_046254075.1
Candidozyma auris,GCA_046254115.1
Candidozyma auris,GCA_046254135.1
Candidozyma auris,GCA_046254165.1
Candidozyma auris,GCA_046254205.1
Candidozyma auris,GCA_046254225.1
Candidozyma auris,GCA_046254265.1
Candidozyma auris,GCA_046254295.1
Candidozyma auris,GCA_046254305.1
Candidozyma auris,GCA_046254355.1
Candidozyma auris,GCA_046254375.1
Candidozyma auris,GCA_046254405.1
Candidozyma auris,GCA_046254435.1
Candidozyma auris,GCA_046331785.1
Candidozyma auris,GCA_046331795.1
Candidozyma auris,GCA_046331805.1
Candidozyma auris,GCA_046331815.1
Candidozyma auris,GCA_046331825.1
Candidozyma auris,GCA_046331885.1
Candidozyma auris,GCA_046331895.1
Candidozyma auris,GCA_046331905.1
Candidozyma auris,GCA_046331915.1
Candidozyma auris,GCA_046331925.1
Candidozyma auris,GCA_046331985.1
Candidozyma auris,GCA_046563085.1
Candidozyma auris,GCA_047371255.1
Candidozyma auris,GCA_047371295.1
Candidozyma auris,GCA_047371335.1
Candidozyma auris,GCA_047371345.1
Candidozyma auris,GCA_047371395.1
Candidozyma auris,GCA_047371425.1
Candidozyma auris,GCA_047371455.1
Candidozyma auris,GCA_047371465.1
Candidozyma auris,GCA_047371515.1
Candidozyma auris,GCA_047371545.1
Candidozyma auris,GCA_047371555.1
Candidozyma auris,GCA_047371575.1
Candidozyma auris,GCA_047371635.1
Candidozyma auris,GCA_047371645.1
Candidozyma auris,GCA_047371665.1
Candidozyma auris,GCA_047371725.1
Candidozyma auris,GCA_047371755.1
Candidozyma auris,GCA_047371785.1
Candidozyma auris,GCA_047371805.1
Candidozyma auris,GCA_047371865.1
Candidozyma auris,GCA_047371895.1
Candidozyma auris,GCA_047371915.1
Candidozyma auris,GCA_047371935.1
Candidozyma auris,GCA_047371985.1
Candidozyma auris,GCA_047372015.1
Candidozyma auris,GCA_047372045.1
Candidozyma auris,GCA_047372075.1
Candidozyma auris,GCA_047372105.1
Candidozyma auris,GCA_047372125.1
Candidozyma auris,GCA_047372165.1
Candidozyma auris,GCA_047372195.1
Candidozyma auris,GCA_047372215.1
Candidozyma auris,GCA_047372255.1
Candidozyma auris,GCA_047372275.1
Candidozyma auris,GCA_047372315.1
Candidozyma auris,GCA_047372335.1
Candidozyma auris,GCA_047655325.1
Candidozyma auris,GCA_047655445.1
Candidozyma auris,GCA_047910675.1
Candidozyma auris,GCA_048414545.1
Candidozyma auris,GCA_048414565.1
Candidozyma auris,GCA_048414635.1
Candidozyma auris,GCA_048414655.1
Candidozyma auris,GCA_048414815.1
Candidozyma auris,GCA_048414855.1
Candidozyma auris,GCA_049307125.1
Candidozyma auris,GCA_049307545.1
Candidozyma auris,GCA_049634865.1
Candidozyma auris,GCA_049634895.1
Candidozyma auris,GCA_049634905.1
Candidozyma auris,GCA_049635015.1
Candidozyma auris,GCA_049635045.1
Candidozyma auris,GCA_049635055.1
Candidozyma auris,GCA_049635165.1
Candidozyma auris,GCA_049635195.1
Candidozyma auris,GCA_049635225.1
Candidozyma auris,GCA_049635315.1
Candidozyma auris,GCA_049635345.1
Candidozyma auris,GCA_049635375.1
Candidozyma auris,GCA_049635465.1
Candidozyma auris,GCA_049635495.1
Candidozyma auris,GCA_049635565.1
Candidozyma auris,GCA_049635615.1
Candidozyma auris,GCA_049635645.1
Candidozyma auris,GCA_049635735.1
Candidozyma auris,GCA_049635765.1
Candidozyma auris,GCA_049635795.1
Candidozyma auris,GCA_049635875.1
Candidozyma auris,GCA_049635905.1
Candidozyma auris,GCA_049635935.1
Candidozyma auris,GCA_049636005.1
Candidozyma auris,GCA_049636055.1
Candidozyma auris,GCA_049636085.1
Candidozyma auris,GCA_049636175.1
Candidozyma auris,GCA_049636185.1
Candidozyma auris,GCA_049636255.1
Candidozyma auris,GCA_049636325.1
Candidozyma auris,GCA_049636335.1
Candidozyma auris,GCA_049636405.1
Candidozyma auris,GCA_049636475.1
Candidozyma auris,GCA_049636505.1
Candidozyma auris,GCA_049636595.1
Candidozyma auris,GCA_049636625.1
Candidozyma auris,GCA_049636715.1
Candidozyma auris,GCA_049636745.1
Candidozyma auris,GCA_049636765.1
Candidozyma auris,GCA_049636865.1
Candidozyma auris,GCA_049636895.1
Candidozyma auris,GCA_049636905.1
Candidozyma auris,GCA_049636985.1
Candidozyma auris,GCA_049637035.1
Candidozyma auris,GCA_049637085.1
Candidozyma auris,GCA_049637155.1
Candidozyma auris,GCA_049637205.1
Candidozyma auris,GCA_049637235.1
Candidozyma auris,GCA_049637305.1
Candidozyma auris,GCA_049637355.1
Candidozyma auris,GCA_049637365.1
Candidozyma auris,GCA_049637475.1
Candidozyma auris,GCA_049637505.1
Candidozyma auris,GCA_049637515.1
Candidozyma auris,GCA_049637625.1
Candidozyma auris,GCA_049637655.1
Candidozyma auris,GCA_049637675.1
Candidozyma auris,GCA_049637775.1
Candidozyma auris,GCA_049637805.1
Candidozyma auris,GCA_049637835.1
Candidozyma auris,GCA_049637925.1
Candidozyma auris,GCA_049637955.1
Candidozyma auris,GCA_049637985.1
Candidozyma auris,GCA_049638075.1
Candidozyma auris,GCA_049638095.1
Candidozyma auris,GCA_049638125.1
Candidozyma auris,GCA_049638225.1
Candidozyma auris,GCA_049638255.1
Candidozyma auris,GCA_049638305.1
Candidozyma auris,GCA_049638395.1
Candidozyma auris,GCA_049638425.1
Candidozyma auris,GCA_049638435.1
Candidozyma auris,GCA_049638545.1
Candidozyma auris,GCA_049638575.1
Candidozyma auris,GCA_049638585.1
Candidozyma auris,GCA_049638695.1
Candidozyma auris,GCA_049728825.1
Candidozyma auris,GCA_049863235.1
Candidozyma auris,GCA_049863305.1
Candidozyma auris,GCA_049863345.1
Candidozyma auris,GCA_050437075.1
Candidozyma auris,GCA_050656045.1
Candidozyma auris,GCA_050656055.1
Candidozyma auris,GCA_050656065.1
Candidozyma auris,GCA_050656165.1
Candidozyma auris,GCA_050656175.1
Candidozyma auris,GCA_051020605.2
Candidozyma auris,GCA_051529805.1
Candidozyma auris,GCA_051529825.1
Candidozyma auris,GCA_051529845.1
Candidozyma auris,GCA_051940645.1
Candidozyma auris,GCA_051940665.1
Candidozyma auris,GCA_051940675.1
Candidozyma auris,GCA_051940705.1
Candidozyma auris,GCA_051940725.1
Candidozyma auris,GCA_051989225.1
Candidozyma auris,GCA_053008025.1
Candidozyma auris,GCA_053008035.1
Candidozyma auris,GCA_053009075.1
Candidozyma auris,GCA_053077785.1
Candidozyma auris,GCA_053077795.1
Candidozyma auris,GCA_053077805.1
Candidozyma auris,GCA_053077845.1
Candidozyma auris,GCA_053077865.1
Candidozyma auris,GCA_053077875.1
Candidozyma auris,GCA_053077905.1
Candidozyma auris,GCA_053077925.1
Candidozyma auris,GCA_053077945.1
Candidozyma auris,GCA_053077965.1
Candidozyma auris,GCA_053077985.1
Candidozyma auris,GCA_053078005.1
Candidozyma auris,GCA_053078025.1
Candidozyma auris,GCA_053078035.1
Candidozyma auris,GCA_053078065.1
Candidozyma auris,GCA_053078085.1
Candidozyma auris,GCA_053078095.1
Candidozyma auris,GCA_053078125.1
Candidozyma auris,GCA_053078155.1
Candidozyma auris,GCA_053078185.1
Candidozyma auris,GCA_053078205.1
Candidozyma auris,GCA_053078225.1
Candidozyma auris,GCA_053175775.1
Candidozyma auris,GCA_053175785.1
Candidozyma auris,GCA_053175795.1
Candidozyma auris,GCA_053175865.1
Candidozyma auris,GCA_053175885.1
Candidozyma auris,GCA_053175905.1
Candidozyma auris,GCA_053175955.1
Candidozyma auris,GCA_053175975.1
Candidozyma auris,GCA_053176005.1
Candidozyma auris,GCA_053176045.1
Candidozyma auris,GCA_053176065.1
Candidozyma auris,GCA_053176105.1
Candidozyma auris,GCA_053176135.1
Candidozyma auris,GCA_053176165.1
Candidozyma auris,GCA_053176175.1
Candidozyma auris,GCA_053176225.1
Candidozyma auris,GCA_053176255.1
Candidozyma auris,GCA_053176265.1
Candidozyma auris,GCA_053176315.1
Candidozyma auris,GCA_053176345.1
Candidozyma auris,GCA_053176365.1
Candidozyma auris,GCA_053176405.1
Candidozyma auris,GCA_053176435.1
Candidozyma auris,GCA_053176445.1
Candidozyma auris,GCA_053176495.1
Candidozyma auris,GCA_053176525.1
Candidozyma auris,GCA_053176535.1
Candidozyma auris,GCA_053176575.1
Candidozyma auris,GCA_053176615.1
Candidozyma auris,GCA_053176625.1
Candidozyma auris,GCA_053176645.1
Candidozyma auris,GCA_053176705.1
Candidozyma auris,GCA_053176715.1
Candidozyma auris,GCA_053176735.1
Candidozyma auris,GCA_053176795.1
Candidozyma auris,GCA_053176805.1
Candidozyma auris,GCA_053176815.1
Candidozyma auris,GCA_053176885.1
Candidozyma auris,GCA_053176895.1
Candidozyma auris,GCA_053222435.1
Candidozyma auris,GCA_053222445.1
Candidozyma auris,GCA_053222455.1
Candidozyma auris,GCA_053222495.1
Candidozyma auris,GCA_053222505.1
Candidozyma auris,GCA_053222525.1
Candidozyma auris,GCA_053222555.1
Candidozyma auris,GCA_053222565.1
Candidozyma auris,GCA_053222595.1
Candidozyma auris,GCA_053222615.1
Candidozyma auris,GCA_053222635.1
Candidozyma auris,GCA_053222645.1
Candidozyma auris,GCA_053222675.1
Candidozyma auris,GCA_053222695.1
Candidozyma auris,GCA_053222705.1
Candidozyma auris,GCA_053222735.1
Candidozyma auris,GCA_053222745.1
Candidozyma auris,GCA_053222765.1
Candidozyma auris,GCA_053222795.1
Candidozyma auris,GCA_053222805.1
Candidozyma auris,GCA_053222825.1
Candidozyma auris,GCA_053222855.1
Candidozyma auris,GCA_053222875.1
Candidozyma auris,GCA_053222895.1
Candidozyma auris,GCA_053222915.1
Candidozyma auris,GCA_053222935.1
Candidozyma auris,GCA_053222945.1
Candidozyma auris,GCA_053222975.1
Candidozyma auris,GCA_053222995.1
Candidozyma auris,GCA_053223005.1
Candidozyma auris,GCA_053223035.1
Candidozyma auris,GCA_053223055.1
Candidozyma auris,GCA_053223075.1
Candidozyma auris,GCA_053223095.1
Candidozyma auris,GCA_053223115.1
Candidozyma auris,GCA_053223135.1
Candidozyma auris,GCA_053223155.1
Candidozyma auris,GCA_053223165.1
Candidozyma auris,GCA_053223195.1
Candidozyma auris,GCA_053223215.1
Candidozyma auris,GCA_053223225.1
Candidozyma auris,GCA_053223255.1
Candidozyma auris,GCA_053223275.1
Candidozyma auris,GCA_053223285.1
Candidozyma auris,GCA_053223315.1
Candidozyma auris,GCA_053223335.1
Candidozyma auris,GCA_053223355.1
Candidozyma auris,GCA_053223365.1
Candidozyma auris,GCA_053223395.1
Candidozyma auris,GCA_053223415.1
Candidozyma auris,GCA_053223435.1
Candidozyma auris,GCA_053223455.1
Candidozyma auris,GCA_053223475.1
Candidozyma auris,GCA_053223495.1
Candidozyma auris,GCA_053223515.1
Candidozyma auris,GCA_053223535.1
Candidozyma auris,GCA_053223555.1
Candidozyma auris,GCA_053223575.1
Candidozyma auris,GCA_053223615.1
Candidozyma auris,GCA_053223685.1
Candidozyma auris,GCA_053223705.1
Candidozyma auris,GCA_053223745.1
Candidozyma auris,GCA_053223765.1
Candidozyma auris,GCA_053223785.1
Candidozyma auris,GCA_053223805.1
Candidozyma auris,GCA_053223825.1
Candidozyma auris,GCA_053339175.1
Candidozyma auris,GCA_053360865.1
Candidozyma auris,GCA_053455475.1
Candidozyma auris,GCA_053455485.1
Candidozyma auris,GCA_053455515.1
Candidozyma auris,GCA_053455535.1
Candidozyma auris,GCA_053455545.1
Candidozyma auris,GCA_053542915.1
Candidozyma auris,GCA_053568035.1
Candidozyma auris,GCA_053568055.1
Candidozyma auris,GCA_053568075.1
Candidozyma auris,GCA_053568095.1
Candidozyma auris,GCA_053568115.1
Candidozyma auris,GCA_053568135.1
Candidozyma auris,GCA_054054835.1
Candidozyma auris,GCA_054054915.1
Candidozyma auris,GCA_054054935.1
Candidozyma auris,GCA_054054955.1
Candidozyma auris,GCA_054054965.1
Candidozyma auris,GCA_054055025.1
Candidozyma auris,GCA_054055075.1
Candidozyma auris,GCA_054055095.1
Candidozyma auris,GCA_054055105.1
Candidozyma auris,GCA_054055195.1
Candidozyma auris,GCA_054055215.1
Candidozyma auris,GCA_054055235.1
Candidozyma auris,GCA_054375315.1
Candidozyma auris,GCA_054375325.1
Candidozyma auris,GCA_054375365.1
Candidozyma auris,GCA_054375405.1
Candidozyma auris,GCA_054375435.1
Candidozyma auris,GCA_054375445.1
Candidozyma auris,GCA_054375515.1
Candidozyma auris,GCA_054643455.1
Candidozyma auris,GCA_054643475.1
Candidozyma auris,GCA_054643495.1
Candidozyma auris,GCA_054643515.1
Candidozyma auris,GCA_054643535.1
Candidozyma auris,GCA_054643555.1
Candidozyma auris,GCA_054643575.1
Candidozyma auris,GCA_054643595.1
Candidozyma auris,GCA_054643615.1
Candidozyma auris,GCA_054883665.1
Candidozyma chanthaburiensis,GCA_030579055.1
Candidozyma duobushaemuli,GCA_002926085.1
Candidozyma duobushaemuli,GCA_011426315.1
Candidozyma duobushaemuli,GCA_030575055.1
Candidozyma haemuli,GCA_002926055.1
Candidozyma haemuli,GCA_011426285.1
Candidozyma haemuli,GCA_019332025.1
Candidozyma haemuli,GCA_030569475.1
Candidozyma haemuli var. vulneris,GCA_012184645.1
Candidozyma haemuli var. vulneris,GCA_012184655.1
Candidozyma heveicola,GCA_003708405.2
Candidozyma konsanensis,GCA_030563505.1
Candidozyma molenica,GCA_051101175.1
Candidozyma molenica,GCA_051101345.1
Candidozyma molenica,GCA_051102155.1
Candidozyma molenica,GCA_051102325.1
Candidozyma pseudohaemuli,GCA_002933435.1
Candidozyma pseudohaemuli,GCA_003013735.1
Candidozyma pseudohaemuli,GCA_030573385.1
Candidozyma ruelliae,GCA_030582895.1
Candidozyma sp. MB-2024a,GCA_046254495.1
Candidozyma vulturna,GCA_026585945.1
Candidozyma vulturna,GCA_030585165.1
Candidozyma vulturna,GCA_044344055.1
Candolleomyces aberdarensis,GCA_004126415.1
Candolleomyces candolleanus,GCA_055944365.1
Candolleomyces efflorescens,GCA_027579765.1
Candolleomyces eurysporus,GCA_027579435.1
Cantharellus anzutake,GCA_015039405.1
Cantharellus appalachiensis,GCA_003314335.1
Cantharellus cibarius,GCA_003521295.1
Cantharellus cinnabarinus,GCA_003314235.1
Cantharellus purpuraceus,GCA_025174535.1
Capillidium heterosporum,GCA_016630905.1
Capillidium rhysosporum,GCA_037055185.1
Capniomyces stellatus,GCA_001661515.1
Capronia americana,GCA_016110105.1
Capronia americana,GCA_016110115.1
Capronia americana,GCA_016110135.1
Capronia americana,GCA_016110145.1
Capronia americana,GCA_016110205.1
Capronia americana,GCA_016110215.1
Capronia americana,GCA_016110225.1
Capronia coronata CBS 617.96,GCA_000585585.1
Capronia epimyces CBS 606.96,GCA_000585565.1
Casaregolazyma lundiana,GCA_030563415.1
Casaregolazyma patagonica,GCA_030580475.1
Casaregolazyma suthepensis,GCA_030568895.1
Catenaria anguillulae PL171,GCA_002102555.1
Catenulostroma hermanusense,GCA_046718245.1
Catunica adiposa,GCA_001640685.1
Caulochytrium protostelioides,GCA_003615035.1
Caulochytrium protostelioides,GCA_003615045.1
Celoporthe dispersa,GCA_016584495.1
Cenococcum geophilum,GCA_050273025.1
Cenococcum geophilum 1.58,GCA_001692895.1
Cephaloascus albidus,GCA_003706495.1
Cephaloascus albidus,GCA_030575015.1
Cephaloascus fragrans,GCA_003707825.3
Ceraceosorus guamensis,GCA_003144195.1
Cerataphis brasiliensis yeast-like symbiont,GCA_000372705.1
Ceratobasidium cereale,GCA_048999985.1
Ceratobasidium cereale,GCA_049000075.1
Ceratobasidium papillatum,GCA_037042815.1
Ceratobasidium sp. 370,GCA_019677355.1
Ceratobasidium sp. 392,GCA_019677385.1
Ceratobasidium sp. 394,GCA_019616325.1
Ceratobasidium sp. 395,GCA_019616345.1
Ceratobasidium sp. 414,GCA_019616945.1
Ceratobasidium sp. 423,GCA_019616915.1
Ceratobasidium sp. 428,GCA_019623705.1
Ceratobasidium sp. AG-Ba,GCA_016906555.1
Ceratobasidium sp. AG-Ba,GCA_016906575.1
Ceratobasidium sp. AG-Bb,GCA_054856385.1
Ceratobasidium sp. AG-I,GCA_015039395.1
Ceratobasidium sp. AG-K,GCA_037039685.1
Ceratobasidium sp. C01,GCA_025200755.1
Ceratobasidium sp. Cej3,GCA_047651735.1
Ceratobasidium sp. UAMH 11750,GCA_019677335.1
Ceratobasidium theobromae,GCA_009078325.1
Ceratobasidium theobromae,GCA_012932095.1
Ceratobasidium theobromae,GCA_037974915.1
Ceratobasidium theobromae,GCA_054508165.1
Ceratocystiopsis brevicomis,GCA_002778105.1
Ceratocystiopsis minuta,GCA_001676865.1
Ceratocystiopsis sp. VPRI43766,GCA_019925685.1
Ceratocystis albifundus,GCA_000813685.1
Ceratocystis albifundus,GCA_002742155.1
Ceratocystis albifundus,GCA_002742195.1
Ceratocystis albifundus,GCA_002742205.1
Ceratocystis albifundus,GCA_002742215.1
Ceratocystis albifundus,GCA_002742255.2
Ceratocystis albifundus,GCA_012650125.1
Ceratocystis alfenasii,GCA_038382165.1
Ceratocystis alfenasii,GCA_038382185.1
Ceratocystis alfenasii,GCA_038382205.1
Ceratocystis atlantica,GCA_038382245.1
Ceratocystis atlantica,GCA_038382305.1
Ceratocystis atlantica,GCA_038382405.1
Ceratocystis cacaofunesta,GCA_002776505.1
Ceratocystis cacaofunesta,GCA_038406775.1
Ceratocystis colombiana,GCA_026419805.1
Ceratocystis colombiana,GCA_038406765.1
Ceratocystis costaricensis,GCA_038382365.1
Ceratocystis cubensis,GCA_038382285.1
Ceratocystis destructans,GCA_038407095.1
Ceratocystis diversiconidia,GCA_038406795.1
Ceratocystis eucalypticola,GCA_001513815.1
Ceratocystis ficicola,GCA_038407015.1
Ceratocystis fimbriata,GCA_009914735.1
Ceratocystis fimbriata,GCA_012652265.1
Ceratocystis fimbriata,GCA_017160715.1
Ceratocystis fimbriata,GCA_023525945.1
Ceratocystis fimbriata,GCA_032173455.1
Ceratocystis fimbriata,GCA_033035045.1
Ceratocystis fimbriata,GCA_038406785.1
Ceratocystis fimbriata CBS 114723,GCA_000389695.3
Ceratocystis fimbriatomima,GCA_038406755.1
Ceratocystis fimbriatomima,GCA_038406995.1
Ceratocystis harringtonii,GCA_002018265.1
Ceratocystis huliohia,GCA_038382825.1
Ceratocystis huliohia,GCA_038382885.1
Ceratocystis huliohia,GCA_038382965.1
Ceratocystis huliohia,GCA_038407075.1
Ceratocystis huliohia,GCA_054512535.1
Ceratocystis lukuohia,GCA_023509845.1
Ceratocystis lukuohia,GCA_038382545.1
Ceratocystis lukuohia,GCA_038382585.1
Ceratocystis lukuohia,GCA_038382665.1
Ceratocystis lukuohia,GCA_038382685.1
Ceratocystis lukuohia,GCA_038382705.1
Ceratocystis lukuohia,GCA_038382785.1
Ceratocystis lukuohia,GCA_038382865.1
Ceratocystis lukuohia,GCA_044167205.1
Ceratocystis manginecans,GCA_000712455.1
Ceratocystis manginecans,GCA_006408425.1
Ceratocystis manginecans,GCA_006681795.1
Ceratocystis manginecans,GCA_026122545.1
Ceratocystis manginecans,GCA_038406855.1
Ceratocystis manginecans,GCA_038406875.1
Ceratocystis manginecans,GCA_038406895.1
Ceratocystis manginecans,GCA_038406905.1
Ceratocystis papillata,GCA_038406885.1
Ceratocystis pirilliformis,GCA_042258155.1
Ceratocystis pirilliformis,GCA_042258205.1
Ceratocystis platani,GCA_000978885.1
Ceratocystis platani,GCA_038406955.1
Ceratocystis platani,GCA_038406975.1
Ceratocystis platani,GCA_038407035.1
Ceratocystis polychroma,GCA_038407085.1
Ceratocystis smalleyi,GCA_003449175.1
Ceratocystis sp. C1944,GCA_038407005.1
Ceratocystis tiliae,GCA_038407155.1
Ceratocystis uchidae,GCA_038381545.1
Ceratocystis uchidae,GCA_038407105.1
Ceratocystis variospora,GCA_038407165.1
Ceratocystis xanthosomatis,GCA_038382385.1
Ceratocystis xanthosomatis,GCA_038382465.1
Ceratocystis xanthosomatis,GCA_038382525.1
Ceratorhiza oryzae-sativae,GCA_030998015.1
Ceratostomella crypta,GCA_046056215.1
Ceratostomella melanospora,GCA_046056245.1
Ceratostomella sordida,GCA_046056195.1
Cercophora newfieldiana,GCA_030512285.1
Cercophora samala,GCA_030512305.1
Cercophora scortea,GCA_033439705.1
Cercophora sp. LCS_1,GCA_036250225.1
Cercospora americana,GCA_049191245.1
Cercospora apii,GCA_022836995.1
Cercospora apii,GCA_026120055.1
Cercospora berteroae,GCA_002933655.1
Cercospora beticola,GCA_002742065.1
Cercospora beticola,GCA_003370505.1
Cercospora beticola,GCA_003370525.1
Cercospora beticola,GCA_033473495.1
Cercospora beticola,GCA_049191235.1
Cercospora brassicicola,GCA_013365245.1
Cercospora canescens BHU,GCA_000347735.1
Cercospora cf. flagellaris,GCA_005356885.1
Cercospora cf. sigesbeckiae,GCA_002217505.1
Cercospora cf. sigesbeckiae,GCA_005356805.1
Cercospora citrullina,GCA_013365195.1
Cercospora citrullina,GCA_051363195.1
Cercospora janseana,GCA_026725115.1
Cercospora kikuchii,GCA_005356855.1
Cercospora kikuchii,GCA_009193115.1
Cercospora kikuchii,GCA_019650295.1
Cercospora nicotianae,GCA_002994015.1
Cercospora nicotianae,GCA_029490675.1
Cercospora sesami,GCA_013365235.1
Cercospora sojina,GCA_002150695.1
Cercospora sojina,GCA_002534735.1
Cercospora sojina,GCA_003435105.1
Cercospora sojina,GCA_004299825.1
Cercospora sojina,GCA_024499215.1
Cercospora sojina S9,GCA_002084285.1
Cercospora sp. J1 LZ-2022,GCA_022965775.1
Cercospora tecta,GCA_049191215.1
Cercospora zeae-maydis,GCA_023512815.1
Cercospora zeae-maydis SCOH1-5,GCA_010093985.1
Cercospora zeina,GCA_002844615.3
Cercospora zeina,GCA_022702355.1
Cerioporus squamosus,GCA_022592435.1
Ceriporiopsis andreanae CBS 279.92,GCA_001969225.1
Cerrena zonata,GCA_038087015.1
Cetradonia linearis,GCA_003521265.1
Chaenotheca gracillima,GCA_026023695.1
Chaetomella raphigera,GCA_040369945.1
Chaetomiaceae sp. B2702,GCA_023628455.1
Chaetomiaceae sp. PF1801,GCA_023628475.1
Chaetomiaceae sp. PT3202,GCA_023628495.1
Chaetomiaceae sp. PYS4301M,GCA_023628425.1
Chaetomiaceae sp. R4402,GCA_023628555.1
Chaetomidium leptoderma,GCA_033296705.1
Chaetomium cochliodes,GCA_001752565.1
Chaetomium cochliodes,GCA_023383405.1
Chaetomium fimeti,GCA_033439085.1
Chaetomium globosum,GCA_023628515.1
Chaetomium globosum,GCA_023628535.1
Chaetomium globosum,GCA_023628575.1
Chaetomium globosum,GCA_023628595.1
Chaetomium globosum,GCA_023628615.1
Chaetomium globosum,GCA_023628635.1
Chaetomium globosum,GCA_023628675.1
Chaetomium globosum,GCA_025503015.1
Chaetomium globosum,GCA_047652195.1
Chaetomium globosum,GCA_050883585.1
Chaetomium globosum,GCA_056320445.1
Chaetomium globosum CBS 148.51,GCA_000143365.1
Chaetomium olivaceum,GCA_039881045.1
Chaetomium olivicolor,GCA_041956415.1
Chaetomium sp. MPI-CAGE-AT-0009,GCA_020736525.1
Chaetomium sp. MPI-SDFR-AT-0129,GCA_020726445.1
Chaetomium strumarium,GCA_033439665.1
Chaetomium tenue,GCA_020726465.1
Chaetoscypha palmicola,GCA_003988945.1
Chaetothyriales sp. BF4,GCA_049996355.1
Chaetothyriales sp. CBS 132003,GCA_003709865.1
Chaetothyriales sp. CBS 134916,GCA_003709845.1
Chaetothyriales sp. CBS 134920,GCA_003693665.1
Chaetothyriales sp. CBS 135597,GCA_003709825.1
Chalaropsis ovoidea,GCA_038407185.1
Chalaropsis thielavioides,GCA_001599435.1
Chalaropsis thielavioides,GCA_038407255.1
Chalciporus aff. trinitensis,GCA_038089015.1
Chalciporus chontae,GCA_038089555.1
Chalciporus piperatoides,GCA_038092975.1
Chalciporus piperatus,GCA_038093675.1
Chalciporus piperatus,GCA_038093975.1
Chalciporus pseudorubinellus,GCA_038092895.1
Chalciporus rubritubifer,GCA_038092735.1
Chalciporus sp. G4409,GCA_041721635.1
Chalciporus sphaerocephalus,GCA_038094055.1
Chernovozyma aurita,GCA_030566905.1
Chernovozyma palmyrensis,GCA_030558275.1
Chernovozyma sophiae-reginae,GCA_030564725.1
Chiua aff. virens,GCA_038094695.1
Chiua virens,GCA_003316485.1
Chiua virens,GCA_019787685.1
Chiua virens,GCA_038090355.1
Chlamydoabsidia padenii,GCA_025330725.1
Chlorencoelia australis,GCA_003988815.1
Chloridium humicola,GCA_027569505.1
Chlorociboria aeruginascens,GCA_002276475.2
Chlorociboria aeruginascens,GCA_040112845.1
Chlorociboria aeruginosa,GCA_040112755.1
Chlorociboria aeruginosa,GCA_040112785.1
Choanephora cucurbitarum,GCA_001683725.1
Choanephora cucurbitarum,GCA_025331435.1
Choanephora infundibulifera,GCA_049334105.2
Choiromyces venosus 120613-1,GCA_003788595.2
Chondrostereum purpureum,GCA_004354395.1
Chroogomphus rutilus,GCA_003314275.1
Chrysoporthe austroafricana,GCA_001051155.2
Chrysoporthe austroafricana,GCA_016071805.1
Chrysoporthe cubensis,GCA_001282315.2
Chrysoporthe cubensis,GCA_004802525.1
Chrysoporthe deuterocubensis,GCA_001513825.2
Chrysoporthe puriensis,GCA_015678955.1
Chrysoporthe syzygiicola,GCA_030710335.1
Chrysoporthe zambiensis,GCA_030710355.1
Chrysosphaeria jannelii,GCA_020002325.1
Chrysosporium keratinophilum,GCA_029850275.1
Chrysosporium queenslandicum,GCA_001430955.1
Chrysothrix sp. TS-e1954,GCA_026023555.1
Chytridiales sp. JEL 0842,GCA_027604305.1
Chytridiomycetes sp.,GCA_023347005.1
Chytridiomycetes sp.,GCA_023347045.1
Chytridium lagenaria,GCA_025449115.1
Chytriomyces cf. hyalinus JEL632,GCA_025435555.1
Chytriomyces confervae,GCA_006535975.1
Chytriomyces hyalinus,GCA_027604085.1
Chytriomyces hyalinus,GCA_027604105.1
Chytriomyces hyalinus,GCA_027604165.1
Chytriomyces hyalinus,GCA_027604745.1
Chytriomyces sp. MP71,GCA_025201725.1
Ciboria batschiana,GCA_040955815.1
Ciboria shiraiana,GCA_008122225.1
Ciborinia camelliae,GCA_001247705.1
Ciborinia camelliae,GCA_025890175.1
Cinnamomeonectria cinnamomea,GCA_045528725.1
Circinaria calcarea,GCA_051942165.1
Circinella minor,GCA_016758965.1
Circinella umbellata,GCA_025093555.1
Cirrosporium novae-zelandiae,GCA_026023565.1
Citeromyces hawaiiensis,GCA_003706345.1
Citeromyces hawaiiensis,GCA_030567395.1
Citeromyces matritensis,GCA_003243085.1
Citeromyces matritensis,GCA_003705165.1
Citeromyces matritensis,GCA_030570875.1
Citeromyces nyonsensis,GCA_030580415.1
Citeromyces siamensis,GCA_003706365.1
Cladobotryum mycophilum,GCA_032358155.1
Cladobotryum mycophilum,GCA_036429605.1
Cladobotryum protrusum,GCA_004303015.1
Cladobotryum sp. ATHUM 6904,GCA_054824665.1
Cladochytrium replicatum,GCA_025526935.1
Cladochytrium tenue,GCA_026954515.1
Cladonia borealis,GCA_018257855.2
Cladonia kurokawae,GCA_054654975.1
Cladonia macilenta KoLRI003786,GCA_000444155.1
Cladonia metacorallifera KoLRI002260,GCA_000482085.2
Cladonia rangiferina,GCA_006146055.1
Cladonia rangiferina,GCA_023065455.1
Cladonia stellaris,GCA_040955005.1
Cladonia stellaris,GCA_040955015.1
Cladonia uncialis,GCA_002927785.1
Cladophialophora bantiana,GCA_054502105.1
Cladophialophora bantiana,GCA_054502125.1
Cladophialophora bantiana,GCA_054502145.1
Cladophialophora bantiana,GCA_054502165.1
Cladophialophora bantiana,GCA_054502185.1
Cladophialophora bantiana CBS 173.52,GCA_000835475.1
Cladophialophora brunneola,GCA_040207545.1
Cladophialophora carrionii,GCA_001700775.1
Cladophialophora carrionii CBS 160.54,GCA_000365165.2
Cladophialophora chaetospira,GCA_030247875.1
Cladophialophora endolichena,GCA_049996375.1
Cladophialophora exuberans,GCA_030068005.1
Cladophialophora immunda,GCA_000785585.1
Cladophialophora immunda,GCA_000835495.1
Cladophialophora psammophila CBS 110553,GCA_000585535.1
Cladophialophora yegresii CBS 114405,GCA_000585515.1
Cladorrhinum samala,GCA_033576145.1
Cladorrhinum sp. PSN259,GCA_033725935.1
Cladorrhinum sp. PSN332,GCA_033297175.1
Cladosporiales sp.,GCA_024708745.1
Cladosporium allicinum,GCA_052576325.1
Cladosporium antarcticum,GCA_037044025.1
Cladosporium anthropophilum,GCA_052324165.1
Cladosporium anthropophilum,GCA_052324185.1
Cladosporium asperulatum,GCA_052324025.1
Cladosporium austrohemisphaericum,GCA_022813715.1
Cladosporium austrohemisphaericum,GCA_022813755.1
Cladosporium cf. tenuissimum,GCA_052324205.1
Cladosporium cladosporioides,GCA_002901145.1
Cladosporium cladosporioides,GCA_018408255.1
Cladosporium cladosporioides,GCA_018408295.1
Cladosporium cladosporioides,GCA_018408335.1
Cladosporium cladosporioides,GCA_022457075.1
Cladosporium cladosporioides,GCA_046629905.1
Cladosporium cladosporioides,GCA_052324215.1
Cladosporium cladosporioides,GCA_056320225.1
Cladosporium cladosporioides,GCA_056320455.1
Cladosporium colombiae,GCA_019775475.1
Cladosporium colombiae,GCA_022814635.1
Cladosporium colombiae,GCA_026122715.1
Cladosporium cucumerinum,GCA_021219475.1
Cladosporium cucumerinum,GCA_022560005.1
Cladosporium cucumerinum,GCA_023634325.1
Cladosporium cucumerinum,GCA_046629925.1
Cladosporium dominicanum,GCA_052323965.1
Cladosporium endophyticum,GCA_022814475.1
Cladosporium endophyticum,GCA_037044255.1
Cladosporium fusiforme,GCA_052576345.1
Cladosporium halotolerans,GCA_011745625.2
Cladosporium halotolerans,GCA_052323925.1
Cladosporium inversicolor,GCA_052576375.1
Cladosporium lebrasiae,GCA_052323985.1
Cladosporium oxysporum,GCA_021018855.1
Cladosporium oxysporum,GCA_035771495.1
Cladosporium oxysporum,GCA_052324125.1
Cladosporium phlei,GCA_003614995.1
Cladosporium pseudocladosporioides,GCA_052324145.1
Cladosporium ramotenellum,GCA_052324005.1
Cladosporium rectoides,GCA_046128805.1
Cladosporium sp. BF-F,GCA_030463185.1
Cladosporium sp. BSL10,GCA_001553865.1
Cladosporium sp. D2B6,GCA_023627725.1
Cladosporium sp. F165,GCA_037042895.2
Cladosporium sp. F190,GCA_037042825.2
Cladosporium sp. IMV 00045,GCA_001931905.2
Cladosporium sp. MBC 237,GCA_030772445.1
Cladosporium sp. MBC 869,GCA_030787115.1
Cladosporium sp. NU13,GCA_054600595.1
Cladosporium sp. SL-16,GCA_002921095.1
Cladosporium sp. SW67,GCA_018703675.1
Cladosporium sp. VS III D KN 1,GCA_019775635.1
Cladosporium sp. ZJUC115,GCA_052324105.1
Cladosporium sphaerospermum,GCA_019191205.1
Cladosporium sphaerospermum,GCA_023621355.1
Cladosporium sphaerospermum,GCA_052323905.1
Cladosporium sphaerospermum UM 843,GCA_000261425.2
Cladosporium subtilissimum,GCA_041721165.1
Cladosporium subuliforme,GCA_052324085.1
Cladosporium tenuissimum,GCA_046128905.1
Cladosporium tenuissimum,GCA_046629865.1
Cladosporium tenuissimum,GCA_052324245.1
Cladosporium tenuissimum,GCA_052324265.1
Cladosporium tenuissimum,GCA_052324285.1
Cladosporium tenuissimum,GCA_052324305.1
Cladosporium velox,GCA_024604135.1
Cladosporium velox,GCA_052323945.1
Cladosporium xanthochromaticum,GCA_052324045.1
Cladosporium xanthochromaticum,GCA_052324065.1
Clarireedia aff. paspali H2,GCA_026770245.1
Clarireedia hainanense,GCA_026225975.1
Clarireedia hainanense,GCA_026226015.1
Clarireedia homoeocarpa,GCA_001465935.1
Clarireedia homoeocarpa,GCA_001465945.1
Clarireedia homoeocarpa LT30,GCA_000280825.1
Clarireedia jacksonii,GCA_002242905.1
Clarireedia jacksonii,GCA_002242965.1
Clarireedia jacksonii,GCA_002242995.1
Clarireedia jacksonii,GCA_026225895.1
Clarireedia jacksonii,GCA_026225995.1
Clarireedia jacksonii,GCA_026226055.1
Clarireedia jacksonii,GCA_026229915.1
Clarireedia jacksonii,GCA_052935175.1
Clarireedia jacksonii,GCA_052935195.1
Clarireedia monteithiana,GCA_002242835.1
Clarireedia monteithiana,GCA_002242955.1
Clarireedia monteithiana,GCA_026226035.1
Clarireedia paspali,GCA_026225955.1
Clarireedia paspali,GCA_026226175.1
Clarireedia sp. CPB17,GCA_002242865.1
Clarireedia sp. SE16F4,GCA_002242985.1
Clathrospora elynae,GCA_010015635.1
Clathrus columnatus,GCA_020884735.1
Claussenomyces sp. TS43310,GCA_026023515.1
Clavaria fumosa,GCA_001179745.1
Clavariopsis aquatica,GCA_013620735.1
Claviceps aff. humidiphila group G2b,GCA_018360325.1
Claviceps aff. purpurea,GCA_018361025.1
Claviceps aff. purpurea,GCA_022285415.1
Claviceps africana,GCA_018360145.1
Claviceps arundinis,GCA_004016465.1
Claviceps arundinis,GCA_018360085.1
Claviceps arundinis,GCA_018360175.1
Claviceps arundinis,GCA_022288615.1
Claviceps bavariensis,GCA_004016155.1
Claviceps capensis,GCA_018360045.1
Claviceps capensis,GCA_022288535.1
Claviceps citrina,GCA_018360365.1
Claviceps cyperi,GCA_018360075.1
Claviceps cyperi,GCA_022288585.1
Claviceps digitariae,GCA_018360205.1
Claviceps fusiformis,GCA_051527515.1
Claviceps fusiformis PRL 1980,GCA_000223055.1
Claviceps humidiphila,GCA_018360465.1
Claviceps lovelessii,GCA_018360185.1
Claviceps maximensis,GCA_018360255.1
Claviceps monticola,GCA_018360055.1
Claviceps monticola,GCA_022288675.1
Claviceps occidentalis,GCA_004016105.1
Claviceps paspali,GCA_013168865.1
Claviceps paspali,GCA_013435705.1
Claviceps paspali,GCA_051528995.1
Claviceps paspali RRC 1481,GCA_000223175.2
Claviceps pazoutovae,GCA_018360065.1
Claviceps pazoutovae,GCA_022288525.1
Claviceps perihumidiphila,GCA_004016475.1
Claviceps purpurea,GCA_004016095.1
Claviceps purpurea,GCA_004016165.1
Claviceps purpurea,GCA_018360475.1
Claviceps purpurea,GCA_018360535.1
Claviceps purpurea,GCA_018360565.1
Claviceps purpurea,GCA_018360585.1
Claviceps purpurea,GCA_018360605.1
Claviceps purpurea,GCA_018360655.1
Claviceps purpurea,GCA_018360675.1
Claviceps purpurea,GCA_018360685.1
Claviceps purpurea,GCA_018360725.1
Claviceps purpurea,GCA_018360735.1
Claviceps purpurea,GCA_018360745.1
Claviceps purpurea,GCA_018360755.1
Claviceps purpurea,GCA_018360765.1
Claviceps purpurea,GCA_018360825.1
Claviceps purpurea,GCA_018360835.1
Claviceps purpurea,GCA_018360845.1
Claviceps purpurea,GCA_018360855.1
Claviceps purpurea,GCA_018360865.1
Claviceps purpurea,GCA_018360905.1
Claviceps purpurea,GCA_018360925.1
Claviceps purpurea,GCA_018360935.1
Claviceps purpurea,GCA_018360955.1
Claviceps purpurea,GCA_018360975.1
Claviceps purpurea,GCA_022275495.1
Claviceps purpurea,GCA_022276165.1
Claviceps purpurea,GCA_022276175.1
Claviceps purpurea,GCA_022277755.1
Claviceps purpurea,GCA_022278005.1
Claviceps purpurea,GCA_022278315.1
Claviceps purpurea,GCA_022278325.1
Claviceps purpurea,GCA_022278435.1
Claviceps purpurea,GCA_022280575.1
Claviceps purpurea,GCA_022280885.1
Claviceps purpurea,GCA_022280935.1
Claviceps purpurea,GCA_022281405.1
Claviceps purpurea,GCA_022281415.1
Claviceps purpurea,GCA_022282795.1
Claviceps purpurea,GCA_022283425.1
Claviceps purpurea,GCA_022283695.1
Claviceps purpurea,GCA_022284835.1
Claviceps purpurea,GCA_022285405.1
Claviceps purpurea,GCA_022287175.1
Claviceps purpurea,GCA_022287665.1
Claviceps purpurea,GCA_022287755.1
Claviceps purpurea,GCA_022288595.1
Claviceps purpurea,GCA_022288605.1
Claviceps purpurea,GCA_022288665.1
Claviceps purpurea,GCA_029405315.1
Claviceps purpurea,GCA_029405325.1
Claviceps purpurea,GCA_029405515.1
Claviceps purpurea,GCA_051527455.1
Claviceps purpurea,GCA_051527475.1
Claviceps purpurea,GCA_051527495.1
Claviceps purpurea,GCA_051529475.1
Claviceps purpurea 20.1,GCA_000347355.1
Claviceps pusilla,GCA_018360225.1
Claviceps quebecensis,GCA_004016085.1
Claviceps ripicola,GCA_004016145.1
Claviceps ripicola,GCA_004016175.1
Claviceps sorghi,GCA_018360135.1
Claviceps sp. Clav32 group G5,GCA_018360355.1
Claviceps sp. Clav32 group G5,GCA_022286875.1
Claviceps sp. Clav50 group G5,GCA_018360525.1
Claviceps sp. Clav50 group G5,GCA_022286325.1
Claviceps sp. LM218 group G6,GCA_018360435.1
Claviceps sp. LM219 group G6,GCA_018360595.1
Claviceps sp. LM219 group G6,GCA_022283685.1
Claviceps sp. LM220 group G6,GCA_018360445.1
Claviceps sp. LM220 group G6,GCA_022283535.1
Claviceps sp. LM454 group G7,GCA_018360575.1
Claviceps sp. LM458 group G5,GCA_018360275.1
Claviceps sp. LM77 group G4,GCA_018360375.1
Claviceps sp. LM77 group G4,GCA_022275505.1
Claviceps sp. LM78 group G4,GCA_018360385.1
Claviceps sp. LM84 group G4,GCA_018360345.1
Claviceps sp. LM84 group G4,GCA_022275515.1
Claviceps spartinae,GCA_018360215.1
Claviceps spartinae,GCA_022288495.1
Claviceps viridis,GCA_051528945.1
Clavispora asparagi,GCA_030573135.1
Clavispora carvajalis,GCA_030581635.1
Clavispora fructus,GCA_003707795.2
Clavispora fructus,GCA_030557895.1
Clavispora lusitaniae,GCA_001673695.2
Clavispora lusitaniae,GCA_003675435.1
Clavispora lusitaniae,GCA_003675455.1
Clavispora lusitaniae,GCA_003675475.1
Clavispora lusitaniae,GCA_003675495.1
Clavispora lusitaniae,GCA_003675505.1
Clavispora lusitaniae,GCA_003675535.1
Clavispora lusitaniae,GCA_003675555.2
Clavispora lusitaniae,GCA_003675575.1
Clavispora lusitaniae,GCA_003675595.1
Clavispora lusitaniae,GCA_003675615.1
Clavispora lusitaniae,GCA_003675625.1
Clavispora lusitaniae,GCA_003675655.1
Clavispora lusitaniae,GCA_003675665.1
Clavispora lusitaniae,GCA_003675685.1
Clavispora lusitaniae,GCA_003675715.1
Clavispora lusitaniae,GCA_003675725.1
Clavispora lusitaniae,GCA_003675755.1
Clavispora lusitaniae,GCA_003675775.1
Clavispora lusitaniae,GCA_003675795.1
Clavispora lusitaniae,GCA_003675805.1
Clavispora lusitaniae,GCA_003675835.1
Clavispora lusitaniae,GCA_004026375.1
Clavispora lusitaniae,GCA_009498055.1
Clavispora lusitaniae,GCA_009498075.1
Clavispora lusitaniae,GCA_009498095.1
Clavispora lusitaniae,GCA_009498115.1
Clavispora lusitaniae,GCA_009498135.1
Clavispora lusitaniae,GCA_014636115.1
Clavispora lusitaniae,GCA_023627755.1
Clavispora lusitaniae,GCA_023627815.1
Clavispora lusitaniae,GCA_023627835.1
Clavispora lusitaniae,GCA_025503755.1
Clavispora lusitaniae,GCA_030449025.1
Clavispora lusitaniae,GCA_032358335.1
Clavispora lusitaniae,GCA_032358355.1
Clavispora lusitaniae,GCA_032358375.1
Clavispora lusitaniae,GCA_032358395.1
Clavispora lusitaniae,GCA_032358415.1
Clavispora lusitaniae,GCA_032358435.1
Clavispora lusitaniae,GCA_032358455.1
Clavispora lusitaniae,GCA_032358475.1
Clavispora lusitaniae,GCA_032358495.1
Clavispora lusitaniae,GCA_032358515.1
Clavispora lusitaniae,GCA_032358535.1
Clavispora lusitaniae,GCA_032358555.1
Clavispora lusitaniae,GCA_032358695.1
Clavispora lusitaniae,GCA_032358705.1
Clavispora lusitaniae,GCA_032358735.1
Clavispora lusitaniae,GCA_032358755.1
Clavispora lusitaniae,GCA_032358895.1
Clavispora lusitaniae,GCA_032358915.1
Clavispora lusitaniae,GCA_032358935.1
Clavispora lusitaniae,GCA_032358955.1
Clavispora lusitaniae,GCA_032358995.1
Clavispora lusitaniae,GCA_032359075.1
Clavispora lusitaniae,GCA_032359115.1
Clavispora lusitaniae,GCA_032360665.1
Clavispora lusitaniae,GCA_032599065.1
Clavispora lusitaniae,GCA_032599085.1
Clavispora lusitaniae,GCA_032599105.1
Clavispora lusitaniae,GCA_032599125.1
Clavispora lusitaniae,GCA_032599145.1
Clavispora lusitaniae,GCA_032599165.1
Clavispora lusitaniae,GCA_032599185.1
Clavispora lusitaniae,GCA_032599205.1
Clavispora lusitaniae,GCA_032599225.1
Clavispora lusitaniae,GCA_037041735.1
Clavispora lusitaniae,GCA_037041855.1
Clavispora lusitaniae,GCA_037041895.1
Clavispora lusitaniae,GCA_037041915.1
Clavispora lusitaniae,GCA_044592885.1
Clavispora lusitaniae,GCA_046134245.1
Clavispora lusitaniae,GCA_046134305.1
Clavispora lusitaniae,GCA_046134355.1
Clavispora lusitaniae,GCA_046134425.1
Clavispora lusitaniae,GCA_046134495.1
Clavispora lusitaniae,GCA_046134525.1
Clavispora lusitaniae,GCA_046134595.1
Clavispora lusitaniae,GCA_046134615.1
Clavispora lusitaniae,GCA_046134635.1
Clavispora lusitaniae,GCA_046134705.1
Clavispora lusitaniae,GCA_046134755.1
Clavispora lusitaniae,GCA_046134795.1
Clavispora lusitaniae,GCA_046134835.1
Clavispora lusitaniae,GCA_050916175.1
Clavispora lusitaniae ATCC 42720,GCA_000003835.1
Clavispora lusitaniae MTCC 1001,GCA_000410855.1
Clavispora opuntiae,GCA_030574075.1
Clavispora paralusitaniae,GCA_022058765.1
Clavispora phyllophila,GCA_030674715.1
Clavispora santaluciae,GCA_022577415.1
Clavispora santaluciae,GCA_022577425.1
Clavispora santaluciae,GCA_022577575.1
Clavispora santaluciae,GCA_022577645.1
Clavispora santaluciae,GCA_022577675.1
Clavispora sp. CDBB-L-2031,GCA_054084085.1
Clavispora vitiphila,GCA_030557995.1
Clavulina sp. PMI_390,GCA_015039315.1
Clitopilus abprunulus,GCA_054134965.1
Clitopilus hobsonii,GCA_015708445.2
Clitopilus hobsonii,GCA_054134875.1
Clitopilus hobsonii,GCA_054134975.1
Clitopilus scyphoides,GCA_054134845.1
Clohesyomyces aquaticus,GCA_002105025.1
Clonostachys chloroleuca,GCA_037952775.1
Clonostachys chloroleuca,GCA_044120865.1
Clonostachys chloroleuca,GCA_044120885.1
Clonostachys chloroleuca,GCA_051020885.1
Clonostachys rhizophaga,GCA_044120895.1
Clonostachys rosea,GCA_000963775.2
Clonostachys rosea,GCA_001640285.1
Clonostachys rosea,GCA_014925725.1
Clonostachys rosea,GCA_014925755.1
Clonostachys rosea,GCA_015832225.1
Clonostachys rosea,GCA_019843565.1
Clonostachys rosea,GCA_019843725.1
Clonostachys rosea,GCA_026769995.1
Clonostachys rosea,GCA_026958235.1
Clonostachys rosea,GCA_029618705.1
Clonostachys rosea,GCA_039877235.1
Clonostachys rosea,GCA_041380665.1
Clonostachys rosea,GCA_054828895.1
Clonostachys sp. FPYF6005,GCA_052938495.1
Clonostachys sp. G600,GCA_027569955.1
Clonostachys sp. G952,GCA_027569935.1
Clydaea vesicula,GCA_027604065.1
Coccidioides immitis,GCA_004115165.2
Coccidioides immitis H538.4,GCA_000149815.1
Coccidioides immitis RMSCC 2394,GCA_000149895.1
Coccidioides immitis RMSCC 3703,GCA_000150085.1
Coccidioides immitis RS,GCA_000149335.2
Coccidioides posadasii,GCA_020976775.1
Coccidioides posadasii,GCA_020976795.1
Coccidioides posadasii C735 delta SOWgp,GCA_000151335.1
Coccidioides posadasii CPA 0001,GCA_000150245.1
Coccidioides posadasii CPA 0020,GCA_000150615.1
Coccidioides posadasii CPA 0066,GCA_000150645.1
Coccidioides posadasii RMSCC 1037,GCA_000150555.1
Coccidioides posadasii RMSCC 1038,GCA_000150585.1
Coccidioides posadasii RMSCC 2133,GCA_000150185.1
Coccidioides posadasii RMSCC 3488,GCA_000150055.1
Coccidioides posadasii RMSCC 3700,GCA_000150215.1
Coccidioides posadasii str. Silveira,GCA_000170175.2
Coccidioides posadasii str. Silveira,GCA_018416015.2
Coccinonectria pachysandricola,GCA_003693555.1
Coccinonectria pachysandricola,GCA_013283235.1
Cochlonema odontosperma,GCA_004114315.1
Codinaeella sp. EC4,GCA_046563265.1
Coelomomyces lativittatus,GCA_026928455.1
Coelomomyces lativittatus,GCA_026937105.1
Coelomomyces lativittatus,GCA_026937265.1
Coemansia aciculifera,GCA_027579375.1
Coemansia aciculifera,GCA_027579385.1
Coemansia aciculifera,GCA_027579645.1
Coemansia aciculifera,GCA_027579785.1
Coemansia aciculifera,GCA_027579955.1
Coemansia asiatica,GCA_027478445.1
Coemansia asiatica,GCA_027579625.1
Coemansia biformis,GCA_027595825.1
Coemansia brasiliensis,GCA_027579605.1
Coemansia erecta,GCA_027574685.1
Coemansia erecta,GCA_027579345.1
Coemansia erecta,GCA_027579355.1
Coemansia erecta,GCA_027579565.1
Coemansia erecta,GCA_027579585.1
Coemansia furcata,GCA_027579325.1
Coemansia furcata,GCA_027579525.1
Coemansia guatemalensis,GCA_027579505.1
Coemansia helicoidea,GCA_027579315.1
Coemansia interrupta,GCA_027579055.1
Coemansia javaensis,GCA_027579115.1
Coemansia linderi,GCA_027579275.1
Coemansia mojavensis,GCA_025766245.1
Coemansia nantahalensis,GCA_027579095.1
Coemansia nantahalensis,GCA_027579485.1
Coemansia pectinata,GCA_027579255.1
Coemansia reversa NRRL 1564,GCA_002705745.1
Coemansia sp. 'formosensis',GCA_027579295.1
Coemansia sp. BCRC 34301,GCA_027579235.1
Coemansia sp. BCRC 34490,GCA_027579215.1
Coemansia sp. BCRC 34962,GCA_027579075.1
Coemansia sp. Benny D115,GCA_027579155.1
Coemansia sp. Benny D160-2,GCA_027595805.1
Coemansia sp. Cherry 401B,GCA_027579015.1
Coemansia sp. D1744,GCA_027579035.1
Coemansia sp. IMI 203386,GCA_027579175.1
Coemansia sp. IMI 209127,GCA_027575815.1
Coemansia sp. IMI 209128,GCA_027578995.1
Coemansia sp. RSA 1085,GCA_027578775.1
Coemansia sp. RSA 1086,GCA_027595785.1
Coemansia sp. RSA 1199,GCA_027578755.1
Coemansia sp. RSA 1200,GCA_027578915.1
Coemansia sp. RSA 1250,GCA_027578955.1
Coemansia sp. RSA 1285,GCA_027578935.1
Coemansia sp. RSA 1286,GCA_027578875.1
Coemansia sp. RSA 1287,GCA_027578735.1
Coemansia sp. RSA 1290,GCA_027578715.1
Coemansia sp. RSA 1358,GCA_027578675.1
Coemansia sp. RSA 1365,GCA_027578695.1
Coemansia sp. RSA 1591,GCA_027575545.1
Coemansia sp. RSA 1646,GCA_027478935.1
Coemansia sp. RSA 1694,GCA_027578655.1
Coemansia sp. RSA 1721,GCA_027578855.1
Coemansia sp. RSA 1722,GCA_027579135.1
Coemansia sp. RSA 1752,GCA_027575525.1
Coemansia sp. RSA 1797,GCA_027578795.1
Coemansia sp. RSA 1804,GCA_027578815.1
Coemansia sp. RSA 1807,GCA_027578635.1
Coemansia sp. RSA 1813,GCA_027578555.1
Coemansia sp. RSA 1821,GCA_027595765.1
Coemansia sp. RSA 1822,GCA_027578615.1
Coemansia sp. RSA 1824,GCA_027575465.1
Coemansia sp. RSA 1836,GCA_027578595.1
Coemansia sp. RSA 1843,GCA_027575445.1
Coemansia sp. RSA 1853,GCA_027578575.1
Coemansia sp. RSA 1878,GCA_027579465.1
Coemansia sp. RSA 1933,GCA_027578535.1
Coemansia sp. RSA 1935,GCA_027578515.1
Coemansia sp. RSA 1937,GCA_027578435.1
Coemansia sp. RSA 1938,GCA_027575425.1
Coemansia sp. RSA 1939,GCA_027578395.1
Coemansia sp. RSA 1972,GCA_027578415.1
Coemansia sp. RSA 2049,GCA_027578335.1
Coemansia sp. RSA 2050,GCA_027578835.1
Coemansia sp. RSA 2052,GCA_027578455.1
Coemansia sp. RSA 2131,GCA_027578375.1
Coemansia sp. RSA 2167,GCA_027575405.1
Coemansia sp. RSA 2320,GCA_027578355.1
Coemansia sp. RSA 2322,GCA_027578315.1
Coemansia sp. RSA 2336,GCA_027578295.1
Coemansia sp. RSA 2337,GCA_027578255.1
Coemansia sp. RSA 2399,GCA_027575385.1
Coemansia sp. RSA 2424,GCA_027578275.1
Coemansia sp. RSA 2440,GCA_027578235.1
Coemansia sp. RSA 25,GCA_027478835.1
Coemansia sp. RSA 2522,GCA_027578195.1
Coemansia sp. RSA 2523,GCA_027575375.1
Coemansia sp. RSA 2524,GCA_027578135.1
Coemansia sp. RSA 2526,GCA_027578095.1
Coemansia sp. RSA 2530,GCA_027578115.1
Coemansia sp. RSA 2531,GCA_027578175.1
Coemansia sp. RSA 2559,GCA_027578075.1
Coemansia sp. RSA 2598,GCA_027575355.1
Coemansia sp. RSA 2599,GCA_027575335.1
Coemansia sp. RSA 2603,GCA_027578035.1
Coemansia sp. RSA 2607,GCA_027578475.1
Coemansia sp. RSA 2610,GCA_027578495.1
Coemansia sp. RSA 2611,GCA_027578055.1
Coemansia sp. RSA 2618,GCA_027578015.1
Coemansia sp. RSA 2671,GCA_027577995.1
Coemansia sp. RSA 2673,GCA_027577955.1
Coemansia sp. RSA 2675,GCA_027575325.1
Coemansia sp. RSA 2681,GCA_027577975.1
Coemansia sp. RSA 2702,GCA_027577845.1
Coemansia sp. RSA 2703,GCA_027575745.1
Coemansia sp. RSA 2704,GCA_027577765.1
Coemansia sp. RSA 2705,GCA_027577835.1
Coemansia sp. RSA 2706,GCA_027577715.1
Coemansia sp. RSA 2708,GCA_027575305.1
Coemansia sp. RSA 2711,GCA_027575275.1
Coemansia sp. RSA 353,GCA_027577855.1
Coemansia sp. RSA 355,GCA_027577745.1
Coemansia sp. RSA 370,GCA_027578155.1
Coemansia sp. RSA 371,GCA_027577695.1
Coemansia sp. RSA 376,GCA_027577675.1
Coemansia sp. RSA 451,GCA_027577615.1
Coemansia sp. RSA 454,GCA_027577655.1
Coemansia sp. RSA 455,GCA_027578215.1
Coemansia sp. RSA 475,GCA_027577635.1
Coemansia sp. RSA 485,GCA_027577815.1
Coemansia sp. RSA 486,GCA_027575725.1
Coemansia sp. RSA 487,GCA_027577595.1
Coemansia sp. RSA 518,GCA_027577725.1
Coemansia sp. RSA 520,GCA_027577775.1
Coemansia sp. RSA 521,GCA_027577435.1
Coemansia sp. RSA 522,GCA_027577455.1
Coemansia sp. RSA 530,GCA_027577795.1
Coemansia sp. RSA 532,GCA_027577575.1
Coemansia sp. RSA 551,GCA_027577555.1
Coemansia sp. RSA 552,GCA_027577535.1
Coemansia sp. RSA 560,GCA_027577395.1
Coemansia sp. RSA 562,GCA_027577375.1
Coemansia sp. RSA 564,GCA_027577335.1
Coemansia sp. RSA 637,GCA_027577345.1
Coemansia sp. RSA 638,GCA_027575695.1
Coemansia sp. RSA 678,GCA_027577515.1
Coemansia sp. RSA 720,GCA_027577495.1
Coemansia sp. RSA 788,GCA_027577475.1
Coemansia sp. RSA 921,GCA_027577315.1
Coemansia sp. RSA 922,GCA_027577415.1
Coemansia sp. RSA 986,GCA_027577295.1
Coemansia sp. RSA 988,GCA_027577275.1
Coemansia sp. RSA 989,GCA_027575685.1
Coemansia sp. RSA 990,GCA_027575675.1
Coemansia sp. S100,GCA_027577255.1
Coemansia sp. S142-1,GCA_027577235.1
Coemansia sp. S146,GCA_027577175.1
Coemansia sp. S155-1,GCA_027577215.1
Coemansia sp. S16,GCA_027577195.1
Coemansia sp. S17,GCA_027575625.1
Coemansia sp. S2,GCA_027577155.1
Coemansia sp. S3946,GCA_027577135.1
Coemansia sp. S610,GCA_027577095.1
Coemansia sp. S680,GCA_027577115.1
Coemansia sp. S85,GCA_027577075.1
Coemansia spiralis,GCA_025766305.1
Coemansia spiralis,GCA_027578895.1
Coemansia spiralis,GCA_027578975.1
Coemansia spiralis,GCA_027579195.1
Coemansia thaxteri,GCA_027577035.1
Coemansia thaxteri,GCA_027577055.1
Coemansia umbellata,GCA_027576975.1
Cokeromyces recurvatus,GCA_025118155.1
Cokeromyces recurvatus B5483,GCA_000697235.1
Coleophoma crateriformis,GCA_003369635.1
Coleophoma cylindrospora,GCA_003369665.1
Coleophoma eucalyptorum,GCA_026120035.1
Collariella sp. IMI 366227,GCA_027946355.1
Colletotrichum abscissum,GCA_023376855.1
Colletotrichum abscissum,GCA_030869225.1
Colletotrichum abscissum,GCA_047371005.1
Colletotrichum acutatum,GCA_001662755.1
Colletotrichum acutatum,GCA_019022555.1
Colletotrichum acutatum,GCA_020457905.1
Colletotrichum acutatum,GCA_020457915.1
Colletotrichum acutatum,GCA_020457925.1
Colletotrichum acutatum,GCA_020458275.1
Colletotrichum acutatum,GCA_020458295.1
Colletotrichum acutatum,GCA_020458395.1
Colletotrichum acutatum,GCA_020464265.1
Colletotrichum acutatum,GCA_020464275.1
Colletotrichum acutatum,GCA_020464295.1
Colletotrichum acutatum,GCA_020465715.1
Colletotrichum acutatum,GCA_020465735.1
Colletotrichum acutatum,GCA_020465745.1
Colletotrichum acutatum,GCA_020465775.1
Colletotrichum acutatum,GCA_020465795.1
Colletotrichum acutatum,GCA_020465815.1
Colletotrichum acutatum,GCA_020465835.1
Colletotrichum acutatum,GCA_020465855.1
Colletotrichum acutatum,GCA_020465875.1
Colletotrichum acutatum,GCA_020465895.1
Colletotrichum acutatum,GCA_020465915.1
Colletotrichum acutatum,GCA_020465945.1
Colletotrichum acutatum,GCA_021124905.1
Colletotrichum acutatum,GCA_030867785.1
Colletotrichum acutatum,GCA_037954465.1
Colletotrichum acutatum,GCA_040760105.1
Colletotrichum acutatum,GCA_049998925.1
Colletotrichum acutatum,GCA_049999025.1
Colletotrichum acutatum,GCA_049999045.1
Colletotrichum acutatum,GCA_049999125.1
Colletotrichum aenigma,GCA_013390185.1
Colletotrichum aenigma,GCA_022496045.1
Colletotrichum agaves,GCA_036785465.1
Colletotrichum asianum,GCA_009806415.1
Colletotrichum asianum,GCA_027406305.1
Colletotrichum asianum,GCA_027406345.1
Colletotrichum asianum,GCA_045514765.1
Colletotrichum australisinense (nom. inval.),GCA_014706365.1
Colletotrichum brevisporum,GCA_030770045.1
Colletotrichum camelliae,GCA_011947485.2
Colletotrichum camelliae,GCA_018853505.1
Colletotrichum camelliae,GCA_026740055.1
Colletotrichum caudatum,GCA_030867225.1
Colletotrichum cereale,GCA_030867335.1
Colletotrichum cereale,GCA_034509575.1
Colletotrichum cereale,GCA_034509595.1
Colletotrichum cereale,GCA_034509685.1
Colletotrichum cereale,GCA_034509705.1
Colletotrichum chlorophyti,GCA_001937105.1
Colletotrichum chrysophilum,GCA_026319215.1
Colletotrichum chrysophilum,GCA_026319245.1
Colletotrichum chrysophilum,GCA_026319265.1
Colletotrichum chrysophilum,GCA_031006325.1
Colletotrichum cliviicola,GCA_026119605.1
Colletotrichum coccodes,GCA_002249775.1
Colletotrichum coccodes,GCA_002249805.1
Colletotrichum coccodes,GCA_020466075.1
Colletotrichum cordylinicola,GCA_027406065.1
Colletotrichum costaricense,GCA_030867565.1
Colletotrichum cuscutae,GCA_030869315.1
Colletotrichum destructivum,GCA_009900065.1
Colletotrichum destructivum,GCA_034447905.1
Colletotrichum echinochloae,GCA_016618095.1
Colletotrichum eleusines,GCA_016807845.1
Colletotrichum endophyticum,GCA_027406105.1
Colletotrichum endophyticum,GCA_047496665.1
Colletotrichum eremochloae,GCA_030867245.1
Colletotrichum euphorbiae,GCA_037178605.1
Colletotrichum falcatum,GCA_001484525.1
Colletotrichum falcatum,GCA_019425465.1
Colletotrichum falcatum,GCA_030867235.1
Colletotrichum filicis,GCA_023376865.1
Colletotrichum filicis,GCA_055672545.1
Colletotrichum fioriniae,GCA_002930425.1
Colletotrichum fioriniae,GCA_002930455.1
Colletotrichum fioriniae,GCA_014705115.1
Colletotrichum fioriniae,GCA_014705205.1
Colletotrichum fioriniae,GCA_014705245.1
Colletotrichum fioriniae,GCA_014705265.1
Colletotrichum fioriniae,GCA_014705275.1
Colletotrichum fioriniae,GCA_014705285.1
Colletotrichum fioriniae,GCA_014705335.1
Colletotrichum fioriniae,GCA_014705365.1
Colletotrichum fioriniae,GCA_014705545.1
Colletotrichum fioriniae,GCA_014705555.1
Colletotrichum fioriniae,GCA_020464245.1
Colletotrichum fioriniae,GCA_020466255.1
Colletotrichum fioriniae,GCA_026319145.1
Colletotrichum fioriniae,GCA_026319165.1
Colletotrichum fioriniae,GCA_027942845.1
Colletotrichum fioriniae PJ7,GCA_000582985.1
Colletotrichum fructicola,GCA_002314275.2
Colletotrichum fructicola,GCA_002887685.1
Colletotrichum fructicola,GCA_009771025.1
Colletotrichum fructicola,GCA_012932255.1
Colletotrichum fructicola,GCA_013201875.1
Colletotrichum fructicola,GCA_013201905.1
Colletotrichum fructicola,GCA_013201925.1
Colletotrichum fructicola,GCA_013390205.1
Colletotrichum fructicola,GCA_014705485.1
Colletotrichum fructicola,GCA_017589655.1
Colletotrichum fructicola,GCA_024000835.1
Colletotrichum fructicola,GCA_025558505.1
Colletotrichum fructicola,GCA_027406145.1
Colletotrichum fructicola,GCA_027406265.1
Colletotrichum fructicola,GCA_027406285.1
Colletotrichum fructicola,GCA_039271565.1
Colletotrichum fructicola,GCA_040869005.1
Colletotrichum fructicola,GCA_046120875.1
Colletotrichum fructicola,GCA_048771815.1
Colletotrichum fructicola,GCA_051380545.1
Colletotrichum fructicola Nara gc5,GCA_000319635.2
Colletotrichum gardeniae,GCA_047496645.1
Colletotrichum gigasporum,GCA_024584535.1
Colletotrichum gigasporum,GCA_027406085.1
Colletotrichum gloeosporioides,GCA_002189585.1
Colletotrichum gloeosporioides,GCA_002901105.1
Colletotrichum gloeosporioides,GCA_003243855.1
Colletotrichum gloeosporioides,GCA_003568745.1
Colletotrichum gloeosporioides,GCA_003666125.1
Colletotrichum gloeosporioides,GCA_011428055.1
Colletotrichum gloeosporioides,GCA_011800055.1
Colletotrichum gloeosporioides,GCA_011947415.1
Colletotrichum gloeosporioides,GCA_014705165.1
Colletotrichum gloeosporioides,GCA_019022565.1
Colletotrichum gloeosporioides,GCA_021650765.1
Colletotrichum gloeosporioides,GCA_027406185.1
Colletotrichum gloeosporioides,GCA_029169055.1
Colletotrichum gloeosporioides,GCA_040955525.1
Colletotrichum gloeosporioides,GCA_040955545.1
Colletotrichum gloeosporioides,GCA_040955925.1
Colletotrichum gloeosporioides,GCA_046563635.1
Colletotrichum gloeosporioides,GCA_049998905.1
Colletotrichum gloeosporioides 23,GCA_021432615.1
Colletotrichum gloeosporioides Cg-14,GCA_000446055.1
Colletotrichum godetiae,GCA_001663355.1
Colletotrichum godetiae,GCA_030913485.1
Colletotrichum graminicola,GCA_001951205.1
Colletotrichum graminicola,GCA_026652225.1
Colletotrichum graminicola,GCA_026652245.1
Colletotrichum graminicola,GCA_026652265.1
Colletotrichum graminicola,GCA_026652275.1
Colletotrichum graminicola,GCA_026652285.1
Colletotrichum graminicola,GCA_026652305.1
Colletotrichum graminicola,GCA_026652315.1
Colletotrichum graminicola,GCA_026652355.1
Colletotrichum graminicola,GCA_026652695.1
Colletotrichum graminicola,GCA_026652705.1
Colletotrichum graminicola,GCA_026652995.1
Colletotrichum graminicola,GCA_026653275.1
Colletotrichum graminicola,GCA_026653375.1
Colletotrichum graminicola,GCA_026653475.1
Colletotrichum graminicola,GCA_026653595.1
Colletotrichum graminicola,GCA_026653705.1
Colletotrichum graminicola,GCA_026654635.1
Colletotrichum graminicola,GCA_026656465.1
Colletotrichum graminicola,GCA_029226625.1
Colletotrichum graminicola,GCA_030463195.1
Colletotrichum graminicola M1.001,GCA_000149035.1
Colletotrichum higginsianum,GCA_000313795.2
Colletotrichum higginsianum,GCA_004920355.1
Colletotrichum higginsianum,GCA_023705605.1
Colletotrichum higginsianum IMI 349063,GCA_001672515.1
Colletotrichum horii,GCA_019693695.1
Colletotrichum horii,GCA_027406005.1
Colletotrichum horii,GCA_049996515.1
Colletotrichum incanum,GCA_001625285.1
Colletotrichum incanum,GCA_001855235.1
Colletotrichum jiangxiense,GCA_047496555.1
Colletotrichum jinshuiense,GCA_051148585.1
Colletotrichum kahawae,GCA_032988895.1
Colletotrichum karsti,GCA_011947395.2
Colletotrichum karsti,GCA_038051215.1
Colletotrichum ledebouriae,GCA_036785755.1
Colletotrichum lentis,GCA_003386485.1
Colletotrichum liaoningense,GCA_027406045.1
Colletotrichum limetticola,GCA_030413865.1
Colletotrichum limetticola,GCA_054857455.1
Colletotrichum lindemuthianum,GCA_001693015.2
Colletotrichum lindemuthianum,GCA_001693025.3
Colletotrichum lindemuthianum,GCA_041941805.1
Colletotrichum lindemuthianum,GCA_041941825.1
Colletotrichum lindemuthianum,GCA_041941845.1
Colletotrichum lindemuthianum,GCA_041941875.1
Colletotrichum lini,GCA_034638215.1
Colletotrichum lini,GCA_034638235.1
Colletotrichum lini,GCA_034638275.1
Colletotrichum lini,GCA_043790985.1
Colletotrichum liriopes,GCA_015832465.1
Colletotrichum liriopes,GCA_022179045.1
Colletotrichum liriopes,GCA_029034635.1
Colletotrichum liriopes,GCA_029034655.1
Colletotrichum liriopes,GCA_029035315.1
Colletotrichum lupini,GCA_023278565.1
Colletotrichum lupini,GCA_030913515.1
Colletotrichum lupini,GCA_045682545.1
Colletotrichum lupini,GCA_045682565.1
Colletotrichum lupini,GCA_045682585.1
Colletotrichum lupini,GCA_045682595.1
Colletotrichum lupini,GCA_045682605.1
Colletotrichum lupini,GCA_045682645.1
Colletotrichum lupini,GCA_045682665.1
Colletotrichum lupini,GCA_045682685.1
Colletotrichum lupini,GCA_045682715.1
Colletotrichum lupini,GCA_045682785.1
Colletotrichum lupini,GCA_045682845.1
Colletotrichum lupini,GCA_045682895.1
Colletotrichum lupini,GCA_045682915.1
Colletotrichum lupini,GCA_045682935.1
Colletotrichum lupini,GCA_054857575.1
Colletotrichum lupini,GCA_054857585.1
Colletotrichum lupini,GCA_054857605.1
Colletotrichum lupini,GCA_054857695.1
Colletotrichum lupini,GCA_054857745.1
Colletotrichum lupini,GCA_054858265.1
Colletotrichum lupini,GCA_054858345.1
Colletotrichum lupini,GCA_054858365.1
Colletotrichum lupini,GCA_054858375.1
Colletotrichum lupini,GCA_054858455.1
Colletotrichum lupini,GCA_054858485.1
Colletotrichum lupini,GCA_054858555.1
Colletotrichum lupini,GCA_054858635.1
Colletotrichum lupini,GCA_054858645.1
Colletotrichum lupini,GCA_054858695.1
Colletotrichum lupini,GCA_054858815.1
Colletotrichum magnum,GCA_022457145.1
Colletotrichum melonis,GCA_030868995.1
Colletotrichum musae,GCA_002814275.1
Colletotrichum musae,GCA_027406025.1
Colletotrichum musicola,GCA_014235935.1
Colletotrichum navitas,GCA_030913465.1
Colletotrichum neosansevieriae,GCA_036785495.1
Colletotrichum noveboracense,GCA_026319125.1
Colletotrichum noveboracense,GCA_026319155.1
Colletotrichum nupharicola,GCA_026319135.1
Colletotrichum nupharicola,GCA_026319225.1
Colletotrichum nymphaeae,GCA_014705085.1
Colletotrichum nymphaeae,GCA_014705095.1
Colletotrichum nymphaeae,GCA_014705125.1
Colletotrichum nymphaeae,GCA_014705155.1
Colletotrichum nymphaeae,GCA_014705455.1
Colletotrichum nymphaeae,GCA_029169025.1
Colletotrichum nymphaeae SA-01,GCA_001563115.1
Colletotrichum orbiculare MAFF 240422,GCA_000350065.2
Colletotrichum orchidophilum,GCA_001831195.1
Colletotrichum paranaense,GCA_030867605.1
Colletotrichum phormii,GCA_030913505.1
Colletotrichum plurivorum,GCA_014235945.1
Colletotrichum salicis,GCA_001563125.1
Colletotrichum sansevieriae,GCA_002749775.1
Colletotrichum sansevieriae,GCA_026260285.1
Colletotrichum scovillei,GCA_001593745.2
Colletotrichum scovillei,GCA_011075155.1
Colletotrichum scovillei,GCA_018906675.1
Colletotrichum scovillei,GCA_018906765.1
Colletotrichum scovillei,GCA_018907675.1
Colletotrichum scovillei,GCA_026540245.1
Colletotrichum scovillei,GCA_054857355.1
Colletotrichum shisoi,GCA_006783085.1
Colletotrichum siamense,GCA_008520285.1
Colletotrichum siamense,GCA_011426375.1
Colletotrichum siamense,GCA_011426385.1
Colletotrichum siamense,GCA_011428095.1
Colletotrichum siamense,GCA_011428115.1
Colletotrichum siamense,GCA_011445115.1
Colletotrichum siamense,GCA_011947465.1
Colletotrichum siamense,GCA_013201745.1
Colletotrichum siamense,GCA_013201755.1
Colletotrichum siamense,GCA_013201795.1
Colletotrichum siamense,GCA_013201865.1
Colletotrichum siamense,GCA_013390195.1
Colletotrichum siamense,GCA_014705055.1
Colletotrichum siamense,GCA_014705105.1
Colletotrichum siamense,GCA_014705195.1
Colletotrichum siamense,GCA_014705345.1
Colletotrichum siamense,GCA_014705385.1
Colletotrichum siamense,GCA_014705405.1
Colletotrichum siamense,GCA_014705435.1
Colletotrichum siamense,GCA_014706345.1
Colletotrichum siamense,GCA_027406165.1
Colletotrichum siamense,GCA_027406245.1
Colletotrichum siamense,GCA_031009615.1
Colletotrichum siamense,GCA_038023885.1
Colletotrichum siamense,GCA_047496625.1
Colletotrichum sidae,GCA_004367935.1
Colletotrichum simmondsii,GCA_001563135.1
Colletotrichum simmondsii,GCA_020457885.1
Colletotrichum sojae,GCA_014235955.1
Colletotrichum somersetense,GCA_030867255.1
Colletotrichum sp. CLE4,GCA_044063575.1
Colletotrichum sp. COLG25,GCA_009801095.1
Colletotrichum sp. COLG31,GCA_009800995.1
Colletotrichum sp. HC278,GCA_014705495.1
Colletotrichum sp. HC292,GCA_014705525.1
Colletotrichum sp. JS-367,GCA_003122705.1
Colletotrichum sp. SAR 10_65,GCA_025328335.1
Colletotrichum sp. SAR 10_66,GCA_028639655.1
Colletotrichum sp. SAR 10_70,GCA_025327165.1
Colletotrichum sp. SAR 10_71,GCA_025327135.1
Colletotrichum sp. SAR 10_75,GCA_025327155.1
Colletotrichum sp. SAR 10_76,GCA_025327145.1
Colletotrichum sp. SAR 10_77,GCA_025330015.1
Colletotrichum sp. SAR 10_86,GCA_025327125.1
Colletotrichum sp. SAR 10_96,GCA_025329375.1
Colletotrichum sp. SAR 10_98,GCA_025329385.1
Colletotrichum sp. SAR 10_99,GCA_028654355.1
Colletotrichum sp. SAR11_239,GCA_025328985.1
Colletotrichum sp. SAR11_240,GCA_025328625.1
Colletotrichum sp. SAR11_57,GCA_025328355.1
Colletotrichum sp. SAR11_59,GCA_025328345.1
Colletotrichum spaethianum,GCA_022836535.1
Colletotrichum spinosum,GCA_004366825.1
Colletotrichum sublineola,GCA_000696135.1
Colletotrichum sublineola,GCA_001951195.1
Colletotrichum sublineola,GCA_020631755.1
Colletotrichum sublineola,GCA_030867325.1
Colletotrichum tabaci,GCA_036851105.1
Colletotrichum tamarilloi,GCA_030869305.1
Colletotrichum tamarilloi,GCA_054857445.1
Colletotrichum tanaceti,GCA_005350895.1
Colletotrichum tanaceti,GCA_026229895.1
Colletotrichum theobromicola,GCA_014705045.1
Colletotrichum theobromicola,GCA_014705415.1
Colletotrichum tofieldiae,GCA_001618705.1
Colletotrichum tofieldiae,GCA_001618715.1
Colletotrichum tofieldiae,GCA_001618725.1
Colletotrichum tofieldiae,GCA_001618735.1
Colletotrichum tofieldiae,GCA_001625265.1
Colletotrichum tofieldiae,GCA_022836555.1
Colletotrichum tofieldiae,GCA_022836575.1
Colletotrichum tofieldiae,GCA_022836595.1
Colletotrichum trifolii,GCA_004367215.1
Colletotrichum tropicale,GCA_013201785.1
Colletotrichum tropicale,GCA_027406125.1
Colletotrichum tropicale,GCA_027942835.1
Colletotrichum tropicicola,GCA_025962755.1
Colletotrichum truncatum,GCA_002632455.2
Colletotrichum truncatum,GCA_008131165.1
Colletotrichum truncatum,GCA_011947275.1
Colletotrichum truncatum,GCA_014235925.2
Colletotrichum truncatum,GCA_031008025.1
Colletotrichum viniferum,GCA_013201765.1
Colletotrichum viniferum,GCA_020226115.1
Colletotrichum zoysiae,GCA_030867305.1
Collybia mongolica,GCA_013420905.1
Collybia nuda,GCA_015584075.1
Collybia sordida,GCA_010725545.3
Collybia sordida,GCA_036884695.1
Collybia sordida,GCA_037014335.1
Collybia sp. MG36,GCA_003313185.1
Collybiopsis confluens,GCA_013368555.1
Collybiopsis luxurians FD-317 M1,GCA_000827265.1
Conglomerata obtusa,GCA_052575995.1
Conidiobolus coronatus,GCA_051363225.1
Conidiobolus coronatus NRRL 28638,GCA_001566745.1
Conidiobolus incongruus B7586,GCA_000697335.1
Conidiobolus obscurus,GCA_030770535.1
Coniella lustricola,GCA_003019895.1
Coniella vitis,GCA_011317545.1
Coniella vitis,GCA_040437665.1
Coniferiporia sulphurascens,GCA_002794785.1
Coniferiporia weirii,GCA_024195185.1
Coniocarpon cinnabarinum,GCA_051942205.1
Coniocarpon cinnabarinum,GCA_051942265.1
Coniochaeta endophytica,GCA_007388115.1
Coniochaeta endophytica,GCA_007388125.1
Coniochaeta endophytica,GCA_007388135.1
Coniochaeta endophytica,GCA_007388145.1
Coniochaeta endophytica,GCA_007388195.1
Coniochaeta hoffmannii,GCA_002798055.1
Coniochaeta hoffmannii,GCA_030052785.1
Coniochaeta hoffmannii,GCA_051380495.1
Coniochaeta hoffmannii,GCA_055755465.1
Coniochaeta ligniaria NRRL 30616,GCA_001879275.1
Coniochaeta prunicola,GCA_007388105.1
Coniochaeta pulveracea,GCA_003635345.1
Coniochaeta sp. 2T2.1,GCA_009194965.1
Coniochaeta sp. PK30-01,GCA_023628855.1
Coniochaeta sp. PMI_546,GCA_021432605.1
Coniochaeta sp. PT30-03-2,GCA_023628895.1
Coniophora puteana RWD-64-598 SS2,GCA_000271625.1
Coniosporium apollinis,GCA_030247865.1
Coniosporium apollinis CBS 100218,GCA_000281105.1
Coniosporium tulheliwenetii,GCA_030247845.1
Coniosporium uncinatum,GCA_033119265.1
Coniothyrina agaves,GCA_052323775.1
Coniothyrium glycines,GCA_025742355.1
Coniothyrium glycines,GCA_025742365.1
Coniothyrium glycines,GCA_025742375.1
Coniothyrium glycines,GCA_025742385.1
Coniothyrium glycines,GCA_025742395.1
Coniothyrium glycines,GCA_050859405.1
Coniothyrium palmarum,GCA_052323755.1
Coniothyrium telephii,GCA_052323735.1
Conoideocrella luteorostrata,GCA_032433595.1
Coprinellus aureogranulatus,GCA_027627275.1
Coprinellus micaceus,GCA_004369175.1
Coprinopsis cinerea AmutBmut pab1-1,GCA_016772295.1
Coprinopsis cinerea okayama7#130,GCA_000182895.1
Coprinopsis marcescibilis,GCA_004369085.1
Coprinopsis sp. MPI-PUGE-AT-0042,GCA_020736565.1
Coprinus comatus,GCA_003316025.1
Coprinus comatus,GCA_034638255.1
Coprinus comatus,GCA_051820205.1
Coprinus comatus,GCA_051820235.1
Copromyces sp. CBS 386.78,GCA_030685235.1
Cordyceps amoene-rosea,GCA_051528895.1
Cordyceps blackwelliae,GCA_047651725.1
Cordyceps cateniannulata,GCA_028828415.1
Cordyceps cateniannulata,GCA_030411435.1
Cordyceps cateniannulata,GCA_030411495.1
Cordyceps cateniannulata,GCA_030785045.1
Cordyceps cateniannulata,GCA_030789085.1
Cordyceps cateniannulata,GCA_030789605.1
Cordyceps chanhua,GCA_043643355.1
Cordyceps cicadae,GCA_002968875.1
Cordyceps cicadae,GCA_010211705.1
Cordyceps cicadae,GCA_050574885.1
Cordyceps cicadae BA-001,GCA_001644785.1
Cordyceps farinosa,GCA_000733625.1
Cordyceps farinosa,GCA_003025275.1
Cordyceps farinosa,GCA_030778385.1
Cordyceps farinosa,GCA_030779685.1
Cordyceps farinosa,GCA_030783605.1
Cordyceps farinosa,GCA_030783945.1
Cordyceps farinosa,GCA_051527715.1
Cordyceps fumosorosea ARSEF 2679,GCA_001636725.1
Cordyceps gunnii,GCA_052399015.1
Cordyceps hehuanensis,GCA_056149035.1
Cordyceps javanica,GCA_006981975.1
Cordyceps javanica,GCA_006981985.1
Cordyceps javanica,GCA_030777765.1
Cordyceps javanica,GCA_030777825.1
Cordyceps javanica,GCA_030778025.1
Cordyceps javanica,GCA_030778125.1
Cordyceps javanica,GCA_030778185.1
Cordyceps javanica,GCA_030778445.1
Cordyceps javanica,GCA_030780045.1
Cordyceps javanica,GCA_030780105.1
Cordyceps javanica,GCA_030780125.1
Cordyceps javanica,GCA_030780145.1
Cordyceps javanica,GCA_030780185.1
Cordyceps javanica,GCA_030780345.1
Cordyceps javanica,GCA_030780405.1
Cordyceps javanica,GCA_030780445.1
Cordyceps javanica,GCA_030780505.1
Cordyceps javanica,GCA_030780535.1
Cordyceps javanica,GCA_030780565.1
Cordyceps javanica,GCA_030780585.1
Cordyceps javanica,GCA_030781025.1
Cordyceps javanica,GCA_030781085.1
Cordyceps javanica,GCA_030781145.1
Cordyceps javanica,GCA_030781225.1
Cordyceps javanica,GCA_030781285.1
Cordyceps javanica,GCA_030781325.1
Cordyceps javanica,GCA_030781485.1
Cordyceps javanica,GCA_030781505.1
Cordyceps javanica,GCA_030781525.1
Cordyceps javanica,GCA_030782505.1
Cordyceps javanica,GCA_030782525.1
Cordyceps javanica,GCA_030782625.1
Cordyceps javanica,GCA_030783045.1
Cordyceps javanica,GCA_030784075.1
Cordyceps javanica,GCA_030785165.1
Cordyceps javanica,GCA_036850795.1
Cordyceps javanica,GCA_051103115.1
Cordyceps javanica,GCA_051527875.1
Cordyceps javanica,GCA_052426175.1
Cordyceps locastrae,GCA_056149015.1
Cordyceps malleiformis,GCA_056149055.1
Cordyceps militaris,GCA_003332165.1
Cordyceps militaris,GCA_008080495.1
Cordyceps militaris,GCA_049913855.1
Cordyceps militaris,GCA_051527815.1
Cordyceps militaris,GCA_051527855.1
Cordyceps militaris,GCA_051528875.1
Cordyceps militaris,GCA_056149175.1
Cordyceps militaris CM01,GCA_000225605.1
Cordyceps pruinosa,GCA_003025255.1
Cordyceps pseudorosea,GCA_056149075.1
Cordyceps siangyangensis,GCA_056149115.1
Cordyceps sp. D1,GCA_051527835.1
Cordyceps sp. RAO-2017,GCA_002591385.1
Cordyceps tenuipes,GCA_003025305.1
Cordyceps tenuipes,GCA_025583755.1
Cordyceps tenuipes,GCA_051528795.1
Corinectria fuckeliana,GCA_003385255.1
Corinectria fuckeliana,GCA_019137255.1
Corinectria fuckeliana,GCA_045528745.1
Coriolopsis trogii,GCA_007896425.1
Coriolopsis trogii,GCA_020543525.1
Coriolopsis trogii,GCA_020543535.1
Corniculantispora dimorpha,GCA_051527375.1
Cornicularia normoerica,GCA_051942105.1
Corynascus novoguineensis,GCA_033296725.1
Corynascus sepedonium,GCA_041956455.1
Corynascus similis CBS 632.67,GCA_042370635.1
Corynespora cassiicola,GCA_002975495.1
Corynespora cassiicola,GCA_002975505.1
Corynespora cassiicola,GCA_002975535.1
Corynespora cassiicola,GCA_002975555.1
Corynespora cassiicola,GCA_002975575.1
Corynespora cassiicola,GCA_002975595.1
Corynespora cassiicola,GCA_002975615.1
Corynespora cassiicola,GCA_002975635.1
Corynespora cassiicola,GCA_002975655.1
Corynespora cassiicola,GCA_002975665.1
Corynespora cassiicola,GCA_002975685.1
Corynespora cassiicola,GCA_002975705.1
Corynespora cassiicola,GCA_002975725.1
Corynespora cassiicola,GCA_002975755.1
Corynespora cassiicola,GCA_002975775.1
Corynespora cassiicola,GCA_002975795.1
Corynespora cassiicola,GCA_002975815.1
Corynespora cassiicola,GCA_002975825.1
Corynespora cassiicola,GCA_002975845.1
Corynespora cassiicola,GCA_002975875.1
Corynespora cassiicola,GCA_002975895.1
Corynespora cassiicola,GCA_002975915.1
Corynespora cassiicola,GCA_002975935.1
Corynespora cassiicola,GCA_002975955.1
Corynespora cassiicola,GCA_002975975.1
Corynespora cassiicola,GCA_002975995.1
Corynespora cassiicola,GCA_002976015.1
Corynespora cassiicola,GCA_002976025.1
Corynespora cassiicola,GCA_002976045.1
Corynespora cassiicola,GCA_002976075.1
Corynespora cassiicola,GCA_002976085.1
Corynespora cassiicola,GCA_002976105.1
Corynespora cassiicola,GCA_002976125.1
Corynespora cassiicola,GCA_002976145.1
Corynespora cassiicola,GCA_002976175.1
Corynespora cassiicola,GCA_006519745.1
Corynespora cassiicola,GCA_006523515.1
Corynespora cassiicola,GCA_006523535.1
Corynespora cassiicola,GCA_016906405.1
Corynespora cassiicola,GCA_016906425.1
Corynespora cassiicola,GCA_019202905.1
Corynespora cassiicola,GCA_022059125.1
Corynespora cassiicola,GCA_022496115.1
Corynespora cassiicola,GCA_023647615.1
Corynespora cassiicola,GCA_023653535.1
Corynespora cassiicola,GCA_023653545.1
Corynespora cassiicola,GCA_023653575.1
Corynespora cassiicola,GCA_023653595.1
Corynespora cassiicola,GCA_023653695.1
Corynespora cassiicola,GCA_023653765.1
Corynespora cassiicola,GCA_024500185.1
Corynespora cassiicola,GCA_024500205.1
Corynespora cassiicola,GCA_024500335.1
Corynespora cassiicola,GCA_040763265.1
Corynespora cassiicola Philippines,GCA_003016335.1
Corynespora cassiicola UM 591,GCA_000603925.1
Corynespora olivacea,GCA_019202945.1
Cosmospora coccinea,GCA_045526805.1
Cosmospora cymosa,GCA_045528805.1
Crassisporium funariophilum,GCA_014925845.1
Craterellus lutescens,GCA_003314295.1
Crepidotus calolepis,GCA_043258165.1
Crepidotus cesatii,GCA_043258065.1
Crepidotus sp. BD-2015,GCA_001179765.1
Crepidotus variabilis,GCA_015657495.1
Crinitomyces ghanaensis,GCA_030581755.1
Cristinia sonorae,GCA_021029105.1
Crocinoboletus aff. laetissimus,GCA_038089315.1
Crocinoboletus sp. TRTC168568,GCA_041721735.1
Cronartium comandrae C4,GCA_000464975.1
Cronartium harknessii,GCA_041381035.1
Cronartium quercuum f. sp. banksianae CqE3WM,GCA_000500775.1
Cronartium quercuum f. sp. fusiforme G11,GCA_015951145.1
Cronartium ribicola 11-2,GCA_000500245.1
Crucibulum cyathiforme,GCA_036936985.1
Crucibulum laeve,GCA_004379715.1
Crucibulum parvulum,GCA_036937015.1
Cryoendolithus antarcticus,GCA_002077065.1
Cryomyces antarcticus,GCA_035927225.1
Cryomyces antarcticus,GCA_035927305.1
Cryomyces antarcticus,GCA_035930425.1
Cryomyces antarcticus,GCA_043170715.1
Cryomyces antarcticus CCFEE 534,GCA_000504465.1
Cryomyces minteri,GCA_005059845.1
Cryphonectria carpinicola,GCA_014849695.1
Cryphonectria carpinicola,GCA_014849955.1
Cryphonectria japonica,GCA_014849795.1
Cryphonectria japonica,GCA_014849835.1
Cryphonectria japonica,GCA_014851275.1
Cryphonectria macrospora,GCA_004802535.1
Cryphonectria naterciae,GCA_014850475.1
Cryphonectria naterciae,GCA_014850565.1
Cryphonectria nitschkei,GCA_004802565.1
Cryphonectria nitschkei,GCA_006503525.1
Cryphonectria parasitica,GCA_009806305.1
Cryphonectria parasitica,GCA_014849195.1
Cryphonectria parasitica,GCA_014849235.1
Cryphonectria parasitica,GCA_014849245.1
Cryphonectria parasitica,GCA_014849285.1
Cryphonectria parasitica,GCA_014849295.1
Cryphonectria parasitica,GCA_014849305.1
Cryphonectria parasitica,GCA_014849345.1
Cryphonectria parasitica,GCA_014849385.1
Cryphonectria parasitica,GCA_014849395.1
Cryphonectria parasitica,GCA_014849415.1
Cryphonectria parasitica,GCA_014849555.1
Cryphonectria parasitica,GCA_014849585.1
Cryphonectria parasitica,GCA_014849605.1
Cryphonectria parasitica,GCA_014849635.1
Cryphonectria parasitica,GCA_014849655.1
Cryphonectria parasitica,GCA_014849665.1
Cryphonectria parasitica,GCA_014849675.1
Cryphonectria parasitica,GCA_014849715.1
Cryphonectria parasitica,GCA_014849745.1
Cryphonectria parasitica,GCA_014849765.1
Cryphonectria parasitica,GCA_014849805.1
Cryphonectria parasitica,GCA_014849815.1
Cryphonectria parasitica,GCA_014849855.1
Cryphonectria parasitica,GCA_014849905.1
Cryphonectria parasitica,GCA_014849915.1
Cryphonectria parasitica,GCA_014849935.1
Cryphonectria parasitica,GCA_014849945.1
Cryphonectria parasitica,GCA_014849965.1
Cryphonectria parasitica,GCA_014850005.1
Cryphonectria parasitica,GCA_014850035.1
Cryphonectria parasitica,GCA_014850065.1
Cryphonectria parasitica,GCA_014850075.1
Cryphonectria parasitica,GCA_014850095.1
Cryphonectria parasitica,GCA_014850105.1
Cryphonectria parasitica,GCA_014850145.1
Cryphonectria parasitica,GCA_014850165.1
Cryphonectria parasitica,GCA_014850175.1
Cryphonectria parasitica,GCA_014850185.1
Cryphonectria parasitica,GCA_014850205.1
Cryphonectria parasitica,GCA_014850235.1
Cryphonectria parasitica,GCA_014850265.1
Cryphonectria parasitica,GCA_014850275.1
Cryphonectria parasitica,GCA_014850295.1
Cryphonectria parasitica,GCA_014850305.1
Cryphonectria parasitica,GCA_014850365.1
Cryphonectria parasitica,GCA_014850375.1
Cryphonectria parasitica,GCA_014850395.1
Cryphonectria parasitica,GCA_014850415.1
Cryphonectria parasitica,GCA_014850425.1
Cryphonectria parasitica,GCA_014850445.1
Cryphonectria parasitica,GCA_014850485.1
Cryphonectria parasitica,GCA_014850505.1
Cryphonectria parasitica,GCA_014850545.1
Cryphonectria parasitica,GCA_014850585.1
Cryphonectria parasitica,GCA_014850595.1
Cryphonectria parasitica,GCA_014850605.1
Cryphonectria parasitica,GCA_014850625.1
Cryphonectria parasitica,GCA_014850675.1
Cryphonectria parasitica,GCA_014850695.1
Cryphonectria parasitica,GCA_014850705.1
Cryphonectria parasitica,GCA_014850715.1
Cryphonectria parasitica,GCA_014850725.1
Cryphonectria parasitica,GCA_014850755.1
Cryphonectria parasitica,GCA_014850795.1
Cryphonectria parasitica,GCA_014850805.1
Cryphonectria parasitica,GCA_014850825.1
Cryphonectria parasitica,GCA_014850845.1
Cryphonectria parasitica,GCA_014850875.1
Cryphonectria parasitica,GCA_014850885.1
Cryphonectria parasitica,GCA_014850895.1
Cryphonectria parasitica,GCA_014850905.1
Cryphonectria parasitica,GCA_014850965.1
Cryphonectria parasitica,GCA_014850995.1
Cryphonectria parasitica,GCA_014851005.1
Cryphonectria parasitica,GCA_014851035.1
Cryphonectria parasitica,GCA_014851075.1
Cryphonectria parasitica,GCA_014851085.1
Cryphonectria parasitica,GCA_014851095.1
Cryphonectria parasitica,GCA_014851135.1
Cryphonectria parasitica,GCA_014851155.1
Cryphonectria parasitica,GCA_014851185.1
Cryphonectria parasitica,GCA_014851205.1
Cryphonectria parasitica,GCA_014851215.1
Cryphonectria parasitica,GCA_014851245.1
Cryphonectria parasitica,GCA_014851255.1
Cryphonectria parasitica,GCA_014851265.1
Cryphonectria parasitica,GCA_014851345.1
Cryphonectria parasitica,GCA_014851355.1
Cryphonectria parasitica,GCA_014851385.1
Cryphonectria parasitica,GCA_014858425.1
Cryphonectria parasitica,GCA_018104285.1
Cryphonectria parasitica,GCA_047372735.1
Cryphonectria parasitica,GCA_047372755.1
Cryphonectria parasitica,GCA_047372775.1
Cryphonectria parasitica,GCA_047678165.1
Cryphonectria parasitica,GCA_048987115.1
Cryphonectria parasitica EP155,GCA_011745365.1
Cryphonectria radicalis,GCA_002179595.1
Cryphonectria radicalis,GCA_003054855.1
Cryphonectria radicalis,GCA_003264835.1
Cryphonectria radicalis,GCA_003264845.1
Cryphonectria radicalis,GCA_014849275.1
Cryphonectria radicalis,GCA_014849355.1
Cryphonectria radicalis,GCA_014850315.1
Cryptococcus amylolentus CBS 6039,GCA_001720205.1
Cryptococcus amylolentus CBS 6273,GCA_001720235.1
Cryptococcus bacillisporus CA1280,GCA_000836335.2
Cryptococcus bacillisporus CA1873,GCA_000855695.2
Cryptococcus decagattii,GCA_036417295.1
Cryptococcus deneoformans,GCA_023523875.1
Cryptococcus deneoformans B-3501A,GCA_000149385.1
Cryptococcus deneoformans JEC21,GCA_000091045.1
Cryptococcus deneoformans JEC21,GCA_035658335.1
Cryptococcus deneoformans XL280,GCA_002216205.1
Cryptococcus depauperatus,GCA_001720245.2
Cryptococcus depauperatus CBS 7841,GCA_001720195.2
Cryptococcus deuterogattii,GCA_000786445.1
Cryptococcus deuterogattii,GCA_003011995.1
Cryptococcus deuterogattii,GCA_012922885.1
Cryptococcus deuterogattii 2001/935-1,GCA_000835815.1
Cryptococcus deuterogattii 99/473,GCA_000836455.1
Cryptococcus deuterogattii CA1014,GCA_000875795.1
Cryptococcus deuterogattii CBS 10090,GCA_000835765.1
Cryptococcus deuterogattii CBS 7750,GCA_000499585.1
Cryptococcus deuterogattii LA55,GCA_000836315.1
Cryptococcus deuterogattii MMRL2647,GCA_000875855.1
Cryptococcus deuterogattii R265,GCA_002954075.1
Cryptococcus deuterogattii Ram5,GCA_000836375.1
Cryptococcus floricola,GCA_006352305.1
Cryptococcus floricola,GCA_008355005.1
Cryptococcus gattii,GCA_014964225.1
Cryptococcus gattii,GCA_031841975.1
Cryptococcus gattii,GCA_036428525.1
Cryptococcus gattii E566,GCA_000875815.1
Cryptococcus gattii EJB2,GCA_000835745.1
Cryptococcus gattii NT-10,GCA_000935105.1
Cryptococcus gattii Ru294,GCA_000836355.1
Cryptococcus gattii VGV,GCA_009650685.1
Cryptococcus gattii WM276,GCA_000185945.1
Cryptococcus neoformans,GCA_002215745.1
Cryptococcus neoformans,GCA_002215755.1
Cryptococcus neoformans,GCA_002216725.1
Cryptococcus neoformans,GCA_002217545.1
Cryptococcus neoformans,GCA_002220045.1
Cryptococcus neoformans,GCA_002222015.1
Cryptococcus neoformans,GCA_002222025.1
Cryptococcus neoformans,GCA_002222095.1
Cryptococcus neoformans,GCA_002222115.1
Cryptococcus neoformans,GCA_002222135.1
Cryptococcus neoformans,GCA_002222145.1
Cryptococcus neoformans,GCA_002222155.1
Cryptococcus neoformans,GCA_002222165.1
Cryptococcus neoformans,GCA_002222245.1
Cryptococcus neoformans,GCA_003011985.1
Cryptococcus neoformans,GCA_010065285.1
Cryptococcus neoformans,GCA_010065295.1
Cryptococcus neoformans,GCA_010065305.1
Cryptococcus neoformans,GCA_010065315.1
Cryptococcus neoformans,GCA_010065385.1
Cryptococcus neoformans,GCA_010065405.1
Cryptococcus neoformans,GCA_010233705.1
Cryptococcus neoformans,GCA_010233735.1
Cryptococcus neoformans,GCA_011057475.1
Cryptococcus neoformans,GCA_011057515.1
Cryptococcus neoformans,GCA_011057545.1
Cryptococcus neoformans,GCA_011057555.1
Cryptococcus neoformans,GCA_011057565.1
Cryptococcus neoformans,GCA_019969275.1
Cryptococcus neoformans,GCA_019969285.1
Cryptococcus neoformans,GCA_019969295.1
Cryptococcus neoformans,GCA_019970125.1
Cryptococcus neoformans,GCA_019970135.1
Cryptococcus neoformans,GCA_019970145.1
Cryptococcus neoformans,GCA_019970155.1
Cryptococcus neoformans,GCA_019970185.1
Cryptococcus neoformans,GCA_019970275.1
Cryptococcus neoformans,GCA_019970285.1
Cryptococcus neoformans,GCA_019970295.1
Cryptococcus neoformans,GCA_019970315.1
Cryptococcus neoformans,GCA_019970345.1
Cryptococcus neoformans,GCA_019970415.1
Cryptococcus neoformans,GCA_019970445.1
Cryptococcus neoformans,GCA_019970455.1
Cryptococcus neoformans,GCA_019970465.1
Cryptococcus neoformans,GCA_019970475.1
Cryptococcus neoformans,GCA_019970565.1
Cryptococcus neoformans,GCA_019970585.1
Cryptococcus neoformans,GCA_019970605.1
Cryptococcus neoformans,GCA_019970615.1
Cryptococcus neoformans,GCA_019970625.1
Cryptococcus neoformans,GCA_019970715.1
Cryptococcus neoformans,GCA_019970725.1
Cryptococcus neoformans,GCA_019970755.1
Cryptococcus neoformans,GCA_019970785.1
Cryptococcus neoformans,GCA_019970795.1
Cryptococcus neoformans,GCA_019970885.1
Cryptococcus neoformans,GCA_020975435.1
Cryptococcus neoformans,GCA_020975485.1
Cryptococcus neoformans,GCA_020975495.1
Cryptococcus neoformans,GCA_020975525.1
Cryptococcus neoformans,GCA_020975545.1
Cryptococcus neoformans,GCA_020975565.1
Cryptococcus neoformans,GCA_020975585.1
Cryptococcus neoformans,GCA_020975605.1
Cryptococcus neoformans,GCA_020975615.1
Cryptococcus neoformans,GCA_020975645.1
Cryptococcus neoformans,GCA_020975665.1
Cryptococcus neoformans,GCA_020975675.1
Cryptococcus neoformans,GCA_020975705.1
Cryptococcus neoformans,GCA_022832995.1
Cryptococcus neoformans,GCA_023650535.1
Cryptococcus neoformans,GCA_023650555.1
Cryptococcus neoformans,GCA_023650575.1
Cryptococcus neoformans,GCA_023650595.1
Cryptococcus neoformans,GCA_025531435.1
Cryptococcus neoformans,GCA_025531515.1
Cryptococcus neoformans,GCA_028975465.1
Cryptococcus neoformans,GCA_028982725.1
Cryptococcus neoformans,GCA_030913545.1
Cryptococcus neoformans,GCA_031840755.1
Cryptococcus neoformans,GCA_031840765.1
Cryptococcus neoformans,GCA_031840775.1
Cryptococcus neoformans,GCA_031840785.1
Cryptococcus neoformans,GCA_031840795.1
Cryptococcus neoformans,GCA_031840855.1
Cryptococcus neoformans,GCA_031840865.1
Cryptococcus neoformans,GCA_031840875.1
Cryptococcus neoformans,GCA_031840885.1
Cryptococcus neoformans,GCA_031840895.1
Cryptococcus neoformans,GCA_031840955.1
Cryptococcus neoformans,GCA_031840965.1
Cryptococcus neoformans,GCA_031840975.1
Cryptococcus neoformans,GCA_031840985.1
Cryptococcus neoformans,GCA_031840995.1
Cryptococcus neoformans,GCA_031841035.1
Cryptococcus neoformans,GCA_031841055.1
Cryptococcus neoformans,GCA_031841085.1
Cryptococcus neoformans,GCA_031841105.1
Cryptococcus neoformans,GCA_031841185.1
Cryptococcus neoformans,GCA_031841195.1
Cryptococcus neoformans,GCA_031841215.1
Cryptococcus neoformans,GCA_031841235.1
Cryptococcus neoformans,GCA_031841255.1
Cryptococcus neoformans,GCA_031841275.1
Cryptococcus neoformans,GCA_031841295.1
Cryptococcus neoformans,GCA_031841315.1
Cryptococcus neoformans,GCA_031841325.1
Cryptococcus neoformans,GCA_031841345.1
Cryptococcus neoformans,GCA_031841365.1
Cryptococcus neoformans,GCA_031841405.1
Cryptococcus neoformans,GCA_031841415.1
Cryptococcus neoformans,GCA_031841435.1
Cryptococcus neoformans,GCA_031841465.1
Cryptococcus neoformans,GCA_031841475.1
Cryptococcus neoformans,GCA_031841495.1
Cryptococcus neoformans,GCA_031841525.1
Cryptococcus neoformans,GCA_031841545.1
Cryptococcus neoformans,GCA_031841575.1
Cryptococcus neoformans,GCA_031841585.1
Cryptococcus neoformans,GCA_031841605.1
Cryptococcus neoformans,GCA_031841635.1
Cryptococcus neoformans,GCA_031841655.1
Cryptococcus neoformans,GCA_031841665.1
Cryptococcus neoformans,GCA_031841685.1
Cryptococcus neoformans,GCA_031841695.1
Cryptococcus neoformans,GCA_031841715.1
Cryptococcus neoformans,GCA_031841745.1
Cryptococcus neoformans,GCA_031841765.1
Cryptococcus neoformans,GCA_031841795.1
Cryptococcus neoformans,GCA_031841805.1
Cryptococcus neoformans,GCA_031841825.1
Cryptococcus neoformans,GCA_031841845.1
Cryptococcus neoformans,GCA_031841865.1
Cryptococcus neoformans,GCA_031841885.1
Cryptococcus neoformans,GCA_031841915.1
Cryptococcus neoformans,GCA_031841935.1
Cryptococcus neoformans,GCA_031841945.1
Cryptococcus neoformans,GCA_031841985.1
Cryptococcus neoformans,GCA_031842005.1
Cryptococcus neoformans,GCA_043513835.1
Cryptococcus neoformans,GCA_043513845.1
Cryptococcus neoformans,GCA_049242505.1
Cryptococcus neoformans,GCA_051295775.1
Cryptococcus neoformans,GCA_051295785.1
Cryptococcus neoformans,GCA_051858795.1
Cryptococcus neoformans,GCA_051858875.1
Cryptococcus neoformans,GCA_052625715.1
Cryptococcus neoformans,GCA_055769325.1
Cryptococcus neoformans,GCA_055769345.1
Cryptococcus neoformans 125.91,GCA_002215885.1
Cryptococcus neoformans A1-35-8,GCA_002221985.1
Cryptococcus neoformans A2-102-5,GCA_002222375.1
Cryptococcus neoformans A5-35-17,GCA_002222215.1
Cryptococcus neoformans AD1-7a,GCA_002220445.1
Cryptococcus neoformans AD1-83a,GCA_002215765.1
Cryptococcus neoformans AD2-60a,GCA_002215775.1
Cryptococcus neoformans Bt1,GCA_002215705.1
Cryptococcus neoformans Bt120,GCA_002222465.1
Cryptococcus neoformans Bt15,GCA_002222335.1
Cryptococcus neoformans Bt63,GCA_002234625.1
Cryptococcus neoformans Bt85,GCA_002215835.1
Cryptococcus neoformans C23,GCA_002215825.1
Cryptococcus neoformans CHC193,GCA_002222295.1
Cryptococcus neoformans D17-1,GCA_002222255.1
Cryptococcus neoformans Gb118,GCA_002224005.1
Cryptococcus neoformans H99,GCA_000149245.3
Cryptococcus neoformans H99,GCA_011801205.1
Cryptococcus neoformans MW-RSA1955,GCA_002222455.1
Cryptococcus neoformans MW-RSA36,GCA_002222395.1
Cryptococcus neoformans MW-RSA852,GCA_002220035.1
Cryptococcus neoformans RSA-MW-1186,GCA_053525195.1
Cryptococcus neoformans RSA-MW-3179,GCA_053525155.1
Cryptococcus neoformans RSA-MW-3316,GCA_053525145.1
Cryptococcus neoformans RSA-MW-3335,GCA_053525215.1
Cryptococcus neoformans RSA-MW-36,GCA_053525205.1
Cryptococcus neoformans RSA-MW-3877,GCA_053525095.1
Cryptococcus neoformans RSA-MW-4119,GCA_053525135.1
Cryptococcus neoformans RSA-MW-506,GCA_053525075.1
Cryptococcus neoformans RSA-MW-5465,GCA_053525085.1
Cryptococcus neoformans Th84,GCA_002222315.1
Cryptococcus neoformans Tu259-1,GCA_002222325.1
Cryptococcus neoformans Tu401-1,GCA_002222475.1
Cryptococcus neoformans Ze90-1,GCA_002222385.1
Cryptococcus neoformans c45,GCA_002215855.1
Cryptococcus neoformans c8,GCA_002222405.1
Cryptococcus neoformans var. grubii Br795,GCA_002222225.1
Cryptococcus neoformans x Cryptococcus deneoformans,GCA_006992865.1
Cryptococcus sp. DSM 104548,GCA_036426225.1
Cryptococcus sp. DSM 104549,GCA_036427605.1
Cryptococcus sp. GC_Crypt_1,GCA_026538415.1
Cryptococcus sp. GC_Crypt_2,GCA_026538405.1
Cryptococcus sp. GC_Crypt_3,GCA_026538395.1
Cryptococcus sp. GC_Crypt_4,GCA_026538345.1
Cryptococcus sp. GC_Crypt_5,GCA_026538355.1
Cryptococcus sp. GC_Crypt_6,GCA_026538315.1
Cryptococcus sp. GC_Crypt_7,GCA_026538335.1
Cryptococcus sp. GC_Crypt_8,GCA_026538325.1
Cryptococcus sp. T15_22C,GCA_017654825.1
Cryptococcus sp. VH57_BW,GCA_024271845.1
Cryptococcus tetragattii IND107,GCA_000835755.2
Cryptococcus wingfieldii,GCA_006149155.1
Cryptococcus wingfieldii CBS 7118,GCA_001720155.1
Cryptoporus qinlingensis,GCA_048164905.1
Cryptotrichosporon argae,GCA_051557425.1
Cubamyces lactineus,GCA_022376465.1
Cubamyces menziesii,GCA_022606275.1
Cubamyces sp. BRFM 1775,GCA_022385745.1
Cucumispora dikerogammari,GCA_014805705.1
Cucurbitaria berberidis CBS 394.84,GCA_010015615.1
Cudoniella acicularis,GCA_013054445.1
Cumuliphoma indica,GCA_040616265.1
Cunninghamella bainieri,GCA_044232465.1
Cunninghamella bertholletiae,GCA_037043795.1
Cunninghamella bertholletiae 175,GCA_000697215.1
Cunninghamella bertholletiae B7461,GCA_000697315.1
Cunninghamella blakesleeana,GCA_017871115.1
Cunninghamella blakesleeana,GCA_054130635.1
Cunninghamella echinulata,GCA_025201675.1
Cunninghamella elegans B9769,GCA_000697015.1
Curvibasidium rogersii,GCA_049996495.1
Curvularia clavata,GCA_023920165.1
Curvularia eragrostidis,GCA_020744315.1
Curvularia geniculata,GCA_002982235.1
Curvularia geniculata,GCA_016162275.1
Curvularia hawaiiensis,GCA_026262405.1
Curvularia kusanoi,GCA_011058905.1
Curvularia lunata,GCA_005212705.1
Curvularia lunata CX-3,GCA_000743335.1
Curvularia papendorfii,GCA_000817285.1
Curvularia sp. IFB-Z10,GCA_002161795.1
Curvularia sp. ZM96,GCA_022457065.1
Curvularia spicifera,GCA_026262435.1
Curvularia verruculosa,GCA_036172615.1
Cutaneotrichosporon arboriforme,GCA_002335565.1
Cutaneotrichosporon cavernicola,GCA_030864325.1
Cutaneotrichosporon cavernicola,GCA_030864355.1
Cutaneotrichosporon cavernicola,GCA_030864415.1
Cutaneotrichosporon cavernicola,GCA_030864445.1
Cutaneotrichosporon curvatum,GCA_001028165.1
Cutaneotrichosporon curvatum,GCA_001600275.1
Cutaneotrichosporon curvatum,GCA_020080345.1
Cutaneotrichosporon curvatum,GCA_037041535.1
Cutaneotrichosporon cutaneum,GCA_001600715.1
Cutaneotrichosporon cutaneum,GCA_001613755.1
Cutaneotrichosporon cutaneum,GCA_023628135.1
Cutaneotrichosporon cutaneum,GCA_037040655.1
Cutaneotrichosporon cutaneum,GCA_037040775.1
Cutaneotrichosporon cutaneum,GCA_037041015.1
Cutaneotrichosporon cutaneum,GCA_037041245.1
Cutaneotrichosporon cutaneum,GCA_037041285.1
Cutaneotrichosporon cyanovorans,GCA_002335625.1
Cutaneotrichosporon daszewskae,GCA_002335585.1
Cutaneotrichosporon dermatis,GCA_003116895.1
Cutaneotrichosporon dermatis,GCA_020011015.1
Cutaneotrichosporon dermatis,GCA_023628035.1
Cutaneotrichosporon mucoides,GCA_003116955.1
Cutaneotrichosporon oleaginosum,GCA_001027345.1
Cutaneotrichosporon oleaginosum,GCA_001712445.1
Cutaneotrichosporon oleaginosum,GCA_008065305.1
Cutaneotrichosporon sp. HIS471,GCA_030864385.1
Cutaneotrichosporon sp. M94-02A,GCA_037040355.1
Cutaneotrichosporon sp. P10-008,GCA_023630095.1
Cutaneotrichosporon sp. PA3318,GCA_023627975.1
Cutaneotrichosporon sp. PDH3307A,GCA_023629995.1
Cutaneotrichosporon sp. PK4640,GCA_023630115.1
Cutaneotrichosporon sp. PL3408A,GCA_023629975.1
Cutaneotrichosporon sp. PT3311B,GCA_023627985.1
Cutaneotrichosporon spelunceum,GCA_030805415.1
Cyathus olla,GCA_036940585.1
Cyathus pygmaeus,GCA_036937155.1
Cyathus striatus,GCA_015501535.1
Cyathus striatus,GCA_025738555.1
Cyclaneusma minus,GCA_037179225.1
Cyclaneusma minus,GCA_037179255.1
Cyclaneusma minus,GCA_037179285.1
Cyclaneusma minus,GCA_037179295.1
Cyclaneusma minus,GCA_037179315.1
Cyclaneusma minus,GCA_037179335.1
Cyclaneusma minus,GCA_037179365.1
Cyclaneusma minus,GCA_038502575.1
Cyclocybe cylindracea,GCA_003316655.1
Cyclocybe cylindracea,GCA_013376435.1
Cylindricascospora bacillispora,GCA_030573655.1
Cylindricascospora bacillisporus CBS 7720,GCA_001046975.1
Cylindrobasidium torrendii,GCA_048934185.1
Cylindrobasidium torrendii FP15055 ss-10,GCA_000934385.1
Cylindrodendrum album,GCA_045528905.1
Cylindrodendrum album var. paralion,GCA_045528885.1
Cylindrodendrum hubeiense,GCA_014621425.1
Cylindrodendrum hubeiense,GCA_045528975.1
Cyphellophora attinorum,GCA_001299255.1
Cyphellophora europaea,GCA_015295635.1
Cyphellophora europaea,GCA_015295685.1
Cyphellophora europaea,GCA_015295695.1
Cyphellophora europaea,GCA_015295745.1
Cyphellophora europaea CBS 101466,GCA_000365145.2
Cystastrum externum,GCA_040364925.1
Cystobasidiaceae sp. HBUAS51001,GCA_003351005.1
Cystobasidiomycetes sp. EMM_F5,GCA_051047955.1
Cystobasidiopsis lactophilus,GCA_001599975.1
Cystobasidium minutum MCA 4210,GCA_039999085.1
Cystobasidium ongulense,GCA_022835575.1
Cystobasidium ongulense,GCA_022835595.1
Cystobasidium ongulense,GCA_022835615.1
Cystobasidium ongulense,GCA_022835635.1
Cystobasidium ongulense,GCA_022835655.1
Cystobasidium onofrii,GCA_022813105.1
Cystobasidium pallidum,GCA_001599955.1
Cystobasidium slooffiae,GCA_019775285.1
Cystobasidium slooffiae,GCA_019775485.1
Cystobasidium slooffiae,GCA_019775515.1
Cystobasidium sp. 2NF920,GCA_023628255.1
Cystobasidium sp. 2NP905A,GCA_023628355.1
Cystobasidium sp. P9004,GCA_023628295.1
Cystobasidium sp. R9020,GCA_023628215.1
Cystobasidium tubakii,GCA_024345325.1
Cystoderma amianthinum,GCA_036936965.1
Cystodermella granulosa,GCA_036937035.1
Cystofilobasidium bisporidii,GCA_014825535.1
Cystofilobasidium bisporidii,GCA_014825555.1
Cystofilobasidium capitatum,GCA_014825545.1
Cystofilobasidium ferigula,GCA_014825675.1
Cystofilobasidium ferigula,GCA_014825955.1
Cystofilobasidium infirmominiatum,GCA_047772335.1
Cystofilobasidium macerans,GCA_014825745.1
Cystofilobasidium macerans,GCA_014825765.1
Cytidiella melzeri,GCA_022592445.1
Cytospora chrysosperma,GCA_003795275.1
Cytospora chrysosperma,GCA_016808195.1
Cytospora leucostoma,GCA_003795295.1
Cytospora mali,GCA_000813385.1
Cytospora mali,GCA_000818155.1
Cytospora mali,GCA_023079475.1
Cytospora mali,GCA_025426655.1
Cytospora paraplurivora,GCA_021272945.2
Cytospora piceae,GCA_016508685.1
Cytospora piceae,GCA_023375665.1
Cytospora piceicola,GCA_023375675.1
Cytospora schulzeri,GCA_003795315.1
Dacryopinax primogenitus,GCA_000292625.1
Dacryopinax spathularia,GCA_037974965.1
Dactylella cylindrospora,GCA_012184295.1
Dactylellina cionopaga,GCA_012184355.1
Dactylellina cionopaga,GCA_036971285.1
Dactylellina cionopaga,GCA_036971295.1
Dactylellina cionopaga,GCA_036971325.1
Dactylellina drechsleri,GCA_036971345.1
Dactylellina haptotyla,GCA_031310005.1
Dactylellina haptotyla CBS 200.50,GCA_000441935.1
Dactylellina leptospora,GCA_036971365.1
Dactylellina parvicollis,GCA_036971385.1
Dactylellina sp. 'tibetensis',GCA_036971435.1
Dactylobotrys graminicola,GCA_046563175.1
Dactylonectria alcacerensis,GCA_029931735.1
Dactylonectria estremocensis,GCA_020744375.1
Dactylonectria macrodidyma,GCA_000935225.1
Dactylonectria macrodidyma,GCA_020744425.1
Dactylonectria torresensis,GCA_011426265.1
Dactylonectria torresensis,GCA_011426275.1
Dactylonectria torresensis,GCA_011426295.1
Daedalea quercina L-15889,GCA_001632345.1
Daedaleopsis nitida,GCA_022606115.1
Daedaleopsis sinensis,GCA_033807695.1
Daia ofunaensis,GCA_003707925.3
Daia tannicola,GCA_030569095.1
Daldinia bambusicola,GCA_022478815.1
Daldinia caldariorum,GCA_018842695.1
Daldinia caldariorum,GCA_022478825.1
Daldinia carpinicola,GCA_047663475.1
Daldinia childiae,GCA_008694065.1
Daldinia decipiens,GCA_022478715.1
Daldinia eschscholtzii,GCA_000751375.2
Daldinia eschscholtzii,GCA_022478725.1
Daldinia eschscholtzii,GCA_037126485.1
Daldinia eschscholzii IFB-TL01,GCA_001951055.1
Daldinia eschscholzii UM1020,GCA_000261445.1
Daldinia grandis,GCA_022432525.1
Daldinia loculata,GCA_022478755.1
Daldinia loculata,GCA_023065755.1
Daldinia sp. EC12,GCA_002120325.1
Daldinia sp. FL1419,GCA_025201765.1
Daldinia vernicosa,GCA_022497035.1
Danielia oregonensis,GCA_003707785.3
Danielia reshetovae,GCA_030558395.1
Danielozyma ontarioensis,GCA_003706395.2
Darksidea phi,GCA_030770425.1
Davidsoniella australis,GCA_009806335.1
Davidsoniella eucalypti,GCA_004009845.1
Davidsoniella neocaledoniae,GCA_009806295.1
Davidsoniella virescens,GCA_001513805.1
Deakozyma indianensis,GCA_003706415.3
Debaryomyces coudertii,GCA_030564605.1
Debaryomyces fabryi,GCA_001447935.2
Debaryomyces fabryi,GCA_003708665.2
Debaryomyces fabryi,GCA_030578665.1
Debaryomyces hansenii,GCA_001682995.1
Debaryomyces hansenii,GCA_003349505.1
Debaryomyces hansenii,GCA_006942205.1
Debaryomyces hansenii,GCA_006942215.1
Debaryomyces hansenii,GCA_006942225.1
Debaryomyces hansenii,GCA_006942235.1
Debaryomyces hansenii,GCA_006942305.1
Debaryomyces hansenii,GCA_006942325.1
Debaryomyces hansenii,GCA_016097515.1
Debaryomyces hansenii,GCA_016097625.1
Debaryomyces hansenii,GCA_024256405.1
Debaryomyces hansenii,GCA_028412075.1
Debaryomyces hansenii,GCA_028609645.1
Debaryomyces hansenii,GCA_030558995.1
Debaryomyces hansenii,GCA_036689635.1
Debaryomyces hansenii,GCA_042766975.1
Debaryomyces hansenii,GCA_051362385.1
Debaryomyces hansenii,GCA_054122475.1
Debaryomyces hansenii,GCA_054122535.1
Debaryomyces hansenii,GCA_054122555.1
Debaryomyces hansenii,GCA_054122605.1
Debaryomyces hansenii,GCA_054122675.1
Debaryomyces hansenii,GCA_054122725.1
Debaryomyces hansenii,GCA_054122755.1
Debaryomyces hansenii,GCA_054122795.1
Debaryomyces hansenii,GCA_054122855.1
Debaryomyces hansenii,GCA_054122915.1
Debaryomyces hansenii,GCA_054122935.1
Debaryomyces hansenii,GCA_054123055.1
Debaryomyces hansenii,GCA_054123155.1
Debaryomyces hansenii,GCA_054123215.1
Debaryomyces hansenii,GCA_054123375.1
Debaryomyces hansenii,GCA_054123435.1
Debaryomyces hansenii,GCA_054123445.1
Debaryomyces hansenii,GCA_054123495.1
Debaryomyces hansenii,GCA_054123525.1
Debaryomyces hansenii,GCA_054123575.1
Debaryomyces hansenii,GCA_054123595.1
Debaryomyces hansenii,GCA_054123615.1
Debaryomyces hansenii,GCA_054123675.1
Debaryomyces hansenii,GCA_054123715.1
Debaryomyces hansenii,GCA_054123735.1
Debaryomyces hansenii,GCA_054123775.1
Debaryomyces hansenii,GCA_054123835.1
Debaryomyces hansenii,GCA_054123845.1
Debaryomyces hansenii,GCA_054123875.1
Debaryomyces hansenii,GCA_054123905.1
Debaryomyces hansenii,GCA_054124075.1
Debaryomyces hansenii,GCA_054124085.1
Debaryomyces hansenii,GCA_054124155.1
Debaryomyces hansenii,GCA_054124255.1
Debaryomyces hansenii,GCA_054124355.1
Debaryomyces hansenii,GCA_054124395.1
Debaryomyces hansenii,GCA_054124435.1
Debaryomyces hansenii,GCA_054124815.1
Debaryomyces hansenii,GCA_054124875.1
Debaryomyces hansenii,GCA_054124915.1
Debaryomyces hansenii,GCA_054125495.1
Debaryomyces hansenii,GCA_054125565.1
Debaryomyces hansenii,GCA_054125685.1
Debaryomyces hansenii,GCA_054125705.1
Debaryomyces hansenii,GCA_054125765.1
Debaryomyces hansenii,GCA_054125805.1
Debaryomyces hansenii,GCA_055266585.1
Debaryomyces hansenii,GCA_056149625.1
Debaryomyces hansenii CBS767,GCA_000006445.2
Debaryomyces hansenii var. hansenii MTCC 234,GCA_000239015.2
Debaryomyces maramus,GCA_003708605.2
Debaryomyces maramus,GCA_030583545.1
Debaryomyces nepalensis,GCA_003708585.1
Debaryomyces nepalensis,GCA_030583445.1
Debaryomyces nepalensis,GCA_037042395.1
Debaryomyces prosopidis,GCA_003708935.1
Debaryomyces prosopidis,GCA_030578795.1
Debaryomyces robertsiae,GCA_030566065.1
Debaryomyces robertsiae,GCA_046867545.1
Debaryomyces robertsiae,GCA_046867595.1
Debaryomyces singareniensis,GCA_030558045.1
Debaryomyces singareniensis,GCA_031081795.1
Debaryomyces sp.,GCA_054123475.1
Debaryomyces sp. S3305,GCA_024586305.1
Debaryomyces subglobosus,GCA_003708965.2
Debaryomyces udenii,GCA_030556595.1
Debaryomycetaceae sp. 2NP920,GCA_023625755.1
Debaryomycetaceae sp. 2NP930A,GCA_023625695.1
Debaryomycetaceae sp. 2NR913A,GCA_023625775.1
Debaryomycetaceae sp. 2NR914,GCA_023625795.1
Debaryomycetaceae sp. CAB 1570,GCA_031081755.1
Debaryomycetaceae sp. JAC-2022a,GCA_032598715.1
Debaryomycetaceae sp. NP9010,GCA_023625715.1
Debaryomycetaceae sp. UCDFST 68-643,GCA_031081785.1
Debaryomycetaceae sp. UCDFST 68-768.1,GCA_031081845.1
Debaryomycetaceae sp. Y9007B,GCA_023625735.1
Debaryomycetaceae sp. Y9007B-2,GCA_023625815.1
Debaryomycetaceae sp. ZIM 2471,GCA_031081905.1
Debaryomycetaceae sp. yHKB357,GCA_030580355.1
Deconica xeroderma,GCA_051996635.1
Decorospora gaudefroyi,GCA_010015605.1
Delitschia confertaspora ATCC 74209,GCA_010093945.1
Delphinella strobiligena,GCA_009982845.1
Dendrostoma leiphaemia,GCA_026120015.1
Dendrothele bispora CBS 962.96,GCA_004369135.1
Dendryphion nanum,GCA_020744415.1
Dengshuqunia hispaniensis,GCA_003706965.1
Dengshuqunia hispaniensis,GCA_030574015.1
Dentipellis fragilis,GCA_004679275.1
Dentipellis sp. KUC8613,GCA_002286715.1
Dermatocarpon miniatum,GCA_023184605.1
Desarmillaria ectypa,GCA_030407005.1
Desarmillaria tabescens,GCA_030435595.1
Dialonectria ullevolea,GCA_045528965.1
Diaporthe ampelina,GCA_001006365.1
Diaporthe ampelina,GCA_001630405.1
Diaporthe ampelina,GCA_023522825.1
Diaporthe amygdali,GCA_021655905.1
Diaporthe amygdali,GCA_026229845.1
Diaporthe amygdali,GCA_032191545.1
Diaporthe amygdali,GCA_032433605.1
Diaporthe amygdali,GCA_052862945.1
Diaporthe aspalathi,GCA_001447215.1
Diaporthe australafricana,GCA_039880735.1
Diaporthe australafricana,GCA_042257625.1
Diaporthe australafricana,GCA_042258035.1
Diaporthe batatas,GCA_019321695.1
Diaporthe caatingaensis,GCA_040209105.1
Diaporthe capsici,GCA_013364905.1
Diaporthe caulivora,GCA_023703485.1
Diaporthe caulivora,GCA_024586255.1
Diaporthe caulivora,GCA_055944425.1
Diaporthe citri,GCA_014595645.1
Diaporthe citri,GCA_014872965.1
Diaporthe citri,GCA_014872985.1
Diaporthe citri,GCA_014873005.1
Diaporthe citriasiana,GCA_014872975.1
Diaporthe citriasiana,GCA_016432825.1
Diaporthe citrichinensis,GCA_014872995.1
Diaporthe destruens,GCA_016859255.1
Diaporthe destruens,GCA_036986855.1
Diaporthe eres,GCA_022225955.2
Diaporthe eres,GCA_022225975.1
Diaporthe eres,GCA_022570775.2
Diaporthe eres,GCA_022570805.2
Diaporthe eres,GCA_024867555.1
Diaporthe eres,GCA_040285485.1
Diaporthe helianthi,GCA_001702395.2
Diaporthe helianthi,GCA_040209025.1
Diaporthe helianthi,GCA_040209045.1
Diaporthe helianthi,GCA_040209115.1
Diaporthe humulicola,GCA_038088545.1
Diaporthe humulicola,GCA_040209125.1
Diaporthe humulicola,GCA_049920735.1
Diaporthe ilicicola,GCA_023242295.1
Diaporthe kyushuensis,GCA_051362445.1
Diaporthe longicolla,GCA_000800745.1
Diaporthe longicolla,GCA_043874435.1
Diaporthe longicolla,GCA_055944385.1
Diaporthe longicolla MSPL 10-6,GCA_000498855.2
Diaporthe macadamiae,GCA_038088425.1
Diaporthe macadamiae,GCA_038088465.1
Diaporthe macadamiae,GCA_038088555.1
Diaporthe nobilis,GCA_023078575.1
Diaporthe sojae,GCA_055672655.1
Diaporthe sojae,GCA_055944445.1
Diaporthe sp. CK15,GCA_040955565.1
Diaporthe sp. DP-2020a,GCA_018137895.1
Diaporthe sp. DP-UAU-01,GCA_044757325.1
Diaporthe sp. HANT25,GCA_013435955.1
Diaporthe sp. K33,GCA_040955605.1
Diaporthe sp. NJD1,GCA_013842865.1
Diaporthe sp. P23,GCA_040209035.1
Diaporthe sp. P3_1W,GCA_037177825.1
Diaporthe sp. P46,GCA_040209015.1
Diaporthe sp. PMI_573,GCA_021399435.1
Diaporthe sp. X43,GCA_040209005.1
Diaporthe ueckeri,GCA_043874415.1
Diaporthe ueckeri,GCA_043875055.1
Diaporthe ueckeri,GCA_043875075.1
Diaporthe unshiuensis,GCA_055944395.1
Diaporthe vaccinii,GCA_039880775.1
Diaporthe vaccinii,GCA_042826995.1
Diaporthe velutina,GCA_038088455.1
Diaporthe velutina,GCA_038088495.1
Diaporthe velutina,GCA_038088505.1
Diaporthe vexans,GCA_021188095.1
Diatrype stigma,GCA_022225965.2
Dichomera gemmicola,GCA_046127395.1
Dichomitus squalens,GCA_004307905.1
Dichomitus squalens,GCA_004307915.1
Dichomitus squalens,GCA_004307925.1
Dichomitus squalens LYAD-421 SS1,GCA_000275845.1
Dichotomocladium elegans,GCA_025716815.1
Dichotomopilus funicola,GCA_033296635.1
Dictyocoela muelleri,GCA_016256075.1
Dictyocoela roeselum,GCA_016255985.1
Dictyophora rubrovolvata,GCA_029959195.1
Diddensiella caesifluorescens,GCA_003705635.1
Diddensiella caesifluorescens,GCA_030558955.1
Diddensiella santjacobensis,GCA_030574215.1
Diddensiella transvaalensis,GCA_030555955.1
Didymella arachidicola,GCA_016630955.3
Didymella exigua,GCA_026119975.1
Didymella exigua CBS 183.55,GCA_010094145.1
Didymella glomerata,GCA_022559905.1
Didymella glomerata,GCA_027946415.1
Didymella glomerata,GCA_030271015.1
Didymella heteroderae,GCA_011058895.1
Didymella keratinophila,GCA_011058865.1
Didymella lethalis,GCA_004335245.1
Didymella lethalis,GCA_004335255.1
Didymella pinodella,GCA_022609545.1
Didymella pinodella,GCA_026119375.1
Didymella pinodella,GCA_026119385.1
Didymella pinodella,GCA_026119435.1
Didymella pinodella,GCA_026119445.1
Didymella pinodella,GCA_026119455.1
Didymella pinodella,GCA_026547135.1
Didymella pinodella,GCA_039634465.1
Didymella pinodes,GCA_004151185.1
Didymella pinodes,GCA_004151295.1
Didymella pinodes,GCA_004151305.1
Didymella pinodes,GCA_004151515.1
Didymella pinodes,GCA_004151525.1
Didymella pinodes,GCA_026119235.1
Didymella pinodes,GCA_026119245.1
Didymella pinodes,GCA_026119265.1
Didymella pinodes,GCA_026119355.1
Didymella pinodes,GCA_026119365.1
Didymella pinodes,GCA_026119395.1
Didymella pomorum,GCA_022225945.2
Didymella pomorum,GCA_027946535.1
Didymella segeticola,GCA_004522025.1
Didymella sp. IMI 355093,GCA_027946495.1
Didymellaceae sp. YAFEF048,GCA_032595095.1
Didymobotryum rigidum,GCA_001600575.1
Didymosphaeria rubi-ulmifolii,GCA_053478735.2
Didymosphaeria variabile,GCA_027946475.1
Dimargaris cristalligena,GCA_003614675.1
Dimargaris cristalligena,GCA_027576995.1
Dimargaris verticillata,GCA_027576935.1
Dimargaris xerosporica,GCA_027576955.1
Dinochytrium kinnereticum,GCA_027604005.1
Dioszegia aurantiaca,GCA_001600655.1
Dioszegia aurantiaca,GCA_048933815.1
Dioszegia aurantiaca,GCA_048933885.1
Dioszegia buhagiarii,GCA_048933775.1
Dioszegia catarinoi,GCA_048934005.1
Dioszegia crocea,GCA_001600615.1
Dioszegia fristingensis,GCA_048933955.1
Dioszegia fristingensis,GCA_048933985.1
Dioszegia hungarica,GCA_024115145.1
Dioszegia hungarica,GCA_025882075.1
Dioszegia hungarica,GCA_048934135.1
Dioszegia hungarica,GCA_048934165.1
Dioszegia hungarica,GCA_048934175.1
Dioszegia takashimae,GCA_048934115.1
Diplocarpon coronariae,GCA_002204255.1
Diplocarpon coronariae,GCA_026108285.1
Diplocarpon coronariae,GCA_037039515.2
Diplocarpon mali,GCA_024741835.1
Diplocarpon rosae,GCA_002317995.1
Diplocarpon rosae,GCA_011320175.1
Diplocarpon rosae,GCA_011320215.1
Diplocarpon rosae,GCA_011750715.2
Diplocarpon rosae,GCA_032760415.1
Diplodia corticola,GCA_001883845.1
Diplodia intermedia,GCA_021495925.2
Diplodia mutila,GCA_022560015.1
Diplodia mutila,GCA_023079605.1
Diplodia mutila,GCA_023089405.1
Diplodia sapinea,GCA_000729945.1
Diplodia sapinea,GCA_023085605.1
Diplodia sapinea,GCA_023087305.1
Diplodia sapinea,GCA_023087385.1
Diplodia sapinea,GCA_048593915.1
Diplodia sapinea CMW 190,GCA_000671355.1
Diplodia scrobiculata,GCA_001455585.1
Diplodia seriata,GCA_001006355.1
Diplodia seriata,GCA_001975905.1
Diplodia seriata,GCA_021436955.3
Diplodia seriata,GCA_021436965.2
Diplodia seriata,GCA_023086045.1
Diplogelasinospora grovesii,GCA_033297225.1
Diploschistes diacapsis,GCA_023645945.1
Dipodascopsis uninucleata,GCA_038497775.1
Dipodascopsis uninucleata var. uninucleata,GCA_030568195.1
Dipodascopsis uninucleata var. wickerhamii,GCA_030462815.1
Dipodascus aggregatus,GCA_030564925.1
Dipodascus albidus,GCA_003707475.1
Dipodascus albidus,GCA_043388505.1
Dipodascus australiensis,GCA_030563945.1
Dipodascus geniculatus,GCA_003708655.1
Dipodascus geniculatus,GCA_030566045.1
Dipodascus siamensis,GCA_030568955.1
Dipsacomyces acuminosporus,GCA_027576915.1
Dirinaria sp. GBRC AP01,GCA_013315955.1
Dirinaria sp. TL-2023a,GCA_051941275.1
Discina ancilis,GCA_040803635.1
Discina ancilis,GCA_040804105.1
Discina mcknightii,GCA_040803055.1
Discina mcknightii,GCA_040803715.1
Discina perlata,GCA_040802985.1
Discina spinosospora,GCA_040803105.1
Discina warnei,GCA_040803645.1
Dispira parvispora,GCA_027577015.1
Dispira simplex,GCA_027478255.1
Dissoconium aciculare CBS 342.82,GCA_010015565.1
Dissophora globulifera,GCA_016097885.1
Dissophora globulifera,GCA_016097935.1
Dissophora ornata,GCA_015499975.1
Dissophora ornata,GCA_025201705.1
Diutina catenulata,GCA_003285555.1
Diutina catenulata,GCA_030560525.1
Diutina catenulata,GCA_047301165.1
Diutina catenulata,GCA_054122435.1
Diutina catenulata,GCA_054123115.1
Diutina catenulata,GCA_054123195.1
Diutina catenulata,GCA_054123315.1
Diutina catenulata,GCA_054123345.1
Diutina catenulata,GCA_054123385.1
Diutina catenulata,GCA_054123785.1
Diutina catenulata,GCA_054124275.1
Diutina catenulata,GCA_054124335.1
Diutina catenulata,GCA_054124895.1
Diutina catenulata,GCA_054124925.1
Diutina catenulata,GCA_054124975.1
Diutina catenulata,GCA_054125065.1
Diutina catenulata,GCA_054125775.1
Diutina mesorugosa,GCA_030674695.1
Diutina neorugosa,GCA_030578555.1
Diutina pseudorugosa,GCA_030580175.1
Diutina ranongensis (nom. inval.),GCA_030569815.1
Diutina rugosa,GCA_008704595.1
Diutina rugosa,GCA_030556535.1
Diutina rugosa,GCA_051996825.1
Diutina scorzettiae,GCA_030563345.1
Diutina siamensis,GCA_030580155.1
Diutina sp. M7407A,GCA_037040155.1
Diutina sp. Y7414,GCA_037042415.1
Diversispora epigaea,GCA_003547095.1
Dothideomycetes sp. EMM_F3,GCA_051311975.2
Dothideomycetes sp. NU197,GCA_054600495.1
Dothideomycetes sp. NU200,GCA_027943355.1
Dothideomycetes sp. NU30,GCA_026013035.2
Dothideomycetes sp. NU332,GCA_054600615.1
Dothideomycetes sp. NU457,GCA_054600575.1
Dothideomycetes sp. NU459,GCA_054600455.1
Dothideomycetidae sp. 11243,GCA_000836255.1
Dothidotthia symphoricarpi CBS 119687,GCA_010015815.1
Dothiora sp. MEPG2,GCA_050613695.1
Dothiorella sarmentorum,GCA_023082095.1
Dothiorella sarmentorum,GCA_023088305.1
Dothistroma pini CBS 116487,GCA_002116355.1
Dothistroma septosporum,GCA_002236465.2
Dothistroma septosporum,GCA_002236475.2
Dothistroma septosporum,GCA_002236485.2
Dothistroma septosporum,GCA_002236515.2
Dothistroma septosporum,GCA_002236545.2
Dothistroma septosporum,GCA_002236565.2
Dothistroma septosporum,GCA_002236575.2
Dothistroma septosporum,GCA_002236585.2
Dothistroma septosporum,GCA_002236615.2
Dothistroma septosporum,GCA_002236645.2
Dothistroma septosporum,GCA_002236655.2
Dothistroma septosporum,GCA_002236675.2
Dothistroma septosporum,GCA_002236685.2
Dothistroma septosporum,GCA_002236725.2
Dothistroma septosporum,GCA_002236745.2
Dothistroma septosporum,GCA_002236755.2
Dothistroma septosporum,GCA_002236775.2
Dothistroma septosporum,GCA_002236925.2
Dothistroma septosporum NZE10,GCA_000340195.1
Drechmeria coniospora,GCA_001618945.2
Drechmeria coniospora,GCA_001625195.1
Drechslera avenae,GCA_034508535.1
Drechslera avenae,GCA_034620375.1
Drechslera avenae,GCA_034621625.1
Drechslera avenae,GCA_034640345.1
Drechslerella coelobrocha,GCA_036971555.1
Drechslerella dactyloides,GCA_020064725.1
Drechslerella dactyloides,GCA_028984885.1
Drechslerella dactyloides,GCA_036971535.1
Drechslerella stenobrocha 248,GCA_000525045.1
Drepanopeziza brunnea f. sp. 'monogermtubi',GCA_011750725.1
Drepanopeziza brunnea f. sp. 'monogermtubi',GCA_021498335.1
Drepanopeziza brunnea f. sp. 'multigermtubi',GCA_011750745.1
Drepanopeziza brunnea f. sp. 'multigermtubi',GCA_022702325.1
Drepanopeziza brunnea f. sp. 'multigermtubi' MB_m1,GCA_000298775.1
Dryadomyces quercivorus,GCA_001662465.1
Dryadomyces quercivorus,GCA_002778125.1
Dryadomyces quercus-mongolicae,GCA_002215975.1
Dryadomyces sulphureus,GCA_002778055.1
Dujonia boleticola,GCA_029581775.1
Dujonia boleticola,GCA_030570215.1
Dujonia oleophila,GCA_030563865.1
Dujonia railenensis,GCA_030570995.1
Dujonia santamariae,GCA_030578175.1
Dujonia schatavii,GCA_003707405.2
Dujonia zeylanoides,GCA_030564465.1
Dujonia zeylanoides,GCA_031851675.1
Dujonia zeylanoides,GCA_032774475.1
Dujonia zeylanoides,GCA_051530125.1
Durotheca rogersii,GCA_024521655.1
Earliella scabrosa,GCA_022605405.1
Echinodenticula allantospora,GCA_051996615.1
Echinosphaeria canescens,GCA_011319275.2
Echinosphaeria canescens,GCA_028566015.2
Echria macrotheca,GCA_030411725.1
Ecytonucleospora hepatopenaei,GCA_002081675.1
Ecytonucleospora hepatopenaei,GCA_003709115.1
Ecytonucleospora hepatopenaei,GCA_023079535.1
Ecytonucleospora hepatopenaei,GCA_026692725.1
Ecytonucleospora hepatopenaei,GCA_038502045.1
Edhazardia aedis USNM 41457,GCA_000230595.3
Elaphomyces granulatus,GCA_002240705.1
Elaphomyces granulatus,GCA_054948885.1
Elasticomyces elasticus,GCA_033630665.1
Elasticomyces elasticus,GCA_033630735.1
Elasticomyces elasticus,GCA_035926085.1
Elasticomyces elasticus,GCA_035926095.1
Elasticomyces elasticus,GCA_035926105.1
Elasticomyces elasticus,GCA_035926115.1
Elasticomyces elasticus,GCA_035926155.1
Elasticomyces elasticus,GCA_035927265.1
Elasticomyces elasticus,GCA_035927325.1
Elasticomyces elasticus,GCA_036320675.1
Elasticomyces elasticus,GCA_036320685.1
Elasticomyces elasticus,GCA_036320695.1
Elasticomyces elasticus,GCA_036320705.1
Elasticomyces elasticus,GCA_036320775.1
Elasticomyces elasticus,GCA_036872715.1
Elsinoe ampelina,GCA_005959805.1
Elsinoe ampelina,GCA_010093995.1
Elsinoe arachidis,GCA_013372555.1
Elsinoe australis,GCA_003013795.1
Elsinoe australis,GCA_004761955.1
Elsinoe australis,GCA_004761985.1
Elsinoe australis,GCA_004761995.1
Elsinoe australis,GCA_004764485.1
Elsinoe australis,GCA_005382375.1
Elsinoe australis,GCA_005382395.1
Elsinoe australis,GCA_005382405.1
Elsinoe australis,GCA_005382415.1
Elsinoe australis,GCA_007556505.1
Elsinoe australis,GCA_016625675.1
Elsinoe batatas,GCA_017309325.2
Elsinoe fawcettii,GCA_007556535.1
Elsinoe fawcettii,GCA_007556565.1
Elsinoe fawcettii,GCA_012977835.1
Elsinoe fawcettii,GCA_016625505.1
Elsinoe fawcettii,GCA_016625515.1
Elsinoe fawcettii,GCA_016625525.1
Elsinoe necatrix,GCA_032393115.1
Elsinoe necatrix,GCA_033846785.1
Elsinoe perseae,GCA_029448695.1
Emarellia grisea,GCA_049307695.1
Emergomyces africanus,GCA_001660665.1
Emergomyces orientalis,GCA_002110485.1
Emergomyces orientalis,GCA_020085055.1
Emergomyces pasteurianus Ep9510,GCA_001883825.1
Emericellopsis atlantica,GCA_019669845.1
Emericellopsis cladophorae,GCA_022114955.2
Emericellopsis terricola,GCA_027569275.1
Emmonsiellopsis sp. PD_33,GCA_032988165.1
Emmonsiellopsis sp. PD_5,GCA_032988985.1
Emydomyces testavorans,GCA_029449355.1
Encephalitozoon cuniculi,GCA_027571585.1
Encephalitozoon cuniculi EC1,GCA_000221285.2
Encephalitozoon cuniculi EC2,GCA_000221265.2
Encephalitozoon cuniculi EC3,GCA_000221245.2
Encephalitozoon cuniculi EcunIII-L,GCA_001078035.1
Encephalitozoon cuniculi GB-M1,GCA_000091225.2
Encephalitozoon hellem,GCA_018342045.1
Encephalitozoon hellem,GCA_024399255.1
Encephalitozoon hellem,GCA_029215505.1
Encephalitozoon hellem ATCC 50504,GCA_000277815.3
Encephalitozoon intestinalis,GCA_024399295.1
Encephalitozoon intestinalis,GCA_051312775.1
Encephalitozoon intestinalis,GCA_051312795.1
Encephalitozoon intestinalis,GCA_051312815.1
Encephalitozoon intestinalis ATCC 50506,GCA_000146465.1
Encephalitozoon romaleae SJ-2008,GCA_000280035.2
Endocalyx cinctus,GCA_001600455.1
Endocarpon pusillum,GCA_000611755.1
Endocarpon pusillum,GCA_014607435.1
Endocarpon pusillum Z07020,GCA_000464535.1
Endoconidiophora laricicola,GCA_001640655.1
Endoconidiophora polonica,GCA_001856765.1
Endocronartium harknessii PhW48OC,GCA_000500795.1
Endogone sp. FLAS-F59071,GCA_003990785.1
Endothia cerciana,GCA_026119935.1
Entelexis apis,GCA_030564665.1
Entelexis geochares,GCA_004125165.1
Entelexis geochares,GCA_030705075.1
Entelexis gropengiesseri,GCA_004125075.1
Entelexis gropengiesseri,GCA_030579755.1
Entelexis paramagnoliae,GCA_003033435.1
Entelexis paramagnoliae,GCA_030579715.1
Entelexis paramagnoliae,GCA_030762955.1
Entelexis potacharoeniae,GCA_030566975.1
Entelexis sorbosivorans,GCA_004125005.1
Entelexis sorbosivorans,GCA_030555795.1
Entelexis tilneyi,GCA_004125055.1
Entelexis tilneyi,GCA_030566755.1
Entelexis vaccinii,GCA_004125185.1
Entelexis vaccinii,GCA_030561025.1
Enterocytospora artemiae,GCA_038659295.1
Enterocytozoon bieneusi H348,GCA_000209485.1
Enteropsectra breve,GCA_024243835.1
Enterospora canceri,GCA_002087915.1
Entomophthora muscae,GCA_014839935.2
Entomortierella beljakovae,GCA_015679585.1
Entomortierella chlamydospora,GCA_015849335.1
Entomortierella chlamydospora,GCA_015852335.1
Entomortierella lignicola,GCA_015500005.1
Entomortierella parvispora,GCA_020891255.1
Entophlyctis helioformis,GCA_025526915.1
Entophlyctis luteolus,GCA_027603655.1
Entophlyctis luteolus,GCA_027604725.1
Entophlyctis sp. JEL0112,GCA_027604545.1
Ephemerocybe angulata,GCA_013368325.1
Ephemerocybe angulata,GCA_014188975.1
Epichloe amarillans,GCA_024072835.1
Epichloe amarillans E4668,GCA_000877375.1
Epichloe amarillans E57,GCA_000223075.2
Epichloe aotearoae,GCA_000729855.1
Epichloe baconii,GCA_023650635.1
Epichloe baconii,GCA_052819395.1
Epichloe baconii ATCC 200745,GCA_000729845.1
Epichloe brachyelytri,GCA_023650705.1
Epichloe brachyelytri E4804,GCA_000222915.1
Epichloe bromicola,GCA_001008055.1
Epichloe bromicola,GCA_001008065.1
Epichloe bromicola,GCA_002319005.1
Epichloe bromicola,GCA_023658445.1
Epichloe bromicola,GCA_041154705.1
Epichloe bromicola,GCA_041154725.1
Epichloe bromicola,GCA_046863585.1
Epichloe bromicola,GCA_046866085.1
Epichloe bromicola,GCA_047301905.1
Epichloe bromicola,GCA_047301975.1
Epichloe bromicola ATCC 200750,GCA_000729905.1
Epichloe cabralii,GCA_052819285.1
Epichloe canadensis,GCA_046865985.1
Epichloe chisosa,GCA_046863325.1
Epichloe clarkii,GCA_046863355.1
Epichloe coenophiala,GCA_018801565.1
Epichloe coenophiala,GCA_046863495.1
Epichloe coenophiala,GCA_051528775.1
Epichloe elymi,GCA_002591845.1
Epichloe elymi,GCA_023658475.1
Epichloe elymi E56,GCA_000315335.1
Epichloe festucae,GCA_002163435.1
Epichloe festucae,GCA_002318955.1
Epichloe festucae,GCA_016859245.1
Epichloe festucae,GCA_024198275.1
Epichloe festucae,GCA_047301935.1
Epichloe festucae E2368,GCA_000151575.2
Epichloe festucae Fl1,GCA_000226195.2
Epichloe festucae Fl1,GCA_003814445.1
Epichloe festucae var. lolii,GCA_052819375.1
Epichloe gansuensis,GCA_023658505.1
Epichloe gansuensis E7080,GCA_000222895.2
Epichloe gansuensis var. inebrians E818,GCA_000309355.1
Epichloe glyceriae,GCA_023658535.1
Epichloe glyceriae E277,GCA_000225285.2
Epichloe hybrida,GCA_019022495.1
Epichloe inebrians,GCA_046863545.1
Epichloe pampeana,GCA_046863305.1
Epichloe scottii,GCA_021950295.1
Epichloe sibirici,GCA_022702365.1
Epichloe siegelii,GCA_046863605.1
Epichloe sp. 1 LKC-2024,GCA_049309445.1
Epichloe sp. 2 LKC-2024,GCA_049309465.1
Epichloe sp. AL9924,GCA_000729825.1
Epichloe sp. FaTG-3,GCA_046863475.1
Epichloe sp. HbrTG-3,GCA_047301785.1
Epichloe stromatolonga,GCA_046863535.1
Epichloe sylvatica,GCA_001008265.1
Epichloe sylvatica,GCA_052819355.1
Epichloe typhina,GCA_023658615.1
Epichloe typhina,GCA_046862025.1
Epichloe typhina,GCA_046866095.1
Epichloe typhina,GCA_046866165.1
Epichloe typhina,GCA_046866185.1
Epichloe typhina,GCA_051527435.1
Epichloe typhina E5819,GCA_000222955.2
Epichloe typhina E8,GCA_000308955.1
Epichloe typhina subsp. clarkii,GCA_021378265.1
Epichloe typhina subsp. poae,GCA_023658565.1
Epichloe typhina subsp. poae,GCA_030389615.1
Epichloe typhina subsp. poae,GCA_046866235.1
Epichloe typhina subsp. typhina,GCA_021378235.1
Epichloe uncinata,GCA_001043855.1
Epicoccum latusicollum,GCA_015266435.1
Epicoccum latusicollum,GCA_025677925.1
Epicoccum nigrum,GCA_002116315.1
Epicoccum nigrum,GCA_019721275.1
Epicoccum nigrum P16,GCA_009761125.1
Epicoccum sorghinum,GCA_001879705.1
Epicoccum sorghinum,GCA_020272525.1
Epicoccum sorghinum,GCA_040113005.1
Epicoccum sorghinum,GCA_040893085.1
Epicoccum sp. F181,GCA_037042865.2
Epidermophyton floccosum,GCA_051943595.2
Epidermophyton floccosum,GCA_051943615.2
Epidermophyton floccosum,GCA_051944095.1
Epidermophyton floccosum,GCA_056365645.1
Epithele typhae,GCA_022376455.1
Eremomyces bilateralis CBS 781.70,GCA_010015585.1
Eremothecium coryli CBS 5749,GCA_000710315.1
Eremothecium cymbalariae DBVPG#7215,GCA_000235365.1
Eremothecium gossypii ATCC 10895,GCA_000091025.4
Eremothecium gossypii FDAG1,GCA_000968835.1
Eremothecium sinecaudum,GCA_001548555.1
Erysiphe necator,GCA_000798715.1
Erysiphe necator,GCA_000798735.1
Erysiphe necator,GCA_000798755.1
Erysiphe necator,GCA_000798775.1
Erysiphe necator,GCA_000798795.1
Erysiphe necator,GCA_016906895.2
Erysiphe necator,GCA_024703715.1
Erysiphe neolycopersici,GCA_003610855.1
Erysiphe pisi,GCA_000208805.1
Erysiphe pisi,GCA_000214055.1
Erysiphe pulchra,GCA_002918395.1
Erythrobasidium elongatum,GCA_054771755.1
Erythrobasidium hasegawianum,GCA_001972285.1
Erythrobasidium yunnanense,GCA_001600175.1
Escovopsis sp. AC,GCA_003055955.1
Escovopsis sp. Ae720,GCA_003055925.1
Escovopsis sp. Ae724,GCA_003055165.1
Escovopsis sp. Ae733,GCA_003055945.1
Escovopsis sp. TC,GCA_003055185.1
Escovopsis weberi,GCA_001278495.1
Escovopsis weberi,GCA_003055145.1
Esteya vermicola,GCA_002778215.1
Eurotiales sp. R13A2,GCA_023625935.1
Eurotiales sp. R3503,GCA_023625855.1
Eurotiomycetes sp.,GCA_002916945.1
Eurotiomycetes sp.,GCA_002917005.1
Eurotiomycetes sp.,GCA_002917015.1
Eutypa lata,GCA_022660915.1
Eutypa lata,GCA_022660925.1
Eutypa lata,GCA_022660935.1
Eutypa lata,GCA_022660945.1
Eutypa lata,GCA_022661075.1
Eutypa lata,GCA_022661185.1
Eutypa lata,GCA_022661205.1
Eutypa lata,GCA_022661235.1
Eutypa lata,GCA_022661245.1
Eutypa lata,GCA_022661255.1
Eutypa lata,GCA_022661275.1
Eutypa lata,GCA_022661325.1
Eutypa lata,GCA_022661335.1
Eutypa lata,GCA_022661345.1
Eutypa lata,GCA_022661355.1
Eutypa lata,GCA_022661375.1
Eutypa lata,GCA_022661395.1
Eutypa lata,GCA_022661435.1
Eutypa lata,GCA_022661445.1
Eutypa lata,GCA_022661455.1
Eutypa lata,GCA_022661475.1
Eutypa lata,GCA_022661515.1
Eutypa lata,GCA_022661525.1
Eutypa lata,GCA_022661535.1
Eutypa lata,GCA_022661565.1
Eutypa lata,GCA_022661575.1
Eutypa lata,GCA_022661605.1
Eutypa lata,GCA_022661615.1
Eutypa lata,GCA_022661635.1
Eutypa lata,GCA_022661665.1
Eutypa lata,GCA_022661675.1
Eutypa lata,GCA_022661705.1
Eutypa lata,GCA_022661715.1
Eutypa lata,GCA_022661735.1
Eutypa lata,GCA_022661755.1
Eutypa lata,GCA_022661775.1
Eutypa lata,GCA_022661805.1
Eutypa lata,GCA_022661825.1
Eutypa lata,GCA_022661835.1
Eutypa lata,GCA_022712995.1
Eutypa lata UCREL1,GCA_000349385.1
Eutypella sp. D-1,GCA_023313575.1
Evansstolkia leycettana,GCA_000787455.1
Evernia prunastri,GCA_003184365.1
Exidia glandulosa HHB12029,GCA_001632375.1
Exobasidium cylindrosporum,GCA_023273805.1
Exobasidium rhododendri,GCA_026210745.1
Exophiala alcalophila,GCA_001599775.1
Exophiala aquamarina CBS 119918,GCA_000709125.1
Exophiala bonariae,GCA_035927105.1
Exophiala calicioides,GCA_001599795.1
Exophiala dermatitidis,GCA_003349795.1
Exophiala dermatitidis,GCA_010883275.1
Exophiala dermatitidis,GCA_010883425.1
Exophiala dermatitidis,GCA_010883455.1
Exophiala dermatitidis,GCA_010883525.1
Exophiala dermatitidis,GCA_010883545.1
Exophiala dermatitidis,GCA_023621275.1
Exophiala dermatitidis,GCA_023621285.1
Exophiala dermatitidis,GCA_028023995.1
Exophiala dermatitidis,GCA_028024125.1
Exophiala dermatitidis,GCA_028024355.1
Exophiala dermatitidis,GCA_028024475.1
Exophiala dermatitidis,GCA_028024505.1
Exophiala dermatitidis,GCA_028025245.1
Exophiala dermatitidis,GCA_028025295.1
Exophiala dermatitidis,GCA_028025565.1
Exophiala dermatitidis,GCA_028026005.1
Exophiala dermatitidis,GCA_028026235.1
Exophiala dermatitidis,GCA_028026245.1
Exophiala dermatitidis,GCA_028026935.1
Exophiala dermatitidis,GCA_028026945.1
Exophiala dermatitidis,GCA_028027435.1
Exophiala dermatitidis,GCA_028027445.1
Exophiala dermatitidis,GCA_028027615.1
Exophiala dermatitidis,GCA_028027665.1
Exophiala dermatitidis,GCA_028028135.1
Exophiala dermatitidis,GCA_028028245.1
Exophiala dermatitidis,GCA_028028305.1
Exophiala dermatitidis,GCA_028028335.1
Exophiala dermatitidis,GCA_030028025.1
Exophiala dermatitidis,GCA_030028065.1
Exophiala dermatitidis,GCA_043234795.1
Exophiala dermatitidis,GCA_043234805.1
Exophiala dermatitidis,GCA_043234845.1
Exophiala dermatitidis,GCA_043234885.1
Exophiala dermatitidis,GCA_043234895.1
Exophiala dermatitidis NIH/UT8656,GCA_000230625.1
Exophiala lecanii-corni,GCA_003955835.1
Exophiala mesophila,GCA_000785215.1
Exophiala mesophila,GCA_000836275.1
Exophiala mesophila,GCA_004011775.1
Exophiala oligosperma,GCA_000835515.1
Exophiala oligosperma,GCA_015295565.1
Exophiala oligosperma,GCA_022813245.1
Exophiala oligosperma,GCA_036872695.1
Exophiala phaeomuriformis,GCA_010883475.1
Exophiala sideris,GCA_000835395.1
Exophiala sideris,GCA_035927125.1
Exophiala sideris,GCA_035927145.1
Exophiala sideris,GCA_035927165.1
Exophiala sp.,GCA_004026505.1
Exophiala sp. BF2,GCA_049996405.1
Exophiala sp. BO6,GCA_015295625.1
Exophiala sp. CCFEE 6169,GCA_035928255.1
Exophiala sp. CCFEE 6388,GCA_035928005.1
Exophiala sp. HKRS030,GCA_023897205.1
Exophiala sp. LBMH1013,GCA_024611085.1
Exophiala spinifera,GCA_000836115.1
Exophiala spinifera,GCA_001599535.1
Exophiala spinifera,GCA_010882955.1
Exophiala spinifera,GCA_010882975.1
Exophiala spinifera,GCA_010882995.1
Exophiala spinifera,GCA_010883305.1
Exophiala spinifera,GCA_010883315.1
Exophiala spinifera,GCA_010883335.1
Exophiala spinifera,GCA_010883385.1
Exophiala spinifera,GCA_010883435.1
Exophiala spinifera,GCA_037954155.1
Exophiala viscosa,GCA_022695815.1
Exophiala viscosa,GCA_022695825.1
Exophiala xenobiotica,GCA_000798695.1
Exophiala xenobiotica,GCA_000835505.1
Exophiala xenobiotica,GCA_030142925.1
Exophiala xenobiotica,GCA_035928205.1
Exophiala xenobiotica,GCA_035928245.1
Exophiala xenobiotica,GCA_035928305.1
Exophiala xenobiotica,GCA_035928425.1
Exophiala xenobiotica,GCA_035928445.1
Exophiala xenobiotica,GCA_035928465.1
Exophiala xenobiotica,GCA_035928485.1
Exophiala xenobiotica,GCA_035928505.1
Exophiala xenobiotica,GCA_035928545.1
Exophiala xenobiotica,GCA_035928625.1
Exophiala xenobiotica,GCA_035928665.1
Exophiala xenobiotica,GCA_035930025.1
Exophiala xenobiotica,GCA_035930045.1
Exophiala xenobiotica,GCA_035930065.1
Exophiala xenobiotica,GCA_035930105.1
Exophiala xenobiotica,GCA_035930125.1
Exophiala xenobiotica,GCA_035930205.1
Exophiala xenobiotica,GCA_035930245.1
Exophiala xenobiotica,GCA_035930265.1
Exophiala xenobiotica,GCA_035930285.1
Exophiala xenobiotica,GCA_035930305.1
Exophiala xenobiotica,GCA_035931835.1
Exophiala xenobiotica,GCA_035931855.1
Exophiala xenobiotica,GCA_035931885.1
Exophiala xenobiotica,GCA_035931915.1
Exophiala xenobiotica,GCA_035931935.1
Exophiala xenobiotica,GCA_035932055.1
Exophiala xenobiotica,GCA_035932095.1
Exophiala xenobiotica,GCA_035932115.1
Exophiala xenobiotica,GCA_036010245.1
Exophiala xenobiotica,GCA_038362935.1
Exophiala xenobiotica,GCA_038362965.1
Exserohilum rostratum,GCA_019453395.1
Exserohilum rostratum,GCA_024086065.1
Exserohilum rostratum,GCA_024221855.1
Exserohilum rostratum,GCA_026262385.1
Exserohilum rostratum,GCA_026367775.1
Exserohilum rostratum,GCA_040113035.1
Exserohilum turcica Et28A,GCA_000359705.1
Exserohilum turcica Et28A,GCA_013390285.1
Exserohilum turcicum,GCA_050059805.1
Exserohilum turcicum,GCA_050059825.1
Exsudoporus floridanus,GCA_038094735.1
Exsudoporus frostii,GCA_038089735.1
Extremus antarcticus,GCA_033117895.1
Exutisphaerella laricina CBS 326.52,GCA_000504385.2
Falciformispora senegalensis,GCA_051942895.1
Falciphora oryzae,GCA_000733355.1
Farysia acheniorum,GCA_040365765.1
Farysia itapuensis,GCA_023212645.1
Favolaschia claudopus,GCA_037176885.1
Fennellomyces sp. T-0311,GCA_025266875.1
Fereydounia khargensis,GCA_026413255.1
Fermentozyma sake,GCA_003243815.1
Fermentozyma sake,GCA_017654755.1
Fermentozyma sake,GCA_030572495.1
Fermentozyma sake,GCA_054122875.1
Fermentozyma sake,GCA_054122885.1
Fermentozyma sake,GCA_054122995.1
Fermentozyma sake,GCA_054123015.1
Fermentozyma sake,GCA_054123035.1
Fermentozyma sake,GCA_054123075.1
Fibroporia radiculosa,GCA_000313525.1
Filobasidium elegans,GCA_040370945.1
Filobasidium floriforme,GCA_019201745.1
Filobasidium floriforme,GCA_021052385.1
Filobasidium globisporum,GCA_040368705.1
Filobasidium uniguttulatum,GCA_039545395.1
Filobasidium wieringae,GCA_001600055.1
Filosporella fistucella,GCA_030077755.1
Fimicolochytrium jonesii,GCA_025526975.1
Fistulina hepatica ATCC 64428,GCA_000934395.1
Fistulinella cinereoalba,GCA_038089115.1
Fistulinella prunicolor,GCA_038089875.1
Fistulinella staudtii,GCA_038094235.1
Flagelloscypha sp. PMI_526,GCA_021399455.1
Flammula alnicola,GCA_015499995.1
Flammulina filiformis,GCA_015342475.1
Flammulina filiformis,GCA_022345005.1
Flammulina filiformis,GCA_022345045.1
Flammulina filiformis,GCA_041682555.1
Flammulina filiformis,GCA_041684055.1
Flammulina filiformis,GCA_044231765.1
Flammulina filiformis,GCA_048537345.1
Flammulina filiformis,GCA_048537365.1
Flammulina filiformis,GCA_048987785.1
Flammulina velutipes,GCA_001602335.1
Flammulina velutipes,GCA_011800155.1
Flammulina velutipes KACC42780,GCA_000633125.1
Flavodon sp. x10,GCA_039906145.1
Flavoplaca austrocitrina,GCA_051942045.1
Flavoplaca cf. flavocitrina,GCA_051942005.1
Flavoplaca citrina,GCA_051941225.1
Flavoplaca limonia,GCA_051942465.1
Flavoplaca navasiana,GCA_051941985.1
Flavoplaca navasiana,GCA_051942405.1
Flavoplaca oasis,GCA_023646635.1
Flavoplaca sp. TL-2023a,GCA_052059015.1
Floccularia luteovirens,GCA_004012055.1
Floccularia luteovirens,GCA_009739215.1
Floccularia luteovirens,GCA_052855235.1
Floridaphiala radiotolerans,GCA_022813185.1
Foliophoma fallens,GCA_052323715.1
Fomes fomentarius,GCA_022606135.1
Fomes fomentarius,GCA_037954145.1
Fomitiporia mediterranea,GCA_041380695.1
Fomitiporia mediterranea,GCA_041380755.1
Fomitiporia mediterranea MF3/22,GCA_000271605.1
Fomitiporia polymorpha,GCA_041146145.1
Fomitiporia polymorpha,GCA_041146155.1
Fomitopsis betulina,GCA_022606075.1
Fomitopsis dickinsii,GCA_054786435.1
Fomitopsis palustris,GCA_001937815.1
Fomitopsis palustris,GCA_029783445.1
Fomitopsis pinicola,GCA_001931775.1
Fomitopsis schrenkii,GCA_000344655.2
Fomitopsis serialis,GCA_022376445.1
Fonsecaea erecta,GCA_001651985.1
Fonsecaea monophora,GCA_001642475.1
Fonsecaea multimorphosa,GCA_001646985.1
Fonsecaea multimorphosa CBS 102226,GCA_000836435.1
Fonsecaea nubica,GCA_001646965.1
Fonsecaea pedrosoi,GCA_020310725.1
Fonsecaea pedrosoi CBS 271.37,GCA_000835455.1
Fonsecaea pugnacius,GCA_011800825.1
Fonsecazyma sp. YL-2025a,GCA_049354935.1
Fonsecazyma sp. YL-2025a,GCA_049354965.1
Fragosphaeria purpurea,GCA_002778095.1
Friedmanniomyces endolithicus,GCA_005059855.1
Friedmanniomyces endolithicus,GCA_030411825.1
Friedmanniomyces endolithicus,GCA_030411835.1
Friedmanniomyces endolithicus,GCA_030411845.1
Friedmanniomyces endolithicus,GCA_030411855.1
Friedmanniomyces endolithicus,GCA_030411865.1
Friedmanniomyces endolithicus,GCA_030412055.1
Friedmanniomyces endolithicus,GCA_030553175.1
Friedmanniomyces endolithicus,GCA_030553185.1
Friedmanniomyces endolithicus,GCA_030553195.1
Friedmanniomyces endolithicus,GCA_030553205.1
Friedmanniomyces endolithicus,GCA_030553215.1
Friedmanniomyces endolithicus,GCA_030553275.1
Friedmanniomyces endolithicus,GCA_030553285.1
Friedmanniomyces endolithicus,GCA_030553295.1
Friedmanniomyces endolithicus,GCA_030553325.1
Friedmanniomyces endolithicus,GCA_030553335.1
Friedmanniomyces endolithicus,GCA_030553385.1
Friedmanniomyces endolithicus,GCA_030553405.1
Friedmanniomyces endolithicus,GCA_030553415.1
Friedmanniomyces endolithicus,GCA_030553435.1
Friedmanniomyces endolithicus,GCA_030553445.1
Friedmanniomyces endolithicus,GCA_030553475.1
Friedmanniomyces endolithicus,GCA_030553495.1
Friedmanniomyces endolithicus,GCA_030926145.1
Friedmanniomyces simplex,GCA_005059865.1
Fulgogasparrea decipioides,GCA_051941625.1
Fulvia fulva,GCA_020509005.2
Fulvia fulva,GCA_034268455.1
Fulvia fulva,GCA_034269425.1
Fulvia fulva,GCA_034769625.1
Fulvia fulva,GCA_035196885.1
Fulvia fulva,GCA_035196915.1
Fulvia fulva,GCA_040114255.1
Fulvia fulva,GCA_040114275.1
Fulvia fulva,GCA_040114315.1
Fulvia fulva,GCA_040114335.1
Fulvia fulva,GCA_040114355.1
Fulvia fulva,GCA_040114375.1
Fulvia fulva,GCA_040114395.1
Fulvia fulva,GCA_040114415.1
Fulvia fulva,GCA_040114575.1
Fulvia fulva,GCA_040114595.1
Fulvia fulva,GCA_040114665.1
Fulvia fulva,GCA_050710555.1
Fulvia fulva,GCA_055774805.1
Fulvia fulva,GCA_055774825.1
Fulvia fulva,GCA_055774845.1
Fulvia fulva,GCA_055774865.1
Fulvia fulva,GCA_055774885.1
Fulvia fulva,GCA_055774905.1
Fulvia fulva,GCA_055774925.1
Fulvia fulva,GCA_055774945.1
Fulvia fulva,GCA_055774965.1
Fulvia fulva,GCA_055774985.1
Fulvia fulva,GCA_055775005.1
Fulvia fulva,GCA_055775025.1
Fulvia fulva CBS 131901,GCA_000301015.1
Fulvifomes rimosus,GCA_048987155.1
Furcasterigmium furcatum,GCA_001599815.1
Furcasterigmium sp. R96-07A1,GCA_037042015.1
Furculomyces boomerangus,GCA_003086725.1
Fusarium abutilonis,GCA_021655885.1
Fusarium acaciae-mearnsii,GCA_014822065.1
Fusarium acaciae-mearnsii,GCA_017657105.1
Fusarium acaciae-mearnsii,GCA_017657115.1
Fusarium acaciae-mearnsii,GCA_017657135.1
Fusarium acuminatum,GCA_013363215.1
Fusarium acuminatum,GCA_027247665.1
Fusarium acuminatum,GCA_038181435.1
Fusarium acutatum,GCA_012932015.1
Fusarium aethiopicum,GCA_017657045.1
Fusarium aethiopicum,GCA_053895105.1
Fusarium aethiopicum,GCA_053895145.1
Fusarium agapanthi,GCA_001654545.1
Fusarium agapanthi,GCA_001654555.2
Fusarium albidum,GCA_013618265.1
Fusarium albosuccineum,GCA_012931995.1
Fusarium algeriense,GCA_002982035.1
Fusarium algeriense,GCA_002982055.1
Fusarium ambrosium,GCA_003947045.1
Fusarium andiyazi,GCA_044706615.1
Fusarium anguioides,GCA_012977745.1
Fusarium annulatum,GCA_019189555.1
Fusarium annulatum,GCA_019189625.1
Fusarium annulatum,GCA_019189685.1
Fusarium annulatum,GCA_019189765.1
Fusarium annulatum,GCA_019189775.1
Fusarium annulatum,GCA_022627115.1
Fusarium annulatum,GCA_044647055.1
Fusarium anthophilum,GCA_013364935.1
Fusarium arcuatisporum,GCA_049901675.1
Fusarium armeniacum,GCA_013618295.1
Fusarium armeniacum,GCA_051942675.1
Fusarium asiaticum,GCA_001717835.1
Fusarium asiaticum,GCA_001717845.1
Fusarium asiaticum,GCA_013618305.1
Fusarium asiaticum,GCA_017657095.1
Fusarium asiaticum,GCA_025258505.1
Fusarium asiaticum,GCA_025427435.1
Fusarium asiaticum,GCA_025427455.1
Fusarium asiaticum,GCA_025427465.1
Fusarium asiaticum,GCA_025427475.1
Fusarium asiaticum,GCA_025427855.1
Fusarium asiaticum,GCA_025427995.1
Fusarium asiaticum,GCA_025428385.1
Fusarium asiaticum,GCA_025428395.1
Fusarium asiaticum,GCA_043174495.1
Fusarium asiaticum,GCA_043174505.1
Fusarium asiaticum,GCA_043174575.1
Fusarium asiaticum,GCA_043174585.1
Fusarium asiaticum,GCA_043174615.1
Fusarium asiaticum,GCA_043174715.1
Fusarium asiaticum,GCA_043174735.1
Fusarium asiaticum,GCA_043174785.1
Fusarium asiaticum,GCA_043174795.1
Fusarium asiaticum,GCA_043174815.1
Fusarium asiaticum,GCA_043174825.1
Fusarium asiaticum,GCA_043174905.1
Fusarium asiaticum,GCA_043175015.1
Fusarium asiaticum,GCA_043175025.1
Fusarium asiaticum,GCA_043175045.1
Fusarium asiaticum,GCA_043175055.1
Fusarium asiaticum,GCA_043175085.1
Fusarium asiaticum,GCA_043175195.1
Fusarium asiaticum,GCA_043175245.1
Fusarium asiaticum,GCA_043175265.1
Fusarium asiaticum,GCA_043175295.1
Fusarium asiaticum,GCA_043175355.1
Fusarium asiaticum,GCA_043175385.1
Fusarium asiaticum,GCA_043175395.1
Fusarium asiaticum,GCA_043175415.1
Fusarium asiaticum,GCA_043175495.1
Fusarium asiaticum,GCA_043175505.1
Fusarium asiaticum,GCA_043175535.1
Fusarium asiaticum,GCA_043175545.1
Fusarium asiaticum,GCA_043175635.1
Fusarium asiaticum,GCA_043175715.1
Fusarium asiaticum,GCA_043175725.1
Fusarium asiaticum,GCA_043175735.1
Fusarium asiaticum,GCA_043175755.1
Fusarium asiaticum,GCA_043175795.1
Fusarium asiaticum,GCA_043175845.1
Fusarium asiaticum,GCA_043175875.1
Fusarium asiaticum,GCA_043175975.1
Fusarium asiaticum,GCA_043175985.1
Fusarium asiaticum,GCA_043176045.1
Fusarium asiaticum,GCA_043176075.1
Fusarium asiaticum,GCA_043176115.1
Fusarium asiaticum,GCA_043176135.1
Fusarium asiaticum,GCA_043176165.1
Fusarium asiaticum,GCA_043176185.1
Fusarium asiaticum,GCA_043176255.1
Fusarium asiaticum,GCA_043176275.1
Fusarium asiaticum,GCA_043176295.1
Fusarium asiaticum,GCA_043176325.1
Fusarium asiaticum,GCA_043176385.1
Fusarium asiaticum,GCA_043176435.1
Fusarium asiaticum,GCA_043176515.1
Fusarium asiaticum,GCA_043176525.1
Fusarium asiaticum,GCA_043176535.1
Fusarium asiaticum,GCA_043176545.1
Fusarium asiaticum,GCA_043176555.1
Fusarium asiaticum,GCA_043176695.1
Fusarium asiaticum,GCA_043176725.1
Fusarium asiaticum,GCA_043176735.1
Fusarium asiaticum,GCA_043176755.1
Fusarium asiaticum,GCA_043176765.1
Fusarium asiaticum,GCA_043252065.1
Fusarium asiaticum,GCA_043252085.1
Fusarium asiaticum,GCA_043252105.1
Fusarium asiaticum,GCA_043252125.1
Fusarium asiaticum,GCA_043252145.1
Fusarium asiaticum,GCA_043252265.1
Fusarium asiaticum,GCA_043252325.1
Fusarium asiaticum,GCA_043252345.1
Fusarium asiaticum,GCA_043252385.1
Fusarium asiaticum,GCA_043252405.1
Fusarium asiaticum,GCA_043252445.1
Fusarium asiaticum,GCA_043252505.1
Fusarium asiaticum,GCA_043252525.1
Fusarium asiaticum,GCA_043252585.1
Fusarium asiaticum,GCA_043252605.1
Fusarium asiaticum,GCA_043252645.1
Fusarium asiaticum,GCA_043252685.1
Fusarium asiaticum,GCA_043252725.1
Fusarium asiaticum,GCA_043252785.1
Fusarium asiaticum,GCA_043252805.1
Fusarium asiaticum,GCA_043252825.1
Fusarium asiaticum,GCA_043252865.1
Fusarium asiaticum,GCA_043252925.1
Fusarium asiaticum,GCA_043252945.1
Fusarium asiaticum,GCA_043252985.1
Fusarium asiaticum,GCA_043252995.1
Fusarium asiaticum,GCA_043253045.1
Fusarium asiaticum,GCA_043253105.1
Fusarium asiaticum,GCA_043253145.1
Fusarium asiaticum,GCA_043253165.1
Fusarium asiaticum,GCA_043253205.1
Fusarium asiaticum,GCA_043253225.1
Fusarium asiaticum,GCA_043253305.1
Fusarium asiaticum,GCA_043253325.1
Fusarium asiaticum,GCA_043253345.1
Fusarium asiaticum,GCA_043253365.1
Fusarium asiaticum,GCA_043253405.1
Fusarium asiaticum,GCA_043253465.1
Fusarium asiaticum,GCA_043253485.1
Fusarium asiaticum,GCA_043253505.1
Fusarium asiaticum,GCA_043253545.1
Fusarium asiaticum,GCA_043253565.1
Fusarium asiaticum,GCA_043253585.1
Fusarium asiaticum,GCA_043253665.1
Fusarium asiaticum,GCA_043253705.1
Fusarium asiaticum,GCA_043253725.1
Fusarium asiaticum,GCA_043253745.1
Fusarium asiaticum,GCA_043253785.1
Fusarium asiaticum,GCA_043253805.1
Fusarium asiaticum,GCA_043253865.1
Fusarium asiaticum,GCA_043253885.1
Fusarium asiaticum,GCA_043253905.1
Fusarium asiaticum,GCA_043253945.1
Fusarium asiaticum,GCA_043253965.1
Fusarium asiaticum,GCA_043254035.1
Fusarium asiaticum,GCA_043254065.1
Fusarium asiaticum,GCA_043254085.1
Fusarium asiaticum,GCA_043254125.1
Fusarium asiaticum,GCA_043254135.1
Fusarium asiaticum,GCA_043254185.1
Fusarium asiaticum,GCA_043254245.1
Fusarium asiaticum,GCA_043254285.1
Fusarium asiaticum,GCA_043254325.1
Fusarium asiaticum,GCA_043254345.1
Fusarium asiaticum,GCA_043254365.1
Fusarium asiaticum,GCA_043254405.1
Fusarium asiaticum,GCA_043254425.1
Fusarium asiaticum,GCA_043254465.1
Fusarium asiaticum,GCA_043254505.1
Fusarium asiaticum,GCA_043254525.1
Fusarium asiaticum,GCA_043254545.1
Fusarium asiaticum,GCA_043254565.1
Fusarium asiaticum,GCA_043254595.1
Fusarium asiaticum,GCA_043254645.1
Fusarium asiaticum,GCA_043254705.1
Fusarium asiaticum,GCA_043254745.1
Fusarium asiaticum,GCA_043254765.1
Fusarium asiaticum,GCA_043254805.1
Fusarium asiaticum,GCA_043254825.1
Fusarium asiaticum,GCA_043254865.1
Fusarium asiaticum,GCA_043254885.1
Fusarium asiaticum,GCA_043254945.1
Fusarium asiaticum,GCA_043254965.1
Fusarium asiaticum,GCA_043254985.1
Fusarium asiaticum,GCA_043255045.1
Fusarium asiaticum,GCA_043255065.1
Fusarium asiaticum,GCA_043255105.1
Fusarium asiaticum,GCA_043255125.1
Fusarium asiaticum,GCA_043255185.1
Fusarium asiaticum,GCA_043255205.1
Fusarium asiaticum,GCA_043255245.1
Fusarium asiaticum,GCA_043255285.1
Fusarium asiaticum,GCA_043255305.1
Fusarium asiaticum,GCA_043255315.1
Fusarium asiaticum,GCA_043255345.1
Fusarium asiaticum,GCA_043255365.1
Fusarium asiaticum,GCA_043255445.1
Fusarium asiaticum,GCA_043255465.1
Fusarium asiaticum,GCA_043255485.1
Fusarium asiaticum,GCA_043255505.1
Fusarium asiaticum,GCA_043255565.1
Fusarium asiaticum,GCA_043255585.1
Fusarium asiaticum,GCA_043255645.1
Fusarium asiaticum,GCA_043255665.1
Fusarium asiaticum,GCA_043255705.1
Fusarium asiaticum,GCA_043255725.1
Fusarium asiaticum,GCA_043255745.1
Fusarium asiaticum,GCA_043255785.1
Fusarium asiaticum,GCA_043255825.1
Fusarium asiaticum,GCA_043255845.1
Fusarium asiaticum,GCA_043255865.1
Fusarium asiaticum,GCA_043255885.1
Fusarium asiaticum,GCA_043255965.1
Fusarium asiaticum,GCA_043255985.1
Fusarium asiaticum,GCA_043256025.1
Fusarium asiaticum,GCA_043256035.1
Fusarium asiaticum,GCA_043256085.1
Fusarium asiaticum,GCA_043256125.1
Fusarium asiaticum,GCA_043256145.1
Fusarium asiaticum,GCA_043256185.1
Fusarium asiaticum,GCA_043256205.1
Fusarium asiaticum,GCA_043256225.1
Fusarium asiaticum,GCA_043256235.1
Fusarium asiaticum,GCA_043256285.1
Fusarium asiaticum,GCA_043256345.1
Fusarium asiaticum,GCA_043256385.1
Fusarium asiaticum,GCA_043256405.1
Fusarium asiaticum,GCA_043256425.1
Fusarium asiaticum,GCA_043256465.1
Fusarium asiaticum,GCA_043256485.1
Fusarium asiaticum,GCA_043256505.1
Fusarium asiaticum,GCA_043256525.1
Fusarium asiaticum,GCA_043256585.1
Fusarium asiaticum,GCA_043256625.1
Fusarium asiaticum,GCA_043256645.1
Fusarium asiaticum,GCA_043256685.1
Fusarium asiaticum,GCA_043256725.1
Fusarium asiaticum,GCA_043256745.1
Fusarium asiaticum,GCA_043256765.1
Fusarium asiaticum,GCA_043256785.1
Fusarium asiaticum,GCA_043256805.1
Fusarium asiaticum,GCA_043256905.1
Fusarium asiaticum,GCA_043256925.1
Fusarium asiaticum,GCA_043256965.1
Fusarium asiaticum,GCA_043256985.1
Fusarium asiaticum,GCA_043257005.1
Fusarium asiaticum,GCA_043257085.1
Fusarium asiaticum,GCA_043257105.1
Fusarium asiaticum,GCA_043257125.1
Fusarium asiaticum,GCA_043257145.1
Fusarium asiaticum,GCA_043257155.1
Fusarium asiaticum,GCA_043257205.1
Fusarium asiaticum,GCA_043257245.1
Fusarium asiaticum,GCA_043257265.1
Fusarium asiaticum,GCA_043257305.1
Fusarium asiaticum,GCA_043257335.1
Fusarium asiaticum,GCA_043257385.1
Fusarium asiaticum,GCA_043257405.1
Fusarium asiaticum,GCA_043257425.1
Fusarium asiaticum,GCA_043257465.1
Fusarium asiaticum,GCA_043257485.1
Fusarium asiaticum,GCA_043257505.1
Fusarium asiaticum,GCA_043257545.1
Fusarium asiaticum,GCA_043257625.1
Fusarium asiaticum,GCA_043257645.1
Fusarium asiaticum,GCA_043257685.1
Fusarium asiaticum,GCA_043257705.1
Fusarium asiaticum,GCA_043257725.1
Fusarium asiaticum,GCA_043257745.1
Fusarium asiaticum,GCA_043257785.1
Fusarium asiaticum,GCA_043257815.1
Fusarium asiaticum,GCA_043257845.1
Fusarium asiaticum,GCA_043257885.1
Fusarium asiaticum,GCA_043257925.1
Fusarium asiaticum,GCA_043257945.1
Fusarium asiaticum,GCA_043257985.1
Fusarium asiaticum,GCA_043258005.1
Fusarium asiaticum,GCA_043258025.1
Fusarium asiaticum,GCA_043258135.1
Fusarium asiaticum,GCA_048987485.1
Fusarium asiaticum,GCA_050916195.1
Fusarium asiaticum,GCA_051362595.1
Fusarium asiaticum,GCA_051942695.1
Fusarium austroafricanum,GCA_012932025.1
Fusarium austroamericanum,GCA_009617505.1
Fusarium austroamericanum,GCA_009617525.1
Fusarium austroamericanum,GCA_013364965.1
Fusarium austroamericanum,GCA_017657025.1
Fusarium austroamericanum,GCA_017657035.1
Fusarium avenaceum,GCA_000769215.1
Fusarium avenaceum,GCA_000769295.1
Fusarium avenaceum,GCA_000769305.1
Fusarium avenaceum,GCA_012959155.1
Fusarium avenaceum,GCA_013753855.1
Fusarium avenaceum,GCA_018282135.1
Fusarium avenaceum,GCA_019055275.1
Fusarium avenaceum,GCA_019055285.1
Fusarium avenaceum,GCA_019055295.1
Fusarium avenaceum,GCA_019055315.1
Fusarium avenaceum,GCA_019055345.1
Fusarium avenaceum,GCA_020744115.1
Fusarium avenaceum,GCA_025948275.1
Fusarium avenaceum,GCA_044646885.1
Fusarium avenaceum,GCA_054643395.1
Fusarium aywerte,GCA_013186375.1
Fusarium azukiicola,GCA_001680625.1
Fusarium babinda,GCA_012977765.1
Fusarium babinda,GCA_013184435.1
Fusarium bactridioides,GCA_013623355.1
Fusarium begoniae,GCA_013186755.1
Fusarium beomiforme,GCA_002980475.2
Fusarium boothii,GCA_017656945.1
Fusarium boothii,GCA_017656985.1
Fusarium boothii,GCA_017656995.1
Fusarium boothii,GCA_052058405.1
Fusarium boothii,GCA_052058495.1
Fusarium boothii,GCA_053895125.1
Fusarium boothii,GCA_053895185.1
Fusarium boothii,GCA_053895245.1
Fusarium brachygibbosum,GCA_018886245.1
Fusarium brachygibbosum,GCA_052814595.1
Fusarium brasilicum,GCA_013184295.1
Fusarium brasilicum,GCA_017656955.1
Fusarium brasiliense,GCA_001680685.1
Fusarium brevicatenulatum,GCA_013363135.1
Fusarium buharicum,GCA_014822075.1
Fusarium bulbicola,GCA_013186765.1
Fusarium bulbicola,GCA_013758895.1
Fusarium burgessii,GCA_002980515.1
Fusarium buxicola,GCA_014899095.1
Fusarium buxicola,GCA_045528865.1
Fusarium caatingaense,GCA_013624355.1
Fusarium camptoceras,GCA_004367475.1
Fusarium celtis-occidentalis,GCA_045529095.1
Fusarium cerealis,GCA_012600195.1
Fusarium cerealis,GCA_019055205.1
Fusarium cerealis,GCA_054553065.1
Fusarium cerealis,GCA_054574715.1
Fusarium cf. aywerte,GCA_011034095.1
Fusarium cf. falciforme,GCA_011033525.1
Fusarium cf. falciforme,GCA_011033595.1
Fusarium cf. falciforme,GCA_011033705.1
Fusarium cf. falciforme,GCA_011033785.1
Fusarium cf. falciforme,GCA_011034735.1
Fusarium cf. falciforme,GCA_011036285.1
Fusarium cf. falciforme,GCA_011036445.1
Fusarium cf. falciforme,GCA_011036565.1
Fusarium cf. falciforme,GCA_011036775.1
Fusarium cf. falciforme,GCA_011036815.1
Fusarium cf. hostae,GCA_011034235.1
Fusarium cf. hostae,GCA_011035825.1
Fusarium cf. hostae,GCA_011035845.1
Fusarium cf. nygamai,GCA_011035525.1
Fusarium cf. nygamai,GCA_011036685.1
Fusarium cf. solani,GCA_011033385.1
Fusarium cf. solani,GCA_011033625.1
Fusarium cf. solani,GCA_011033925.1
Fusarium cf. solani,GCA_011033945.1
Fusarium cf. solani,GCA_011034825.1
Fusarium cf. solani,GCA_011036165.1
Fusarium cf. solani,GCA_011036515.1
Fusarium cf. solani,GCA_011036725.1
Fusarium cf. solani,GCA_011036745.1
Fusarium cf. solani,GCA_011421325.1
Fusarium cf. verticillioides,GCA_011035275.1
Fusarium cf. verticillioides,GCA_011036015.1
Fusarium cf. verticillioides,GCA_011036225.1
Fusarium cf. verticillioides,GCA_011036905.1
Fusarium chaquense,GCA_020137375.1
Fusarium chaquense,GCA_020137435.1
Fusarium chaquense,GCA_020137885.1
Fusarium chlamydosporum,GCA_014898915.1
Fusarium chlamydosporum,GCA_047716405.1
Fusarium chuoi,GCA_022627105.1
Fusarium chuoi,GCA_022627125.1
Fusarium cicatricum,GCA_021730345.1
Fusarium circinatum,GCA_000497325.4
Fusarium circinatum,GCA_000876485.1
Fusarium circinatum,GCA_002894005.2
Fusarium circinatum,GCA_013168815.2
Fusarium circinatum,GCA_013168825.2
Fusarium circinatum,GCA_013168835.2
Fusarium circinatum,GCA_013396185.1
Fusarium circinatum,GCA_018163655.1
Fusarium circinatum,GCA_019364515.1
Fusarium circinatum,GCA_019364535.1
Fusarium circinatum,GCA_021436885.1
Fusarium circinatum,GCA_021436905.1
Fusarium circinatum,GCA_021513745.1
Fusarium circinatum,GCA_021513755.1
Fusarium circinatum,GCA_024047395.1
Fusarium circinatum,GCA_024056715.1
Fusarium circinatum,GCA_024514935.1
Fusarium circinatum,GCA_037043895.1
Fusarium circinatum,GCA_040114195.1
Fusarium citri,GCA_004367485.1
Fusarium clavum,GCA_004367155.1
Fusarium clavum,GCA_044646745.1
Fusarium coffeatum,GCA_003316985.1
Fusarium coffeatum,GCA_004367465.1
Fusarium coicis,GCA_013781345.1
Fusarium commune,GCA_001599515.1
Fusarium commune,GCA_013618355.1
Fusarium commune,GCA_023065405.1
Fusarium commune,GCA_033782975.1
Fusarium commune,GCA_033782995.1
Fusarium commune,GCA_034642005.1
Fusarium commune,GCA_044646975.1
Fusarium commune,GCA_044647265.1
Fusarium commune,GCA_044647275.1
Fusarium commune,GCA_044647375.1
Fusarium commune,GCA_044647445.1
Fusarium commune,GCA_052058685.1
Fusarium compactum,GCA_037577415.1
Fusarium concentricum,GCA_014824425.1
Fusarium concolor,GCA_013184415.1
Fusarium continuum,GCA_013184455.1
Fusarium cortaderiae,GCA_009617495.1
Fusarium cortaderiae,GCA_013184305.1
Fusarium cortaderiae,GCA_017656885.1
Fusarium cortaderiae,GCA_017656915.1
Fusarium cortaderiae,GCA_017656935.1
Fusarium cortaderiae,GCA_051942735.1
Fusarium culmorum,GCA_003033665.1
Fusarium culmorum,GCA_013618375.1
Fusarium culmorum,GCA_016952355.1
Fusarium culmorum,GCA_019055245.1
Fusarium culmorum,GCA_041380385.1
Fusarium culmorum,GCA_050516595.1
Fusarium culmorum,GCA_052570695.1
Fusarium culmorum,GCA_052570705.1
Fusarium culmorum,GCA_052570715.1
Fusarium culmorum,GCA_052570805.1
Fusarium culmorum,GCA_052570815.1
Fusarium culmorum,GCA_052570865.1
Fusarium culmorum,GCA_052571695.1
Fusarium cuneirostrum,GCA_001680505.1
Fusarium cyanostomum,GCA_014824385.1
Fusarium cyanostomum,GCA_045528825.1
Fusarium decemcellulare,GCA_013266205.1
Fusarium decemcellulare,GCA_027627305.1
Fusarium delphinoides,GCA_045526855.1
Fusarium denticulatum,GCA_013396175.1
Fusarium devonianum,GCA_017140155.1
Fusarium dimerum,GCA_013623525.1
Fusarium dimerum,GCA_045526845.1
Fusarium dlaminii,GCA_013186775.1
Fusarium domesticum,GCA_013618395.1
Fusarium drepaniforme,GCA_012978555.1
Fusarium duplospermum,GCA_003946985.1
Fusarium equiseti,GCA_002894235.1
Fusarium equiseti,GCA_003313175.1
Fusarium equiseti,GCA_003316835.1
Fusarium equiseti,GCA_004367125.1
Fusarium equiseti,GCA_019054785.1
Fusarium equiseti,GCA_019054855.1
Fusarium equiseti,GCA_019054885.1
Fusarium equiseti,GCA_019054915.1
Fusarium equiseti,GCA_019054925.1
Fusarium equiseti,GCA_019054965.1
Fusarium equiseti,GCA_019055005.1
Fusarium equiseti,GCA_019055015.1
Fusarium equiseti,GCA_019055045.1
Fusarium equiseti,GCA_019055055.1
Fusarium equiseti,GCA_019055085.1
Fusarium equiseti,GCA_019055105.1
Fusarium equiseti,GCA_019055125.1
Fusarium equiseti,GCA_019055145.1
Fusarium equiseti,GCA_019055165.1
Fusarium equiseti,GCA_019055195.1
Fusarium equiseti,GCA_019055215.1
Fusarium equiseti,GCA_027945365.1
Fusarium equiseti,GCA_038501615.1
Fusarium equiseti,GCA_041438275.1
Fusarium equiseti,GCA_052857265.1
Fusarium euwallaceae,GCA_002168265.2
Fusarium euwallaceae,GCA_003957675.1
Fusarium euwallaceae,GCA_050613635.1
Fusarium falciforme,GCA_013363125.1
Fusarium falciforme,GCA_024500265.1
Fusarium falciforme,GCA_026873545.1
Fusarium falciforme,GCA_027945395.1
Fusarium falciforme,GCA_027945495.1
Fusarium falciforme,GCA_027945505.1
Fusarium falciforme,GCA_027945515.1
Fusarium falciforme,GCA_044646555.1
Fusarium falciforme,GCA_049863005.1
Fusarium falciforme,GCA_051403455.1
Fusarium falciforme,GCA_054370115.1
Fusarium flagelliforme,GCA_003012295.1
Fusarium flagelliforme,GCA_004367175.1
Fusarium flagelliforme,GCA_020744385.1
Fusarium flocciferum,GCA_044592905.1
Fusarium floridanum,GCA_003947005.1
Fusarium foetens,GCA_013623845.1
Fusarium fracticaudum,GCA_003353625.1
Fusarium fredkrugeri,GCA_044646565.1
Fusarium fujikuroi,GCA_001023035.1
Fusarium fujikuroi,GCA_001023045.1
Fusarium fujikuroi,GCA_001023065.1
Fusarium fujikuroi,GCA_002196585.2
Fusarium fujikuroi,GCA_002864135.1
Fusarium fujikuroi,GCA_009663055.1
Fusarium fujikuroi,GCA_009663095.1
Fusarium fujikuroi,GCA_009663115.1
Fusarium fujikuroi,GCA_009800985.1
Fusarium fujikuroi,GCA_013759025.1
Fusarium fujikuroi,GCA_044646505.1
Fusarium fujikuroi B14,GCA_000315255.1
Fusarium gaditjirri,GCA_013266175.1
Fusarium gerlachii,GCA_017656835.1
Fusarium gerlachii,GCA_017656845.1
Fusarium globosum,GCA_013396165.1
Fusarium goolgardi,GCA_014899075.1
Fusarium graminearum,GCA_000599445.1
Fusarium graminearum,GCA_000966635.1
Fusarium graminearum,GCA_000966645.2
Fusarium graminearum,GCA_001717905.1
Fusarium graminearum,GCA_001717915.1
Fusarium graminearum,GCA_002352725.1
Fusarium graminearum,GCA_006942295.1
Fusarium graminearum,GCA_012959185.1
Fusarium graminearum,GCA_018219475.1
Fusarium graminearum,GCA_018219485.1
Fusarium graminearum,GCA_018219515.1
Fusarium graminearum,GCA_018219525.1
Fusarium graminearum,GCA_018219555.1
Fusarium graminearum,GCA_018219565.1
Fusarium graminearum,GCA_018219575.1
Fusarium graminearum,GCA_018219615.1
Fusarium graminearum,GCA_018219625.1
Fusarium graminearum,GCA_018219635.1
Fusarium graminearum,GCA_018219645.1
Fusarium graminearum,GCA_018219675.1
Fusarium graminearum,GCA_018219705.1
Fusarium graminearum,GCA_018219715.1
Fusarium graminearum,GCA_018219745.1
Fusarium graminearum,GCA_018219765.1
Fusarium graminearum,GCA_018219795.1
Fusarium graminearum,GCA_018345295.1
Fusarium graminearum,GCA_018345315.1
Fusarium graminearum,GCA_018345325.1
Fusarium graminearum,GCA_018345335.1
Fusarium graminearum,GCA_018345365.1
Fusarium graminearum,GCA_018345395.1
Fusarium graminearum,GCA_018345415.1
Fusarium graminearum,GCA_018345435.1
Fusarium graminearum,GCA_018345455.1
Fusarium graminearum,GCA_018345475.1
Fusarium graminearum,GCA_018345485.1
Fusarium graminearum,GCA_018345515.1
Fusarium graminearum,GCA_018345545.1
Fusarium graminearum,GCA_018345575.1
Fusarium graminearum,GCA_018345585.1
Fusarium graminearum,GCA_018345615.1
Fusarium graminearum,GCA_018345635.1
Fusarium graminearum,GCA_018345645.1
Fusarium graminearum,GCA_018345655.1
Fusarium graminearum,GCA_018345675.1
Fusarium graminearum,GCA_018345715.1
Fusarium graminearum,GCA_018345725.1
Fusarium graminearum,GCA_018345735.1
Fusarium graminearum,GCA_018345745.1
Fusarium graminearum,GCA_018345795.1
Fusarium graminearum,GCA_018345815.1
Fusarium graminearum,GCA_018345835.1
Fusarium graminearum,GCA_018345845.1
Fusarium graminearum,GCA_018345865.1
Fusarium graminearum,GCA_018345885.1
Fusarium graminearum,GCA_018345915.1
Fusarium graminearum,GCA_018345925.1
Fusarium graminearum,GCA_018345945.1
Fusarium graminearum,GCA_018345975.1
Fusarium graminearum,GCA_018345995.1
Fusarium graminearum,GCA_018346005.1
Fusarium graminearum,GCA_018346015.1
Fusarium graminearum,GCA_018346035.1
Fusarium graminearum,GCA_018346045.1
Fusarium graminearum,GCA_018346095.1
Fusarium graminearum,GCA_018346115.1
Fusarium graminearum,GCA_018346145.1
Fusarium graminearum,GCA_018346155.1
Fusarium graminearum,GCA_018346165.1
Fusarium graminearum,GCA_018346185.1
Fusarium graminearum,GCA_018346225.1
Fusarium graminearum,GCA_018346245.1
Fusarium graminearum,GCA_018346255.1
Fusarium graminearum,GCA_018346265.1
Fusarium graminearum,GCA_018346305.1
Fusarium graminearum,GCA_018346325.1
Fusarium graminearum,GCA_018346345.1
Fusarium graminearum,GCA_018346355.1
Fusarium graminearum,GCA_018346365.1
Fusarium graminearum,GCA_018346405.1
Fusarium graminearum,GCA_018346425.1
Fusarium graminearum,GCA_018346445.1
Fusarium graminearum,GCA_018346455.1
Fusarium graminearum,GCA_018346485.1
Fusarium graminearum,GCA_018346495.1
Fusarium graminearum,GCA_018346505.1
Fusarium graminearum,GCA_018346545.1
Fusarium graminearum,GCA_018346565.1
Fusarium graminearum,GCA_018346575.1
Fusarium graminearum,GCA_018346585.1
Fusarium graminearum,GCA_018346625.1
Fusarium graminearum,GCA_018346635.1
Fusarium graminearum,GCA_018346665.1
Fusarium graminearum,GCA_018346685.1
Fusarium graminearum,GCA_018346695.1
Fusarium graminearum,GCA_018346705.1
Fusarium graminearum,GCA_018346715.1
Fusarium graminearum,GCA_018346765.1
Fusarium graminearum,GCA_018346775.1
Fusarium graminearum,GCA_018346795.1
Fusarium graminearum,GCA_018346805.1
Fusarium graminearum,GCA_018346815.1
Fusarium graminearum,GCA_019343145.1
Fusarium graminearum,GCA_020991245.1
Fusarium graminearum,GCA_023242275.1
Fusarium graminearum,GCA_025427445.1
Fusarium graminearum,GCA_025427495.1
Fusarium graminearum,GCA_025427885.1
Fusarium graminearum,GCA_025428525.1
Fusarium graminearum,GCA_025428825.1
Fusarium graminearum,GCA_025428875.1
Fusarium graminearum,GCA_025434025.1
Fusarium graminearum,GCA_037074405.1
Fusarium graminearum,GCA_037074415.1
Fusarium graminearum,GCA_037213105.1
Fusarium graminearum,GCA_037255895.1
Fusarium graminearum,GCA_041380495.1
Fusarium graminearum,GCA_051903665.1
Fusarium graminearum,GCA_053895165.1
Fusarium graminearum,GCA_053895205.1
Fusarium graminearum,GCA_053895225.1
Fusarium graminearum,GCA_053895265.1
Fusarium graminearum,GCA_054643435.1
Fusarium graminearum,GCA_055476185.1
Fusarium graminearum PH-1,GCA_000240135.3
Fusarium graminum,GCA_013266165.1
Fusarium guadeloupense,GCA_021655865.1
Fusarium guadeloupense,GCA_021655875.1
Fusarium guttiforme,GCA_013186795.1
Fusarium guttiforme,GCA_037044015.1
Fusarium haematococcum,GCA_004026335.1
Fusarium haematococcum,GCA_004026385.1
Fusarium haematococcum,GCA_010015875.1
Fusarium hainanense,GCA_013618405.1
Fusarium heterosporum,GCA_013396295.1
Fusarium hostae,GCA_002234205.1
Fusarium hostae,GCA_002234235.1
Fusarium hostae,GCA_013184365.1
Fusarium humuli,GCA_004366955.1
Fusarium humuli,GCA_013753835.1
Fusarium illudens,GCA_013623515.1
Fusarium incarnatum,GCA_003704985.1
Fusarium incarnatum,GCA_003709435.1
Fusarium incarnatum,GCA_004367075.1
Fusarium inflexum,GCA_044647245.1
Fusarium ipomoeae,GCA_044646535.1
Fusarium ipomoeae,GCA_056248065.1
Fusarium irregulare,GCA_004367085.1
Fusarium irregulare,GCA_027945235.1
Fusarium irregulare,GCA_027945245.1
Fusarium keratoplasticum,GCA_025433545.1
Fusarium keratoplasticum,GCA_025433555.1
Fusarium kistleri,GCA_053895085.1
Fusarium kuroshium,GCA_003698175.1
Fusarium kyushuense,GCA_013184315.1
Fusarium kyushuense,GCA_034753255.1
Fusarium lactis,GCA_044647025.1
Fusarium langsethiae,GCA_001292635.1
Fusarium langsethiae,GCA_018104275.1
Fusarium langsethiae,GCA_022180325.1
Fusarium langsethiae,GCA_022180345.1
Fusarium lateritium,GCA_014898835.1
Fusarium lateritium,GCA_052570155.1
Fusarium lateritium,GCA_052570225.1
Fusarium lateritium,GCA_052570285.1
Fusarium lateritium,GCA_052570295.1
Fusarium lateritium,GCA_052570305.1
Fusarium lateritium,GCA_052570355.1
Fusarium lateritium,GCA_052570365.1
Fusarium lateritium,GCA_052570435.1
Fusarium lateritium,GCA_052570455.1
Fusarium lateritium,GCA_052570465.1
Fusarium lateritium,GCA_052570515.1
Fusarium lateritium,GCA_052570605.1
Fusarium lateritium,GCA_052570615.1
Fusarium lateritium,GCA_052570645.1
Fusarium lateritium,GCA_052571635.1
Fusarium liriodendri,GCA_023509735.1
Fusarium longipes,GCA_003012285.1
Fusarium longipes,GCA_013618485.1
Fusarium longipes,GCA_013618495.1
Fusarium longipes,GCA_013623335.1
Fusarium louisianense,GCA_017656775.1
Fusarium louisianense,GCA_017656825.1
Fusarium luffae,GCA_013184325.1
Fusarium luffae,GCA_044647525.1
Fusarium luffae,GCA_054821325.1
Fusarium lyarnte (nom. inval.),GCA_014898885.1
Fusarium mangiferae,GCA_013758935.1
Fusarium marasasianum,GCA_022833035.1
Fusarium meridionale,GCA_001717825.1
Fusarium meridionale,GCA_001717855.1
Fusarium meridionale,GCA_009617515.1
Fusarium meridionale,GCA_017656785.1
Fusarium meridionale,GCA_032355295.1
Fusarium meridionale x Fusarium asiaticum,GCA_017656815.1
Fusarium mesoamericanum,GCA_017656745.1
Fusarium metavorans,GCA_001633045.1
Fusarium mexicanum,GCA_013396015.1
Fusarium miscanthi,GCA_014898875.1
Fusarium multiceps,GCA_028416715.1
Fusarium mundagurra,GCA_013396205.1
Fusarium musae,GCA_013623345.1
Fusarium musae,GCA_019915245.1
Fusarium nanum,GCA_004367095.1
Fusarium napiforme,GCA_013396005.1
Fusarium nelsonii,GCA_014898925.1
Fusarium nematophilum,GCA_013623595.1
Fusarium nematophilum,GCA_033030565.1
Fusarium nematophilum,GCA_054098485.1
Fusarium nematophilum,GCA_054098565.1
Fusarium neocosmosporiellum,GCA_006518225.1
Fusarium neocosmosporiellum,GCA_021655985.1
Fusarium neocosmosporiellum,GCA_041296245.1
Fusarium nepalense,GCA_017656675.1
Fusarium nepalense,GCA_017656735.1
Fusarium newnesense,GCA_013184375.1
Fusarium nirenbergiae,GCA_051107415.1
Fusarium nisikadoi,GCA_013623555.1
Fusarium nodosum,GCA_014898975.1
Fusarium nurragi,GCA_012977755.1
Fusarium nygamai,GCA_001262555.1
Fusarium nygamai,GCA_002894225.1
Fusarium nygamai,GCA_013186815.1
Fusarium nygamai,GCA_022813395.1
Fusarium obliquiseptatum,GCA_047371145.1
Fusarium odoratissimum,GCA_000350365.1
Fusarium odoratissimum,GCA_026745415.1
Fusarium odoratissimum,GCA_026745425.1
Fusarium odoratissimum,GCA_040822185.1
Fusarium odoratissimum,GCA_040822265.1
Fusarium odoratissimum,GCA_040822295.1
Fusarium odoratissimum,GCA_052550365.1
Fusarium odoratissimum NRRL 54006,GCA_000260195.2
Fusarium oligoseptatum,GCA_003946995.1
Fusarium ophioides,GCA_042257825.1
Fusarium ophioides,GCA_042257875.1
Fusarium ophioides,GCA_042257945.1
Fusarium oxysporum,GCA_000733055.3
Fusarium oxysporum,GCA_001703125.1
Fusarium oxysporum,GCA_001931975.2
Fusarium oxysporum,GCA_002233935.2
Fusarium oxysporum,GCA_002233955.2
Fusarium oxysporum,GCA_002233985.2
Fusarium oxysporum,GCA_002233995.2
Fusarium oxysporum,GCA_002894245.1
Fusarium oxysporum,GCA_003025205.1
Fusarium oxysporum,GCA_003025235.1
Fusarium oxysporum,GCA_003615115.1
Fusarium oxysporum,GCA_003615155.1
Fusarium oxysporum,GCA_003615165.1
Fusarium oxysporum,GCA_003615185.1
Fusarium oxysporum,GCA_003704975.1
Fusarium oxysporum,GCA_003705035.1
Fusarium oxysporum,GCA_003705045.1
Fusarium oxysporum,GCA_003709395.1
Fusarium oxysporum,GCA_004291455.1
Fusarium oxysporum,GCA_004292535.1
Fusarium oxysporum,GCA_009297365.1
Fusarium oxysporum,GCA_009297385.1
Fusarium oxysporum,GCA_009297405.1
Fusarium oxysporum,GCA_009297425.1
Fusarium oxysporum,GCA_009297445.1
Fusarium oxysporum,GCA_009297465.1
Fusarium oxysporum,GCA_009297485.1
Fusarium oxysporum,GCA_009297495.1
Fusarium oxysporum,GCA_009297505.1
Fusarium oxysporum,GCA_009297515.1
Fusarium oxysporum,GCA_009297555.1
Fusarium oxysporum,GCA_009297575.1
Fusarium oxysporum,GCA_009297605.1
Fusarium oxysporum,GCA_009297625.1
Fusarium oxysporum,GCA_009297635.1
Fusarium oxysporum,GCA_009297655.1
Fusarium oxysporum,GCA_009297675.1
Fusarium oxysporum,GCA_009297695.1
Fusarium oxysporum,GCA_009297715.1
Fusarium oxysporum,GCA_009297725.1
Fusarium oxysporum,GCA_009297735.1
Fusarium oxysporum,GCA_009297755.1
Fusarium oxysporum,GCA_009297785.1
Fusarium oxysporum,GCA_009297825.1
Fusarium oxysporum,GCA_009297835.1
Fusarium oxysporum,GCA_009297855.1
Fusarium oxysporum,GCA_009297885.1
Fusarium oxysporum,GCA_009297915.1
Fusarium oxysporum,GCA_009297925.1
Fusarium oxysporum,GCA_009297935.1
Fusarium oxysporum,GCA_009297945.1
Fusarium oxysporum,GCA_009297985.1
Fusarium oxysporum,GCA_009297995.1
Fusarium oxysporum,GCA_009298035.1
Fusarium oxysporum,GCA_009298045.1
Fusarium oxysporum,GCA_009298065.1
Fusarium oxysporum,GCA_009298075.1
Fusarium oxysporum,GCA_009298085.1
Fusarium oxysporum,GCA_009298125.1
Fusarium oxysporum,GCA_009298145.1
Fusarium oxysporum,GCA_009298175.1
Fusarium oxysporum,GCA_009298195.1
Fusarium oxysporum,GCA_009298205.1
Fusarium oxysporum,GCA_009298235.1
Fusarium oxysporum,GCA_009298245.1
Fusarium oxysporum,GCA_009298275.1
Fusarium oxysporum,GCA_009298285.1
Fusarium oxysporum,GCA_009298295.1
Fusarium oxysporum,GCA_009298305.1
Fusarium oxysporum,GCA_009298315.1
Fusarium oxysporum,GCA_009298335.1
Fusarium oxysporum,GCA_009298395.1
Fusarium oxysporum,GCA_009298405.1
Fusarium oxysporum,GCA_009298435.1
Fusarium oxysporum,GCA_009298455.1
Fusarium oxysporum,GCA_009298465.1
Fusarium oxysporum,GCA_009298475.1
Fusarium oxysporum,GCA_009298495.1
Fusarium oxysporum,GCA_009298505.1
Fusarium oxysporum,GCA_009298515.1
Fusarium oxysporum,GCA_009298545.1
Fusarium oxysporum,GCA_009298555.1
Fusarium oxysporum,GCA_009298615.1
Fusarium oxysporum,GCA_009298635.1
Fusarium oxysporum,GCA_009298645.1
Fusarium oxysporum,GCA_009298655.1
Fusarium oxysporum,GCA_009298675.1
Fusarium oxysporum,GCA_009298685.1
Fusarium oxysporum,GCA_009298705.1
Fusarium oxysporum,GCA_009298715.1
Fusarium oxysporum,GCA_009298745.1
Fusarium oxysporum,GCA_009298755.1
Fusarium oxysporum,GCA_009298805.1
Fusarium oxysporum,GCA_009298825.1
Fusarium oxysporum,GCA_009298845.1
Fusarium oxysporum,GCA_009298855.1
Fusarium oxysporum,GCA_009298875.1
Fusarium oxysporum,GCA_009298915.1
Fusarium oxysporum,GCA_009298925.1
Fusarium oxysporum,GCA_009298935.1
Fusarium oxysporum,GCA_009298945.1
Fusarium oxysporum,GCA_009298955.1
Fusarium oxysporum,GCA_009298985.1
Fusarium oxysporum,GCA_009299005.1
Fusarium oxysporum,GCA_009299025.1
Fusarium oxysporum,GCA_009299045.1
Fusarium oxysporum,GCA_009299075.1
Fusarium oxysporum,GCA_009299095.1
Fusarium oxysporum,GCA_009299115.1
Fusarium oxysporum,GCA_009299125.1
Fusarium oxysporum,GCA_009299135.1
Fusarium oxysporum,GCA_009299155.1
Fusarium oxysporum,GCA_009299175.1
Fusarium oxysporum,GCA_009299195.1
Fusarium oxysporum,GCA_009299215.1
Fusarium oxysporum,GCA_009299235.1
Fusarium oxysporum,GCA_009299255.1
Fusarium oxysporum,GCA_009299295.1
Fusarium oxysporum,GCA_009299335.1
Fusarium oxysporum,GCA_009746015.1
Fusarium oxysporum,GCA_011032855.1
Fusarium oxysporum,GCA_011032885.1
Fusarium oxysporum,GCA_011033375.1
Fusarium oxysporum,GCA_011033455.1
Fusarium oxysporum,GCA_011033475.1
Fusarium oxysporum,GCA_011033485.1
Fusarium oxysporum,GCA_011033505.1
Fusarium oxysporum,GCA_011033535.1
Fusarium oxysporum,GCA_011033555.1
Fusarium oxysporum,GCA_011033575.1
Fusarium oxysporum,GCA_011033645.1
Fusarium oxysporum,GCA_011033665.1
Fusarium oxysporum,GCA_011033685.1
Fusarium oxysporum,GCA_011033715.1
Fusarium oxysporum,GCA_011033745.1
Fusarium oxysporum,GCA_011033765.1
Fusarium oxysporum,GCA_011033805.1
Fusarium oxysporum,GCA_011033815.1
Fusarium oxysporum,GCA_011033835.1
Fusarium oxysporum,GCA_011033875.1
Fusarium oxysporum,GCA_011033885.1
Fusarium oxysporum,GCA_011033895.1
Fusarium oxysporum,GCA_011033955.1
Fusarium oxysporum,GCA_011033985.1
Fusarium oxysporum,GCA_011033995.1
Fusarium oxysporum,GCA_011034025.1
Fusarium oxysporum,GCA_011034045.1
Fusarium oxysporum,GCA_011034075.1
Fusarium oxysporum,GCA_011034105.1
Fusarium oxysporum,GCA_011034125.1
Fusarium oxysporum,GCA_011034135.1
Fusarium oxysporum,GCA_011034155.1
Fusarium oxysporum,GCA_011034195.1
Fusarium oxysporum,GCA_011034205.1
Fusarium oxysporum,GCA_011034225.1
Fusarium oxysporum,GCA_011034265.1
Fusarium oxysporum,GCA_011034275.1
Fusarium oxysporum,GCA_011034375.1
Fusarium oxysporum,GCA_011034395.1
Fusarium oxysporum,GCA_011034415.1
Fusarium oxysporum,GCA_011034445.1
Fusarium oxysporum,GCA_011034455.1
Fusarium oxysporum,GCA_011034475.1
Fusarium oxysporum,GCA_011034485.1
Fusarium oxysporum,GCA_011034515.1
Fusarium oxysporum,GCA_011034545.1
Fusarium oxysporum,GCA_011034565.1
Fusarium oxysporum,GCA_011034575.1
Fusarium oxysporum,GCA_011034615.1
Fusarium oxysporum,GCA_011034625.1
Fusarium oxysporum,GCA_011034635.1
Fusarium oxysporum,GCA_011034645.1
Fusarium oxysporum,GCA_011034655.1
Fusarium oxysporum,GCA_011034675.1
Fusarium oxysporum,GCA_011034745.1
Fusarium oxysporum,GCA_011034775.1
Fusarium oxysporum,GCA_011034785.1
Fusarium oxysporum,GCA_011034805.1
Fusarium oxysporum,GCA_011034815.1
Fusarium oxysporum,GCA_011034845.1
Fusarium oxysporum,GCA_011034875.1
Fusarium oxysporum,GCA_011034915.1
Fusarium oxysporum,GCA_011034925.1
Fusarium oxysporum,GCA_011034935.1
Fusarium oxysporum,GCA_011034945.1
Fusarium oxysporum,GCA_011034965.1
Fusarium oxysporum,GCA_011035015.1
Fusarium oxysporum,GCA_011035035.1
Fusarium oxysporum,GCA_011035045.1
Fusarium oxysporum,GCA_011035055.1
Fusarium oxysporum,GCA_011035065.1
Fusarium oxysporum,GCA_011035075.1
Fusarium oxysporum,GCA_011035135.1
Fusarium oxysporum,GCA_011035185.1
Fusarium oxysporum,GCA_011035205.1
Fusarium oxysporum,GCA_011035235.1
Fusarium oxysporum,GCA_011035245.1
Fusarium oxysporum,GCA_011035255.1
Fusarium oxysporum,GCA_011035265.1
Fusarium oxysporum,GCA_011035335.1
Fusarium oxysporum,GCA_011035345.1
Fusarium oxysporum,GCA_011035355.1
Fusarium oxysporum,GCA_011035375.1
Fusarium oxysporum,GCA_011035385.1
Fusarium oxysporum,GCA_011035415.1
Fusarium oxysporum,GCA_011035435.1
Fusarium oxysporum,GCA_011035455.1
Fusarium oxysporum,GCA_011035485.1
Fusarium oxysporum,GCA_011035495.1
Fusarium oxysporum,GCA_011035505.1
Fusarium oxysporum,GCA_011035555.1
Fusarium oxysporum,GCA_011035595.1
Fusarium oxysporum,GCA_011035615.1
Fusarium oxysporum,GCA_011035625.1
Fusarium oxysporum,GCA_011035645.1
Fusarium oxysporum,GCA_011035665.1
Fusarium oxysporum,GCA_011035695.1
Fusarium oxysporum,GCA_011035725.1
Fusarium oxysporum,GCA_011035745.1
Fusarium oxysporum,GCA_011035755.1
Fusarium oxysporum,GCA_011035765.1
Fusarium oxysporum,GCA_011035785.1
Fusarium oxysporum,GCA_011035835.1
Fusarium oxysporum,GCA_011035855.1
Fusarium oxysporum,GCA_011035875.1
Fusarium oxysporum,GCA_011035895.1
Fusarium oxysporum,GCA_011035955.1
Fusarium oxysporum,GCA_011035965.1
Fusarium oxysporum,GCA_011035975.1
Fusarium oxysporum,GCA_011035995.1
Fusarium oxysporum,GCA_011036045.1
Fusarium oxysporum,GCA_011036055.1
Fusarium oxysporum,GCA_011036065.1
Fusarium oxysporum,GCA_011036075.1
Fusarium oxysporum,GCA_011036115.1
Fusarium oxysporum,GCA_011036125.1
Fusarium oxysporum,GCA_011036135.1
Fusarium oxysporum,GCA_011036205.1
Fusarium oxysporum,GCA_011036215.1
Fusarium oxysporum,GCA_011036235.1
Fusarium oxysporum,GCA_011036275.1
Fusarium oxysporum,GCA_011036305.1
Fusarium oxysporum,GCA_011036325.1
Fusarium oxysporum,GCA_011036345.1
Fusarium oxysporum,GCA_011036365.1
Fusarium oxysporum,GCA_011036385.1
Fusarium oxysporum,GCA_011036395.1
Fusarium oxysporum,GCA_011036425.1
Fusarium oxysporum,GCA_011036455.1
Fusarium oxysporum,GCA_011036475.1
Fusarium oxysporum,GCA_011036505.1
Fusarium oxysporum,GCA_011036545.1
Fusarium oxysporum,GCA_011036575.1
Fusarium oxysporum,GCA_011036595.1
Fusarium oxysporum,GCA_011036615.1
Fusarium oxysporum,GCA_011036635.1
Fusarium oxysporum,GCA_011036655.1
Fusarium oxysporum,GCA_011036705.1
Fusarium oxysporum,GCA_011036765.1
Fusarium oxysporum,GCA_011036795.1
Fusarium oxysporum,GCA_011036835.1
Fusarium oxysporum,GCA_011036855.1
Fusarium oxysporum,GCA_011036875.1
Fusarium oxysporum,GCA_011036925.1
Fusarium oxysporum,GCA_011036945.1
Fusarium oxysporum,GCA_011036965.1
Fusarium oxysporum,GCA_011036985.1
Fusarium oxysporum,GCA_011037005.1
Fusarium oxysporum,GCA_011037075.1
Fusarium oxysporum,GCA_011037105.1
Fusarium oxysporum,GCA_011037135.1
Fusarium oxysporum,GCA_011037735.1
Fusarium oxysporum,GCA_011037795.1
Fusarium oxysporum,GCA_011421275.1
Fusarium oxysporum,GCA_011421285.1
Fusarium oxysporum,GCA_011421305.1
Fusarium oxysporum,GCA_011421335.1
Fusarium oxysporum,GCA_011421355.1
Fusarium oxysporum,GCA_011421365.1
Fusarium oxysporum,GCA_011421375.1
Fusarium oxysporum,GCA_011424605.1
Fusarium oxysporum,GCA_011424625.1
Fusarium oxysporum,GCA_011426335.1
Fusarium oxysporum,GCA_011426355.1
Fusarium oxysporum,GCA_011428085.1
Fusarium oxysporum,GCA_013347355.2
Fusarium oxysporum,GCA_013347365.1
Fusarium oxysporum,GCA_013347375.1
Fusarium oxysporum,GCA_013347385.1
Fusarium oxysporum,GCA_013347595.1
Fusarium oxysporum,GCA_013363075.1
Fusarium oxysporum,GCA_014324425.1
Fusarium oxysporum,GCA_014324435.1
Fusarium oxysporum,GCA_014324445.1
Fusarium oxysporum,GCA_014324455.1
Fusarium oxysporum,GCA_014324465.1
Fusarium oxysporum,GCA_014324495.1
Fusarium oxysporum,GCA_014324505.1
Fusarium oxysporum,GCA_014324555.1
Fusarium oxysporum,GCA_014324575.1
Fusarium oxysporum,GCA_014324585.1
Fusarium oxysporum,GCA_014324595.1
Fusarium oxysporum,GCA_014324625.1
Fusarium oxysporum,GCA_014324645.1
Fusarium oxysporum,GCA_014324665.1
Fusarium oxysporum,GCA_014324675.1
Fusarium oxysporum,GCA_014324715.1
Fusarium oxysporum,GCA_014324745.1
Fusarium oxysporum,GCA_014324755.1
Fusarium oxysporum,GCA_014324765.1
Fusarium oxysporum,GCA_014324775.1
Fusarium oxysporum,GCA_014324795.1
Fusarium oxysporum,GCA_014324805.1
Fusarium oxysporum,GCA_014324835.1
Fusarium oxysporum,GCA_014324865.1
Fusarium oxysporum,GCA_014324895.1
Fusarium oxysporum,GCA_014324905.1
Fusarium oxysporum,GCA_014324935.1
Fusarium oxysporum,GCA_014324955.1
Fusarium oxysporum,GCA_014324975.1
Fusarium oxysporum,GCA_014324985.1
Fusarium oxysporum,GCA_014325015.1
Fusarium oxysporum,GCA_014325035.1
Fusarium oxysporum,GCA_014325045.1
Fusarium oxysporum,GCA_014325065.1
Fusarium oxysporum,GCA_014325095.1
Fusarium oxysporum,GCA_014325125.1
Fusarium oxysporum,GCA_014325135.1
Fusarium oxysporum,GCA_014325185.1
Fusarium oxysporum,GCA_014325205.1
Fusarium oxysporum,GCA_014325215.1
Fusarium oxysporum,GCA_014325225.1
Fusarium oxysporum,GCA_014325235.1
Fusarium oxysporum,GCA_014325295.1
Fusarium oxysporum,GCA_014325315.1
Fusarium oxysporum,GCA_014337855.1
Fusarium oxysporum,GCA_014857085.1
Fusarium oxysporum,GCA_015345885.1
Fusarium oxysporum,GCA_015345895.1
Fusarium oxysporum,GCA_016163925.1
Fusarium oxysporum,GCA_016163985.1
Fusarium oxysporum,GCA_016163995.1
Fusarium oxysporum,GCA_016164055.1
Fusarium oxysporum,GCA_016164075.1
Fusarium oxysporum,GCA_016164085.1
Fusarium oxysporum,GCA_016165925.1
Fusarium oxysporum,GCA_016165995.1
Fusarium oxysporum,GCA_016166015.1
Fusarium oxysporum,GCA_016166025.1
Fusarium oxysporum,GCA_016166045.1
Fusarium oxysporum,GCA_016166205.1
Fusarium oxysporum,GCA_016859205.1
Fusarium oxysporum,GCA_019054625.1
Fusarium oxysporum,GCA_019054655.1
Fusarium oxysporum,GCA_019054755.1
Fusarium oxysporum,GCA_019054795.1
Fusarium oxysporum,GCA_019055395.1
Fusarium oxysporum,GCA_019843925.1
Fusarium oxysporum,GCA_020744355.1
Fusarium oxysporum,GCA_020744455.1
Fusarium oxysporum,GCA_020976335.1
Fusarium oxysporum,GCA_020976685.1
Fusarium oxysporum,GCA_020976715.1
Fusarium oxysporum,GCA_020976725.1
Fusarium oxysporum,GCA_023628715.1
Fusarium oxysporum,GCA_024343375.1
Fusarium oxysporum,GCA_024865645.1
Fusarium oxysporum,GCA_025176795.1
Fusarium oxysporum,GCA_025177585.1
Fusarium oxysporum,GCA_025177805.1
Fusarium oxysporum,GCA_025201435.1
Fusarium oxysporum,GCA_025201465.1
Fusarium oxysporum,GCA_025201475.1
Fusarium oxysporum,GCA_025201495.1
Fusarium oxysporum,GCA_025201995.1
Fusarium oxysporum,GCA_025215195.1
Fusarium oxysporum,GCA_025215215.1
Fusarium oxysporum,GCA_025215475.1
Fusarium oxysporum,GCA_025215805.1
Fusarium oxysporum,GCA_025215825.1
Fusarium oxysporum,GCA_025215845.1
Fusarium oxysporum,GCA_025215865.1
Fusarium oxysporum,GCA_025215885.1
Fusarium oxysporum,GCA_025215895.1
Fusarium oxysporum,GCA_025215925.1
Fusarium oxysporum,GCA_025215945.1
Fusarium oxysporum,GCA_025215965.1
Fusarium oxysporum,GCA_025215985.1
Fusarium oxysporum,GCA_025216005.1
Fusarium oxysporum,GCA_025216025.1
Fusarium oxysporum,GCA_025216045.1
Fusarium oxysporum,GCA_025216065.1
Fusarium oxysporum,GCA_025216085.1
Fusarium oxysporum,GCA_025216105.1
Fusarium oxysporum,GCA_025216165.1
Fusarium oxysporum,GCA_025216205.1
Fusarium oxysporum,GCA_025331925.1
Fusarium oxysporum,GCA_027945255.1
Fusarium oxysporum,GCA_027945265.1
Fusarium oxysporum,GCA_027945275.1
Fusarium oxysporum,GCA_027945305.1
Fusarium oxysporum,GCA_027945315.1
Fusarium oxysporum,GCA_027945335.1
Fusarium oxysporum,GCA_027945405.1
Fusarium oxysporum,GCA_027945535.1
Fusarium oxysporum,GCA_027945555.1
Fusarium oxysporum,GCA_030020275.1
Fusarium oxysporum,GCA_030064525.1
Fusarium oxysporum,GCA_030272305.1
Fusarium oxysporum,GCA_030345115.2
Fusarium oxysporum,GCA_030578155.1
Fusarium oxysporum,GCA_032173435.1
Fusarium oxysporum,GCA_032884055.1
Fusarium oxysporum,GCA_034400335.1
Fusarium oxysporum,GCA_034641985.1
Fusarium oxysporum,GCA_035772935.1
Fusarium oxysporum,GCA_038502765.1
Fusarium oxysporum,GCA_040285555.1
Fusarium oxysporum,GCA_040285575.1
Fusarium oxysporum,GCA_040436745.1
Fusarium oxysporum,GCA_040938085.1
Fusarium oxysporum,GCA_041380545.1
Fusarium oxysporum,GCA_041682635.1
Fusarium oxysporum,GCA_041682655.1
Fusarium oxysporum,GCA_044647035.1
Fusarium oxysporum,GCA_045838135.1
Fusarium oxysporum,GCA_047370965.1
Fusarium oxysporum,GCA_049000225.1
Fusarium oxysporum,GCA_050613755.1
Fusarium oxysporum,GCA_050883565.1
Fusarium oxysporum,GCA_051529645.1
Fusarium oxysporum,GCA_051529745.1
Fusarium oxysporum,GCA_051529765.1
Fusarium oxysporum,GCA_051529785.1
Fusarium oxysporum,GCA_054098455.1
Fusarium oxysporum,GCA_054643155.1
Fusarium oxysporum,GCA_054857735.1
Fusarium oxysporum,GCA_054857835.1
Fusarium oxysporum,GCA_054857865.1
Fusarium oxysporum,GCA_054857885.1
Fusarium oxysporum,GCA_054857935.1
Fusarium oxysporum,GCA_054857995.1
Fusarium oxysporum,GCA_055681515.1
Fusarium oxysporum,GCA_055681535.1
Fusarium oxysporum,GCA_055681575.1
Fusarium oxysporum,GCA_055682425.1
Fusarium oxysporum,GCA_055682485.1
Fusarium oxysporum,GCA_055682525.1
Fusarium oxysporum,GCA_055682585.1
Fusarium oxysporum,GCA_055682605.1
Fusarium oxysporum,GCA_055682865.1
Fusarium oxysporum,GCA_055853645.1
Fusarium oxysporum,GCA_055878565.1
Fusarium oxysporum Fo47,GCA_000271705.2
Fusarium oxysporum Fo47,GCA_013085055.1
Fusarium oxysporum II5,GCA_031834405.1
Fusarium oxysporum NRRL 32931,GCA_000271745.2
Fusarium oxysporum f. sp. albedinis,GCA_012922595.1
Fusarium oxysporum f. sp. albedinis,GCA_023509805.1
Fusarium oxysporum f. sp. albedinis,GCA_026229875.1
Fusarium oxysporum f. sp. albedinis,GCA_032206225.1
Fusarium oxysporum f. sp. apii,GCA_014843455.1
Fusarium oxysporum f. sp. apii,GCA_014843555.1
Fusarium oxysporum f. sp. apii,GCA_014843565.1
Fusarium oxysporum f. sp. basilici,GCA_025203065.1
Fusarium oxysporum f. sp. basilici,GCA_025203075.1
Fusarium oxysporum f. sp. basilici,GCA_025203115.1
Fusarium oxysporum f. sp. basilici,GCA_025203125.1
Fusarium oxysporum f. sp. basilici,GCA_025267675.1
Fusarium oxysporum f. sp. bulbigenum,GCA_050947165.1
Fusarium oxysporum f. sp. bulbigenum,GCA_050947235.1
Fusarium oxysporum f. sp. capsici,GCA_014770115.1
Fusarium oxysporum f. sp. capsici,GCA_016801315.1
Fusarium oxysporum f. sp. cepae,GCA_003615075.1
Fusarium oxysporum f. sp. cepae,GCA_003615085.1
Fusarium oxysporum f. sp. cepae,GCA_003615095.1
Fusarium oxysporum f. sp. ciceris,GCA_001757345.1
Fusarium oxysporum f. sp. ciceris,GCA_054991275.1
Fusarium oxysporum f. sp. conglutinans,GCA_001519035.1
Fusarium oxysporum f. sp. conglutinans,GCA_002711385.1
Fusarium oxysporum f. sp. conglutinans,GCA_002711405.2
Fusarium oxysporum f. sp. conglutinans,GCA_014154955.1
Fusarium oxysporum f. sp. conglutinans,GCA_014839635.1
Fusarium oxysporum f. sp. conglutinans,GCA_018894095.1
Fusarium oxysporum f. sp. conglutinans,GCA_025267625.1
Fusarium oxysporum f. sp. conglutinans,GCA_036785135.1
Fusarium oxysporum f. sp. conglutinans Fo5176,GCA_000222805.1
Fusarium oxysporum f. sp. conglutinans race 2 54008,GCA_000260215.2
Fusarium oxysporum f. sp. coriandrii,GCA_014843415.1
Fusarium oxysporum f. sp. coriandrii,GCA_014843445.1
Fusarium oxysporum f. sp. cubense,GCA_001696625.1
Fusarium oxysporum f. sp. cubense,GCA_005930515.1
Fusarium oxysporum f. sp. cubense,GCA_007994515.1
Fusarium oxysporum f. sp. cubense,GCA_011316005.3
Fusarium oxysporum f. sp. cubense,GCA_014282265.3
Fusarium oxysporum f. sp. cubense,GCA_016802195.1
Fusarium oxysporum f. sp. cubense,GCA_016802205.1
Fusarium oxysporum f. sp. cubense,GCA_021237285.1
Fusarium oxysporum f. sp. cubense,GCA_025216845.1
Fusarium oxysporum f. sp. cubense,GCA_025216865.1
Fusarium oxysporum f. sp. cubense,GCA_025216905.1
Fusarium oxysporum f. sp. cubense,GCA_025216935.1
Fusarium oxysporum f. sp. cubense,GCA_025216985.1
Fusarium oxysporum f. sp. cubense,GCA_027920445.1
Fusarium oxysporum f. sp. cubense,GCA_034509825.1
Fusarium oxysporum f. sp. cubense,GCA_045838155.1
Fusarium oxysporum f. sp. cubense,GCA_045838205.1
Fusarium oxysporum f. sp. cubense,GCA_052818615.1
Fusarium oxysporum f. sp. cubense,GCA_053754955.1
Fusarium oxysporum f. sp. cubense,GCA_053754965.1
Fusarium oxysporum f. sp. cubense race 1,GCA_000350345.1
Fusarium oxysporum f. sp. cubense race 1,GCA_016802225.1
Fusarium oxysporum f. sp. cucumerinum,GCA_001702495.1
Fusarium oxysporum f. sp. cucumerinum,GCA_001702515.1
Fusarium oxysporum f. sp. cucumerinum,GCA_001702545.1
Fusarium oxysporum f. sp. cucumerinum,GCA_001702555.1
Fusarium oxysporum f. sp. cucumerinum,GCA_001702575.1
Fusarium oxysporum f. sp. cucumerinum,GCA_001702615.1
Fusarium oxysporum f. sp. cucumerinum,GCA_001702635.1
Fusarium oxysporum f. sp. cucumerinum,GCA_001702655.1
Fusarium oxysporum f. sp. cucumerinum,GCA_001703455.1
Fusarium oxysporum f. sp. cyclaminis,GCA_037126525.1
Fusarium oxysporum f. sp. dianthi,GCA_025216825.1
Fusarium oxysporum f. sp. fragariae,GCA_016163805.1
Fusarium oxysporum f. sp. fragariae,GCA_016163825.1
Fusarium oxysporum f. sp. fragariae,GCA_016163845.1
Fusarium oxysporum f. sp. fragariae,GCA_016163855.1
Fusarium oxysporum f. sp. fragariae,GCA_016163875.1
Fusarium oxysporum f. sp. fragariae,GCA_016163905.1
Fusarium oxysporum f. sp. fragariae,GCA_016163965.1
Fusarium oxysporum f. sp. fragariae,GCA_016163975.1
Fusarium oxysporum f. sp. fragariae,GCA_016164105.1
Fusarium oxysporum f. sp. fragariae,GCA_016164135.1
Fusarium oxysporum f. sp. fragariae,GCA_016164145.2
Fusarium oxysporum f. sp. fragariae,GCA_016165865.1
Fusarium oxysporum f. sp. fragariae,GCA_016165915.1
Fusarium oxysporum f. sp. fragariae,GCA_016165935.1
Fusarium oxysporum f. sp. fragariae,GCA_016166065.1
Fusarium oxysporum f. sp. fragariae,GCA_016166085.1
Fusarium oxysporum f. sp. fragariae,GCA_016166095.2
Fusarium oxysporum f. sp. fragariae,GCA_016166105.1
Fusarium oxysporum f. sp. fragariae,GCA_016166135.1
Fusarium oxysporum f. sp. fragariae,GCA_016166175.1
Fusarium oxysporum f. sp. fragariae,GCA_016166195.1
Fusarium oxysporum f. sp. fragariae,GCA_016166215.1
Fusarium oxysporum f. sp. fragariae,GCA_016166225.1
Fusarium oxysporum f. sp. fragariae,GCA_016166245.1
Fusarium oxysporum f. sp. fragariae,GCA_016166285.1
Fusarium oxysporum f. sp. fragariae,GCA_016166325.2
Fusarium oxysporum f. sp. fragariae,GCA_016166335.1
Fusarium oxysporum f. sp. fragariae,GCA_016166345.1
Fusarium oxysporum f. sp. fragariae,GCA_016166365.1
Fusarium oxysporum f. sp. fragariae,GCA_016166385.1
Fusarium oxysporum f. sp. fragariae,GCA_016166395.1
Fusarium oxysporum f. sp. fragariae,GCA_016166415.1
Fusarium oxysporum f. sp. fragariae,GCA_016167825.1
Fusarium oxysporum f. sp. fragariae,GCA_016170085.2
Fusarium oxysporum f. sp. fragariae,GCA_016170095.2
Fusarium oxysporum f. sp. fragariae,GCA_025217145.1
Fusarium oxysporum f. sp. fragariae,GCA_025267615.1
Fusarium oxysporum f. sp. fragariae,GCA_025267655.1
Fusarium oxysporum f. sp. fragariae,GCA_055682665.1
Fusarium oxysporum f. sp. fragariae,GCA_055682725.1
Fusarium oxysporum f. sp. fragariae,GCA_055682765.1
Fusarium oxysporum f. sp. fragariae,GCA_055682805.1
Fusarium oxysporum f. sp. gladioli,GCA_002233895.1
Fusarium oxysporum f. sp. gladioli,GCA_002233915.1
Fusarium oxysporum f. sp. gladioli,GCA_002234195.1
Fusarium oxysporum f. sp. koae,GCA_014857105.1
Fusarium oxysporum f. sp. lactucae,GCA_045786735.1
Fusarium oxysporum f. sp. lactucae,GCA_045786885.1
Fusarium oxysporum f. sp. lactucae,GCA_045786925.1
Fusarium oxysporum f. sp. lactucae,GCA_045786945.1
Fusarium oxysporum f. sp. lactucae,GCA_045786965.1
Fusarium oxysporum f. sp. lactucae,GCA_045837815.1
Fusarium oxysporum f. sp. lactucae,GCA_045837925.1
Fusarium oxysporum f. sp. lactucae,GCA_045837975.1
Fusarium oxysporum f. sp. lactucae,GCA_045838035.1
Fusarium oxysporum f. sp. lactucae,GCA_045838055.1
Fusarium oxysporum f. sp. lactucae,GCA_045838095.1
Fusarium oxysporum f. sp. lactucae,GCA_055944325.1
Fusarium oxysporum f. sp. lactucae,GCA_055944345.1
Fusarium oxysporum f. sp. lagenariae,GCA_002233875.1
Fusarium oxysporum f. sp. lagenariae,GCA_002234135.1
Fusarium oxysporum f. sp. lagenariae,GCA_002234165.1
Fusarium oxysporum f. sp. lagenariae,GCA_002234185.1
Fusarium oxysporum f. sp. lilii,GCA_002234115.1
Fusarium oxysporum f. sp. lini,GCA_012026625.1
Fusarium oxysporum f. sp. lini,GCA_013423225.1
Fusarium oxysporum f. sp. lini,GCA_013423235.1
Fusarium oxysporum f. sp. lini,GCA_013423245.1
Fusarium oxysporum f. sp. lini,GCA_013423255.1
Fusarium oxysporum f. sp. lini,GCA_013423265.1
Fusarium oxysporum f. sp. lini,GCA_019670925.1
Fusarium oxysporum f. sp. lini,GCA_019670985.1
Fusarium oxysporum f. sp. lini,GCA_019671045.1
Fusarium oxysporum f. sp. lini,GCA_019671085.1
Fusarium oxysporum f. sp. lini,GCA_019671095.1
Fusarium oxysporum f. sp. luffae,GCA_002233855.1
Fusarium oxysporum f. sp. luffae,GCA_002234105.1
Fusarium oxysporum f. sp. lycopersici,GCA_001702875.1
Fusarium oxysporum f. sp. lycopersici,GCA_001702905.1
Fusarium oxysporum f. sp. lycopersici,GCA_001702935.1
Fusarium oxysporum f. sp. lycopersici,GCA_001702945.1
Fusarium oxysporum f. sp. lycopersici,GCA_001702955.1
Fusarium oxysporum f. sp. lycopersici,GCA_001702995.1
Fusarium oxysporum f. sp. lycopersici,GCA_001703015.1
Fusarium oxysporum f. sp. lycopersici,GCA_001703025.2
Fusarium oxysporum f. sp. lycopersici,GCA_001703035.1
Fusarium oxysporum f. sp. lycopersici,GCA_001703065.1
Fusarium oxysporum f. sp. lycopersici,GCA_001703085.1
Fusarium oxysporum f. sp. lycopersici,GCA_001703105.1
Fusarium oxysporum f. sp. lycopersici,GCA_001703135.1
Fusarium oxysporum f. sp. lycopersici,GCA_001703355.1
Fusarium oxysporum f. sp. lycopersici,GCA_003977725.1
Fusarium oxysporum f. sp. lycopersici,GCA_021018635.1
Fusarium oxysporum f. sp. lycopersici,GCA_025216745.1
Fusarium oxysporum f. sp. lycopersici,GCA_025216765.1
Fusarium oxysporum f. sp. lycopersici,GCA_025216785.1
Fusarium oxysporum f. sp. lycopersici,GCA_025217025.1
Fusarium oxysporum f. sp. lycopersici,GCA_025217065.1
Fusarium oxysporum f. sp. lycopersici,GCA_025217085.1
Fusarium oxysporum f. sp. lycopersici,GCA_025217105.1
Fusarium oxysporum f. sp. lycopersici,GCA_025217125.1
Fusarium oxysporum f. sp. lycopersici,GCA_025217165.1
Fusarium oxysporum f. sp. lycopersici,GCA_051107395.1
Fusarium oxysporum f. sp. lycopersici 4287,GCA_000149955.2
Fusarium oxysporum f. sp. lycopersici 4287,GCA_001703175.2
Fusarium oxysporum f. sp. lycopersici 4287,GCA_001703185.1
Fusarium oxysporum f. sp. lycopersici 4287,GCA_003315725.1
Fusarium oxysporum f. sp. lycopersici MN25,GCA_000259975.2
Fusarium oxysporum f. sp. matthiolae,GCA_009755825.1
Fusarium oxysporum f. sp. matthiolae,GCA_020796175.1
Fusarium oxysporum f. sp. medicaginis,GCA_001652425.1
Fusarium oxysporum f. sp. medicaginis,GCA_025266925.1
Fusarium oxysporum f. sp. medicaginis,GCA_025266945.1
Fusarium oxysporum f. sp. melongenae,GCA_001888865.1
Fusarium oxysporum f. sp. melongenae,GCA_002234085.1
Fusarium oxysporum f. sp. melonis,GCA_001703205.2
Fusarium oxysporum f. sp. melonis,GCA_001703215.1
Fusarium oxysporum f. sp. melonis,GCA_001703255.1
Fusarium oxysporum f. sp. melonis,GCA_001703265.1
Fusarium oxysporum f. sp. melonis,GCA_001703295.1
Fusarium oxysporum f. sp. melonis,GCA_001703305.1
Fusarium oxysporum f. sp. melonis,GCA_001703335.1
Fusarium oxysporum f. sp. melonis,GCA_001703345.1
Fusarium oxysporum f. sp. melonis,GCA_001703365.1
Fusarium oxysporum f. sp. melonis,GCA_020975805.1
Fusarium oxysporum f. sp. melonis,GCA_020975825.1
Fusarium oxysporum f. sp. melonis,GCA_020975845.1
Fusarium oxysporum f. sp. melonis,GCA_020975875.1
Fusarium oxysporum f. sp. melonis,GCA_020975915.1
Fusarium oxysporum f. sp. melonis,GCA_020975975.1
Fusarium oxysporum f. sp. melonis,GCA_020975985.1
Fusarium oxysporum f. sp. melonis,GCA_020975995.1
Fusarium oxysporum f. sp. melonis,GCA_020976025.1
Fusarium oxysporum f. sp. melonis,GCA_020976035.1
Fusarium oxysporum f. sp. melonis,GCA_020976075.1
Fusarium oxysporum f. sp. melonis,GCA_020976085.1
Fusarium oxysporum f. sp. melonis,GCA_020976095.1
Fusarium oxysporum f. sp. melonis,GCA_020976115.1
Fusarium oxysporum f. sp. melonis,GCA_020976145.1
Fusarium oxysporum f. sp. melonis,GCA_020976165.1
Fusarium oxysporum f. sp. melonis,GCA_020976175.1
Fusarium oxysporum f. sp. melonis,GCA_020976195.1
Fusarium oxysporum f. sp. melonis,GCA_020976235.1
Fusarium oxysporum f. sp. melonis,GCA_020976245.1
Fusarium oxysporum f. sp. melonis,GCA_020976255.1
Fusarium oxysporum f. sp. melonis,GCA_020976275.1
Fusarium oxysporum f. sp. melonis,GCA_020976345.1
Fusarium oxysporum f. sp. melonis,GCA_020976355.1
Fusarium oxysporum f. sp. melonis,GCA_020976365.1
Fusarium oxysporum f. sp. melonis,GCA_020976375.1
Fusarium oxysporum f. sp. melonis,GCA_020976425.1
Fusarium oxysporum f. sp. melonis,GCA_020976435.1
Fusarium oxysporum f. sp. melonis,GCA_020976445.1
Fusarium oxysporum f. sp. melonis,GCA_020976455.1
Fusarium oxysporum f. sp. melonis,GCA_020976485.1
Fusarium oxysporum f. sp. melonis,GCA_020976505.1
Fusarium oxysporum f. sp. melonis,GCA_020976525.1
Fusarium oxysporum f. sp. melonis,GCA_025216565.1
Fusarium oxysporum f. sp. melonis,GCA_025216605.1
Fusarium oxysporum f. sp. melonis,GCA_025216625.1
Fusarium oxysporum f. sp. melonis,GCA_025216645.1
Fusarium oxysporum f. sp. melonis,GCA_025216665.1
Fusarium oxysporum f. sp. melonis,GCA_025216685.1
Fusarium oxysporum f. sp. melonis,GCA_025216705.1
Fusarium oxysporum f. sp. melonis,GCA_025216725.1
Fusarium oxysporum f. sp. melonis,GCA_025216805.1
Fusarium oxysporum f. sp. melonis 26406,GCA_000260495.2
Fusarium oxysporum f. sp. melonis 26406,GCA_002318975.1
Fusarium oxysporum f. sp. momordicae,GCA_002233795.1
Fusarium oxysporum f. sp. momordicae,GCA_002233865.1
Fusarium oxysporum f. sp. mori,GCA_016165945.1
Fusarium oxysporum f. sp. mori,GCA_051622415.1
Fusarium oxysporum f. sp. mori,GCA_051622495.1
Fusarium oxysporum f. sp. mori,GCA_051622515.1
Fusarium oxysporum f. sp. mori,GCA_051622595.1
Fusarium oxysporum f. sp. narcissi,GCA_002233775.1
Fusarium oxysporum f. sp. narcissi,GCA_004141715.1
Fusarium oxysporum f. sp. narcissi,GCA_045837865.1
Fusarium oxysporum f. sp. nicotianae,GCA_002233785.1
Fusarium oxysporum f. sp. nicotianae,GCA_002234015.1
Fusarium oxysporum f. sp. nicotianae,GCA_002234045.1
Fusarium oxysporum f. sp. nicotianae,GCA_002234055.1
Fusarium oxysporum f. sp. niveum,GCA_001702505.1
Fusarium oxysporum f. sp. niveum,GCA_001702715.1
Fusarium oxysporum f. sp. niveum,GCA_001702745.1
Fusarium oxysporum f. sp. niveum,GCA_001702775.1
Fusarium oxysporum f. sp. niveum,GCA_001702785.1
Fusarium oxysporum f. sp. niveum,GCA_001702795.1
Fusarium oxysporum f. sp. niveum,GCA_001702805.1
Fusarium oxysporum f. sp. niveum,GCA_001702845.1
Fusarium oxysporum f. sp. niveum,GCA_001702865.1
Fusarium oxysporum f. sp. niveum,GCA_014602775.1
Fusarium oxysporum f. sp. niveum,GCA_014602795.1
Fusarium oxysporum f. sp. niveum,GCA_014602815.1
Fusarium oxysporum f. sp. niveum,GCA_019593445.1
Fusarium oxysporum f. sp. niveum,GCA_019593455.1
Fusarium oxysporum f. sp. niveum,GCA_019593485.1
Fusarium oxysporum f. sp. niveum,GCA_019593505.1
Fusarium oxysporum f. sp. niveum,GCA_019721145.1
Fusarium oxysporum f. sp. niveum,GCA_019721165.1
Fusarium oxysporum f. sp. niveum,GCA_019721175.1
Fusarium oxysporum f. sp. niveum,GCA_025216225.1
Fusarium oxysporum f. sp. niveum,GCA_025216245.1
Fusarium oxysporum f. sp. niveum,GCA_025216265.1
Fusarium oxysporum f. sp. niveum,GCA_025216285.1
Fusarium oxysporum f. sp. niveum,GCA_025216305.1
Fusarium oxysporum f. sp. niveum,GCA_025216325.1
Fusarium oxysporum f. sp. niveum,GCA_025216585.1
Fusarium oxysporum f. sp. niveum,GCA_025266885.1
Fusarium oxysporum f. sp. niveum,GCA_025266905.1
Fusarium oxysporum f. sp. niveum,GCA_026212305.1
Fusarium oxysporum f. sp. niveum,GCA_026260275.1
Fusarium oxysporum f. sp. niveum,GCA_026260535.1
Fusarium oxysporum f. sp. niveum,GCA_027475055.1
Fusarium oxysporum f. sp. niveum,GCA_027475405.1
Fusarium oxysporum f. sp. passiflorae,GCA_025176785.1
Fusarium oxysporum f. sp. passiflorae,GCA_025216365.1
Fusarium oxysporum f. sp. passiflorae,GCA_025217185.1
Fusarium oxysporum f. sp. passiflorae,GCA_025267645.1
Fusarium oxysporum f. sp. phaseoli,GCA_054130785.1
Fusarium oxysporum f. sp. phaseoli,GCA_054643655.1
Fusarium oxysporum f. sp. physali,GCA_016906485.1
Fusarium oxysporum f. sp. physali,GCA_017654635.1
Fusarium oxysporum f. sp. physali,GCA_017654645.1
Fusarium oxysporum f. sp. physali,GCA_017654655.1
Fusarium oxysporum f. sp. physali,GCA_017654665.1
Fusarium oxysporum f. sp. pisi HDV247,GCA_000260075.2
Fusarium oxysporum f. sp. radicis-cucumerinum,GCA_001702645.1
Fusarium oxysporum f. sp. radicis-cucumerinum,GCA_001702695.2
Fusarium oxysporum f. sp. radicis-cucumerinum,GCA_001702725.1
Fusarium oxysporum f. sp. radicis-cucumerinum,GCA_048164945.1
Fusarium oxysporum f. sp. radicis-lycopersici,GCA_048165035.1
Fusarium oxysporum f. sp. radicis-lycopersici 26381,GCA_000260155.3
Fusarium oxysporum f. sp. rapae,GCA_019157295.1
Fusarium oxysporum f. sp. raphani,GCA_019157275.1
Fusarium oxysporum f. sp. raphani 54005,GCA_000260235.2
Fusarium oxysporum f. sp. sesami,GCA_017979615.1
Fusarium oxysporum f. sp. spinaciae,GCA_013347345.2
Fusarium oxysporum f. sp. spinaciae,GCA_013347495.1
Fusarium oxysporum f. sp. spinaciae,GCA_013347505.1
Fusarium oxysporum f. sp. spinaciae,GCA_013347515.1
Fusarium oxysporum f. sp. spinaciae,GCA_013347525.1
Fusarium oxysporum f. sp. spinaciae,GCA_013347535.2
Fusarium oxysporum f. sp. spinaciae,GCA_013347635.1
Fusarium oxysporum f. sp. spinaciae,GCA_015227905.1
Fusarium oxysporum f. sp. spinaciae,GCA_015228045.1
Fusarium oxysporum f. sp. spinaciae,GCA_015228055.1
Fusarium oxysporum f. sp. spinaciae,GCA_025216545.1
Fusarium oxysporum f. sp. tracheiphilum,GCA_025203105.1
Fusarium oxysporum f. sp. tulipae,GCA_002233805.1
Fusarium oxysporum f. sp. tulipae,GCA_025203025.1
Fusarium oxysporum f. sp. tulipae,GCA_025203045.1
Fusarium oxysporum f. sp. tulipae,GCA_025203085.1
Fusarium oxysporum f. sp. tulipae,GCA_025217225.1
Fusarium oxysporum f. sp. vanillae,GCA_052324365.1
Fusarium oxysporum f. sp. vanillae,GCA_052324385.1
Fusarium oxysporum f. sp. vanillae,GCA_052324405.1
Fusarium oxysporum f. sp. vanillae,GCA_052324425.1
Fusarium oxysporum f. sp. vanillae,GCA_052324445.1
Fusarium oxysporum f. sp. vasinfectum,GCA_009602505.1
Fusarium oxysporum f. sp. vasinfectum,GCA_009602545.1
Fusarium oxysporum f. sp. vasinfectum,GCA_009602615.1
Fusarium oxysporum f. sp. vasinfectum,GCA_009602625.1
Fusarium oxysporum f. sp. vasinfectum,GCA_009602635.1
Fusarium oxysporum f. sp. vasinfectum,GCA_012610785.1
Fusarium oxysporum f. sp. vasinfectum,GCA_012610815.1
Fusarium oxysporum f. sp. vasinfectum,GCA_012610825.1
Fusarium oxysporum f. sp. vasinfectum,GCA_012610835.1
Fusarium oxysporum f. sp. vasinfectum,GCA_025216125.1
Fusarium oxysporum f. sp. vasinfectum,GCA_025216145.1
Fusarium oxysporum f. sp. vasinfectum,GCA_025216185.1
Fusarium oxysporum f. sp. vasinfectum,GCA_025216345.1
Fusarium oxysporum f. sp. vasinfectum,GCA_025216385.1
Fusarium oxysporum f. sp. vasinfectum,GCA_025216405.1
Fusarium oxysporum f. sp. vasinfectum,GCA_025216425.1
Fusarium oxysporum f. sp. vasinfectum,GCA_025216445.1
Fusarium oxysporum f. sp. vasinfectum,GCA_025216465.1
Fusarium oxysporum f. sp. vasinfectum,GCA_025216485.1
Fusarium oxysporum f. sp. vasinfectum,GCA_025216505.1
Fusarium oxysporum f. sp. vasinfectum,GCA_025216525.1
Fusarium oxysporum f. sp. vasinfectum,GCA_025217205.1
Fusarium oxysporum f. sp. vasinfectum,GCA_025217245.1
Fusarium oxysporum f. sp. vasinfectum,GCA_025267595.1
Fusarium oxysporum f. sp. vasinfectum,GCA_025267685.1
Fusarium oxysporum f. sp. vasinfectum,GCA_025267705.1
Fusarium oxysporum f. sp. vasinfectum,GCA_030719095.1
Fusarium oxysporum f. sp. vasinfectum,GCA_032878545.1
Fusarium oxysporum f. sp. vasinfectum,GCA_032991405.1
Fusarium oxysporum f. sp. vasinfectum,GCA_038050555.1
Fusarium oxysporum f. sp. vasinfectum,GCA_049000195.1
Fusarium oxysporum f. sp. vasinfectum,GCA_049306905.1
Fusarium oxysporum f. sp. vasinfectum,GCA_049307005.1
Fusarium oxysporum f. sp. vasinfectum,GCA_051943205.1
Fusarium oxysporum f. sp. vasinfectum,GCA_051943225.1
Fusarium oxysporum f. sp. vasinfectum,GCA_051943265.1
Fusarium oxysporum f. sp. vasinfectum,GCA_051943285.1
Fusarium oxysporum f. sp. vasinfectum,GCA_051943305.1
Fusarium oxysporum f. sp. vasinfectum,GCA_052056925.1
Fusarium oxysporum f. sp. vasinfectum,GCA_052056945.1
Fusarium oxysporum f. sp. vasinfectum,GCA_052056995.1
Fusarium oxysporum f. sp. vasinfectum 25433,GCA_000260175.2
Fusarium oxysporum f. sp. zingiberi,GCA_025203755.1
Fusarium oxysporum f. sp. zingiberi,GCA_025216965.1
Fusarium oxysporum f. sp. zingiberi,GCA_025217005.1
Fusarium oxysporum f. sp. zingiberi,GCA_025217045.1
Fusarium oxysporum f. sp. zingiberi,GCA_051624415.1
Fusarium palustre,GCA_014899045.1
Fusarium papillatum,GCA_013186395.1
Fusarium parabolicum,GCA_013623825.1
Fusarium paranaense,GCA_027886155.1
Fusarium penzigii,GCA_013623535.1
Fusarium phalaenopsidis,GCA_050370095.1
Fusarium phaseoli,GCA_001680515.1
Fusarium phialophorum,GCA_040822225.1
Fusarium phyllophilum,GCA_013396025.1
Fusarium pilosicola,GCA_020615335.1
Fusarium pininemorale,GCA_002165215.1
Fusarium piperis,GCA_027886205.1
Fusarium piperis,GCA_027946385.1
Fusarium poae,GCA_001675295.1
Fusarium poae,GCA_013623615.1
Fusarium poae,GCA_019609905.1
Fusarium poae,GCA_030719115.1
Fusarium poae,GCA_030719125.1
Fusarium poae,GCA_030719135.1
Fusarium poae,GCA_030719145.1
Fusarium poae,GCA_030719155.1
Fusarium poae,GCA_046056315.1
Fusarium poae,GCA_051942535.1
Fusarium praegraminearum,GCA_002093855.1
Fusarium proliferatum,GCA_001705295.1
Fusarium proliferatum,GCA_002234285.1
Fusarium proliferatum,GCA_003123625.1
Fusarium proliferatum,GCA_003290285.1
Fusarium proliferatum,GCA_003615215.1
Fusarium proliferatum,GCA_003704875.1
Fusarium proliferatum,GCA_003704885.1
Fusarium proliferatum,GCA_003704895.1
Fusarium proliferatum,GCA_003704965.1
Fusarium proliferatum,GCA_003705095.1
Fusarium proliferatum,GCA_003709405.1
Fusarium proliferatum,GCA_013758875.1
Fusarium proliferatum,GCA_013758985.1
Fusarium proliferatum,GCA_013759065.1
Fusarium proliferatum,GCA_017309865.1
Fusarium proliferatum,GCA_017309875.1
Fusarium proliferatum,GCA_017309895.1
Fusarium proliferatum,GCA_018350245.1
Fusarium proliferatum,GCA_019022535.1
Fusarium proliferatum,GCA_019843625.1
Fusarium proliferatum,GCA_022627135.1
Fusarium proliferatum,GCA_033822135.1
Fusarium proliferatum,GCA_036288945.1
Fusarium proliferatum,GCA_040114135.1
Fusarium proliferatum,GCA_040114165.1
Fusarium proliferatum,GCA_040114185.1
Fusarium proliferatum,GCA_041380525.1
Fusarium proliferatum,GCA_047651765.1
Fusarium proliferatum,GCA_048414745.1
Fusarium proliferatum,GCA_051380515.1
Fusarium proliferatum,GCA_051529665.1
Fusarium proliferatum,GCA_051529685.1
Fusarium proliferatum,GCA_051529705.1
Fusarium proliferatum,GCA_051529725.1
Fusarium proliferatum,GCA_055473395.1
Fusarium protoensiforme,GCA_011320165.1
Fusarium pseudoanthophilum,GCA_013395995.1
Fusarium pseudocircinatum,GCA_013396035.1
Fusarium pseudograminearum,GCA_000974265.2
Fusarium pseudograminearum,GCA_001703955.2
Fusarium pseudograminearum,GCA_016952305.1
Fusarium pseudograminearum,GCA_024752415.1
Fusarium pseudograminearum,GCA_050516575.1
Fusarium pseudograminearum CS3096,GCA_000303195.2
Fusarium pseudonygamai,GCA_013186785.1
Fusarium purpurascens,GCA_040822135.1
Fusarium ramigenum,GCA_013186855.1
Fusarium redolens,GCA_014899085.1
Fusarium redolens,GCA_017562085.1
Fusarium redolens,GCA_019843785.1
Fusarium redolens,GCA_020744475.1
Fusarium redolens,GCA_035773055.1
Fusarium robinianum,GCA_013623725.1
Fusarium robinianum,GCA_024115165.1
Fusarium sacchari,GCA_013759005.1
Fusarium sacchari,GCA_017165645.1
Fusarium sacchari,GCA_033675115.1
Fusarium sacchari,GCA_048414715.1
Fusarium sacchari,GCA_054858035.1
Fusarium sacchari,GCA_055255615.1
Fusarium sambucinum,GCA_001567575.1
Fusarium sambucinum,GCA_014899025.1
Fusarium sambucinum,GCA_041870755.1
Fusarium sambucinum,GCA_047301595.1
Fusarium sambucinum,GCA_050947815.1
Fusarium sarcochroum,GCA_013266185.1
Fusarium scirpi,GCA_004367495.1
Fusarium secorum,GCA_013363185.1
Fusarium secorum,GCA_024112715.1
Fusarium setosum,GCA_013623625.1
Fusarium sibiricum,GCA_014898995.1
Fusarium siculi,GCA_019843635.1
Fusarium solani,GCA_002215905.1
Fusarium solani,GCA_013168735.1
Fusarium solani,GCA_019320015.1
Fusarium solani,GCA_020744495.1
Fusarium solani,GCA_023522795.1
Fusarium solani,GCA_024220475.1
Fusarium solani,GCA_027574645.1
Fusarium solani,GCA_027945525.1
Fusarium solani,GCA_029603225.1
Fusarium solani,GCA_030014125.1
Fusarium solani,GCA_033085375.1
Fusarium solani,GCA_035772955.1
Fusarium solani,GCA_040436825.1
Fusarium solani,GCA_044510215.1
Fusarium solani,GCA_044646775.1
Fusarium solani,GCA_045529305.1
Fusarium solani,GCA_046630125.1
Fusarium solani,GCA_046630155.1
Fusarium solani,GCA_049901755.1
Fusarium solani,GCA_050613615.1
Fusarium solani,GCA_051943245.1
Fusarium solani,GCA_053771435.1
Fusarium solani,GCA_054370135.1
Fusarium solani,GCA_055801755.1
Fusarium solani-melongenae,GCA_023101225.1
Fusarium solani-melongenae,GCA_027886225.1
Fusarium sororula,GCA_017579625.1
Fusarium sp. 'flavolapis',GCA_014885045.1
Fusarium sp. 190-020-2,GCA_014884825.1
Fusarium sp. AF-6,GCA_003947015.1
Fusarium sp. BWC1,GCA_013416785.2
Fusarium sp. Barmshour,GCA_020976545.1
Fusarium sp. C39,GCA_021533815.1
Fusarium sp. CBS 123663,GCA_017656595.1
Fusarium sp. DN689,GCA_052814685.1
Fusarium sp. DS 682,GCA_014764975.2
Fusarium sp. FIESC RH6,GCA_022627095.1
Fusarium sp. FL617,GCA_030142105.1
Fusarium sp. FSAMSC_23,GCA_013618385.1
Fusarium sp. FV-FL-02,GCA_040114085.1
Fusarium sp. FV32968,GCA_040114105.1
Fusarium sp. FW16.1,GCA_017654865.1
Fusarium sp. G73,GCA_051527795.1
Fusarium sp. G74,GCA_051527775.1
Fusarium sp. HKF-74,GCA_021223625.1
Fusarium sp. IMII-1,GCA_056098845.1
Fusarium sp. JS1030,GCA_000966855.1
Fusarium sp. JS626,GCA_000966865.1
Fusarium sp. KOD 1611,GCA_013624395.1
Fusarium sp. LHS14.1,GCA_025433615.1
Fusarium sp. M34D1,GCA_052814515.1
Fusarium sp. M6JPR69,GCA_037576055.1
Fusarium sp. MBC 101,GCA_030777545.1
Fusarium sp. MBC 119,GCA_030411635.1
Fusarium sp. MBC 181,GCA_030772735.1
Fusarium sp. MBC 364,GCA_030777805.1
Fusarium sp. MBC 438,GCA_030779245.1
Fusarium sp. MBC 441,GCA_030779165.1
Fusarium sp. MPI-SDFR-AT-0072,GCA_020744335.1
Fusarium sp. NFCCI 5145,GCA_033439405.1
Fusarium sp. NRRL 22101,GCA_013010345.1
Fusarium sp. NRRL 25184,GCA_013755755.1
Fusarium sp. NRRL 25303,GCA_013396255.1
Fusarium sp. NRRL 29148,GCA_013759095.1
Fusarium sp. NRRL 47473,GCA_013759115.1
Fusarium sp. NRRL 52700,GCA_013396095.1
Fusarium sp. NRRL 53293,GCA_013759125.1
Fusarium sp. NRRL 53497,GCA_013184445.1
Fusarium sp. NRRL 62610,GCA_013186425.2
Fusarium sp. NRRL 62957,GCA_012978535.1
Fusarium sp. NRRL 66088,GCA_013186415.1
Fusarium sp. NRRL 66182,GCA_013266265.1
Fusarium sp. NRRL 66335,GCA_004367055.1
Fusarium sp. NRRL 66739,GCA_021655895.1
Fusarium sp. NRRL 66894,GCA_014824365.1
Fusarium sp. NRRL 66896,GCA_014824405.1
Fusarium sp. Na10,GCA_002234255.1
Fusarium sp. PT,GCA_021020635.1
Fusarium sp. Ph1,GCA_025433565.1
Fusarium sp. QHM,GCA_013416755.1
Fusarium sp. R1,GCA_042608555.1
Fusarium sp. S18/2,GCA_019054865.1
Fusarium sp. S18/39,GCA_019054735.1
Fusarium sp. S18/7,GCA_019054775.1
Fusarium sp. S19/10,GCA_019054715.1
Fusarium sp. TH15,GCA_019192225.1
Fusarium sporotrichioides,GCA_003012315.1
Fusarium sporotrichioides,GCA_019054615.1
Fusarium sporotrichioides,GCA_019054645.1
Fusarium sporotrichioides,GCA_019054675.1
Fusarium sporotrichioides,GCA_041380485.1
Fusarium staphyleae,GCA_017140175.1
Fusarium sterilihyphosum,GCA_013186845.1
Fusarium stilboides,GCA_014822085.1
Fusarium subglutinans,GCA_012070385.1
Fusarium subglutinans,GCA_012071885.1
Fusarium subglutinans,GCA_013396075.1
Fusarium subglutinans,GCA_040114065.1
Fusarium subglutinans,GCA_040114075.1
Fusarium sublunatum,GCA_013623665.1
Fusarium subtropicale,GCA_003670145.1
Fusarium succisae,GCA_013186925.1
Fusarium sulawesiense,GCA_037577435.1
Fusarium tanahbumbuense,GCA_012977735.1
Fusarium tardichlamydosporum,GCA_040822145.1
Fusarium tardichlamydosporum,GCA_040822215.1
Fusarium temperatum,GCA_001513835.1
Fusarium temperatum,GCA_012070365.1
Fusarium temperatum,GCA_014706205.1
Fusarium temperatum,GCA_014706235.1
Fusarium temperatum,GCA_040114055.1
Fusarium thapsinum,GCA_013186935.1
Fusarium thapsinum,GCA_046463835.1
Fusarium tjaetaba,GCA_013396195.1
Fusarium tjaetaba,GCA_050710735.1
Fusarium tjaetaba,GCA_050711465.1
Fusarium torreyae,GCA_014824505.1
Fusarium torreyae,GCA_027945595.1
Fusarium torulosum,GCA_013623875.1
Fusarium torulosum,GCA_044647435.1
Fusarium transvaalense,GCA_013623685.1
Fusarium tricinctum,GCA_003045085.1
Fusarium tricinctum,GCA_003149365.1
Fusarium tricinctum,GCA_012977725.1
Fusarium tricinctum,GCA_020744515.1
Fusarium tricinctum,GCA_044647115.1
Fusarium tricinctum,GCA_050859235.1
Fusarium tuaranense,GCA_013363205.1
Fusarium tucumaniae,GCA_001680535.1
Fusarium tucumaniae,GCA_001680595.1
Fusarium tucumaniae,GCA_001680725.1
Fusarium tucumaniae,GCA_021730365.1
Fusarium tupiense,GCA_013364945.1
Fusarium udum,GCA_002194535.1
Fusarium udum,GCA_013186905.1
Fusarium ussurianum,GCA_017656585.1
Fusarium ussurianum,GCA_017656605.1
Fusarium ussurianum,GCA_017656685.1
Fusarium ussurianum,GCA_017656695.1
Fusarium vanettenii,GCA_025433535.2
Fusarium vanettenii,GCA_046127705.1
Fusarium vanettenii 77-13-4,GCA_000151355.1
Fusarium venenatum,GCA_013623635.1
Fusarium venenatum,GCA_019425555.1
Fusarium venenatum,GCA_020744135.1
Fusarium ventricosum,GCA_045529425.1
Fusarium verrucosum,GCA_013623715.1
Fusarium verticillioides,GCA_003316975.2
Fusarium verticillioides,GCA_003316995.2
Fusarium verticillioides,GCA_003317015.2
Fusarium verticillioides,GCA_013759275.1
Fusarium verticillioides,GCA_020882315.1
Fusarium verticillioides,GCA_025503005.1
Fusarium verticillioides,GCA_026119585.1
Fusarium verticillioides,GCA_027571605.1
Fusarium verticillioides,GCA_031360185.1
Fusarium verticillioides,GCA_031841155.1
Fusarium verticillioides,GCA_033110985.1
Fusarium verticillioides,GCA_033807555.1
Fusarium verticillioides,GCA_037043915.1
Fusarium verticillioides,GCA_037214365.1
Fusarium verticillioides,GCA_037954515.1
Fusarium verticillioides,GCA_040112765.1
Fusarium verticillioides,GCA_040112835.1
Fusarium verticillioides,GCA_040112855.1
Fusarium verticillioides,GCA_040112915.1
Fusarium verticillioides,GCA_040112925.1
Fusarium verticillioides,GCA_040112935.1
Fusarium verticillioides,GCA_040112945.1
Fusarium verticillioides,GCA_040113015.1
Fusarium verticillioides,GCA_040113345.1
Fusarium verticillioides,GCA_040113355.1
Fusarium verticillioides,GCA_040113415.1
Fusarium verticillioides,GCA_040113445.1
Fusarium verticillioides,GCA_040113455.1
Fusarium verticillioides,GCA_040113465.1
Fusarium verticillioides,GCA_040113475.1
Fusarium verticillioides,GCA_040113485.1
Fusarium verticillioides,GCA_040113545.1
Fusarium verticillioides,GCA_040113555.1
Fusarium verticillioides,GCA_040113565.1
Fusarium verticillioides,GCA_040113575.1
Fusarium verticillioides,GCA_040113585.1
Fusarium verticillioides,GCA_040113655.1
Fusarium verticillioides,GCA_040113665.1
Fusarium verticillioides,GCA_040113675.1
Fusarium verticillioides,GCA_040113685.1
Fusarium verticillioides,GCA_040113695.1
Fusarium verticillioides,GCA_040113755.1
Fusarium verticillioides,GCA_040113765.1
Fusarium verticillioides,GCA_040113775.1
Fusarium verticillioides,GCA_040113785.1
Fusarium verticillioides,GCA_040113795.1
Fusarium verticillioides,GCA_040113855.1
Fusarium verticillioides,GCA_040113865.1
Fusarium verticillioides,GCA_040113875.1
Fusarium verticillioides,GCA_040113885.1
Fusarium verticillioides,GCA_040113895.1
Fusarium verticillioides,GCA_040113955.1
Fusarium verticillioides,GCA_040113965.1
Fusarium verticillioides,GCA_040113975.1
Fusarium verticillioides,GCA_040113985.1
Fusarium verticillioides,GCA_040113995.1
Fusarium verticillioides,GCA_041430675.1
Fusarium verticillioides,GCA_044646845.1
Fusarium verticillioides,GCA_051167505.1
Fusarium verticillioides,GCA_053843395.1
Fusarium verticillioides 7600,GCA_000149555.1
Fusarium veterinarium,GCA_019191165.1
Fusarium veterinarium,GCA_019191175.1
Fusarium veterinarium,GCA_041380375.1
Fusarium virguliforme,GCA_001680525.1
Fusarium virguliforme,GCA_001680605.1
Fusarium virguliforme,GCA_001680665.1
Fusarium virguliforme,GCA_013363175.1
Fusarium virguliforme,GCA_020883595.1
Fusarium virguliforme,GCA_020883605.1
Fusarium virguliforme,GCA_020883615.1
Fusarium virguliforme,GCA_020883625.1
Fusarium virguliforme Mont-1,GCA_000585705.1
Fusarium vorosii,GCA_017656575.1
Fusarium vorosii,GCA_017656615.1
Fusarium vorosii,GCA_037179535.1
Fusarium vorosii,GCA_037179565.1
Fusarium xylarioides,GCA_004329255.1
Fusarium xylarioides,GCA_013183765.1
Fusarium xylarioides,GCA_013623735.1
Fusarium xylarioides,GCA_018296245.1
Fusarium xylarioides,GCA_018296265.1
Fusarium xylarioides,GCA_018296285.1
Fusarium xylarioides,GCA_018296305.1
Fusarium xylarioides,GCA_018296325.1
Fusarium xylarioides,GCA_018296345.1
Fusarium xyrophilum,GCA_008711575.1
Fusarium xyrophilum,GCA_008711595.1
Fusarium xyrophilum,GCA_008711615.1
Fusarium zanthoxyli,GCA_013623745.1
Fusarium zanthoxyli,GCA_025919635.1
Fusarium zealandicum,GCA_013266195.1
Fusicolla acetilerea,GCA_054051405.1
Fusicolla aquaeductuum,GCA_045529065.1
Gaertneriomyces semiglobifer,GCA_025558075.1
Gaertneriomyces sp. JEL0708,GCA_027603645.1
Gaeumannomyces avenae,GCA_051938825.1
Gaeumannomyces avenae,GCA_051938895.1
Gaeumannomyces hyphopodioides,GCA_051938805.1
Gaeumannomyces hyphopodioides,GCA_051938815.1
Gaeumannomyces sp. JS-464,GCA_002197995.1
Gaeumannomyces tritici,GCA_016080095.1
Gaeumannomyces tritici,GCA_051938625.1
Gaeumannomyces tritici,GCA_051938685.1
Gaeumannomyces tritici,GCA_051938715.1
Gaeumannomyces tritici,GCA_051938735.1
Gaeumannomyces tritici,GCA_051938765.1
Gaeumannomyces tritici R3-111a-1,GCA_000145635.1
Gaillardinia entomophila,GCA_030555945.1
Galerina marginata,GCA_023014335.1
Galerina marginata,GCA_044706905.1
Galerina marginata CBS 339.88,GCA_000697645.1
Galerina sp. ZRL20210601,GCA_051998245.1
Galerina sulciceps,GCA_023014345.1
Gallowayella cf. fulva,GCA_023646365.1
Gallowayella concinna,GCA_051941645.1
Gallowayella weberi,GCA_051941295.1
Gallowayella weberi,GCA_051941305.1
Gamarada debralockiae,GCA_002803225.1
Gamsiella multidivaricata,GCA_016098015.1
Gamsiella multidivaricata,GCA_025024155.1
Gamszarea kalimantanensis,GCA_022813335.1
Ganoderma adspersum,GCA_054130505.1
Ganoderma boninense,GCA_001855635.1
Ganoderma boninense,GCA_002900995.3
Ganoderma boninense,GCA_020976605.1
Ganoderma boninense,GCA_022836635.1
Ganoderma leucocontextum,GCA_020736865.1
Ganoderma leucocontextum,GCA_022813035.1
Ganoderma lingzhi,GCA_026283605.1
Ganoderma lingzhi,GCA_047651895.1
Ganoderma lucidum,GCA_012655175.1
Ganoderma lucidum,GCA_019426095.1
Ganoderma lucidum,GCA_033032785.1
Ganoderma lucidum BCRC 37177,GCA_000338035.1
Ganoderma lucidum G.260125-1,GCA_000271565.1
Ganoderma lucidum Xiangnong No.1,GCA_000262775.1
Ganoderma meredithae,GCA_022814645.1
Ganoderma multipileum BCRC 37180,GCA_000338015.2
Ganoderma sinense ZZ0214-1,GCA_002760635.1
Ganoderma sp. BRIUMSc,GCA_008694245.1
Garcileccinum viscosum,GCA_038090455.1
Gastroboletus turbinatus,GCA_038090655.1
Gautieria morchelliformis,GCA_015179125.1
Gelatoporia subvermispora B,GCA_000320605.2
Gemmamyces piceae,GCA_041146615.1
Gemmamyces piceae,GCA_041146655.1
Gemmamyces piceae,GCA_041146855.1
Gemmamyces piceae,GCA_041146935.1
Gemmamyces piceae,GCA_046563505.1
Gemmamyces piceae,GCA_046563545.1
Geoglossum cookeanum,GCA_021527025.2
Geoglossum glabrum,GCA_021527465.2
Geoglossum simile,GCA_026023525.1
Geoglossum umbratile,GCA_026024515.1
Geopyxis carbonaria,GCA_024516215.1
Geopyxis carbonaria,GCA_055470935.1
Geosiphon pyriformis,GCA_016748015.1
Geosmithia morbida,GCA_012550715.1
Geotrichum armillariae,GCA_030674515.1
Geotrichum bryndzae,GCA_025605225.1
Geotrichum candidum,GCA_001402995.1
Geotrichum candidum,GCA_011420275.1
Geotrichum candidum,GCA_013305595.1
Geotrichum candidum,GCA_013365045.1
Geotrichum candidum,GCA_013365065.1
Geotrichum candidum,GCA_013365075.1
Geotrichum candidum,GCA_013365125.1
Geotrichum candidum,GCA_014596635.1
Geotrichum candidum,GCA_019450175.1
Geotrichum candidum,GCA_020466465.1
Geotrichum candidum,GCA_020466505.1
Geotrichum candidum,GCA_020466515.1
Geotrichum candidum,GCA_023627875.1
Geotrichum candidum,GCA_023627915.1
Geotrichum candidum,GCA_023629735.1
Geotrichum candidum,GCA_023629795.1
Geotrichum candidum,GCA_025234805.1
Geotrichum candidum,GCA_025504325.1
Geotrichum candidum,GCA_025504335.1
Geotrichum candidum,GCA_025504395.1
Geotrichum candidum,GCA_025504415.1
Geotrichum candidum,GCA_025504425.1
Geotrichum candidum,GCA_025504455.1
Geotrichum candidum,GCA_030564105.1
Geotrichum candidum,GCA_054122405.1
Geotrichum candidum,GCA_054122455.1
Geotrichum candidum,GCA_054122495.1
Geotrichum candidum,GCA_054122575.1
Geotrichum candidum,GCA_054122595.1
Geotrichum candidum,GCA_054122635.1
Geotrichum candidum,GCA_054122695.1
Geotrichum candidum,GCA_054122715.1
Geotrichum candidum,GCA_054122775.1
Geotrichum candidum,GCA_054122835.1
Geotrichum candidum,GCA_054123755.1
Geotrichum candidum,GCA_054123815.1
Geotrichum candidum,GCA_054123895.1
Geotrichum candidum,GCA_054123935.1
Geotrichum candidum,GCA_054123975.1
Geotrichum candidum,GCA_054123995.1
Geotrichum candidum,GCA_054124005.1
Geotrichum candidum,GCA_054124035.1
Geotrichum candidum,GCA_054124495.1
Geotrichum candidum,GCA_054124535.1
Geotrichum candidum,GCA_054124595.1
Geotrichum candidum,GCA_054124605.1
Geotrichum candidum,GCA_054124675.1
Geotrichum candidum,GCA_054124715.1
Geotrichum candidum,GCA_054124725.1
Geotrichum candidum,GCA_054124735.1
Geotrichum candidum,GCA_054124775.1
Geotrichum candidum,GCA_054124795.1
Geotrichum candidum,GCA_054124835.1
Geotrichum candidum,GCA_054125125.1
Geotrichum candidum,GCA_054125155.1
Geotrichum candidum,GCA_054125175.1
Geotrichum candidum,GCA_054125385.1
Geotrichum candidum,GCA_054125395.1
Geotrichum candidum,GCA_054125425.1
Geotrichum candidum,GCA_054125445.1
Geotrichum candidum,GCA_054125525.1
Geotrichum candidum,GCA_054125535.1
Geotrichum candidum,GCA_054125585.1
Geotrichum candidum,GCA_054125645.1
Geotrichum candidum,GCA_054125655.1
Geotrichum candidum,GCA_054125715.1
Geotrichum candidum,GCA_054125745.1
Geotrichum carabidarum,GCA_030556585.1
Geotrichum citri-aurantii,GCA_025134825.1
Geotrichum citri-aurantii,GCA_030463015.1
Geotrichum cucujoidarum,GCA_030566025.1
Geotrichum europaeum,GCA_030567025.1
Geotrichum fermentans,GCA_002233575.1
Geotrichum fermentans,GCA_030564905.1
Geotrichum galactomycetum,GCA_013305805.1
Geotrichum galactomycetum,GCA_030558905.1
Geotrichum ghanense,GCA_022023575.1
Geotrichum ghanense,GCA_030569335.1
Geotrichum histeridarum,GCA_030566085.1
Geotrichum klebahnii,GCA_030570935.1
Geotrichum macrosporum,GCA_030463045.1
Geotrichum phurueaensis,GCA_030558065.1
Geotrichum reessii,GCA_013305925.1
Geotrichum reessii,GCA_030570815.1
Geotrichum restrictum,GCA_030563985.1
Geranomyces michiganensis,GCA_027602005.1
Geranomyces variabilis,GCA_025399175.1
Geranomyces variabilis,GCA_027600685.1
Geranomyces variabilis,GCA_027601485.1
Geranomyces variabilis,GCA_027602705.1
Geranomyces variabilis,GCA_027603065.1
Gerronema lapidescens,GCA_052815655.1
Gibellulopsis nigrescens,GCA_043790115.1
Gigaspora margarita,GCA_009809945.1
Gigaspora rosea,GCA_003550325.1
Gilbertella persicaria,GCA_024294565.1
Gilbertella persicaria,GCA_025201335.1
Gilbertella persicaria,GCA_054601915.1
Glaciozyma antarctica PI12,GCA_002917775.1
Glaciozyma martinii,GCA_025758715.1
Glaciozyma watsonii,GCA_054785265.1
Glaciozyma watsonii,GCA_054785315.1
Glaciozyma watsonii,GCA_054785335.1
Glarea lozoyensis 74030,GCA_000238015.2
Glarea lozoyensis ATCC 20868,GCA_000409485.1
Gliomastix tumulicola,GCA_001599755.1
Globomyces pollinis-pini,GCA_025399215.1
Globomyces sp. JEL0801,GCA_027595885.1
Gloeopeniophorella convolvens,GCA_022496205.1
Gloeophyllum trabeum ATCC 11539,GCA_000344685.1
Gloeostereum incarnatum,GCA_004338095.1
Gloeostereum incarnatum,GCA_010588315.1
Glomus cerebriforme,GCA_003550305.1
Glomus cerebriforme,GCA_003833025.1
Glonium stellatum,GCA_001692915.1
Glucitozyma multigemmis,GCA_030572295.1
Glugoides intestinalis,GCA_052576065.1
Glutinoglossum americanum,GCA_020080175.1
Glutinoglossum americanum,GCA_021527555.1
Gnomoniopsis castaneae,GCA_029001865.1
Gnomoniopsis castaneae,GCA_029001875.1
Gnomoniopsis castaneae,GCA_029001885.1
Gnomoniopsis smithogilvyi,GCA_027946515.1
Gnomoniopsis sp. IMI 355080,GCA_027946555.1
Gnomoniopsis sp. YN0743,GCA_055474405.1
Gnomoniopsis sp. YN1632,GCA_055474385.1
Goffeauzyma gilvescens,GCA_025758705.1
Golovinomyces cichoracearum,GCA_003611195.1
Golovinomyces cichoracearum,GCA_003611215.1
Golovinomyces cichoracearum,GCA_003611235.1
Golovinomyces magnicellulatus,GCA_006912115.1
Golubevia pallescens,GCA_001599655.1
Golubevia sp. BC0812,GCA_012976215.1
Golubevia sp. BC0850,GCA_012976225.1
Golubevia sp. BC0902,GCA_012976205.1
Gomphus bonarii,GCA_003316585.1
Gomphus sp. MG54,GCA_003314385.1
Gonapodya prolifera JEL478,GCA_001574975.1
Gonapodya sp. JEL0774,GCA_027604505.1
Gongronella butleri,GCA_025201375.1
Gongronella sp. w5,GCA_001650995.1
Gorgonomyces haynaldii,GCA_025526955.1
Gotozyma botsteinii,GCA_020280145.1
Gotozyma montana,GCA_003706615.3
Gotozyma siamensis,GCA_030579035.1
Grammothele lineata,GCA_002150815.3
Graphilbum cf. rectangulosporium,GCA_019925645.1
Graphilbum fragrans,GCA_001513895.1
Graphilbum fragrans,GCA_019925655.1
Graphilbum ipis-grandicollis,GCA_019925625.1
Graphiopsis chlorocephala,GCA_022828445.1
Graphium basitruncatum,GCA_048165025.1
Graphium sp. VPRI43844,GCA_019925285.1
Gremmenia infestans,GCA_032629725.1
Grifola frondosa,GCA_001683735.1
Grifola frondosa,GCA_003313135.1
Grifola frondosa,GCA_041464085.1
Grifola frondosa,GCA_048301435.1
Grifola frondosa,GCA_056108205.1
Grigorovia humatica,GCA_030462875.1
Grigorovia jiainica (nom. inval.),GCA_030571715.1
Grigorovia transvaalensis,GCA_003708445.3
Grigorovia yakushimaensis,GCA_003709265.2
Grinbergsozyma bentonensis,GCA_030561725.1
Groenewaldozyma auringiensis,GCA_030574195.1
Groenewaldozyma salmanticensis,GCA_003708315.3
Groenewaldozyma sp. yHMH443,GCA_030580275.1
Groenewaldozyma tartarivorans,GCA_030574255.1
Grosmannia clavigera kw1407,GCA_000143105.2
Grosmannia clavigera kw1407,GCA_000143125.1
Grosmannia huntii,GCA_019925595.1
Grosmannia penicillata,GCA_001938055.1
Grosmannia penicillata,GCA_002778075.1
Grosmannia serpens,GCA_029299595.1
Gryganskiella cystojenkinii,GCA_015852425.1
Gurleya vavrai,GCA_052575965.1
Guyanagaster necrorhizus,GCA_019112545.1
Guyanaporus albipodus,GCA_038088995.1
Gyalolechia ehrenbergii,GCA_023646125.1
Gyalolechia fulgens,GCA_051942345.1
Gyalolechia gomerana,GCA_051942385.1
Gyalolechia marmorata,GCA_051941165.1
Gyalolechia sp. 1 TL-2023,GCA_051941865.1
Gyalolechia sp. 2 TL-2023,GCA_051941825.1
Gymnopilus dilepis,GCA_002938385.1
Gymnopilus junonius,GCA_015501075.1
Gymnopilus junonius,GCA_044706945.1
Gymnopilus luteofolius,GCA_051998225.1
Gymnopilus penetrans,GCA_051998185.1
Gymnopilus sp. ZRL20210269D,GCA_051998125.1
Gymnopilus sp. ZRL20210270E,GCA_051998105.1
Gymnopilus sp. ZRL20210594,GCA_051998085.1
Gymnopilus sp. ZRL20220779,GCA_051998045.1
Gymnopus androsaceus JB14,GCA_009733575.1
Gymnopus earleae,GCA_055862425.1
Gyoerffyella rotula,GCA_045281475.1
Gyrodon lividus,GCA_014904945.1
Gyrodon tennesseensis,GCA_038092445.1
Gyromitra antarctica,GCA_040803335.1
Gyromitra antarctica,GCA_040803815.1
Gyromitra esculenta,GCA_038503075.1
Gyromitra recurva,GCA_040803505.1
Gyromitra sp. 'persicula',GCA_040802825.1
Gyromitra sp. 13 AD-2024,GCA_040802385.1
Gyromitra sp. 2 AD-2023,GCA_040803605.1
Gyromitra sp. 3 AD-2023,GCA_040803515.1
Gyromitra sp. 4 AD-2023,GCA_040803585.1
Gyromitra sp. 6 AD-2023,GCA_040802425.1
Gyromitra sp. 6 AD-2023,GCA_040803535.1
Gyromitra sp. 6 AD-2023,GCA_040803805.1
Gyromitra sp. 8 AD-2023,GCA_040803355.1
Gyromitra sp. 9 AD-2023,GCA_040802435.1
Gyromitra sp. 9 AD-2023,GCA_040803905.1
Gyromitra splendida,GCA_040802885.1
Gyromitra splendida,GCA_040803985.1
Gyromitra splendida,GCA_040804005.1
Gyromitra venenata,GCA_040803035.1
Gyromitra venenata,GCA_040803485.1
Gyromitra venenata,GCA_040803625.1
Gyromitra venenata,GCA_040803695.1
Gyromitra venenata,GCA_040804095.1
Hagleromyces aurorensis,GCA_030705145.1
Halenospora varia,GCA_020726485.1
Haloplaca sp. 1 TL-2023,GCA_051942025.1
Haloplaca sp. 2 TL-2023,GCA_051941845.1
Halteromyces radiatus,GCA_025201355.1
Hamigera avellanea,GCA_027569715.1
Hamiltosporidium magnivora,GCA_004325035.1
Hamiltosporidium magnivora,GCA_004325065.1
Hamiltosporidium tvaerminnensis,GCA_000180835.1
Hamiltosporidium tvaerminnensis,GCA_004325045.1
Hamiltosporidium tvaerminnensis,GCA_004325075.1
Hamiltosporidium tvaerminnensis,GCA_022605425.2
Hanseniaspora clermontiae,GCA_003706385.1
Hanseniaspora clermontiae,GCA_030567235.1
Hanseniaspora gamundiae,GCA_003020785.1
Hanseniaspora guilliermondii,GCA_004919775.1
Hanseniaspora guilliermondii,GCA_030567255.1
Hanseniaspora guilliermondii,GCA_036287555.1
Hanseniaspora guilliermondii,GCA_050947605.1
Hanseniaspora hatyaiensis (nom. inval.),GCA_003708765.1
Hanseniaspora hatyaiensis (nom. inval.),GCA_030573555.1
Hanseniaspora jakobsenii,GCA_004919785.1
Hanseniaspora jakobsenii,GCA_030573515.1
Hanseniaspora lachancei,GCA_004919765.1
Hanseniaspora lachancei,GCA_030567275.1
Hanseniaspora lindneri,GCA_019649525.1
Hanseniaspora lindneri,GCA_030569975.1
Hanseniaspora menglaensis,GCA_040256855.1
Hanseniaspora meyeri,GCA_004919825.1
Hanseniaspora meyeri,GCA_030370665.1
Hanseniaspora meyeri,GCA_030567295.1
Hanseniaspora mollemarum,GCA_019649515.1
Hanseniaspora mollemarum,GCA_030572935.1
Hanseniaspora mollemarum,GCA_042466605.1
Hanseniaspora nectarophila,GCA_004919845.1
Hanseniaspora nectarophila,GCA_030573495.1
Hanseniaspora occidentalis var. citrica,GCA_004919885.1
Hanseniaspora occidentalis var. citrica,GCA_030573535.1
Hanseniaspora occidentalis var. occidentalis,GCA_004919895.1
Hanseniaspora occidentalis var. occidentalis,GCA_030567355.1
Hanseniaspora occidentalis var. occidentalis,GCA_050230685.1
Hanseniaspora opuntiae,GCA_001749795.1
Hanseniaspora opuntiae,GCA_030567335.1
Hanseniaspora opuntiae,GCA_050947625.1
Hanseniaspora osmophila,GCA_001747045.1
Hanseniaspora osmophila,GCA_003707715.2
Hanseniaspora osmophila,GCA_050947655.1
Hanseniaspora pseudoguilliermondii,GCA_003708335.1
Hanseniaspora pseudoguilliermondii,GCA_030573455.1
Hanseniaspora pseudoguilliermondii,GCA_037041795.1
Hanseniaspora singularis (nom. inval.),GCA_003708365.1
Hanseniaspora singularis (nom. inval.),GCA_030565715.1
Hanseniaspora sp. CRUB 1602,GCA_004919795.1
Hanseniaspora sp. CRUB 1602,GCA_030573575.1
Hanseniaspora sp. JCM 36741,GCA_054658755.1
Hanseniaspora taiwanica (nom. inval.),GCA_030580555.1
Hanseniaspora thailandica (nom. inval.),GCA_004919915.1
Hanseniaspora thailandica (nom. inval.),GCA_030573475.1
Hanseniaspora thailandica (nom. inval.),GCA_037041975.1
Hanseniaspora uvarum,GCA_000775265.3
Hanseniaspora uvarum,GCA_001747055.1
Hanseniaspora uvarum,GCA_002894425.1
Hanseniaspora uvarum,GCA_003243715.1
Hanseniaspora uvarum,GCA_004919925.1
Hanseniaspora uvarum,GCA_009805715.1
Hanseniaspora uvarum,GCA_009805765.1
Hanseniaspora uvarum,GCA_009805785.1
Hanseniaspora uvarum,GCA_018105805.1
Hanseniaspora uvarum,GCA_030180015.1
Hanseniaspora uvarum,GCA_030567315.1
Hanseniaspora uvarum,GCA_037102615.1
Hanseniaspora uvarum,GCA_040113365.1
Hanseniaspora uvarum,GCA_050230735.1
Hanseniaspora uvarum,GCA_050947715.1
Hanseniaspora uvarum,GCA_050948235.1
Hanseniaspora uvarum DSM 2768,GCA_000968475.1
Hanseniaspora valbyensis,GCA_030567375.1
Hanseniaspora valbyensis,GCA_050947565.1
Hanseniaspora valbyensis NRRL Y-1626,GCA_001664025.1
Hanseniaspora vineae,GCA_000585475.3
Hanseniaspora vineae,GCA_002141495.2
Hanseniaspora vineae,GCA_004919945.1
Hanseniaspora vineae,GCA_030580215.1
Hanseniaspora vineae,GCA_050230655.1
Hanseniaspora vineae,GCA_050947685.1
Hansenula queroliae,GCA_030674255.1
Hansenula silvicultrix,GCA_030574755.1
Hansfordia pulvinata,GCA_006538405.1
Hansfordia pulvinata,GCA_027569265.1
Haplographium delicatum,GCA_037952705.1
Haplosporangium bisporale,GCA_015500155.1
Haplosporangium gracile,GCA_015499985.1
Haplosporangium sp. Z 11,GCA_015529505.1
Haplosporangium sp. Z 27,GCA_015529795.1
Haplosporangium sp. Z 767,GCA_015529515.1
Hapsidospora chrysogena,GCA_045834035.1
Hapsidospora chrysogena,GCA_051201255.1
Hapsidospora chrysogenum ATCC 11550,GCA_000769265.1
Harringtonia aguacate,GCA_014183095.1
Harringtonia lauricola,GCA_002778145.1
Harringtonia lauricola,GCA_004153705.1
Harringtonia lauricola,GCA_014183025.1
Harringtonia lauricola,GCA_050613675.1
Harrya chromipes,GCA_038090215.1
Harrya chromipes,GCA_038091155.1
Hawksworthiomyces lignivorus,GCA_002917075.1
Hawksworthiomyces lignivorus,GCA_021396355.1
Hazslinszkyomyces aptrootii,GCA_052323695.1
Hebeloma cylindrosporum,GCA_000827355.1
Heimioporus aff. retisporus,GCA_038094615.1
Heimioporus punctisporus,GCA_038094715.1
Heimioporus retisporus,GCA_038090495.1
Heimioporus sp. TRTC157243,GCA_041722515.1
Helenozyma melibiosica,GCA_030563325.1
Helenozyma rhizophorensis,GCA_030573355.1
Helicocarpus griseus UAMH5409,GCA_002573585.1
Helicoceras oryzae,GCA_052323675.1
Helicostylum pulchrum,GCA_025677825.1
Helicostylum pulchrum,GCA_040366295.1
Heliocybe sulcata,GCA_004369045.1
Helminthosporium solani,GCA_022560085.1
Helminthosporium solani B-AC-16A,GCA_000498615.1
Helostroma bacarum,GCA_040368945.1
Helotiales sp. EF0021,GCA_000292665.1
Helotiales sp. F229,GCA_002554605.1
Hemileccinum hortonii,GCA_038090055.1
Hemileccinum hortonii,GCA_038091035.1
Hemileccinum impolitum,GCA_003316335.1
Hemileccinum rubropunctum,GCA_038089535.1
Hemileccinum sp. TRTC168327,GCA_041721935.1
Hemileia vastatrix,GCA_004125335.1
Hemileia vastatrix,GCA_030280995.1
Hemileia vastatrix,GCA_036250445.1
Hemileia vastatrix,GCA_054948715.1
Hemileia vastatrix,GCA_054948735.1
Hemileia vastatrix HvCat,GCA_003057935.1
Hemisphaericaspora gorwae,GCA_001655765.1
Hemisphaericaspora haegerdaliae,GCA_001655755.1
Hemisphaericaspora insectamans,GCA_030578955.1
Hemisphaericaspora lyxosophila,GCA_030582855.1
Hemisphaericaspora nanyangensis,GCA_030557635.1
Hemisphaericaspora subhashii,GCA_019202705.1
Hemisphaericaspora subhashii,GCA_030674795.1
Hemisphaericaspora xylanilytica,GCA_030563365.1
Hemisphaericaspora xylofermentans,GCA_002105455.1
Henningerozyma blattae,GCA_030568055.1
Henningerozyma blattae CBS 6284,GCA_000315915.1
Hepatospora eriocheir,GCA_002087875.1
Hepatospora eriocheir,GCA_002087885.1
Hericium alpestre,GCA_004681135.1
Hericium coralloides,GCA_003675405.1
Hericium erinaceus,GCA_006506795.2
Hericium erinaceus,GCA_016906435.1
Hericium erinaceus,GCA_055473455.1
Hericium rajendrae,GCA_033439255.1
Hermanozyma aechmeae,GCA_030583085.1
Hermanozyma ubatubensis,GCA_030567085.1
Hermanssonia centrifuga,GCA_001913855.2
Hermanssonia centrifuga,GCA_004802665.1
Hermanssonia centrifuga,GCA_056371545.1
Herpomyces periplanetae,GCA_009733715.1
Herpotrichia juniperi,GCA_014905255.1
Herpotrichiellaceae sp.,GCA_029293275.1
Herpotrichiellaceae sp.,GCA_029293295.1
Herpotrichiellaceae sp.,GCA_029293375.1
Herpotrichiellaceae sp.,GCA_029293605.1
Herpotrichiellaceae sp.,GCA_029293655.1
Herpotrichiellaceae sp. BF7,GCA_049996315.1
Herpotrichiellaceae sp. BF8,GCA_049996295.1
Herpotrichiellaceae sp. UM238,GCA_000315175.1
Hesseltinella vesiculosa,GCA_002104935.1
Heterobasidion annosum,GCA_001457895.1
Heterobasidion annosum,GCA_001457955.1
Heterobasidion annosum,GCA_001457995.1
Heterobasidion annosum 03012,GCA_000633895.1
Heterobasidion irregulare,GCA_001457915.1
Heterobasidion irregulare,GCA_001457935.1
Heterobasidion irregulare,GCA_001458015.1
Heterobasidion irregulare TC 32-1,GCA_000320585.2
Heterobasidion occidentale,GCA_039111635.1
Heterobasidion parviporum,GCA_002994785.1
Heterodermia aff. obscurata,GCA_051941365.1
Hirsutella minnesotensis 3608,GCA_000956045.1
Hirsutella rhossiliensis,GCA_004142005.1
Hirsutella rhossiliensis,GCA_020360975.2
Hirsutella thompsonii MTCC3556,GCA_000472145.1
Hirsutella thompsonii MTCC6686,GCA_000472125.2
Histoplasma capsulatum,GCA_013420885.1
Histoplasma capsulatum,GCA_017310585.1
Histoplasma capsulatum,GCA_017607465.1
Histoplasma capsulatum G186AR,GCA_000150115.1
Histoplasma capsulatum G186AR,GCA_017355575.1
Histoplasma capsulatum H143,GCA_000151035.1
Histoplasma capsulatum var. capsulatum Tmu,GCA_000313325.1
Histoplasma capsulatum var. duboisii H88,GCA_000151005.2
Histoplasma capsulatum var. duboisii H88,GCA_017310615.1
Histoplasma mississippiense,GCA_000149585.1
Histoplasma ohiense,GCA_000170615.1
Histoplasma ohiense,GCA_017607445.1
Histoplasma ohiense,GCA_051312685.1
Histoplasma ohiense,GCA_051313235.1
Hohenbuehelia grisea,GCA_040822045.1
Holtermannia corniformis,GCA_001599935.1
Holtermanniella festucosa,GCA_055755495.1
Holtermanniella nyarrowii,GCA_001600035.1
Homolaphlyctis polyrhiza JEL 142,GCA_000235945.1
Hormonema carpetanum,GCA_051257935.1
Hortaea sp. C3G1500-4,GCA_022701445.1
Hortaea werneckii,GCA_003704345.1
Hortaea werneckii,GCA_003704355.1
Hortaea werneckii,GCA_003704375.1
Hortaea werneckii,GCA_003704385.1
Hortaea werneckii,GCA_003704575.1
Hortaea werneckii,GCA_003704585.1
Hortaea werneckii,GCA_003704595.1
Hortaea werneckii,GCA_003704615.1
Hortaea werneckii,GCA_003704645.1
Hortaea werneckii,GCA_003704675.1
Hortaea werneckii,GCA_003704685.1
Hortaea werneckii,GCA_014843535.1
Hortaea werneckii,GCA_014843615.1
Hortaea werneckii,GCA_015295615.1
Hortaea werneckii,GCA_024760885.1
Hortaea werneckii,GCA_024760895.1
Hortaea werneckii,GCA_024760925.1
Hortaea werneckii,GCA_024760935.1
Hortaea werneckii,GCA_024760945.1
Hortaea werneckii,GCA_024760975.1
Hortaea werneckii,GCA_024760995.1
Hortaea werneckii,GCA_024761015.1
Hortaea werneckii,GCA_024761035.1
Hortaea werneckii,GCA_024761055.1
Hortaea werneckii,GCA_024761095.1
Hortaea werneckii,GCA_024761105.1
Hortaea werneckii,GCA_024761115.1
Hortaea werneckii,GCA_024761135.1
Hortaea werneckii,GCA_024761155.1
Hortaea werneckii,GCA_024761195.1
Hortaea werneckii,GCA_024761215.1
Hortaea werneckii,GCA_024761265.1
Hortaea werneckii,GCA_024761275.1
Hortaea werneckii,GCA_024761295.1
Hortaea werneckii,GCA_024761335.1
Hortaea werneckii,GCA_024761355.1
Hortaea werneckii,GCA_024761375.1
Hortaea werneckii,GCA_024761435.1
Hortaea werneckii,GCA_024761455.1
Hortaea werneckii,GCA_024761475.1
Hortaea werneckii,GCA_024761495.1
Hortaea werneckii,GCA_024761515.1
Hortaea werneckii,GCA_024761535.1
Hortaea werneckii,GCA_024761555.1
Hortaea werneckii,GCA_024761565.1
Hortaea werneckii,GCA_024761585.1
Hortaea werneckii,GCA_024761605.1
Hortaea werneckii,GCA_024761615.1
Hortaea werneckii,GCA_024761635.1
Hortaea werneckii,GCA_024761655.1
Hortaea werneckii,GCA_024761675.1
Hortaea werneckii,GCA_024761685.1
Hortaea werneckii,GCA_024761695.1
Hortaea werneckii,GCA_024761765.1
Hortaea werneckii,GCA_024761785.1
Hortaea werneckii,GCA_024761805.1
Hortaea werneckii,GCA_024761825.1
Hortaea werneckii,GCA_024761845.1
Hortaea werneckii,GCA_024761865.1
Hortaea werneckii,GCA_024761885.1
Hortaea werneckii,GCA_024761915.1
Hortaea werneckii,GCA_024761945.1
Hortaea werneckii,GCA_024761965.1
Hortaea werneckii,GCA_024761985.1
Hortaea werneckii,GCA_024762005.1
Hortaea werneckii,GCA_024762025.1
Hortaea werneckii,GCA_024762045.1
Hortaea werneckii,GCA_024863865.1
Hortaea werneckii,GCA_037044905.1
Hortaea werneckii,GCA_041053185.1
Hortaea werneckii,GCA_051944185.1
Hortaea werneckii,GCA_051944205.1
Hortaea werneckii,GCA_051944235.1
Hortaea werneckii,GCA_054771935.1
Hortaea werneckii,GCA_054771955.1
Hortaea werneckii EXF-2000,GCA_000410955.1
Hortaea werneckii EXF-2000,GCA_002127715.1
Hortiboletus campestris,GCA_038090935.1
Hortiboletus flavorubellus,GCA_038093115.1
Hortiboletus rubellus,GCA_038092815.1
Huiozyma naganishii CBS 8797,GCA_000348985.1
Huiozyma sinensis,GCA_030705205.1
Humicola hyalothermophila,GCA_041956425.1
Humicolopsis cephalosporioides,GCA_050941815.1
Huntiella abstrusa,GCA_025685495.1
Huntiella bhutanensis,GCA_002018275.1
Huntiella decipiens,GCA_003032515.1
Huntiella fecunda,GCA_027744815.1
Huntiella moniliformis,GCA_000712465.1
Huntiella moniliformis,GCA_050613595.1
Huntiella omanensis,GCA_000833645.1
Huntiella savannae,GCA_001483325.1
Huntiella tyalla,GCA_027744755.1
Hyaloraphidium curvatum,GCA_025558095.1
Hyalorbilia aff. multiguttulata,GCA_047716735.1
Hyalorbilia cf. ulicicola,GCA_047716705.1
Hyalorbilia oviparasitica,GCA_047716655.1
Hyalorbilia oviparasitica,GCA_047716685.1
Hyalorbilia sp. HsImV25,GCA_047671935.1
Hyalorbilia sp. HsImV27,GCA_047671915.1
Hyaloscypha bicolor E,GCA_002865645.1
Hyaloscypha finlandica,GCA_021399475.1
Hyaloscypha hepaticicola,GCA_002865625.1
Hyaloscypha sp. PMI_1271,GCA_021399465.1
Hyaloscypha variabilis,GCA_054948865.1
Hyaloscypha variabilis F,GCA_002865655.1
Hydnomerulius pinastri MD-312,GCA_000827185.1
Hydnotrya bailii,GCA_040802925.1
Hydnotrya cerebriformis,GCA_040803765.1
Hydnotrya cubispora,GCA_040803825.1
Hydnotrya sp. 1 AD-2023,GCA_040803395.1
Hydnotrya sp. 2 AD-2023,GCA_040803405.1
Hydnotrya sp. 3 AD-2023,GCA_040803145.1
Hydnotrya tulasnei,GCA_040802865.1
Hydnotrya variiformis,GCA_040803455.1
Hydnum rufescens UP504,GCA_014904985.1
Hygrophoropsis aurantiaca,GCA_021014935.1
Hygrophorus pudorinus,GCA_003314045.1
Hygrophorus russula,GCA_003314125.1
Hymenochaete sp. R1,GCA_019400425.1
Hymenopellis radicata,GCA_003314005.1
Hymenopellis radicata,GCA_015501595.1
Hymenopellis raphanipes,GCA_003314085.1
Hymenopellis raphanipes,GCA_036872995.1
Hymenoscyphus fraxineus,GCA_001414365.1
Hymenoscyphus fructigenus,GCA_001414455.1
Hymenoscyphus infarciens,GCA_001414345.1
Hymenoscyphus repandus,GCA_001414415.1
Hymenoscyphus salicellus,GCA_001414355.1
Hymenoscyphus scutula,GCA_001399465.1
Hymenoscyphus sp. LP001,GCA_037952655.1
Hymenotorrendiella dingleyae,GCA_003988905.1
Hyphodiscus hymeniophilus,GCA_016508695.1
Hyphodiscus sp. D1413,GCA_003988895.1
Hypholoma fasciculare,GCA_016801325.1
Hypholoma fasciculare,GCA_051997995.1
Hypholoma sublateritium,GCA_044706915.1
Hypholoma sublateritium FD-334 SS-4,GCA_000827495.1
Hypholoma subviride,GCA_051997965.1
Hyphopichia burtonii,GCA_003856795.1
Hyphopichia burtonii,GCA_018343885.1
Hyphopichia burtonii,GCA_030573595.1
Hyphopichia burtonii,GCA_037044105.1
Hyphopichia burtonii,GCA_046056005.1
Hyphopichia burtonii NRRL Y-1933,GCA_001661395.1
Hyphopichia buzzinii,GCA_030556945.1
Hyphopichia fennica,GCA_030444945.1
Hyphopichia homilentoma,GCA_001599095.1
Hyphopichia homilentoma,GCA_030560785.1
Hyphopichia khmerensis,GCA_030569195.1
Hyphopichia pseudoburtonii,GCA_003856775.1
Hyphopichia pseudoburtonii,GCA_030569855.1
Hyphopichia wangnamkhiaoensis,GCA_030578475.1
Hypocenomyce scalaris,GCA_022814315.1
Hypocreaceae sp.,GCA_029290815.1
Hypocreaceae sp.,GCA_029290855.1
Hypocreaceae sp.,GCA_029290895.1
Hypocreales sp.,GCA_029290695.1
Hypocreales sp.,GCA_029295655.1
Hypocreales sp. KLYLS,GCA_051170975.1
Hypocreales sp. ML197-S3,GCA_033060795.1
Hypocreales sp. Mo6-1,GCA_002939055.1
Hypocreales sp. O35,GCA_040955585.1
Hypocrella siamensis,GCA_000731825.1
Hypocrella siamensis,GCA_030780165.1
Hypocrella siamensis,GCA_030780905.1
Hypocrella siamensis,GCA_030782285.1
Hypocrella siamensis,GCA_030782305.1
Hypocrella siamensis,GCA_030782415.1
Hypomontagnella monticulosa,GCA_022385585.1
Hypomontagnella submonticulosa,GCA_022984865.1
Hypomyces aurantius,GCA_047652205.1
Hypomyces perniciosus,GCA_008477525.1
Hypomyces rosellus,GCA_011799845.1
Hypomyces semicircularis,GCA_054127075.1
Hypoxylon argillaceum,GCA_022495175.1
Hypoxylon cercidicola,GCA_022578845.1
Hypoxylon crocopeplum,GCA_022578875.1
Hypoxylon fragiforme,GCA_022984875.1
Hypoxylon fuscum,GCA_022578945.1
Hypoxylon intermedium,GCA_028566675.1
Hypoxylon lenormandii,GCA_028565235.1
Hypoxylon perforatum,GCA_028571165.1
Hypoxylon pulicicidum,GCA_002775035.1
Hypoxylon pulicicidum,GCA_023628375.1
Hypoxylon rubiginosum,GCA_022578595.1
Hypoxylon rubiginosum,GCA_022578615.1
Hypoxylon rubiginosum,GCA_028565785.1
Hypoxylon sp. CI-4A,GCA_002120315.1
Hypoxylon sp. CO27-5,GCA_002120305.1
Hypoxylon sp. E7406B,GCA_000931505.1
Hypoxylon sp. EC38,GCA_002120335.1
Hypoxylon sp. FL0543,GCA_022578575.1
Hypoxylon sp. FL0890,GCA_022497025.1
Hypoxylon sp. FL1150,GCA_022495205.1
Hypoxylon sp. FL1284,GCA_022432365.1
Hypoxylon sp. FL1857,GCA_022578955.1
Hypoxylon sp. NC0597,GCA_022432515.1
Hypoxylon sp. NC1633,GCA_022984935.1
Hypoxylon sp. PDH2405,GCA_023628415.1
Hypoxylon subgilvum,GCA_028566595.1
Hypoxylon texense,GCA_051132625.1
Hypoxylon trugodes,GCA_022578975.1
Hypsizygus marmoreus,GCA_001605315.2
Hypsizygus marmoreus,GCA_001661215.1
Hypsizygus marmoreus,GCA_013433165.1
Hypsizygus marmoreus,GCA_023718595.1
Hypsizygus marmoreus,GCA_051171075.1
Hypsizygus marmoreus,GCA_051171085.1
Hypsizygus ulmarius,GCA_018851835.1
Hysterangium stoloniferum,GCA_015178975.1
Hysterium pulicare CBS 123377,GCA_000467715.1
Icmadophila ericetorum,GCA_022814295.1
Ikaeria aurantiellina,GCA_051941805.1
Ilyonectria capensis,GCA_045529085.1
Ilyonectria destructans,GCA_001913115.1
Ilyonectria destructans,GCA_020740775.1
Ilyonectria destructans,GCA_045529125.1
Ilyonectria mors-panacis,GCA_002991585.1
Ilyonectria mors-panacis,GCA_030370815.1
Ilyonectria mors-panacis,GCA_030370895.1
Ilyonectria mors-panacis,GCA_030370915.1
Ilyonectria mors-panacis,GCA_030370945.1
Ilyonectria mors-panacis,GCA_030370985.1
Ilyonectria mors-panacis,GCA_030371025.1
Ilyonectria mors-panacis,GCA_030371055.1
Ilyonectria mors-panacis,GCA_030371075.1
Ilyonectria mors-panacis,GCA_030371095.1
Ilyonectria mors-panacis,GCA_030371145.1
Ilyonectria mors-panacis,GCA_030371195.1
Ilyonectria mors-panacis,GCA_030371205.1
Ilyonectria robusta,GCA_021365365.1
Ilyonectria robusta,GCA_030370825.1
Ilyonectria robusta,GCA_030370835.1
Ilyonectria robusta,GCA_030370845.1
Ilyonectria robusta,GCA_030370855.1
Ilyonectria robusta,GCA_050437485.1
Ilyonectria sp. MPI-CAGE-AT-0026,GCA_020744155.1
Imleria badia,GCA_015039435.1
Imleria badia,GCA_038089655.1
Immersiella caudata,GCA_030512335.1
Immersiporthe knoxdaviesiana,GCA_021117315.1
Immersiporthe knoxdaviesiana,GCA_022086465.1
Incumbomyces delicatus,GCA_017655985.1
Incumbomyces lentus,GCA_017656005.1
Infundibulicybe gibba,GCA_015501065.1
Inocutis levis,GCA_047716295.1
Inocybe asterospora,GCA_043251865.1
Inocybe corydalina,GCA_043167085.1
Inocybe dulcamara,GCA_043251965.1
Inocybe flocculosa,GCA_043167125.1
Inocybe fuscidula,GCA_043170655.1
Inocybe geophylla,GCA_043165475.1
Inocybe glabripes,GCA_043251705.1
Inocybe lanuginosa,GCA_043251745.1
Inocybe lilacina,GCA_043251785.1
Inocybe nitidiuscula,GCA_043168825.1
Inocybe oblectabilis,GCA_043251875.1
Inocybe ochroalba,GCA_043167045.1
Inocybe petiginosa,GCA_043251805.1
Inocybe suecica,GCA_043168805.1
Inonotus hispidus,GCA_024712875.1
Inonotus hispidus,GCA_031471775.1
Inonotus hispidus,GCA_037014295.1
Inonotus hispidus,GCA_047716215.1
Inonotus hispidus,GCA_050437265.1
Inonotus hispidus,GCA_050613525.1
Inonotus obliquus,GCA_023101745.1
Inonotus obliquus,GCA_024703775.1
Inonotus obliquus,GCA_032164295.1
Inonotus obliquus,GCA_047655875.1
Inonotus vitis,GCA_041146195.1
Inonotus vitis,GCA_041146215.1
Inosperma bongardii,GCA_043258245.1
Inosperma cervicolor,GCA_043251985.1
Inosperma erubescens,GCA_043251895.1
Inosperma sp. D86,GCA_026262225.1
Insectozyma bohioensis,GCA_030582535.1
Insectozyma chauliodis,GCA_030557115.1
Insectozyma coleopterorum,GCA_030565325.1
Insectozyma corydali,GCA_003706475.3
Insectozyma morakotiae,GCA_030564645.1
Insectozyma parachauliodis,GCA_030565145.1
Insectozyma sakaeoensis,GCA_030569255.1
Insectozyma verbasci,GCA_030569305.1
Insectozyma xiaguanensis,GCA_030555925.1
Intestinozyma alai,GCA_030572135.1
Intubia oerlemansii,GCA_020002355.1
Iodosphaeria phyllophila,GCA_025802455.2
Irineochytrium annulatum,GCA_027600665.1
Irpex flavus,GCA_050491825.1
Irpex laceratus,GCA_051903565.1
Irpex lacteus,GCA_001986395.2
Irpex lacteus,GCA_022606095.1
Irpex lacteus,GCA_037042435.1
Irpex lacteus,GCA_045517135.1
Irpex lacteus,GCA_056365925.1
Irpex rosettiformis,GCA_022160335.1
Irpex sp. M6601,GCA_037039805.1
Irpex sp. P115-07,GCA_037040455.1
Irpex sp. PG99-01B2,GCA_037041695.1
Irpex sp. Y119-03,GCA_037042295.1
Irpex subulatus,GCA_050613575.1
Isabelozyma gotoi,GCA_003708205.2
Isabelozyma heimii,GCA_003706925.2
Isabelozyma heimii,GCA_030555995.1
Isabelozyma pseudorhagii,GCA_030449045.1
Isabelozyma rhagii,GCA_003708185.3
Isaria sinclairii,GCA_054392385.1
Ischnoderma resinosum,GCA_042608485.1
Jaapia argillacea MUCL 33604,GCA_000697665.1
Jackrogersella minutella,GCA_022578535.1
Jamesozyma gamospora,GCA_030462905.1
Jamesozyma hellenica,GCA_030571615.1
Jamesozyma jinghongensis,GCA_030572895.1
Jamesozyma lodderae,GCA_030571655.1
Jamesozyma piceae,GCA_030674245.1
Jamesozyma rosinii,GCA_003708425.3
Jamesozyma spencerorum,GCA_003708825.3
Jaminaea rosea,GCA_003144245.1
Jimgerdemannia flammicorona,GCA_003990745.1
Jimgerdemannia flammicorona,GCA_003990765.1
Jimgerdemannia lactiflua,GCA_003951145.1
Juglanconis juglandina,GCA_003012975.1
Juglanconis oblonga,GCA_003012965.1
Juglanconis oblonga,GCA_003012995.1
Juglanconis sp. DMW523,GCA_003013055.1
Kalaharituber pfeilii,GCA_015179045.1
Kalmanozyma brasiliensis GHG001,GCA_000497045.1
Kalmusia sp. IMI 367209,GCA_027946365.1
Kappamyces sp. JEL0680,GCA_027604405.1
Kappamyces sp. JEL0829,GCA_027604465.1
Karstenula rhodostoma CBS 690.94,GCA_010093485.1
Kazachstania africana,GCA_030571735.1
Kazachstania africana CBS 2517,GCA_000304475.1
Kazachstania bromeliacearum,GCA_003708535.3
Kazachstania kunashirensis,GCA_003708465.2
Kazachstania martiniae,GCA_003708925.3
Kazachstania psychrophila,GCA_030579255.1
Kazachstania sp. F8220,GCA_037041455.1
Kazachstania sp. F8402,GCA_037041475.1
Kazachstania sp. M6911,GCA_037040125.1
Kazachstania sp. NW717,GCA_054126985.1
Kazachstania sp. P8426,GCA_037040865.1
Kazachstania sp. PG8210,GCA_037041635.1
Kazachstania sp. VP_05,GCA_041430495.1
Kazachstania sp. Y4206,GCA_023629195.1
Kazachstania taianensis,GCA_003708865.2
Kazachstania viticola,GCA_003708455.1
Kazachstania viticola,GCA_030571575.1
Keithomyces neogunnii,GCA_020975405.1
Kendrickiella phycomyces,GCA_040364535.1
Keqinozyma nonsorbophila,GCA_030578515.1
Keqinozyma nonsorbophila,GCA_037951195.1
Keqinozyma nonsorbophila,GCA_037951215.1
Keqinozyma nonsorbophila,GCA_037951225.1
Keqinozyma nonsorbophila,GCA_037951265.1
Keqinozyma nonsorbophila,GCA_037951445.1
Keqinozyma nonsorbophila,GCA_037951455.1
Keqinozyma nonsorbophila,GCA_037951465.1
Keqinozyma nonsorbophila,GCA_037951475.1
Keqinozyma nonsorbophila,GCA_037951485.1
Keqinozyma nonsorbophila,GCA_037951565.1
Keqinozyma sinolaborantium,GCA_039762375.1
Kickxella alabastrina,GCA_025024165.1
Kickxella alabastrina,GCA_027575665.1
Kickxella alabastrina,GCA_027575875.1
Kluyveromyces aestuarii,GCA_003707555.2
Kluyveromyces aestuarii ATCC 18862,GCA_000179355.1
Kluyveromyces dobzhanskii,GCA_003705805.3
Kluyveromyces dobzhanskii CBS 2104,GCA_000820885.1
Kluyveromyces lactis,GCA_000002515.1
Kluyveromyces lactis,GCA_002151565.1
Kluyveromyces lactis,GCA_007993695.1
Kluyveromyces lactis,GCA_030558665.1
Kluyveromyces lactis,GCA_030564225.1
Kluyveromyces lactis,GCA_037126645.1
Kluyveromyces lactis,GCA_054122325.1
Kluyveromyces lactis,GCA_054122355.1
Kluyveromyces lactis,GCA_054122655.1
Kluyveromyces lactis,GCA_054122975.1
Kluyveromyces lactis,GCA_054123265.1
Kluyveromyces lactis,GCA_054124055.1
Kluyveromyces lactis,GCA_054124295.1
Kluyveromyces lactis,GCA_054124555.1
Kluyveromyces lactis,GCA_054124665.1
Kluyveromyces lactis,GCA_054124855.1
Kluyveromyces lactis,GCA_054124995.1
Kluyveromyces lactis,GCA_054125035.1
Kluyveromyces lactis,GCA_054125055.1
Kluyveromyces lactis,GCA_054125115.1
Kluyveromyces lactis,GCA_054125455.1
Kluyveromyces lactis,GCA_054125595.1
Kluyveromyces marxianus,GCA_000747785.1
Kluyveromyces marxianus,GCA_001417835.1
Kluyveromyces marxianus,GCA_001466335.1
Kluyveromyces marxianus,GCA_001660455.1
Kluyveromyces marxianus,GCA_001692465.1
Kluyveromyces marxianus,GCA_001854445.2
Kluyveromyces marxianus,GCA_002356615.1
Kluyveromyces marxianus,GCA_003046155.1
Kluyveromyces marxianus,GCA_008000265.1
Kluyveromyces marxianus,GCA_016584165.1
Kluyveromyces marxianus,GCA_016584275.1
Kluyveromyces marxianus,GCA_016625955.1
Kluyveromyces marxianus,GCA_016626105.1
Kluyveromyces marxianus,GCA_017309885.1
Kluyveromyces marxianus,GCA_021014395.1
Kluyveromyces marxianus,GCA_021014425.1
Kluyveromyces marxianus,GCA_022414655.1
Kluyveromyces marxianus,GCA_028768585.1
Kluyveromyces marxianus,GCA_029873655.1
Kluyveromyces marxianus,GCA_029873665.1
Kluyveromyces marxianus,GCA_029873675.1
Kluyveromyces marxianus,GCA_029873725.1
Kluyveromyces marxianus,GCA_030558615.1
Kluyveromyces marxianus,GCA_036321085.1
Kluyveromyces marxianus,GCA_036321265.1
Kluyveromyces marxianus,GCA_036321305.1
Kluyveromyces marxianus,GCA_036321325.1
Kluyveromyces marxianus,GCA_036321345.1
Kluyveromyces marxianus,GCA_043647315.1
Kluyveromyces marxianus,GCA_046562785.1
Kluyveromyces marxianus,GCA_052057075.1
Kluyveromyces marxianus,GCA_053524835.1
Kluyveromyces marxianus,GCA_053524855.1
Kluyveromyces marxianus,GCA_053524875.1
Kluyveromyces marxianus,GCA_053524895.1
Kluyveromyces marxianus,GCA_053524915.1
Kluyveromyces marxianus,GCA_053524935.1
Kluyveromyces marxianus,GCA_053524955.1
Kluyveromyces marxianus,GCA_053539435.1
Kluyveromyces marxianus,GCA_055682105.1
Kluyveromyces marxianus,GCA_055697475.1
Kluyveromyces marxianus DMKU3-1042,GCA_001417885.1
Kluyveromyces marxianus var. marxianus,GCA_000299195.2
Kluyveromyces nonfermentans,GCA_003670155.1
Kluyveromyces nonfermentans,GCA_030569915.1
Kluyveromyces siamensis,GCA_030579315.1
Kluyveromyces sp. PCH397,GCA_017427045.1
Kluyveromyces sp. yHMH660,GCA_030462825.1
Kluyveromyces starmeri,GCA_008973615.1
Kluyveromyces starmeri,GCA_030705165.1
Kluyveromyces wickerhamii,GCA_030564205.1
Kluyveromyces wickerhamii UCD 54-210,GCA_000179415.1
Knoxdaviesia capensis,GCA_001510575.1
Knoxdaviesia proteae,GCA_001510565.1
Knufia fluminis,GCA_022813615.2
Knufia obscura,GCA_036327395.1
Knufia peltigerae,GCA_030247855.2
Knufia petricola,GCA_002225475.1
Knufia petricola,GCA_002319055.1
Kockiozyma suomiensis,GCA_003705835.3
Kockiozyma suomiensis,GCA_038497685.1
Kockovaella imperatae,GCA_002102565.1
Kodamaea alishanica (nom. inval.),GCA_030563745.1
Kodamaea anthophila,GCA_015708755.1
Kodamaea anthophila,GCA_015708815.1
Kodamaea anthophila,GCA_030558915.1
Kodamaea arcana,GCA_030574295.1
Kodamaea derodonti,GCA_030570035.1
Kodamaea fukazawae,GCA_030572255.1
Kodamaea fungicola,GCA_030560575.1
Kodamaea hsintzibuensis (nom. inval.),GCA_030568835.1
Kodamaea jinghongensis,GCA_030556895.1
Kodamaea kakaduensis,GCA_030558435.1
Kodamaea kaohsiungensis (nom. inval.),GCA_030558205.1
Kodamaea laetipori,GCA_003705675.1
Kodamaea laetipori,GCA_030558845.1
Kodamaea leandrae,GCA_030564445.1
Kodamaea lidongshanica (nom. inval.),GCA_030562865.1
Kodamaea neixiangensis,GCA_030565385.1
Kodamaea nitidulidarum,GCA_030674215.1
Kodamaea ohmeri,GCA_003708155.2
Kodamaea ohmeri,GCA_004919595.1
Kodamaea ohmeri,GCA_015708715.1
Kodamaea ohmeri,GCA_015708725.1
Kodamaea ohmeri,GCA_024542785.1
Kodamaea ohmeri,GCA_024713545.1
Kodamaea ohmeri,GCA_030867675.1
Kodamaea ohmeri,GCA_037041875.1
Kodamaea ohmeri,GCA_049862465.1
Kodamaea ohmeri,GCA_054124445.1
Kodamaea plutei,GCA_030705055.1
Kodamaea restingae,GCA_003707425.3
Kodamaea sagamina,GCA_030556545.1
Kodamaea sp. yHQL449,GCA_030582715.1
Kodamaea sp. yHQL451,GCA_030578635.1
Kodamaea suecica,GCA_030558315.1
Komagataea norvegica,GCA_030567455.1
Komagataea pratensis,GCA_003707865.2
Komagataea qinlingensis,GCA_030563005.1
Komagataea salicaria,GCA_003707885.2
Komagataea wickerhamii,GCA_030574915.1
Komagataella kurtzmanii,GCA_022533605.1
Komagataella kurtzmanii,GCA_023212975.1
Komagataella kurtzmanii,GCA_030557195.1
Komagataella kurtzmanii,GCA_047716335.1
Komagataella kurtzmanii,GCA_051623085.1
Komagataella kurtzmanii,GCA_051623135.1
Komagataella mondaviorum,GCA_023213015.1
Komagataella mondaviorum,GCA_030572915.1
Komagataella pastoris,GCA_001708105.1
Komagataella pastoris,GCA_023212855.1
Komagataella pastoris,GCA_023212915.1
Komagataella pastoris,GCA_028829515.1
Komagataella pastoris,GCA_029632965.1
Komagataella pastoris,GCA_030567415.1
Komagataella pastoris,GCA_040938385.1
Komagataella pastoris,GCA_040938455.1
Komagataella pastoris,GCA_040938465.1
Komagataella pastoris DSMZ 70382,GCA_000182785.1
Komagataella phaffii,GCA_001708085.1
Komagataella phaffii,GCA_023010585.1
Komagataella phaffii,GCA_023010595.1
Komagataella phaffii,GCA_023010605.1
Komagataella phaffii,GCA_023010615.1
Komagataella phaffii,GCA_023010625.1
Komagataella phaffii,GCA_023010765.1
Komagataella phaffii,GCA_023010855.1
Komagataella phaffii,GCA_023010885.1
Komagataella phaffii,GCA_023010895.1
Komagataella phaffii,GCA_023010905.1
Komagataella phaffii,GCA_023010965.1
Komagataella phaffii,GCA_023011095.1
Komagataella phaffii,GCA_023011145.1
Komagataella phaffii,GCA_023011165.1
Komagataella phaffii,GCA_023011175.1
Komagataella phaffii,GCA_023011245.1
Komagataella phaffii,GCA_023011425.1
Komagataella phaffii,GCA_023011545.1
Komagataella phaffii,GCA_023011555.1
Komagataella phaffii,GCA_023011655.1
Komagataella phaffii,GCA_023011705.1
Komagataella phaffii,GCA_023011915.1
Komagataella phaffii,GCA_023011925.1
Komagataella phaffii,GCA_023011935.1
Komagataella phaffii,GCA_023012035.1
Komagataella phaffii,GCA_023012125.1
Komagataella phaffii,GCA_023012335.1
Komagataella phaffii,GCA_023012365.1
Komagataella phaffii,GCA_023012375.1
Komagataella phaffii,GCA_023012435.1
Komagataella phaffii,GCA_023012525.1
Komagataella phaffii,GCA_023012775.1
Komagataella phaffii,GCA_023012785.1
Komagataella phaffii,GCA_023012865.1
Komagataella phaffii,GCA_023012875.1
Komagataella phaffii,GCA_023012885.1
Komagataella phaffii,GCA_023012925.1
Komagataella phaffii,GCA_023012935.1
Komagataella phaffii,GCA_023012945.1
Komagataella phaffii,GCA_023012975.1
Komagataella phaffii,GCA_023012985.1
Komagataella phaffii,GCA_023013025.1
Komagataella phaffii,GCA_023013045.1
Komagataella phaffii,GCA_023013055.1
Komagataella phaffii,GCA_023013085.1
Komagataella phaffii,GCA_023013095.1
Komagataella phaffii,GCA_023013115.1
Komagataella phaffii,GCA_023013135.1
Komagataella phaffii,GCA_023013155.1
Komagataella phaffii,GCA_023013165.1
Komagataella phaffii,GCA_023013205.1
Komagataella phaffii,GCA_023013215.1
Komagataella phaffii,GCA_023013225.1
Komagataella phaffii,GCA_023013265.1
Komagataella phaffii,GCA_023013275.1
Komagataella phaffii,GCA_023013305.1
Komagataella phaffii,GCA_023013315.1
Komagataella phaffii,GCA_023013325.1
Komagataella phaffii,GCA_023013355.1
Komagataella phaffii,GCA_023013365.1
Komagataella phaffii,GCA_023013405.1
Komagataella phaffii,GCA_023013415.1
Komagataella phaffii,GCA_023013425.1
Komagataella phaffii,GCA_023013455.1
Komagataella phaffii,GCA_023013475.1
Komagataella phaffii,GCA_023013495.1
Komagataella phaffii,GCA_023013505.1
Komagataella phaffii,GCA_023013545.1
Komagataella phaffii,GCA_023013565.1
Komagataella phaffii,GCA_023013575.1
Komagataella phaffii,GCA_023013585.1
Komagataella phaffii,GCA_023013635.1
Komagataella phaffii,GCA_023013645.1
Komagataella phaffii,GCA_023013655.1
Komagataella phaffii,GCA_023013665.1
Komagataella phaffii,GCA_023013705.1
Komagataella phaffii,GCA_023013715.1
Komagataella phaffii,GCA_023013725.1
Komagataella phaffii,GCA_023013745.1
Komagataella phaffii,GCA_023013765.1
Komagataella phaffii,GCA_023013795.1
Komagataella phaffii,GCA_023013805.1
Komagataella phaffii,GCA_023013825.1
Komagataella phaffii,GCA_023013855.1
Komagataella phaffii,GCA_023013865.1
Komagataella phaffii,GCA_023013895.1
Komagataella phaffii,GCA_023014505.1
Komagataella phaffii,GCA_023014525.1
Komagataella phaffii,GCA_023014555.1
Komagataella phaffii,GCA_023014565.1
Komagataella phaffii,GCA_023014605.1
Komagataella phaffii,GCA_023014615.1
Komagataella phaffii,GCA_023014625.1
Komagataella phaffii,GCA_023014665.1
Komagataella phaffii,GCA_023014675.1
Komagataella phaffii,GCA_023014685.1
Komagataella phaffii,GCA_023014715.1
Komagataella phaffii,GCA_023014725.1
Komagataella phaffii,GCA_023014745.1
Komagataella phaffii,GCA_023014775.1
Komagataella phaffii,GCA_023014785.1
Komagataella phaffii,GCA_023014815.1
Komagataella phaffii,GCA_023014835.1
Komagataella phaffii,GCA_023014845.1
Komagataella phaffii,GCA_023014875.1
Komagataella phaffii,GCA_023014885.1
Komagataella phaffii,GCA_023014905.1
Komagataella phaffii,GCA_023014935.1
Komagataella phaffii,GCA_023014955.1
Komagataella phaffii,GCA_023014965.1
Komagataella phaffii,GCA_023014995.1
Komagataella phaffii,GCA_023015005.1
Komagataella phaffii,GCA_023015045.1
Komagataella phaffii,GCA_023015055.1
Komagataella phaffii,GCA_023015065.1
Komagataella phaffii,GCA_023015095.1
Komagataella phaffii,GCA_023015115.1
Komagataella phaffii,GCA_023015125.1
Komagataella phaffii,GCA_023015145.1
Komagataella phaffii,GCA_023015175.1
Komagataella phaffii,GCA_023015185.1
Komagataella phaffii,GCA_023015205.1
Komagataella phaffii,GCA_023015235.1
Komagataella phaffii,GCA_023015255.1
Komagataella phaffii,GCA_023015265.1
Komagataella phaffii,GCA_023015295.1
Komagataella phaffii,GCA_023015305.1
Komagataella phaffii,GCA_023015325.1
Komagataella phaffii,GCA_023212955.1
Komagataella phaffii,GCA_029303495.1
Komagataella phaffii,GCA_030557435.1
Komagataella phaffii,GCA_054790375.1
Komagataella phaffii CBS 7435,GCA_000223565.1
Komagataella phaffii GS115,GCA_000027005.1
Komagataella phaffii GS115,GCA_001746955.1
Komagataella populi,GCA_003705255.3
Komagataella populi,GCA_023212995.1
Komagataella pseudopastoris,GCA_003671595.3
Komagataella pseudopastoris,GCA_023212875.1
Komagataella ulmi,GCA_023213065.1
Komagataella ulmi,GCA_030567575.1
Kondoa malvinella,GCA_039545315.1
Kondoa subrosea,GCA_039545335.1
Krasilnikovozyma curviuscula,GCA_014825775.1
Kregervanrija delftensis,GCA_003707205.3
Kregervanrija delftensis,GCA_019155655.1
Kregervanrija fluxuum,GCA_003707275.3
Kregervanrija pseudodelftensis,GCA_030580115.1
Kuettlingeria erythrocarpa,GCA_051941955.1
Kuraishia borneana,GCA_030569035.1
Kuraishia capsulata,GCA_030567515.1
Kuraishia capsulata CBS 1993,GCA_000576695.1
Kuraishia cidri,GCA_030557465.1
Kuraishia floccosa,GCA_030567535.1
Kuraishia hungarica,GCA_030567555.1
Kuraishia molischiana,GCA_003706305.3
Kuraishia molischiana,GCA_024271875.1
Kuraishia ogatae,GCA_003706285.3
Kuraishia piskuri,GCA_030567595.1
Kurtzmaniella cleridarum,GCA_003707135.1
Kurtzmaniella cleridarum,GCA_030573815.1
Kurtzmaniella fragi,GCA_003706895.1
Kurtzmaniella fragi,GCA_030581955.1
Kurtzmaniella natalensis,GCA_030574355.1
Kurtzmaniella quercitrusa,GCA_030570095.1
Kurtzmaniella quercitrusa var. comoensis (nom. nud.),GCA_020280125.1
Kurtzmaniella quercitrusa var. filamentosus (nom. nud.),GCA_020280135.1
Kurtzmaniella sp. PG3605,GCA_023625635.1
Kurtzmaniella sp. R2202,GCA_023625675.1
Kurtzmanomyces sp. YL-2025a,GCA_054471085.1
Kwoniella bestiolae CBS 10118,GCA_000512585.3
Kwoniella botswanensis,GCA_036426115.1
Kwoniella dejecticola CBS 10117,GCA_000512565.3
Kwoniella dendrophila CBS 6074,GCA_036810415.1
Kwoniella europaea PYCC6329,GCA_036810445.1
Kwoniella heveanensis BCC8398,GCA_000507405.3
Kwoniella heveanensis CBS 569,GCA_000507425.3
Kwoniella mangroviensis CBS 10435,GCA_000507885.2
Kwoniella mangroviensis CBS 8507,GCA_000507465.4
Kwoniella mangroviensis CBS 8886,GCA_000507485.4
Kwoniella newhampshirensis,GCA_039105145.1
Kwoniella pini CBS 10737,GCA_000512605.3
Kwoniella shandongensis,GCA_008629635.2
Kwoniella shivajii,GCA_035658355.1
Kwoniella sp. B9012,GCA_036810365.1
Kwoniella sp. CBS 6097,GCA_036287355.1
Kwoniella sp. CBS 9459,GCA_036428585.1
Kwoniella sp. DSM 27419,GCA_036428645.1
Kwoniella sp. UNSW_COCOA_04,GCA_055761855.1
Kwoniella sp. UNSW_COCOA_06,GCA_055761815.1
Laburnicola rhizohalophila,GCA_039654905.1
Laburnicola rhizohalophila,GCA_039654995.1
Laburnicola rhizohalophila,GCA_039700795.1
Laburnicola rhizohalophila,GCA_039700815.1
Laburnicola rhizohalophila,GCA_039700835.1
Laburnicola sp. JP-R-44,GCA_009805535.1
Laburnicola sp. JP_R_19,GCA_031010545.1
Laburnicola sp. R22_1,GCA_014281115.1
Laccaria amethystina LaAM-08-1,GCA_000827195.1
Laccaria bicolor Cham3,GCA_056247695.1
Laccaria bicolor S238N-H82,GCA_000143565.1
Laccaria trichodermophora,GCA_018417955.1
Laccaria trichodermophora,GCA_018417965.1
Laccaria trichodermophora,GCA_018423875.1
Laccaria trichodermophora,GCA_018423945.1
Lachancea cidri,GCA_030569995.1
Lachancea dasiensis,GCA_030579275.1
Lachancea fermentati,GCA_023629175.1
Lachancea fermentati,GCA_030564185.1
Lachancea fermentati,GCA_045514285.1
Lachancea fermentati,GCA_053726775.1
Lachancea kluyveri,GCA_030569935.1
Lachancea kluyveri NRRL Y-12651,GCA_000149225.2
Lachancea lanzarotensis,GCA_000938715.1
Lachancea lanzarotensis,GCA_030579295.1
Lachancea meyersii,GCA_030570015.1
Lachancea mirantina,GCA_030558775.1
Lachancea nothofagi,GCA_030579335.1
Lachancea quebecensis,GCA_002900925.1
Lachancea quebecensis,GCA_030557885.1
Lachancea sp. yHQL494,GCA_030562185.1
Lachancea thermotolerans,GCA_016630865.1
Lachancea thermotolerans,GCA_016630965.1
Lachancea thermotolerans,GCA_027604975.1
Lachancea thermotolerans,GCA_027744735.1
Lachancea thermotolerans,GCA_030564345.1
Lachancea thermotolerans,GCA_047495675.1
Lachancea thermotolerans,GCA_048412455.1
Lachancea thermotolerans,GCA_048412475.1
Lachancea thermotolerans,GCA_048412495.1
Lachancea thermotolerans,GCA_048412515.1
Lachancea thermotolerans,GCA_048412535.1
Lachancea thermotolerans,GCA_048412555.1
Lachancea thermotolerans,GCA_048412575.1
Lachancea thermotolerans,GCA_048412595.1
Lachancea thermotolerans,GCA_048412615.1
Lachancea thermotolerans,GCA_048412635.1
Lachancea thermotolerans,GCA_048412655.1
Lachancea thermotolerans,GCA_048412665.1
Lachancea thermotolerans,GCA_048412695.1
Lachancea thermotolerans,GCA_048412715.1
Lachancea thermotolerans,GCA_048412735.1
Lachancea thermotolerans,GCA_048412755.1
Lachancea thermotolerans,GCA_048412775.1
Lachancea thermotolerans,GCA_048412795.1
Lachancea thermotolerans,GCA_048412815.1
Lachancea thermotolerans,GCA_048412835.1
Lachancea thermotolerans,GCA_048412855.1
Lachancea thermotolerans,GCA_048412875.1
Lachancea thermotolerans,GCA_048412895.1
Lachancea thermotolerans,GCA_048412915.1
Lachancea thermotolerans,GCA_048412935.1
Lachancea thermotolerans,GCA_048412955.1
Lachancea thermotolerans,GCA_048412975.1
Lachancea thermotolerans,GCA_048412995.1
Lachancea thermotolerans,GCA_048413015.1
Lachancea thermotolerans,GCA_048413035.1
Lachancea thermotolerans,GCA_048413055.1
Lachancea thermotolerans,GCA_048413075.1
Lachancea thermotolerans,GCA_048413095.1
Lachancea thermotolerans,GCA_048413115.1
Lachancea thermotolerans,GCA_048413135.1
Lachancea thermotolerans,GCA_048413155.1
Lachancea thermotolerans,GCA_048413175.1
Lachancea thermotolerans,GCA_048413195.1
Lachancea thermotolerans,GCA_048413215.1
Lachancea thermotolerans,GCA_048413235.1
Lachancea thermotolerans,GCA_048413255.1
Lachancea thermotolerans,GCA_048413275.1
Lachancea thermotolerans,GCA_048413295.1
Lachancea thermotolerans,GCA_048413315.1
Lachancea thermotolerans,GCA_048413335.1
Lachancea thermotolerans,GCA_048413355.1
Lachancea thermotolerans,GCA_048413375.1
Lachancea thermotolerans,GCA_048413395.1
Lachancea thermotolerans,GCA_048413415.1
Lachancea thermotolerans,GCA_048413435.1
Lachancea thermotolerans,GCA_048413455.1
Lachancea thermotolerans,GCA_048413475.1
Lachancea thermotolerans,GCA_048413495.1
Lachancea thermotolerans,GCA_048413515.1
Lachancea thermotolerans,GCA_048413535.1
Lachancea thermotolerans,GCA_048413555.1
Lachancea thermotolerans,GCA_048413575.1
Lachancea thermotolerans,GCA_048413595.1
Lachancea thermotolerans,GCA_048413615.1
Lachancea thermotolerans,GCA_048413635.1
Lachancea thermotolerans,GCA_048413655.1
Lachancea thermotolerans,GCA_048413675.1
Lachancea thermotolerans,GCA_048413695.1
Lachancea thermotolerans,GCA_048413715.1
Lachancea thermotolerans,GCA_048413735.1
Lachancea thermotolerans,GCA_048413755.1
Lachancea thermotolerans,GCA_048413775.1
Lachancea thermotolerans,GCA_048413795.1
Lachancea thermotolerans,GCA_048413815.1
Lachancea thermotolerans,GCA_048413835.1
Lachancea thermotolerans,GCA_048413855.1
Lachancea thermotolerans,GCA_048413875.1
Lachancea thermotolerans,GCA_048413895.1
Lachancea thermotolerans,GCA_048413915.1
Lachancea thermotolerans,GCA_048413935.1
Lachancea thermotolerans,GCA_048413955.1
Lachancea thermotolerans,GCA_048413975.1
Lachancea thermotolerans,GCA_048413995.1
Lachancea thermotolerans,GCA_048414015.1
Lachancea thermotolerans,GCA_048414035.1
Lachancea thermotolerans,GCA_048414055.1
Lachancea thermotolerans,GCA_048414075.1
Lachancea thermotolerans,GCA_048414095.1
Lachancea thermotolerans,GCA_048414115.1
Lachancea thermotolerans,GCA_048414135.1
Lachancea thermotolerans,GCA_048414155.1
Lachancea thermotolerans,GCA_048414175.1
Lachancea thermotolerans,GCA_048414195.1
Lachancea thermotolerans,GCA_048414215.1
Lachancea thermotolerans,GCA_048414235.1
Lachancea thermotolerans,GCA_048414255.1
Lachancea thermotolerans,GCA_048414275.1
Lachancea thermotolerans,GCA_048414295.1
Lachancea thermotolerans,GCA_048414315.1
Lachancea thermotolerans,GCA_048414335.1
Lachancea thermotolerans,GCA_048414355.1
Lachancea thermotolerans,GCA_048414375.1
Lachancea thermotolerans,GCA_048414395.1
Lachancea thermotolerans,GCA_048414415.1
Lachancea thermotolerans,GCA_048414435.1
Lachancea thermotolerans,GCA_053525315.1
Lachancea thermotolerans CBS 6340,GCA_000142805.1
Lachancea waltii,GCA_000167115.1
Lachancea waltii,GCA_030580015.1
Lachnellula arida,GCA_007821475.1
Lachnellula cervina,GCA_007825325.1
Lachnellula hyalina,GCA_007821495.1
Lachnellula occidentalis,GCA_007821535.1
Lachnellula subtilissima,GCA_007821545.1
Lachnellula suecica,GCA_007825345.1
Lachnellula willkommii,GCA_007825375.1
Lachnum nothofagi,GCA_003988875.1
Lactarius akahatsu,GCA_021524915.1
Lactarius deliciosus,GCA_003316005.1
Lactarius deliciosus,GCA_006680135.1
Lactarius deliciosus,GCA_021525775.1
Lactarius hatsudake,GCA_003315955.1
Lactarius hatsudake,GCA_021525005.1
Lactarius hatsudake,GCA_024734325.1
Lactarius hengduanensis,GCA_021525025.1
Lactarius indigo,GCA_003313985.1
Lactarius indigo,GCA_025766275.1
Lactarius psammicola,GCA_025769895.1
Lactarius pseudohatsudake,GCA_021525015.1
Lactarius quietus,GCA_015025155.1
Lactarius sanguifluus,GCA_021527775.1
Lactarius sp. MG121,GCA_003315925.1
Lactarius sp. MG50,GCA_003314065.1
Lactarius tabidus,GCA_054948825.1
Lactarius trivialis,GCA_003315845.1
Lactarius vividus,GCA_021527035.1
Lactifluus echinatus,GCA_003315975.1
Lactifluus hygrophoroides,GCA_003314055.1
Lactifluus pinguis,GCA_003313945.1
Lactifluus piperatus,GCA_003315875.1
Lactifluus rugatus,GCA_003315895.1
Lactifluus subvellereus,GCA_022496195.1
Lactifluus volemus,GCA_003315835.1
Lactifluus volemus,GCA_022376515.1
Laetiporus sulphureus,GCA_003521245.1
Laetiporus sulphureus,GCA_016068325.1
Laetiporus sulphureus,GCA_024321985.1
Laetiporus sulphureus 93-53,GCA_001632365.1
Lambiella insularis,GCA_022814265.1
Lanmaoa asiatica,GCA_020310465.1
Lanmaoa carminipes,GCA_038093455.1
Lanmaoa pseudosensibilis,GCA_038092875.1
Lanmaoa sp. TRTC157169,GCA_041722395.1
Lanzia echinophila,GCA_000812885.1
Lapidomyces sp. CGMCC 3.30117,GCA_046718235.1
Lasallia pustulata,GCA_000938525.1
Lasallia pustulata,GCA_008636195.1
Lasallia pustulata,GCA_023184575.1
Lasallia pustulata,GCA_053477765.1
Lasallia pustulata,GCA_053477785.1
Lasiodiplodia citricola,GCA_023089105.1
Lasiodiplodia gonubiensis,GCA_009829795.1
Lasiodiplodia hormozganensis,GCA_030512325.1
Lasiodiplodia iranensis,GCA_030270915.1
Lasiodiplodia iranensis,GCA_049997375.1
Lasiodiplodia mahajangana,GCA_029590625.1
Lasiodiplodia pseudotheobromae,GCA_009829805.1
Lasiodiplodia pseudotheobromae,GCA_023087545.1
Lasiodiplodia pseudotheobromae,GCA_029169085.1
Lasiodiplodia pseudotheobromae,GCA_029931825.1
Lasiodiplodia pseudotheobromae,GCA_033954995.1
Lasiodiplodia pseudotheobromae,GCA_033955005.1
Lasiodiplodia pseudotheobromae,GCA_033955075.1
Lasiodiplodia pseudotheobromae,GCA_033955085.1
Lasiodiplodia pseudotheobromae,GCA_033955225.1
Lasiodiplodia sp. COLG20,GCA_009801085.1
Lasiodiplodia sp. COLG96,GCA_009801105.1
Lasiodiplodia sp. KE8368,GCA_023087525.1
Lasiodiplodia sp. KE8409,GCA_023079305.1
Lasiodiplodia theobromae,GCA_002111425.1
Lasiodiplodia theobromae,GCA_008079295.1
Lasiodiplodia theobromae,GCA_008931885.1
Lasiodiplodia theobromae,GCA_009829825.1
Lasiodiplodia theobromae,GCA_012971845.1
Lasiodiplodia theobromae,GCA_018153875.1
Lasiodiplodia theobromae,GCA_023086975.1
Lasiodiplodia theobromae,GCA_023087325.1
Lasiodiplodia theobromae,GCA_023087365.1
Lasiodiplodia theobromae,GCA_023087405.1
Lasiodiplodia theobromae,GCA_023373445.1
Lasiodiplodia theobromae,GCA_029169105.1
Lasiodiplodia theobromae,GCA_029169125.1
Lasiodiplodia theobromae,GCA_035621335.1
Lasiodiplodia theobromae,GCA_044508825.1
Lasiodiplodia theobromae,GCA_049997415.1
Lasiodiplodia theobromae,GCA_052857205.1
Lasiosphaeria hispida,GCA_033439745.1
Lasiosphaeria miniovina,GCA_030549165.1
Lasiosphaeria ovina,GCA_033439765.1
Lasiosphaeriaceae sp. G1095,GCA_027569635.1
Lasiosphaeris hirsuta,GCA_030549175.1
Lecanicillium aphanocladii,GCA_030411675.1
Lecanicillium aphanocladii,GCA_051528715.1
Lecanicillium coprophilum,GCA_051527325.1
Lecanicillium saksenae,GCA_027627215.1
Lecanicillium saksenae,GCA_051528695.1
Lecanicillium saksenae,GCA_051529435.1
Lecanicillium sp. G3,GCA_037575805.1
Lecanicillium sp. LEC01,GCA_002242745.2
Lecanicillium sp. MT-2017a,GCA_003056565.1
Lecanicillium sp. MT-2017a,GCA_003056585.1
Lecanicillium sp. MT-2017a,GCA_003056605.2
Lecanicillium sp. S3808,GCA_023628775.1
Lecanora helva,GCA_050886345.1
Lecanoromycetidae sp. Uapishka_2,GCA_035521555.1
Lecanosticta acicola,GCA_002441625.1
Lecanosticta acicola CBS 871.95,GCA_000504345.2
Leccinellum albellum,GCA_038090015.1
Leccinellum crocipodium,GCA_038089515.1
Leccinellum luteum,GCA_038091855.1
Leccinellum rugosiceps,GCA_038089755.1
Leccinum ambiguum,GCA_038092315.1
Leccinum angustisporum,GCA_038091055.1
Leccinum arenicola,GCA_038092295.1
Leccinum aurantiacum,GCA_038092255.1
Leccinum aurantiacum,GCA_038092275.1
Leccinum barrowsii,GCA_038092195.1
Leccinum boreale,GCA_038092235.1
Leccinum broughii,GCA_038092215.1
Leccinum brunneo-olivaceum,GCA_038092115.1
Leccinum cinnamomeum,GCA_038092135.1
Leccinum cinnamomeum,GCA_038092155.1
Leccinum clavatum,GCA_038090855.1
Leccinum colubrinum,GCA_038092095.1
Leccinum disarticulatum,GCA_038092035.1
Leccinum discolor,GCA_038090835.1
Leccinum fallax,GCA_038090875.1
Leccinum fibrillosum,GCA_038091135.1
Leccinum fuscescens,GCA_038092075.1
Leccinum glutinopallens,GCA_038092055.1
Leccinum griseonigrum,GCA_038091915.1
Leccinum holopus,GCA_038091995.1
Leccinum huronense,GCA_038092015.1
Leccinum idahoense,GCA_038090775.1
Leccinum imitatum,GCA_038091955.1
Leccinum incarnatum,GCA_038091095.1
Leccinum insigne,GCA_038091935.1
Leccinum insolens,GCA_038091875.1
Leccinum laetum,GCA_038091885.1
Leccinum longicurvipes,GCA_038093135.1
Leccinum obscurum,GCA_038091815.1
Leccinum ochraceum,GCA_038091835.1
Leccinum olivaceoglutinosum,GCA_038091795.1
Leccinum olivaceopallidum,GCA_038091775.1
Leccinum pallidistipes,GCA_038091755.1
Leccinum pellstonianum,GCA_038091735.1
Leccinum ponderosum,GCA_038091715.1
Leccinum proliferum,GCA_038091675.1
Leccinum proximum,GCA_038091695.1
Leccinum pseudoinsigne,GCA_038091655.1
Leccinum rimulosum,GCA_038091395.1
Leccinum snellii,GCA_038091635.1
Leccinum solheimii,GCA_038091615.1
Leccinum sp. TRTC168399,GCA_041721895.1
Leccinum subatratum,GCA_038091595.1
Leccinum subfulvum,GCA_038090595.1
Leccinum subgranulosum,GCA_038091575.1
Leccinum sublutescens,GCA_038091555.1
Leccinum subrobustum,GCA_038091515.1
Leccinum subspadiceum,GCA_038091535.1
Leccinum subtestaceum,GCA_038091475.1
Leccinum subtestaceum,GCA_038091495.1
Leccinum truebloodii,GCA_038090755.1
Leccinum uliginosum,GCA_038091455.1
Leccinum variabile,GCA_038091435.1
Leccinum variicolor,GCA_038089635.1
Leccinum variicolor,GCA_038091415.1
Lentinula aciculospora,GCA_028011355.1
Lentinula aff. detonsa,GCA_027886315.1
Lentinula aff. detonsa,GCA_027886325.1
Lentinula aff. lateritia,GCA_027886305.1
Lentinula boryana,GCA_027886635.1
Lentinula detonsa,GCA_027886465.1
Lentinula detonsa,GCA_027921405.1
Lentinula edodes,GCA_001562095.1
Lentinula edodes,GCA_001700625.1
Lentinula edodes,GCA_002000105.1
Lentinula edodes,GCA_002003045.1
Lentinula edodes,GCA_004919705.1
Lentinula edodes,GCA_015476405.1
Lentinula edodes,GCA_021015755.1
Lentinula edodes,GCA_027886755.1
Lentinula edodes,GCA_027887095.1
Lentinula edodes,GCA_027917475.1
Lentinula edodes,GCA_027917485.1
Lentinula edodes,GCA_028011485.1
Lentinula edodes,GCA_030246695.1
Lentinula edodes,GCA_030246715.1
Lentinula edodes,GCA_030770075.1
Lentinula edodes,GCA_030770125.1
Lentinula edodes,GCA_054684295.1
Lentinula edodes,GCA_056010345.1
Lentinula edodes,GCA_056010365.1
Lentinula edodes 135A,GCA_002195965.1
Lentinula edodes 135B,GCA_002195955.1
Lentinula guzmanii,GCA_027919855.1
Lentinula lateritia,GCA_027917355.1
Lentinula lateritia,GCA_027917575.1
Lentinula lateritia,GCA_028011325.1
Lentinula novae-zelandiae,GCA_027921425.1
Lentinula raphanica,GCA_027886345.1
Lentinula raphanica,GCA_027886495.1
Lentinula raphanica,GCA_027886695.1
Lentinula raphanica,GCA_027886735.1
Lentinula raphanica,GCA_027917365.1
Lentinula raphanica,GCA_027919835.1
Lentinus brumalis,GCA_001792895.1
Lentinus brumalis,GCA_003367725.1
Lentinus polychrous,GCA_000787475.1
Lentinus squarrosulus,GCA_047716615.1
Lentinus tigrinus ALCF2SS1-6,GCA_003813205.1
Lentinus tigrinus ALCF2SS1-7,GCA_003813185.1
Lentithecium fluviatile CBS 122367,GCA_010405425.1
Lenzites betulinus,GCA_022264855.1
Leotiomycetes sp. Styx10C10m-37,GCA_043791855.1
Lepidopterella palustris CBS 459.81,GCA_001692735.1
Lepiota brunneoincarnata,GCA_023014365.1
Lepiota subincarnata,GCA_023014305.1
Lepiota subincarnata,GCA_023014315.1
Lepiota venenata,GCA_004296355.1
Lepraria finkii,GCA_042464665.1
Lepraria neglecta,GCA_033220425.1
Leptobacillium sp. BHL-014-01-1,GCA_048544705.1
Leptodontidium sp. 2 PMI_412,GCA_021432625.1
Leptodontidium sp. MPI-SDFR-AT-0119,GCA_020726505.1
Leptodophora sp. 'Broadleaf-Isolate-01',GCA_046255075.1
Leptographium galeiforme,GCA_004028395.1
Leptographium lundbergii,GCA_001455505.1
Leptographium procerum,GCA_000806385.1
Leptographium procerum,GCA_050491845.1
Leptographium radiaticola,GCA_019925535.1
Leptographium wageneri,GCA_029299265.1
Leptographium wingfieldii,GCA_029299245.1
Leptosphaerulina australis,GCA_026120165.1
Leptosphaerulina nitida,GCA_052323655.1
Leptoxyphium fumago,GCA_001660795.1
Letharia columbiana,GCA_014066305.1
Letharia lupina,GCA_014066315.1
Letrouitia leprolyta,GCA_023646175.1
Letrouitia sp. 1 TL-2023,GCA_051942305.1
Letrouitia subvulpina,GCA_052059055.1
Letrouitia transgressa,GCA_023645855.1
Letrouitia transgressa,GCA_023646045.1
Leucoagaricus sp. SymC.cos,GCA_001563735.1
Leucocoprinus birnbaumii,GCA_027627405.1
Leucocoprinus gongylophorus,GCA_000382605.1
Leucocoprinus gongylophorus,GCA_022457215.3
Leucocoprinus gongylophorus,GCA_052360485.1
Leucocoprinus leucothites,GCA_013368445.1
Leucocoprinus sp. KB1807203,GCA_019327925.1
Leucogyrophana mollusca,GCA_021014945.1
Leucosporidium creatinivorum,GCA_001600635.1
Leucosporidium creatinivorum,GCA_002105055.1
Leucosporidium creatinivorum,GCA_017654915.1
Leucosporidium scottii,GCA_003054985.1
Leucosporidium yakuticum,GCA_019775505.1
Leucosporidium yakuticum,GCA_019828615.1
Leucosporidium yakuticum,GCA_019828645.1
Liangdongia berthetii,GCA_030564525.1
Liangdongia dendrica,GCA_030570475.1
Liangdongia dryadoides,GCA_030579655.1
Liangdongia quercuum,GCA_003705275.1
Liangdongia quercuum,GCA_030579675.1
Lichenothelia convexa,GCA_021030975.1
Lichina confinis,GCA_026054655.1
Lichtheimia corymbifera,GCA_023629935.1
Lichtheimia corymbifera,GCA_037042095.1
Lichtheimia corymbifera 008-049,GCA_000697175.1
Lichtheimia corymbifera B2541,GCA_000697475.1
Lichtheimia corymbifera JMRC:FSU:9682,GCA_000723665.1
Lichtheimia hyalospora FSU 10163,GCA_025094155.1
Lichtheimia ornata,GCA_029851405.1
Lichtheimia ramosa,GCA_000945115.1
Lichtheimia ramosa,GCA_008728235.1
Lichtheimia ramosa,GCA_023629915.1
Lichtheimia ramosa,GCA_029582045.1
Lichtheimia ramosa,GCA_037041495.1
Lichtheimia ramosa,GCA_037042035.1
Lichtheimia ramosa,GCA_048164995.1
Lichtheimia ramosa B5399,GCA_000738555.1
Lichtheimia ramosa B5792,GCA_000697395.1
Lichtheimia sp. PT1902,GCA_023629895.1
Lignoscripta atroalba,GCA_022814235.1
Lignosus rhinocerotis TM02,GCA_000743315.1
Lignosus tigris,GCA_048564935.1
Limonomyces culmigenus,GCA_002233555.1
Limtongella incommunis,GCA_003706695.3
Limtongia smithiae,GCA_030556265.1
Limtongia smithiae,GCA_038497785.1
Limtongozyma cylindracea,GCA_018343905.1
Limtongozyma cylindracea,GCA_030572215.1
Linderina macrospora,GCA_027575855.1
Linderina pennispora,GCA_002104995.1
Linderina pennispora,GCA_027575835.1
Lindgomyces ingoldianus,GCA_010093535.1
Lineolata rhizophorae,GCA_010093515.1
Linnemannia amoeboidea,GCA_023091675.1
Linnemannia elongata,GCA_015679425.1
Linnemannia elongata,GCA_015679495.1
Linnemannia elongata,GCA_015852395.1
Linnemannia elongata,GCA_015852415.1
Linnemannia elongata,GCA_020744185.1
Linnemannia elongata,GCA_033807475.1
Linnemannia elongata,GCA_036320915.1
Linnemannia elongata AG-77,GCA_001651415.1
Linnemannia exigua,GCA_016097895.1
Linnemannia gamsii,GCA_016097855.1
Linnemannia gamsii,GCA_016097865.1
Linnemannia gamsii,GCA_033807515.1
Linnemannia hyalina,GCA_019671135.1
Linnemannia schmuckeri,GCA_015502505.1
Linnemannia schmuckeri,GCA_029449235.1
Linnemannia zychae,GCA_015847195.1
Linnemannia zychae,GCA_015847235.1
Lipomyces arxii,GCA_003707585.2
Lipomyces arxii,GCA_030557685.1
Lipomyces arxii,GCA_038497795.1
Lipomyces chichibuensis,GCA_030462805.1
Lipomyces chichibuensis,GCA_038497645.1
Lipomyces doorenjongii,GCA_003705865.1
Lipomyces doorenjongii,GCA_038497535.1
Lipomyces doorenjongii,GCA_038497655.1
Lipomyces doorenjongii,GCA_038497915.1
Lipomyces japonicus,GCA_003705895.2
Lipomyces japonicus,GCA_038497905.1
Lipomyces kockii,GCA_030568215.1
Lipomyces kononenkoae,GCA_030564845.1
Lipomyces kononenkoae,GCA_038497395.1
Lipomyces kononenkoae,GCA_038497665.1
Lipomyces lipofer,GCA_003705915.2
Lipomyces mesembrius,GCA_003705845.3
Lipomyces mesembrius,GCA_038497805.1
Lipomyces oligophaga,GCA_003707545.3
Lipomyces oligophaga,GCA_038497815.1
Lipomyces orientalis,GCA_030568275.1
Lipomyces orientalis,GCA_038497515.1
Lipomyces sp. NRRL Y-11553,GCA_003705905.2
Lipomyces sp. NRRL Y-27488,GCA_030556275.1
Lipomyces spencermartinsiae,GCA_030564805.1
Lipomyces spencermartinsiae,GCA_030568255.1
Lipomyces starkeyi,GCA_018804115.1
Lipomyces starkeyi,GCA_030556305.1
Lipomyces starkeyi,GCA_038497405.1
Lipomyces starkeyi,GCA_038497525.1
Lipomyces starkeyi,GCA_038497545.1
Lipomyces starkeyi,GCA_038497555.1
Lipomyces starkeyi,GCA_038497675.1
Lipomyces starkeyi,GCA_038497925.1
Lipomyces starkeyi NRRL Y-11557,GCA_001661325.1
Lipomyces tetrasporus,GCA_029532465.1
Lipomyces tetrasporus,GCA_030568335.1
Lipomyces tetrasporus,GCA_038497385.1
Lipomyces tetrasporus,GCA_038497415.1
Lipomyces tetrasporus,GCA_038497425.1
Lipomyces yamadae,GCA_030556285.1
Lipomyces yarrowii,GCA_030407185.1
Lithohypha catenulata,GCA_046718275.1
Lithohypha guttulata,GCA_035926885.1
Lithohypha guttulata,GCA_035926905.1
Lithohypha guttulata,GCA_035926935.1
Lithohypha guttulata,GCA_035927085.1
Lithohypha guttulata,GCA_036872675.1
Lizanozyma gosingica,GCA_030463055.1
Lizanozyma spartinae,GCA_019049425.1
Lizanozyma spartinae,GCA_030556735.1
Lizanozyma spartinae,GCA_044705675.1
Lizanozyma spartinae,GCA_046129185.1
Lizanozyma spartinae,GCA_046129205.1
Lizanozyma spartinae,GCA_046129225.1
Lizanozyma spartinae,GCA_046129385.1
Lizanozyma spartinae,GCA_046129405.1
Lizanozyma spartinae,GCA_046129425.1
Lizanozyma spartinae,GCA_046129445.1
Lizanozyma spartinae,GCA_046129455.1
Lizanozyma spartinae,GCA_046129585.1
Lizanozyma spartinae,GCA_046129605.1
Lizanozyma spartinae,GCA_046129625.1
Lizanozyma spartinae,GCA_046129915.1
Lizanozyma spartinae,GCA_046129965.1
Lizanozyma spartinae,GCA_046129995.1
Lizanozyma spartinae,GCA_046130105.1
Lizanozyma spartinae,GCA_046130125.1
Lizanozyma spartinae,GCA_046130175.1
Lizanozyma spartinae,GCA_046130205.1
Lizanozyma spartinae,GCA_046130315.1
Lizanozyma spartinae,GCA_046130365.1
Lizanozyma spartinae,GCA_046130395.1
Lizanozyma spartinae,GCA_046130415.1
Lizanozyma spartinae,GCA_046130475.1
Lizanozyma spartinae,GCA_046130585.1
Lizanozyma spartinae,GCA_046130615.1
Lizanozyma spartinae,GCA_046130635.1
Lizanozyma spartinae,GCA_046130655.1
Lizanozyma spartinae,GCA_046130785.1
Lizanozyma spartinae,GCA_046130805.1
Lizanozyma spartinae,GCA_046130885.1
Lizanozyma spartinae,GCA_046130905.1
Lizanozyma spartinae,GCA_046131005.1
Lizanozyma spartinae,GCA_046131025.1
Lizanozyma spartinae,GCA_046131045.1
Lizanozyma spartinae,GCA_046131135.1
Lizanozyma spartinae,GCA_046131165.1
Lizanozyma spartinae,GCA_046131255.1
Lizanozyma spartinae,GCA_046131275.1
Lizanozyma spartinae,GCA_046131295.1
Lizanozyma spartinae,GCA_046131345.1
Lizanozyma spartinae,GCA_046131415.1
Lizanozyma spartinae,GCA_046131525.1
Lizanozyma spartinae,GCA_046131545.1
Lizanozyma spartinae,GCA_046131585.1
Lizanozyma spartinae,GCA_046131655.1
Lizanozyma spartinae,GCA_046131695.1
Lizanozyma spartinae,GCA_046131795.1
Lizanozyma spartinae,GCA_046131815.1
Lizanozyma spartinae,GCA_046131865.1
Lizanozyma spartinae,GCA_046131895.1
Lizanozyma spartinae,GCA_046131965.1
Lizanozyma spartinae,GCA_046132025.1
Lizanozyma spartinae,GCA_046132055.1
Lizanozyma spartinae,GCA_046132165.1
Lizanozyma spartinae,GCA_046132185.1
Lizanozyma spartinae,GCA_046132205.1
Lizanozyma spartinae,GCA_046132225.1
Lizanozyma spartinae,GCA_046132265.1
Lizanozyma spartinae,GCA_046132305.1
Lizanozyma spartinae,GCA_046132345.1
Lizanozyma spartinae,GCA_046132365.1
Lizanozyma spartinae,GCA_046132395.1
Lizanozyma spartinae,GCA_046132485.1
Lizanozyma spartinae,GCA_046132505.1
Lizanozyma spartinae,GCA_046132525.1
Lizanozyma spartinae,GCA_046132565.1
Lizanozyma spartinae,GCA_046132595.1
Lizanozyma spartinae,GCA_046132655.1
Lizanozyma spartinae,GCA_046132695.1
Lizanozyma spartinae,GCA_046132735.1
Lizanozyma spartinae,GCA_046132755.1
Lizanozyma spartinae,GCA_046132785.1
Lizanozyma spartinae,GCA_046132825.1
Lizanozyma spartinae,GCA_046132935.1
Lizanozyma spartinae,GCA_046132955.1
Lizanozyma spartinae,GCA_046132975.1
Lizanozyma spartinae,GCA_046133025.1
Lizanozyma spartinae,GCA_046133085.1
Lizanozyma spartinae,GCA_046133105.1
Lizanozyma spartinae,GCA_046133125.1
Lizanozyma spartinae,GCA_046133185.1
Lizanozyma spartinae,GCA_046133205.1
Lizanozyma spartinae,GCA_046133305.1
Lizanozyma spartinae,GCA_046133345.1
Lizanozyma spartinae,GCA_046133385.1
Lizanozyma spartinae,GCA_046133405.1
Lizanozyma spartinae,GCA_046133445.1
Lizanozyma spartinae,GCA_046133465.1
Lizanozyma spartinae,GCA_046133515.1
Lizanozyma spartinae,GCA_046133535.1
Lizanozyma spartinae,GCA_046133625.1
Lizanozyma spartinae,GCA_046133645.1
Lizanozyma spartinae,GCA_046133685.1
Lizanozyma spartinae,GCA_046133715.1
Lizanozyma spartinae,GCA_046133775.1
Lizanozyma spartinae,GCA_046133815.1
Lizanozyma spartinae,GCA_046133835.1
Lizanozyma spartinae,GCA_046133905.1
Lizanozyma spartinae,GCA_046133925.1
Lizanozyma spartinae,GCA_046133945.1
Lizanozyma spartinae,GCA_046134015.1
Lizanozyma spartinae,GCA_046134035.1
Lizanozyma spartinae,GCA_046134055.1
Lizanozyma spartinae,GCA_046134145.1
Lizanozyma spartinae,GCA_046134165.1
Lizanozyma spartinae,GCA_046134225.1
Lizanozyma spartinae,GCA_046134265.1
Lizanozyma spartinae,GCA_051362435.1
Lizonia empirigonia,GCA_009982855.1
Lobaria immixta,GCA_022814215.1
Lobosporangium transversale,GCA_002105155.1
Lobosporangium transversale,GCA_015847225.1
Lobulomyces angularis,GCA_027604685.1
Lobulomycetales sp.,GCA_046254935.1
Lodderomyces beijingensis,GCA_030565245.1
Lodderomyces elongisporus,GCA_023623355.1
Lodderomyces elongisporus,GCA_030384665.1
Lodderomyces elongisporus,GCA_030557865.1
Lodderomyces elongisporus,GCA_037040975.1
Lodderomyces elongisporus,GCA_037041595.1
Lodderomyces elongisporus,GCA_037042335.1
Lodderomyces elongisporus,GCA_054643025.1
Lodderomyces elongisporus NRRL YB-4239,GCA_000149685.1
Lodderomyces elongisporus NRRL YB-4239,GCA_013620985.1
Lodderomyces jiufengensis,GCA_024610255.1
Lodderomyces jiufengensis,GCA_030566715.1
Lodderomyces margitis,GCA_024628925.1
Lodderomyces margitis,GCA_030565265.1
Lodderomyces metapsilosis,GCA_008904905.1
Lodderomyces metapsilosis,GCA_017655625.1
Lodderomyces metapsilosis,GCA_019178775.1
Lodderomyces metapsilosis,GCA_027579685.1
Lodderomyces metapsilosis,GCA_027579715.1
Lodderomyces metapsilosis,GCA_027579725.1
Lodderomyces metapsilosis,GCA_027579825.1
Lodderomyces metapsilosis,GCA_027579925.1
Lodderomyces metapsilosis,GCA_030582635.1
Lodderomyces metapsilosis,GCA_032714855.1
Lodderomyces metapsilosis,GCA_032714875.1
Lodderomyces metapsilosis,GCA_032714915.1
Lodderomyces metapsilosis,GCA_032715015.1
Lodderomyces metapsilosis,GCA_053477635.1
Lodderomyces orthopsilosis,GCA_025767575.1
Lodderomyces orthopsilosis,GCA_026650225.1
Lodderomyces orthopsilosis,GCA_030573215.1
Lodderomyces orthopsilosis,GCA_051996715.1
Lodderomyces orthopsilosis,GCA_051996775.1
Lodderomyces orthopsilosis,GCA_051996935.1
Lodderomyces orthopsilosis,GCA_053477685.1
Lodderomyces orthopsilosis,GCA_055682085.1
Lodderomyces orthopsilosis AY2,GCA_000304155.1
Lodderomyces orthopsilosis Co 90-125,GCA_000315875.1
Lodderomyces orthopsilosis Co 90-125,GCA_004334915.1
Lodderomyces oxycetoniae,GCA_023343755.2
Lodderomyces oxycetoniae,GCA_030562845.1
Lodderomyces parapsilosis,GCA_000182765.2
Lodderomyces parapsilosis,GCA_000982555.2
Lodderomyces parapsilosis,GCA_000982675.1
Lodderomyces parapsilosis,GCA_004026285.1
Lodderomyces parapsilosis,GCA_004026445.1
Lodderomyces parapsilosis,GCA_008764215.1
Lodderomyces parapsilosis,GCA_011316035.2
Lodderomyces parapsilosis,GCA_014049445.1
Lodderomyces parapsilosis,GCA_014049455.1
Lodderomyces parapsilosis,GCA_014049495.1
Lodderomyces parapsilosis,GCA_014049585.1
Lodderomyces parapsilosis,GCA_015344875.1
Lodderomyces parapsilosis,GCA_016735785.1
Lodderomyces parapsilosis,GCA_016735825.1
Lodderomyces parapsilosis,GCA_020027075.1
Lodderomyces parapsilosis,GCA_020027125.1
Lodderomyces parapsilosis,GCA_025531885.1
Lodderomyces parapsilosis,GCA_025767715.1
Lodderomyces parapsilosis,GCA_025767775.1
Lodderomyces parapsilosis,GCA_025767825.1
Lodderomyces parapsilosis,GCA_025767885.1
Lodderomyces parapsilosis,GCA_025767895.1
Lodderomyces parapsilosis,GCA_025767905.1
Lodderomyces parapsilosis,GCA_025767915.1
Lodderomyces parapsilosis,GCA_025767985.1
Lodderomyces parapsilosis,GCA_025767995.1
Lodderomyces parapsilosis,GCA_025768005.1
Lodderomyces parapsilosis,GCA_025768045.1
Lodderomyces parapsilosis,GCA_029290645.1
Lodderomyces parapsilosis,GCA_030568775.1
Lodderomyces parapsilosis,GCA_032357095.1
Lodderomyces parapsilosis,GCA_032714795.1
Lodderomyces parapsilosis,GCA_036288975.1
Lodderomyces parapsilosis,GCA_037040715.1
Lodderomyces parapsilosis,GCA_037041095.1
Lodderomyces parapsilosis,GCA_037041125.1
Lodderomyces parapsilosis,GCA_037952885.1
Lodderomyces parapsilosis,GCA_041430605.1
Lodderomyces parapsilosis,GCA_044589505.1
Lodderomyces parapsilosis,GCA_044589525.1
Lodderomyces parapsilosis,GCA_044592705.1
Lodderomyces parapsilosis,GCA_044592725.1
Lodderomyces parapsilosis,GCA_044592815.1
Lodderomyces parapsilosis,GCA_049307105.1
Lodderomyces parapsilosis,GCA_049307225.1
Lodderomyces parapsilosis,GCA_049307305.1
Lodderomyces parapsilosis,GCA_049307445.1
Lodderomyces parapsilosis,GCA_049307465.1
Lodderomyces parapsilosis,GCA_051362405.1
Lodderomyces parapsilosis,GCA_051944295.1
Lodderomyces parapsilosis,GCA_051944315.1
Lodderomyces parapsilosis,GCA_053456525.1
Lodderomyces parapsilosis,GCA_053456535.1
Lodderomyces parapsilosis,GCA_054124145.1
Lodderomyces parapsilosis,GCA_054126345.1
Lodderomyces parapsilosis,GCA_054126355.1
Lodderomyces parapsilosis,GCA_054126385.1
Lodderomyces parapsilosis,GCA_054126395.1
Lodderomyces parapsilosis,GCA_054126425.1
Lodderomyces parapsilosis,GCA_054126445.1
Lodderomyces parapsilosis,GCA_055775045.1
Lodderomyces parapsilosis,GCA_055775065.1
Lodderomyces parapsilosis,GCA_055775085.1
Lodderomyces parapsilosis,GCA_055775105.1
Lodderomyces parapsilosis,GCA_055775125.1
Lodderomyces parapsilosis,GCA_055775145.1
Lodderomyces parapsilosis,GCA_055775165.1
Lodderomyces parapsilosis,GCA_055775185.1
Lodderomyces parapsilosis,GCA_055775205.1
Lodderomyces parapsilosis,GCA_055775225.1
Lodderomyces parapsilosis,GCA_056152225.1
Lodderomyces parapsilosis,GCA_056152265.1
Lodderomyces parapsilosis,GCA_056152285.1
Lodderomyces parapsilosis,GCA_056152305.1
Lodderomyces parapsilosis,GCA_056152325.1
Lodderomyces parapsilosis,GCA_056152345.1
Lodderomyces parapsilosis,GCA_056152365.1
Lodderomyces parapsilosis,GCA_056152385.1
Lodderomyces parapsilosis,GCA_056152405.1
Lodderomyces parapsilosis,GCA_056152425.1
Lodderomyces parapsilosis,GCA_056152445.1
Lodderomyces parapsilosis,GCA_056152465.1
Lodderomyces parapsilosis,GCA_056152485.1
Lodderomyces parapsilosis,GCA_056152505.1
Lodderomyces parapsilosis,GCA_056152525.1
Lodderomyces parapsilosis,GCA_056152545.1
Lodderomyces parapsilosis,GCA_056152565.1
Lodderomyces parapsilosis,GCA_056152585.1
Lodderomyces parapsilosis,GCA_056152605.1
Lodderomyces parapsilosis,GCA_056152625.1
Lodderomyces pseudojiufengensis,GCA_024610245.1
Lodderomyces pseudojiufengensis,GCA_030563885.1
Lodderomyces theae,GCA_013368535.1
Lodderomyces theae,GCA_024610275.1
Lodderomyces theae,GCA_030563045.1
Loekoesia sp. 1 TL-2023,GCA_051941565.1
Lojkania enalia,GCA_010094045.1
Lomentospora prolificans,GCA_002276285.1
Lomentospora prolificans,GCA_029532535.1
Lomentospora prolificans,GCA_029532575.1
Lomentospora prolificans,GCA_029532625.1
Lomentospora prolificans,GCA_055860905.1
Lophiostoma macrostomum CBS 122681,GCA_010405375.1
Lophiotrema nucula,GCA_010015825.1
Lophium mytilinum,GCA_010093605.1
Loxospora ochrophaea,GCA_022814175.1
Lunasporangiospora selenospora,GCA_015680635.1
Lyophyllum atratum,GCA_014905825.1
Lyophyllum decastes,GCA_001950495.1
Lyophyllum decastes,GCA_025854295.1
Lyophyllum decastes,GCA_026258425.1
Lyophyllum decastes,GCA_036418075.1
Lyophyllum decastes,GCA_043228935.1
Lyophyllum semitale,GCA_018851285.1
Lyophyllum shimeji,GCA_001950515.1
Lyophyllum shimeji,GCA_026008595.1
Macroconia leptosphaeriae,GCA_045529145.1
Macroconia phlogioides,GCA_045529245.1
Macrocybe gigantea,GCA_011319805.1
Macrocybe sp. IBSDJ1,GCA_018093805.1
Macrocystidia cucumis,GCA_001179725.1
Macrolepiota albuminosa,GCA_027475525.1
Macrolepiota albuminosa,GCA_047678695.1
Macrolepiota dolichaula,GCA_003315915.1
Macrolepiota fuliginosa MF-IS2,GCA_015584085.1
Macronectria asiatica,GCA_045529165.1
Macronectria jungneri,GCA_045529265.1
Macrophomina euphorbiicola,GCA_047667015.1
Macrophomina euphorbiicola,GCA_047667025.1
Macrophomina phaseolina,GCA_001051165.1
Macrophomina phaseolina,GCA_001307885.1
Macrophomina phaseolina,GCA_001307925.1
Macrophomina phaseolina,GCA_001307935.1
Macrophomina phaseolina,GCA_001307945.1
Macrophomina phaseolina,GCA_001307955.1
Macrophomina phaseolina,GCA_008729065.1
Macrophomina phaseolina,GCA_008729105.1
Macrophomina phaseolina,GCA_011634645.1
Macrophomina phaseolina,GCA_020744275.1
Macrophomina phaseolina,GCA_020875235.1
Macrophomina phaseolina,GCA_020875245.1
Macrophomina phaseolina,GCA_020875255.1
Macrophomina phaseolina,GCA_020875265.1
Macrophomina phaseolina,GCA_020875275.1
Macrophomina phaseolina,GCA_020875295.1
Macrophomina phaseolina,GCA_020875535.1
Macrophomina phaseolina,GCA_020875675.1
Macrophomina phaseolina,GCA_020875715.1
Macrophomina phaseolina,GCA_020875825.1
Macrophomina phaseolina,GCA_020875845.1
Macrophomina phaseolina,GCA_020875865.1
Macrophomina phaseolina,GCA_022204945.1
Macrophomina phaseolina,GCA_023089285.1
Macrophomina phaseolina,GCA_023089295.1
Macrophomina phaseolina,GCA_047663495.1
Macrophomina phaseolina,GCA_047664975.1
Macrophomina phaseolina,GCA_047664985.1
Macrophomina phaseolina,GCA_047665005.1
Macrophomina phaseolina,GCA_047665035.1
Macrophomina phaseolina,GCA_047665085.1
Macrophomina phaseolina,GCA_047665155.1
Macrophomina phaseolina,GCA_047665195.1
Macrophomina phaseolina,GCA_047665205.1
Macrophomina phaseolina,GCA_047665225.1
Macrophomina phaseolina,GCA_047665325.1
Macrophomina phaseolina,GCA_047665345.1
Macrophomina phaseolina,GCA_047665365.1
Macrophomina phaseolina,GCA_047665415.1
Macrophomina phaseolina,GCA_047665475.1
Macrophomina phaseolina,GCA_047665495.1
Macrophomina phaseolina,GCA_047665525.1
Macrophomina phaseolina,GCA_047665565.1
Macrophomina phaseolina,GCA_047665615.1
Macrophomina phaseolina,GCA_047665645.1
Macrophomina phaseolina,GCA_047665695.1
Macrophomina phaseolina,GCA_047665775.1
Macrophomina phaseolina,GCA_047666295.1
Macrophomina phaseolina,GCA_047666305.1
Macrophomina phaseolina,GCA_047666315.1
Macrophomina phaseolina,GCA_047666425.1
Macrophomina phaseolina,GCA_047666445.1
Macrophomina phaseolina,GCA_047666475.1
Macrophomina phaseolina,GCA_047666535.1
Macrophomina phaseolina,GCA_047666545.1
Macrophomina phaseolina,GCA_047666675.1
Macrophomina phaseolina,GCA_047666705.1
Macrophomina phaseolina,GCA_047666715.1
Macrophomina phaseolina,GCA_047666735.1
Macrophomina phaseolina,GCA_047666805.1
Macrophomina phaseolina,GCA_047666925.1
Macrophomina phaseolina,GCA_047667095.1
Macrophomina phaseolina,GCA_047667155.1
Macrophomina phaseolina,GCA_047667255.1
Macrophomina phaseolina,GCA_047667265.1
Macrophomina phaseolina,GCA_047667285.1
Macrophomina phaseolina,GCA_047667775.1
Macrophomina phaseolina,GCA_047667795.1
Macrophomina phaseolina,GCA_047667815.1
Macrophomina phaseolina,GCA_047667835.1
Macrophomina phaseolina,GCA_047667855.1
Macrophomina phaseolina,GCA_047667875.1
Macrophomina phaseolina,GCA_047667895.1
Macrophomina phaseolina,GCA_047667915.1
Macrophomina phaseolina,GCA_047667935.1
Macrophomina phaseolina,GCA_047667975.1
Macrophomina phaseolina,GCA_047668035.1
Macrophomina phaseolina,GCA_047668055.1
Macrophomina phaseolina,GCA_047668075.1
Macrophomina phaseolina,GCA_047668115.1
Macrophomina phaseolina,GCA_047668915.1
Macrophomina phaseolina,GCA_047668925.1
Macrophomina phaseolina,GCA_047668945.1
Macrophomina phaseolina,GCA_047668955.1
Macrophomina phaseolina,GCA_047668975.1
Macrophomina phaseolina,GCA_047668985.1
Macrophomina phaseolina,GCA_047669005.1
Macrophomina phaseolina,GCA_047669155.1
Macrophomina phaseolina,GCA_047669175.1
Macrophomina phaseolina,GCA_047669255.1
Macrophomina phaseolina,GCA_047669275.1
Macrophomina phaseolina,GCA_047669295.1
Macrophomina phaseolina,GCA_047669355.1
Macrophomina phaseolina,GCA_047669795.1
Macrophomina phaseolina,GCA_047669815.1
Macrophomina phaseolina,GCA_047669835.1
Macrophomina phaseolina,GCA_047669845.1
Macrophomina phaseolina,GCA_047669875.1
Macrophomina phaseolina,GCA_047669895.1
Macrophomina phaseolina,GCA_047669915.1
Macrophomina phaseolina,GCA_047669935.1
Macrophomina phaseolina,GCA_047669985.1
Macrophomina phaseolina,GCA_047670015.1
Macrophomina phaseolina,GCA_047670075.1
Macrophomina phaseolina,GCA_047670115.1
Macrophomina phaseolina,GCA_047670135.1
Macrophomina phaseolina,GCA_047671175.1
Macrophomina phaseolina,GCA_047671195.1
Macrophomina phaseolina,GCA_047671215.1
Macrophomina phaseolina,GCA_047671235.1
Macrophomina phaseolina,GCA_047671345.1
Macrophomina phaseolina,GCA_047671365.1
Macrophomina phaseolina,GCA_047671385.1
Macrophomina phaseolina,GCA_047671435.1
Macrophomina phaseolina,GCA_047716905.1
Macrophomina phaseolina,GCA_047716915.1
Macrophomina phaseolina,GCA_047716925.1
Macrophomina phaseolina,GCA_047716935.1
Macrophomina phaseolina,GCA_047716965.1
Macrophomina phaseolina,GCA_047717015.1
Macrophomina phaseolina,GCA_047717045.1
Macrophomina phaseolina,GCA_047717055.1
Macrophomina phaseolina,GCA_047717085.1
Macrophomina phaseolina,GCA_047717105.1
Macrophomina phaseolina,GCA_047717125.1
Macrophomina phaseolina,GCA_047717145.1
Macrophomina phaseolina,GCA_047717165.1
Macrophomina phaseolina,GCA_047717185.1
Macrophomina phaseolina,GCA_047717205.1
Macrophomina phaseolina,GCA_047717225.1
Macrophomina phaseolina,GCA_047717245.1
Macrophomina phaseolina,GCA_047717255.1
Macrophomina phaseolina,GCA_047717285.1
Macrophomina phaseolina,GCA_047717305.1
Macrophomina phaseolina,GCA_047717325.1
Macrophomina phaseolina,GCA_047717345.1
Macrophomina phaseolina,GCA_047717365.1
Macrophomina phaseolina,GCA_047717405.1
Macrophomina phaseolina,GCA_047717425.1
Macrophomina phaseolina,GCA_047717465.1
Macrophomina phaseolina,GCA_047717485.1
Macrophomina phaseolina,GCA_047724275.1
Macrophomina phaseolina,GCA_047724315.1
Macrophomina phaseolina,GCA_047724335.1
Macrophomina phaseolina,GCA_047724355.1
Macrophomina phaseolina,GCA_047724375.1
Macrophomina phaseolina,GCA_047724395.1
Macrophomina phaseolina,GCA_047724415.1
Macrophomina phaseolina,GCA_047724435.1
Macrophomina phaseolina,GCA_047724455.1
Macrophomina phaseolina,GCA_047724475.1
Macrophomina phaseolina,GCA_047724495.1
Macrophomina phaseolina,GCA_047724515.1
Macrophomina phaseolina,GCA_047724535.1
Macrophomina phaseolina,GCA_047724555.1
Macrophomina phaseolina,GCA_047724565.1
Macrophomina phaseolina,GCA_047724595.1
Macrophomina phaseolina,GCA_047724615.1
Macrophomina phaseolina,GCA_047724635.1
Macrophomina phaseolina,GCA_047724655.1
Macrophomina phaseolina,GCA_047724695.1
Macrophomina phaseolina,GCA_047727735.1
Macrophomina phaseolina,GCA_047727755.1
Macrophomina phaseolina,GCA_047727775.1
Macrophomina phaseolina,GCA_047727795.1
Macrophomina phaseolina,GCA_047727815.1
Macrophomina phaseolina,GCA_047727835.1
Macrophomina phaseolina,GCA_047727855.1
Macrophomina phaseolina,GCA_047727875.1
Macrophomina phaseolina,GCA_047727895.1
Macrophomina phaseolina,GCA_047727915.1
Macrophomina phaseolina,GCA_047727955.1
Macrophomina phaseolina,GCA_047727975.1
Macrophomina phaseolina,GCA_047727995.1
Macrophomina phaseolina,GCA_047728015.1
Macrophomina phaseolina,GCA_047728035.1
Macrophomina phaseolina,GCA_047728055.1
Macrophomina phaseolina,GCA_047728075.1
Macrophomina phaseolina,GCA_047728095.1
Macrophomina phaseolina,GCA_047728115.1
Macrophomina phaseolina,GCA_047728135.1
Macrophomina phaseolina,GCA_047728155.1
Macrophomina phaseolina,GCA_047728175.1
Macrophomina phaseolina,GCA_047728195.1
Macrophomina phaseolina,GCA_047728215.1
Macrophomina phaseolina,GCA_047728235.1
Macrophomina phaseolina,GCA_047728255.1
Macrophomina phaseolina,GCA_047728275.1
Macrophomina phaseolina,GCA_047728295.1
Macrophomina phaseolina,GCA_047728315.1
Macrophomina phaseolina,GCA_047728335.1
Macrophomina phaseolina,GCA_047728345.1
Macrophomina phaseolina,GCA_047728375.1
Macrophomina phaseolina,GCA_047728395.1
Macrophomina phaseolina,GCA_047728415.1
Macrophomina phaseolina,GCA_047728425.1
Macrophomina phaseolina,GCA_047728455.1
Macrophomina phaseolina,GCA_047728475.1
Macrophomina phaseolina,GCA_047728495.1
Macrophomina phaseolina,GCA_047728515.1
Macrophomina phaseolina,GCA_047728535.1
Macrophomina phaseolina,GCA_047728555.1
Macrophomina phaseolina,GCA_047728575.1
Macrophomina phaseolina,GCA_047728595.1
Macrophomina phaseolina,GCA_047728615.1
Macrophomina phaseolina,GCA_047728635.1
Macrophomina phaseolina,GCA_047728655.1
Macrophomina phaseolina,GCA_047728675.1
Macrophomina phaseolina,GCA_047728695.1
Macrophomina phaseolina,GCA_047728715.1
Macrophomina phaseolina,GCA_047728735.1
Macrophomina phaseolina,GCA_047728755.1
Macrophomina phaseolina,GCA_047728775.1
Macrophomina phaseolina,GCA_047728795.1
Macrophomina phaseolina,GCA_047728815.1
Macrophomina phaseolina,GCA_047728825.1
Macrophomina phaseolina,GCA_047728875.1
Macrophomina phaseolina,GCA_047728895.1
Macrophomina phaseolina,GCA_047728915.1
Macrophomina phaseolina,GCA_047728935.1
Macrophomina phaseolina,GCA_047728955.1
Macrophomina phaseolina,GCA_047728965.1
Macrophomina phaseolina,GCA_047728995.1
Macrophomina phaseolina,GCA_047729015.1
Macrophomina phaseolina,GCA_047729035.1
Macrophomina phaseolina,GCA_047729055.1
Macrophomina phaseolina,GCA_047729075.1
Macrophomina phaseolina,GCA_047729095.1
Macrophomina phaseolina,GCA_047729115.1
Macrophomina phaseolina,GCA_047729135.1
Macrophomina phaseolina,GCA_047729155.1
Macrophomina phaseolina,GCA_047729175.1
Macrophomina phaseolina,GCA_047729195.1
Macrophomina phaseolina,GCA_047729215.1
Macrophomina phaseolina,GCA_047729235.1
Macrophomina phaseolina,GCA_047729255.1
Macrophomina phaseolina,GCA_047729275.1
Macrophomina phaseolina,GCA_047729315.1
Macrophomina phaseolina,GCA_047729375.1
Macrophomina phaseolina,GCA_047729395.1
Macrophomina phaseolina,GCA_047729415.1
Macrophomina phaseolina,GCA_047729435.1
Macrophomina phaseolina,GCA_047729455.1
Macrophomina phaseolina,GCA_047729465.1
Macrophomina phaseolina,GCA_047729485.1
Macrophomina phaseolina,GCA_047729505.1
Macrophomina phaseolina,GCA_047729565.1
Macrophomina phaseolina,GCA_047729585.1
Macrophomina phaseolina,GCA_047729605.1
Macrophomina phaseolina,GCA_047729625.1
Macrophomina phaseolina,GCA_047729645.1
Macrophomina phaseolina,GCA_047729665.1
Macrophomina phaseolina,GCA_047729675.1
Macrophomina phaseolina,GCA_047729695.1
Macrophomina phaseolina,GCA_047729715.1
Macrophomina phaseolina,GCA_047729755.1
Macrophomina phaseolina,GCA_047729785.1
Macrophomina phaseolina,GCA_047729795.1
Macrophomina phaseolina,GCA_047729825.1
Macrophomina phaseolina,GCA_047835495.1
Macrophomina phaseolina,GCA_047835505.1
Macrophomina phaseolina,GCA_047835515.1
Macrophomina phaseolina,GCA_047835535.1
Macrophomina phaseolina,GCA_047835555.1
Macrophomina phaseolina,GCA_047835595.1
Macrophomina phaseolina,GCA_047835625.1
Macrophomina phaseolina,GCA_047835635.1
Macrophomina phaseolina,GCA_047835645.1
Macrophomina phaseolina,GCA_047835655.1
Macrophomina phaseolina,GCA_047835815.1
Macrophomina phaseolina,GCA_047835895.1
Macrophomina phaseolina,GCA_047835955.1
Macrophomina phaseolina,GCA_047835965.1
Macrophomina phaseolina,GCA_047835975.1
Macrophomina phaseolina,GCA_047836745.1
Macrophomina phaseolina,GCA_047836765.1
Macrophomina phaseolina,GCA_047836785.1
Macrophomina phaseolina,GCA_047836805.1
Macrophomina phaseolina,GCA_047836825.1
Macrophomina phaseolina,GCA_047836845.1
Macrophomina phaseolina,GCA_047836885.1
Macrophomina phaseolina,GCA_047836905.1
Macrophomina phaseolina,GCA_047836985.1
Macrophomina phaseolina,GCA_047837025.1
Macrophomina phaseolina,GCA_047837045.1
Macrophomina phaseolina,GCA_047837185.1
Macrophomina phaseolina,GCA_047837265.1
Macrophomina phaseolina,GCA_047837305.1
Macrophomina phaseolina,GCA_047838035.1
Macrophomina phaseolina,GCA_047838045.1
Macrophomina phaseolina,GCA_047838055.1
Macrophomina phaseolina,GCA_047838065.1
Macrophomina phaseolina,GCA_047838075.1
Macrophomina phaseolina,GCA_047838235.1
Macrophomina phaseolina,GCA_047838245.1
Macrophomina phaseolina,GCA_047838255.1
Macrophomina phaseolina,GCA_047838275.1
Macrophomina phaseolina,GCA_047838295.1
Macrophomina phaseolina,GCA_047838375.1
Macrophomina phaseolina,GCA_047838445.1
Macrophomina phaseolina,GCA_047838455.1
Macrophomina phaseolina,GCA_047838485.1
Macrophomina phaseolina,GCA_047838525.1
Macrophomina phaseolina,GCA_047839265.1
Macrophomina phaseolina,GCA_047839285.1
Macrophomina phaseolina,GCA_047839305.1
Macrophomina phaseolina,GCA_047839325.1
Macrophomina phaseolina,GCA_047839345.1
Macrophomina phaseolina,GCA_047839365.1
Macrophomina phaseolina,GCA_047839385.1
Macrophomina phaseolina,GCA_047839415.1
Macrophomina phaseolina,GCA_047839435.1
Macrophomina phaseolina,GCA_047839725.1
Macrophomina phaseolina,GCA_047839745.1
Macrophomina phaseolina,GCA_047839765.1
Macrophomina phaseolina,GCA_047839785.1
Macrophomina phaseolina,GCA_047839805.1
Macrophomina phaseolina,GCA_047839825.1
Macrophomina phaseolina,GCA_047839845.1
Macrophomina phaseolina,GCA_047839865.1
Macrophomina phaseolina,GCA_047839875.1
Macrophomina phaseolina,GCA_047839895.1
Macrophomina phaseolina,GCA_047839925.1
Macrophomina phaseolina,GCA_047839945.1
Macrophomina phaseolina,GCA_047839965.1
Macrophomina phaseolina,GCA_047839985.1
Macrophomina phaseolina,GCA_047840005.1
Macrophomina phaseolina,GCA_047840015.1
Macrophomina phaseolina,GCA_047840035.1
Macrophomina phaseolina,GCA_047840045.1
Macrophomina phaseolina,GCA_047840065.1
Macrophomina phaseolina,GCA_047840075.1
Macrophomina phaseolina,GCA_047840095.1
Macrophomina phaseolina,GCA_047840125.1
Macrophomina phaseolina,GCA_047840165.1
Macrophomina phaseolina,GCA_047840185.1
Macrophomina phaseolina,GCA_047840205.1
Macrophomina phaseolina,GCA_047840215.1
Macrophomina phaseolina,GCA_047840245.1
Macrophomina phaseolina,GCA_047840275.1
Macrophomina phaseolina,GCA_047840295.1
Macrophomina phaseolina,GCA_047840305.1
Macrophomina phaseolina,GCA_047840345.1
Macrophomina phaseolina,GCA_047840355.1
Macrophomina phaseolina,GCA_047840375.1
Macrophomina phaseolina,GCA_047840395.1
Macrophomina phaseolina,GCA_047840415.1
Macrophomina phaseolina,GCA_047840435.1
Macrophomina phaseolina,GCA_047840445.1
Macrophomina phaseolina,GCA_047840485.1
Macrophomina phaseolina,GCA_047840495.1
Macrophomina phaseolina,GCA_047840525.1
Macrophomina phaseolina,GCA_047840545.1
Macrophomina phaseolina,GCA_047840565.1
Macrophomina phaseolina,GCA_047840585.1
Macrophomina phaseolina,GCA_047840605.1
Macrophomina phaseolina,GCA_047840625.1
Macrophomina phaseolina,GCA_047840645.1
Macrophomina phaseolina,GCA_047840665.1
Macrophomina phaseolina,GCA_047840685.1
Macrophomina phaseolina,GCA_047840705.1
Macrophomina phaseolina,GCA_047840725.1
Macrophomina phaseolina,GCA_047840745.1
Macrophomina phaseolina,GCA_047840785.1
Macrophomina phaseolina,GCA_047840795.1
Macrophomina phaseolina,GCA_047840815.1
Macrophomina phaseolina,GCA_047840835.1
Macrophomina phaseolina,GCA_047840855.1
Macrophomina phaseolina,GCA_047840865.1
Macrophomina phaseolina,GCA_047840875.1
Macrophomina phaseolina,GCA_047840905.1
Macrophomina phaseolina,GCA_047840945.1
Macrophomina phaseolina,GCA_047840965.1
Macrophomina phaseolina,GCA_047840985.1
Macrophomina phaseolina,GCA_047841005.1
Macrophomina phaseolina,GCA_047841025.1
Macrophomina phaseolina,GCA_047841045.1
Macrophomina phaseolina,GCA_047841055.1
Macrophomina phaseolina,GCA_047841075.1
Macrophomina phaseolina,GCA_047841085.1
Macrophomina phaseolina,GCA_047841105.1
Macrophomina phaseolina,GCA_047841115.1
Macrophomina phaseolina,GCA_047841125.1
Macrophomina phaseolina,GCA_047841185.1
Macrophomina phaseolina,GCA_047841205.1
Macrophomina phaseolina,GCA_047841225.1
Macrophomina phaseolina,GCA_047841245.1
Macrophomina phaseolina,GCA_047841255.1
Macrophomina phaseolina,GCA_047841265.1
Macrophomina phaseolina,GCA_047841305.1
Macrophomina phaseolina,GCA_047841325.1
Macrophomina phaseolina,GCA_047841345.1
Macrophomina phaseolina,GCA_047841365.1
Macrophomina phaseolina,GCA_047841385.1
Macrophomina phaseolina,GCA_047841405.1
Macrophomina phaseolina,GCA_047841425.1
Macrophomina phaseolina,GCA_047841445.1
Macrophomina phaseolina,GCA_047841465.1
Macrophomina phaseolina,GCA_047841485.1
Macrophomina phaseolina,GCA_047841505.1
Macrophomina phaseolina,GCA_047841525.1
Macrophomina phaseolina,GCA_047841545.1
Macrophomina phaseolina,GCA_047841565.1
Macrophomina phaseolina,GCA_047841585.1
Macrophomina phaseolina,GCA_047841605.1
Macrophomina phaseolina,GCA_047841625.1
Macrophomina phaseolina,GCA_047841645.1
Macrophomina phaseolina,GCA_047841665.1
Macrophomina phaseolina,GCA_047841705.1
Macrophomina phaseolina,GCA_047841715.1
Macrophomina phaseolina,GCA_047841725.1
Macrophomina phaseolina,GCA_047841745.1
Macrophomina phaseolina,GCA_047841755.1
Macrophomina phaseolina,GCA_047841795.1
Macrophomina phaseolina,GCA_047841825.1
Macrophomina phaseolina,GCA_047841845.1
Macrophomina phaseolina,GCA_047841865.1
Macrophomina phaseolina,GCA_047841885.1
Macrophomina phaseolina,GCA_047841905.1
Macrophomina phaseolina,GCA_047841925.1
Macrophomina phaseolina,GCA_047841945.1
Macrophomina phaseolina,GCA_047841955.1
Macrophomina phaseolina,GCA_047841975.1
Macrophomina phaseolina,GCA_047841985.1
Macrophomina phaseolina,GCA_047842025.1
Macrophomina phaseolina,GCA_047842165.1
Macrophomina phaseolina,GCA_047842285.1
Macrophomina phaseolina,GCA_047842305.1
Macrophomina phaseolina,GCA_047842345.1
Macrophomina phaseolina,GCA_047842385.1
Macrophomina phaseolina,GCA_047842405.1
Macrophomina phaseolina,GCA_047842425.1
Macrophomina phaseolina,GCA_047842435.1
Macrophomina phaseolina,GCA_047842455.1
Macrophomina phaseolina,GCA_047843625.1
Macrophomina phaseolina,GCA_047843635.1
Macrophomina phaseolina,GCA_047843655.1
Macrophomina phaseolina,GCA_047843675.1
Macrophomina phaseolina,GCA_047843695.1
Macrophomina phaseolina,GCA_047843745.1
Macrophomina phaseolina,GCA_047843765.1
Macrophomina phaseolina,GCA_047843785.1
Macrophomina phaseolina,GCA_047844505.1
Macrophomina phaseolina,GCA_047844515.1
Macrophomina phaseolina,GCA_047844545.1
Macrophomina phaseolina,GCA_047844565.1
Macrophomina phaseolina,GCA_047844585.1
Macrophomina phaseolina,GCA_047844605.1
Macrophomina phaseolina,GCA_047844625.1
Macrophomina phaseolina,GCA_047844645.1
Macrophomina phaseolina,GCA_047844665.1
Macrophomina phaseolina,GCA_047844685.1
Macrophomina phaseolina,GCA_047844705.1
Macrophomina phaseolina,GCA_047844725.1
Macrophomina phaseolina,GCA_047844805.1
Macrophomina phaseolina,GCA_047844865.1
Macrophomina phaseolina,GCA_047844885.1
Macrophomina phaseolina,GCA_047844895.1
Macrophomina phaseolina,GCA_047844905.1
Macrophomina phaseolina,GCA_047844915.1
Macrophomina phaseolina,GCA_047845945.1
Macrophomina phaseolina,GCA_047845965.1
Macrophomina phaseolina,GCA_047845995.1
Macrophomina phaseolina,GCA_048569085.1
Macrophomina phaseolina,GCA_048569105.1
Macrophomina phaseolina,GCA_051942935.1
Macrophomina phaseolina,GCA_055691165.1
Macrophomina phaseolina MS6,GCA_000302655.1
Macrophomina pseudophaseolina,GCA_022204955.1
Macrophomina pseudophaseolina,GCA_047666335.1
Macrophomina pseudophaseolina,GCA_047666865.1
Macrophomina pseudophaseolina,GCA_047717005.1
Macrophomina pseudophaseolina,GCA_047717385.1
Macrophomina pseudophaseolina,GCA_047837085.1
Macrophomina pseudophaseolina,GCA_047837105.1
Macrophomina pseudophaseolina,GCA_047837215.1
Macrophomina pseudophaseolina,GCA_047837245.1
Macrophomina pseudophaseolina,GCA_047840255.1
Macrophomina pseudophaseolina,GCA_047840765.1
Macrophomina pseudophaseolina,GCA_047841685.1
Macrophomina sp. 242773,GCA_047728855.1
Macrophomina sp. BRIP 63780,GCA_047667075.1
Macrophomina tecta,GCA_024180945.1
Macrophomina tecta,GCA_047727925.1
Macrophomina tecta,GCA_047729295.1
Macrophomina tecta,GCA_047729335.1
Macrophomina tecta,GCA_047729355.1
Macrophomina tecta,GCA_047839405.1
Macrophomina tecta,GCA_047842005.1
Macrophomina tecta,GCA_047842325.1
Macrophomina tecta,GCA_047842365.1
Macroventuria anomochaeta,GCA_010093625.1
Madurella fahalii,GCA_029876055.1
Madurella fahalii,GCA_045866475.1
Madurella mycetomatis,GCA_001275765.2
Madurella mycetomatis,GCA_009859445.1
Madurella mycetomatis,GCA_009861465.1
Madurella mycetomatis,GCA_009861565.1
Madurella mycetomatis,GCA_022530565.1
Magnaporthales sp. P1609,GCA_003709005.1
Magnaporthiopsis incrustans,GCA_003049425.1
Magnaporthiopsis poae ATCC 64411,GCA_000193285.1
Magnaporthiopsis rhizophila,GCA_003049465.1
Magnusiomyces capitatus,GCA_030571335.1
Magnusiomyces clavatus,GCA_051013725.1
Magnusiomyces clavatus,GCA_051013875.1
Magnusiomyces clavatus,GCA_051013885.1
Magnusiomyces clavatus CNRMA 12.647,GCA_000817185.1
Magnusiomyces magnusii,GCA_030570155.1
Magnusiomyces sp. LA-1,GCA_029678045.1
Magnusiomyces starmeri,GCA_030578655.1
Magnusiomyces tetraspermus,GCA_030578715.1
Magnusiomyces tetraspermus NRRL Y-7288,GCA_003708635.2
Malassezia arunalokei,GCA_020085095.1
Malassezia arunalokei,GCA_029542905.1
Malassezia brasiliensis,GCA_029542985.1
Malassezia caprae,GCA_001264625.1
Malassezia caprae,GCA_029542885.1
Malassezia cuniculi,GCA_001264635.1
Malassezia cuniculi,GCA_029542805.1
Malassezia dermatis,GCA_001264665.1
Malassezia dermatis,GCA_001600775.1
Malassezia equina,GCA_001264685.1
Malassezia equina,GCA_029542865.1
Malassezia furfur,GCA_001264865.1
Malassezia furfur,GCA_001264875.1
Malassezia furfur,GCA_001264895.1
Malassezia furfur,GCA_001265045.1
Malassezia furfur,GCA_001265055.1
Malassezia furfur,GCA_001265065.1
Malassezia furfur,GCA_002549865.1
Malassezia furfur,GCA_002551515.1
Malassezia furfur,GCA_009938135.1
Malassezia furfur,GCA_023079105.1
Malassezia furfur,GCA_023079125.1
Malassezia furfur,GCA_023079135.1
Malassezia furfur,GCA_023079145.1
Malassezia furfur,GCA_023079155.1
Malassezia furfur,GCA_023079165.1
Malassezia furfur,GCA_023373805.1
Malassezia furfur,GCA_023510035.1
Malassezia furfur,GCA_023510055.1
Malassezia furfur,GCA_024498975.1
Malassezia furfur,GCA_030826685.1
Malassezia furfur,GCA_051944075.2
Malassezia furfur,GCA_052054945.2
Malassezia furfur,GCA_052055015.2
Malassezia globosa,GCA_001264795.1
Malassezia globosa,GCA_001264805.1
Malassezia globosa,GCA_001264815.1
Malassezia globosa,GCA_010232095.1
Malassezia globosa,GCA_030826665.1
Malassezia globosa,GCA_036584355.1
Malassezia globosa,GCA_036584375.1
Malassezia globosa,GCA_036584385.1
Malassezia globosa,GCA_036584425.1
Malassezia globosa,GCA_051943975.2
Malassezia globosa,GCA_051944015.2
Malassezia globosa,GCA_051944035.2
Malassezia globosa,GCA_055773995.1
Malassezia globosa CBS 7966,GCA_000181695.2
Malassezia japonica,GCA_001264785.1
Malassezia japonica,GCA_001600795.1
Malassezia japonica,GCA_029542785.1
Malassezia nana,GCA_001265015.1
Malassezia nana,GCA_001600835.1
Malassezia nana,GCA_029542845.1
Malassezia obtusa,GCA_001264985.1
Malassezia obtusa,GCA_029542945.1
Malassezia pachydermatis,GCA_001264975.1
Malassezia pachydermatis,GCA_001278385.1
Malassezia pachydermatis,GCA_014493585.1
Malassezia pachydermatis,GCA_038496135.1
Malassezia pachydermatis,GCA_038496145.1
Malassezia pachydermatis,GCA_038496155.1
Malassezia pachydermatis,GCA_038496165.1
Malassezia pachydermatis,GCA_038496315.1
Malassezia pachydermatis,GCA_038502815.1
Malassezia pachydermatis,GCA_038502825.1
Malassezia pachydermatis,GCA_038502895.1
Malassezia pachydermatis,GCA_038502925.1
Malassezia pachydermatis,GCA_038502935.1
Malassezia pachydermatis,GCA_038502985.1
Malassezia pachydermatis,GCA_047368035.1
Malassezia psittaci,GCA_029542765.1
Malassezia restricta,GCA_001264725.1
Malassezia restricta,GCA_001264765.1
Malassezia restricta,GCA_003290485.1
Malassezia restricta,GCA_051943955.2
Malassezia restricta,GCA_051943995.2
Malassezia restricta CBS 7877,GCA_000169275.1
Malassezia restricta CBS 7877,GCA_003691605.1
Malassezia slooffiae,GCA_001264965.1
Malassezia slooffiae,GCA_010577765.1
Malassezia sp.,GCA_004026415.1
Malassezia sp. 25MD0131,GCA_051911445.1
Malassezia sp. CBS 17886,GCA_029542825.1
Malassezia sympodialis,GCA_001264705.1
Malassezia sympodialis,GCA_001264715.1
Malassezia sympodialis,GCA_001264925.1
Malassezia sympodialis ATCC 42132,GCA_000349305.2
Malassezia vespertilionis,GCA_002818225.1
Malassezia vespertilionis,GCA_029542925.1
Malassezia yamatoensis,GCA_001264885.1
Malassezia yamatoensis,GCA_029542965.1
Malasseziomycetes sp.,GCA_018606675.1
Malbranchea cinnamomea,GCA_041956615.1
Malbranchea zuffiana,GCA_039700045.1
Mallocybe terrigena,GCA_043258105.1
Marasmius crinis-equi,GCA_040437605.1
Marasmius fiardii PR-910,GCA_014904975.1
Marasmius oreades,GCA_018924745.1
Marasmius oreades,GCA_025815895.1
Marasmius sp. AFHP31,GCA_024721195.1
Marasmius tenuissimus,GCA_029532415.1
Marasmius tenuissimus,GCA_040207205.1
Marasmius tenuissimus,GCA_055000085.1
Marasmius tenuissimus,GCA_055755765.1
Marasmius tenuissimus,GCA_055755785.1
Marasmius tenuissimus,GCA_055755805.1
Marasmius tenuissimus,GCA_055755825.1
Marcelleina donadinii,GCA_040802305.1
Marcelleina donadinii,GCA_040802315.1
Margaritispora aquatica,GCA_007644065.1
Mariannaea sp. PMI_226,GCA_024336345.1
Marquandomyces marquandii,GCA_048569445.1
Marquandomyces marquandii,GCA_051623235.1
Marssonina zanthoxyli,GCA_046580505.1
Martensiomyces pterosporus,GCA_025201845.1
Martiniozyma abietophila,GCA_003705535.2
Martiniozyma abietophila,GCA_030564585.1
Martiniozyma asiatica (nom. inval.),GCA_030572475.1
Martiniozyma asiatica (nom. inval.),GCA_037044635.1
Massarina eburnea CBS 473.64,GCA_010093635.1
Massariosphaeria phaeospora,GCA_011032825.1
Massospora cicadina,GCA_006912075.1
Massospora cicadina,GCA_022478985.1
Massospora platypediae,GCA_006912095.1
Maublancomyces accumbens,GCA_040803075.1
Maublancomyces americanigigas,GCA_040803865.1
Maublancomyces geogenius,GCA_040802895.1
Maublancomyces geogenius,GCA_040803165.1
Maublancomyces gigas,GCA_040438265.1
Maublancomyces gigas,GCA_040803005.1
Maublancomyces korfii,GCA_040803215.1
Maublancomyces korfii,GCA_040803655.1
Maublancomyces korfii,GCA_040804015.1
Maublancomyces larryi,GCA_040803345.1
Maublancomyces montanus,GCA_040804115.1
Maudiozyma barnettii,GCA_030571415.1
Maudiozyma bulderi,GCA_030571495.1
Maudiozyma bulderi,GCA_031590215.1
Maudiozyma bulderi,GCA_031590495.1
Maudiozyma bulderi,GCA_031591815.1
Maudiozyma exigua,GCA_016584175.1
Maudiozyma exigua,GCA_030580595.1
Maudiozyma exigua,GCA_031021025.1
Maudiozyma humilis,GCA_020313075.2
Maudiozyma humilis,GCA_020313095.2
Maudiozyma humilis,GCA_020313125.3
Maudiozyma humilis,GCA_020313495.2
Maudiozyma humilis,GCA_030569955.1
Maudiozyma humilis,GCA_030571595.1
Maudiozyma humilis,GCA_037102785.1
Maudiozyma pseudohumilis,GCA_030579215.1
Maudiozyma saulgeensis,GCA_030572855.1
Maudiozyma serrabonitensis,GCA_030571355.1
Maudiozyma turicensis,GCA_003708545.1
Maudiozyma turicensis,GCA_030583465.1
Megacollybia marginata,GCA_003313965.1
Meira miltonrushii,GCA_003144205.1
Meira nashicola,GCA_001600355.1
Melampsora abietis-canadensis,GCA_002157025.1
Melampsora aecidioides,GCA_002157015.1
Melampsora allii-populina,GCA_002157005.1
Melampsora americana,GCA_022264835.1
Melampsora larici-populina 98AG31,GCA_000204055.1
Melampsora medusae f. sp. deltoidis,GCA_002157035.1
Melampsora occidentalis,GCA_002157085.1
Melampsora pinitorqua Mpini7,GCA_000464645.1
Melanina gundecimermaniae,GCA_049996395.2
Melanina sp. BF6,GCA_049996335.1
Melanodothis sp. VS III C KN 2,GCA_019775565.1
Melanogaster broomeanus,GCA_014904935.1
Melanomma pulvis-pyrius CBS 109.77,GCA_010093585.1
Menisporopsis sp. LCM1078,GCA_051168795.1
Meredithblackwellia eburnea MCA 4105,GCA_051356775.1
Meredithiella fracta,GCA_023677585.1
Meredithiella norrisii,GCA_046563315.1
Meripilus lineatus,GCA_027627245.1
Meristemomyces frigidus,GCA_035926925.1
Meristemomyces frigidus,GCA_035926955.1
Meristemomyces frigidus,GCA_035928065.1
Meristemomyces frigidus,GCA_036872655.1
Meruliopsis variegata,GCA_037044235.1
Metahyphopichia silvanorum,GCA_030574095.1
Metapochonia bulbillosa,GCA_051529395.1
Metapochonia bulbillosa,GCA_051529415.1
Metarhizium acridum,GCA_019434395.1
Metarhizium acridum,GCA_019434415.1
Metarhizium acridum CQMa 102,GCA_000187405.1
Metarhizium album ARSEF 1941,GCA_000804445.1
Metarhizium anisopliae,GCA_000739145.1
Metarhizium anisopliae,GCA_013305495.1
Metarhizium anisopliae,GCA_013839505.1
Metarhizium anisopliae,GCA_023212845.1
Metarhizium anisopliae,GCA_039654215.1
Metarhizium anisopliae,GCA_043157565.1
Metarhizium anisopliae,GCA_047301735.1
Metarhizium anisopliae,GCA_051529375.1
Metarhizium anisopliae,GCA_054274235.1
Metarhizium anisopliae,GCA_054274275.1
Metarhizium anisopliae BRIP 53284,GCA_000426985.1
Metarhizium anisopliae BRIP 53293,GCA_000426965.1
Metarhizium brunneum,GCA_013426205.1
Metarhizium brunneum,GCA_029232585.1
Metarhizium brunneum,GCA_039795395.1
Metarhizium brunneum,GCA_054274255.1
Metarhizium brunneum ARSEF 3297,GCA_000814965.1
Metarhizium flavoviride,GCA_051527725.1
Metarhizium flavoviride,GCA_051529335.1
Metarhizium flavoviride,GCA_051529355.1
Metarhizium guizhouense ARSEF 977,GCA_000814955.1
Metarhizium humberi,GCA_020102295.1
Metarhizium hybridum,GCA_000814975.1
Metarhizium koreanum,GCA_047495765.1
Metarhizium majus ARSEF 297,GCA_000814945.1
Metarhizium pingshaense,GCA_041379975.1
Metarhizium pingshaense,GCA_049901535.1
Metarhizium rileyi,GCA_001636745.1
Metarhizium rileyi,GCA_007866325.1
Metarhizium rileyi,GCA_030787945.1
Metarhizium rileyi,GCA_030789265.1
Metarhizium rileyi,GCA_031753515.1
Metarhizium rileyi,GCA_054135045.1
Metarhizium rileyi,GCA_054135725.1
Metarhizium robertsii,GCA_000591435.1
Metarhizium robertsii,GCA_027789185.1
Metarhizium robertsii,GCA_037177735.1
Metarhizium robertsii,GCA_037177755.1
Metarhizium robertsii,GCA_037177765.1
Metarhizium robertsii ARSEF 23,GCA_000187425.2
Metarhizium robertsii ARSEF 2575,GCA_056248505.1
Metarhizium sp. BCC 4849,GCA_037953715.1
Metarhizium sp. MUC4166,GCA_051529315.1
Metchnikovella incurvata,GCA_003600395.1
Metschnikowia aberdeeniae,GCA_002370615.1
Metschnikowia aberdeeniae,GCA_002374675.1
Metschnikowia aberdeeniae,GCA_030566455.1
Metschnikowia aff. pulcherrima,GCA_003123635.1
Metschnikowia aff. pulcherrima,GCA_004217705.1
Metschnikowia agaves,GCA_008065245.1
Metschnikowia agaves,GCA_008065255.1
Metschnikowia agaves,GCA_030561985.1
Metschnikowia ahupensis,GCA_021272955.1
Metschnikowia amazonensis,GCA_008065195.1
Metschnikowia amazonensis,GCA_008065205.1
Metschnikowia anglica,GCA_030573055.1
Metschnikowia arizonensis,GCA_002370875.1
Metschnikowia arizonensis,GCA_002374795.1
Metschnikowia australis,GCA_002073855.1
Metschnikowia australis,GCA_019285895.1
Metschnikowia australis,GCA_030556635.1
Metschnikowia baotianmanensis,GCA_030565705.1
Metschnikowia bicuspidata,GCA_022575955.1
Metschnikowia bicuspidata,GCA_030463115.1
Metschnikowia bicuspidata var. bicuspidata,GCA_030570515.1
Metschnikowia bicuspidata var. bicuspidata NRRL YB-4993,GCA_001664035.1
Metschnikowia bicuspidata var. californica,GCA_030555835.1
Metschnikowia bicuspidata var. chathamia,GCA_030556055.1
Metschnikowia borealis,GCA_002370855.1
Metschnikowia borealis,GCA_002374385.1
Metschnikowia borealis,GCA_030566535.1
Metschnikowia bowlesiae,GCA_002370295.1
Metschnikowia bowlesiae,GCA_002370825.1
Metschnikowia bowlesiae,GCA_002374615.1
Metschnikowia bowlesiae,GCA_030578855.1
Metschnikowia caudata,GCA_008065175.1
Metschnikowia caudata,GCA_008065185.1
Metschnikowia caudata,GCA_030564705.1
Metschnikowia cerradonensis,GCA_002370635.1
Metschnikowia cerradonensis,GCA_002374395.1
Metschnikowia cerradonensis,GCA_030578835.1
Metschnikowia chrysomelidarum,GCA_030582795.1
Metschnikowia chrysoperlae,GCA_030674525.1
Metschnikowia colocasiae,GCA_002370175.1
Metschnikowia colocasiae,GCA_002374465.1
Metschnikowia colocasiae,GCA_030562555.1
Metschnikowia continentalis,GCA_002370835.1
Metschnikowia continentalis,GCA_002374775.1
Metschnikowia continentalis,GCA_030568795.1
Metschnikowia corniflorae,GCA_030581935.1
Metschnikowia cubensis,GCA_002370125.1
Metschnikowia cubensis,GCA_002374405.1
Metschnikowia dekortorum,GCA_002370735.1
Metschnikowia dekortorum,GCA_002374455.1
Metschnikowia dekortorum,GCA_009756545.1
Metschnikowia dekortorum,GCA_030578915.1
Metschnikowia drakensbergensis,GCA_002370475.1
Metschnikowia drakensbergensis,GCA_002370595.1
Metschnikowia drosophilae,GCA_002893705.1
Metschnikowia drosophilae,GCA_002893735.1
Metschnikowia drosophilae,GCA_030583105.1
Metschnikowia gelsemii,GCA_030561745.1
Metschnikowia gruessii,GCA_030563445.1
Metschnikowia hamakuensis,GCA_002370815.1
Metschnikowia hamakuensis,GCA_002374595.1
Metschnikowia hamakuensis,GCA_030568735.1
Metschnikowia hawaiiana,GCA_002893645.1
Metschnikowia hawaiiana,GCA_003708615.1
Metschnikowia hawaiiana,GCA_030579175.1
Metschnikowia hawaiiensis,GCA_002370325.1
Metschnikowia hawaiiensis,GCA_002374695.1
Metschnikowia hawaiiensis,GCA_030562525.1
Metschnikowia henanensis,GCA_030674755.1
Metschnikowia hibisci,GCA_002370455.1
Metschnikowia hibisci,GCA_002374725.1
Metschnikowia hibisci,GCA_030564785.1
Metschnikowia kamakouana,GCA_002370315.1
Metschnikowia kamakouana,GCA_002374535.1
Metschnikowia kipukae,GCA_002370135.1
Metschnikowia kipukae,GCA_030566465.1
Metschnikowia kofuensis (nom. inval.),GCA_030564885.1
Metschnikowia koreensis,GCA_030569435.1
Metschnikowia krissii,GCA_030561945.1
Metschnikowia kunwiensis,GCA_030583255.1
Metschnikowia lachancei,GCA_030572615.1
Metschnikowia lacustris,GCA_009756645.1
Metschnikowia laotica,GCA_030563125.1
Metschnikowia lochheadii,GCA_002370915.1
Metschnikowia lochheadii,GCA_002374545.1
Metschnikowia lochheadii,GCA_030566515.1
Metschnikowia lopburiensis,GCA_030563105.1
Metschnikowia lunata,GCA_030583235.1
Metschnikowia matae,GCA_030674615.1
Metschnikowia matae,GCA_030674655.1
Metschnikowia matae var. maris,GCA_002370695.1
Metschnikowia matae var. matae,GCA_002370655.1
Metschnikowia matae var. matae,GCA_002374375.1
Metschnikowia mauinuiana,GCA_002370755.1
Metschnikowia mauinuiana,GCA_002374555.1
Metschnikowia noctiluminum,GCA_030578735.1
Metschnikowia orientalis,GCA_002893665.1
Metschnikowia orientalis,GCA_002893685.1
Metschnikowia orientalis,GCA_030674355.1
Metschnikowia peoriensis,GCA_030573015.1
Metschnikowia picachoensis,GCA_030556465.1
Metschnikowia pimensis,GCA_030556455.1
Metschnikowia proteae,GCA_002370495.1
Metschnikowia proteae,GCA_002370515.1
Metschnikowia proteae,GCA_030578875.1
Metschnikowia pulcherrima,GCA_003017285.1
Metschnikowia pulcherrima,GCA_009746055.1
Metschnikowia pulcherrima,GCA_009932455.1
Metschnikowia pulcherrima,GCA_014905795.1
Metschnikowia pulcherrima,GCA_029606385.1
Metschnikowia pulcherrima,GCA_030556695.1
Metschnikowia pulcherrima,GCA_030568715.1
Metschnikowia pulcherrima,GCA_030573075.1
Metschnikowia pulcherrima,GCA_030578695.1
Metschnikowia pulcherrima,GCA_030578815.1
Metschnikowia pulcherrima,GCA_030583125.1
Metschnikowia pulcherrima,GCA_030583425.1
Metschnikowia pulcherrima,GCA_054858705.1
Metschnikowia pulcherrima,GCA_054858825.1
Metschnikowia pulcherrima,GCA_054858875.1
Metschnikowia pulcherrima,GCA_054858935.1
Metschnikowia pulcherrima 277,GCA_000317355.2
Metschnikowia reukaufii,GCA_003401565.2
Metschnikowia reukaufii,GCA_003401635.1
Metschnikowia reukaufii,GCA_030556705.1
Metschnikowia rubicola,GCA_030557065.1
Metschnikowia santaceciliae,GCA_002370705.1
Metschnikowia santaceciliae,GCA_002374485.1
Metschnikowia shivogae,GCA_002370275.1
Metschnikowia shivogae,GCA_002374645.1
Metschnikowia shivogae,GCA_030578895.1
Metschnikowia similis,GCA_002370765.1
Metschnikowia similis,GCA_002374475.1
Metschnikowia similis,GCA_030578935.1
Metschnikowia sp. 00-154.1,GCA_002370645.1
Metschnikowia sp. 01-655c1,GCA_002370185.1
Metschnikowia sp. 03-147.1,GCA_002370795.1
Metschnikowia sp. 04-218.3,GCA_002374635.1
Metschnikowia sp. 04-226.1,GCA_002370245.1
Metschnikowia sp. 13-106.1,GCA_002374735.1
Metschnikowia sp. AWRI3582,GCA_002894445.1
Metschnikowia sp. DMKU-FF11,GCA_053901225.1
Metschnikowia sp. Fae-6,GCA_051943065.1
Metschnikowia sp. Fdp-2,GCA_047655315.1
Metschnikowia sp. JCM 33374,GCA_005406065.1
Metschnikowia sp. M2Y3,GCA_002370575.1
Metschnikowia sp. MCC10123,GCA_048986655.1
Metschnikowia sp. MW2 04A,GCA_051621415.1
Metschnikowia sp. UFMG-CM-y6306,GCA_009756535.1
Metschnikowia sp. UWOPS 03-167b3,GCA_009756565.1
Metschnikowia sp. yHKB443,GCA_030444905.1
Metschnikowia sp. yHMJ9,GCA_030444895.1
Metschnikowia sp. yHQL527,GCA_030578455.1
Metschnikowia torresii,GCA_002893725.1
Metschnikowia torresii,GCA_030582935.1
Metschnikowia vanudenii,GCA_030583145.1
Metschnikowia viticola,GCA_030556725.1
Metschnikowia zobellii,GCA_030572635.1
Meyerozyma athensensis,GCA_003705555.1
Meyerozyma athensensis,GCA_030564485.1
Meyerozyma caribbica,GCA_003707125.3
Meyerozyma caribbica,GCA_023623325.1
Meyerozyma caribbica,GCA_023623335.1
Meyerozyma caribbica,GCA_027475045.1
Meyerozyma caribbica MG20W,GCA_000755205.1
Meyerozyma carpophila,GCA_001599235.1
Meyerozyma carpophila,GCA_030573695.1
Meyerozyma carpophila,GCA_050947955.1
Meyerozyma elateridarum,GCA_030574335.1
Meyerozyma guilliermondii,GCA_008000345.1
Meyerozyma guilliermondii,GCA_008062615.2
Meyerozyma guilliermondii,GCA_009756405.1
Meyerozyma guilliermondii,GCA_018105795.1
Meyerozyma guilliermondii,GCA_020662405.1
Meyerozyma guilliermondii,GCA_022315155.1
Meyerozyma guilliermondii,GCA_024499945.1
Meyerozyma guilliermondii,GCA_025766395.1
Meyerozyma guilliermondii,GCA_030573775.1
Meyerozyma guilliermondii,GCA_037074785.1
Meyerozyma guilliermondii,GCA_037116185.1
Meyerozyma guilliermondii,GCA_041498835.1
Meyerozyma guilliermondii,GCA_051546255.1
Meyerozyma guilliermondii,GCA_052814525.1
Meyerozyma guilliermondii,GCA_052814535.1
Meyerozyma guilliermondii,GCA_053455595.1
Meyerozyma guilliermondii,GCA_053894995.1
Meyerozyma guilliermondii,GCA_055724125.1
Meyerozyma guilliermondii ATCC 6260,GCA_000149425.1
Meyerozyma guilliermondii ATCC 6260,GCA_006942155.1
Meyerozyma smithsonii,GCA_030570235.1
Meyerozyma sp. JA9,GCA_003676015.1
Microascus cirrosus,GCA_030271035.1
Microascus stellatus,GCA_042186575.1
Microbotryomycetes sp. JL201,GCA_033819885.2
Microbotryomycetes sp. JL221,GCA_033819875.2
Microbotryomycetes sp. NB124-2,GCA_052696405.1
Microbotryum intermedium,GCA_022702645.1
Microbotryum lychnidis-dioicae,GCA_003121355.1
Microbotryum lychnidis-dioicae,GCA_003121365.1
Microbotryum lychnidis-dioicae p1A1 Lamole,GCA_000166175.1
Microbotryum lychnidis-dioicae p1A1 Lamole,GCA_001244265.2
Microbotryum scabiosae,GCA_022702605.1
Microbotryum scabiosae,GCA_022702625.1
Microbotryum scorzonerae,GCA_049638945.1
Microbotryum scorzonerae,GCA_049638985.1
Microbotryum shykoffianum,GCA_049639125.1
Microbotryum shykoffianum,GCA_049639835.1
Microbotryum silenes-acaulis,GCA_003665825.1
Microbotryum silenes-acaulis,GCA_003665835.1
Microbotryum silenes-dioicae,GCA_014805725.1
Microbotryum superbum,GCA_049639005.1
Microbotryum superbum,GCA_049639065.1
Microbotryum superbum,GCA_049639085.1
Microbotryum violaceum,GCA_009602455.1
Microbotryum violaceum,GCA_022505985.1
Microbotryum violaceum,GCA_022505995.1
Microbotryum violaceum,GCA_022506005.1
Microbotryum violaceum,GCA_022506015.1
Microbotryum violaceum,GCA_022506025.1
Microbotryum violaceum,GCA_022506055.1
Microbotryum violaceum,GCA_022506095.1
Microbotryum violaceum,GCA_022506105.1
Microbotryum violaceum,GCA_022702565.1
Microbotryum violaceum,GCA_022702585.1
Microcera coccophila,GCA_024112705.1
Microcera larvarum,GCA_045529285.1
Microcyclospora pomicola,GCA_002786065.1
Microcyclospora tardicrescens,GCA_003012245.1
Microcyclosporella mali,GCA_002785985.1
Microdochium bolleyi,GCA_001566295.1
Microdochium nivale,GCA_026745475.1
Microdochium paspali,GCA_031142775.1
Microdochium trichocladiopsis,GCA_020744255.1
Microsporidia sp. MB,GCA_032191455.1
Microsporidia sp. MB,GCA_049634765.1
Microsporidia sp. MB,GCA_049634785.1
Microsporidia sp. MB,GCA_050230985.1
Microsporidia sp. MB,GCA_056153265.1
Microsporum audouinii,GCA_022344085.1
Microsporum audouinii,GCA_051943555.1
Microsporum audouinii,GCA_051943575.1
Microsporum audouinii,GCA_054126505.1
Microsporum audouinii,GCA_054126515.1
Microsporum audouinii,GCA_054126585.1
Microsporum canis,GCA_026259265.1
Microsporum canis,GCA_026259285.1
Microsporum canis,GCA_026259295.1
Microsporum canis,GCA_051943485.2
Microsporum canis,GCA_051943505.2
Microsporum canis,GCA_051943535.2
Microsporum canis,GCA_054126465.1
Microsporum canis,GCA_054126475.1
Microsporum canis,GCA_054126545.1
Microsporum canis,GCA_054126575.1
Microsporum canis,GCA_054126635.1
Microsporum canis,GCA_055673425.1
Microsporum canis,GCA_055682185.1
Microsporum canis,GCA_056153315.1
Microsporum canis CBS 113480,GCA_000151145.1
Microsporum ferrugineum,GCA_030015455.1
Microsporum ferrugineum,GCA_051943415.2
Microsporum ferrugineum,GCA_051943445.2
Microsporum ferrugineum,GCA_054126565.1
Microsporum ferrugineum,GCA_054126625.1
Microstroma glucosiphilum,GCA_003144135.1
Microthyrium microscopicum,GCA_010405405.1
Middelhovenomyces tepae,GCA_003708105.3
Millerago ficus,GCA_030557985.1
Millerago galiae,GCA_030568845.1
Millerago phaffii,GCA_040802125.1
Millerozyma acaciae,GCA_001600675.1
Millerozyma acaciae,GCA_030564405.1
Millerozyma farinosa,GCA_002196765.1
Millerozyma farinosa,GCA_030557775.1
Millerozyma farinosa,GCA_050916165.1
Millerozyma farinosa CBS 7064,GCA_000315895.1
Millerozyma miso,GCA_030569015.1
Millerozyma pseudofarinosa,GCA_030556505.1
Mitosporidium daphniae,GCA_000760515.2
Mitosporidium daphniae,GCA_052576055.1
Mixia osmundae IAM 14324,GCA_000241205.2
Mixia osmundae IAM 14324,GCA_000708205.1
Modicella reniformis,GCA_015849295.1
Moelleriella libera RCEF 2490,GCA_001636675.1
Moesziomyces antarcticus,GCA_000747765.1
Moesziomyces antarcticus,GCA_031213555.1
Moesziomyces antarcticus,GCA_031214725.1
Moesziomyces antarcticus,GCA_043791915.1
Moesziomyces antarcticus T-34,GCA_000334475.1
Moesziomyces aphidis,GCA_000517465.1
Moesziomyces aphidis,GCA_044705735.1
Moesziomyces globuligerus,GCA_030849465.1
Moesziomyces parantarcticus,GCA_023212605.1
Moesziomyces sp. F16C1,GCA_003004725.1
Moesziomyces sp. F5C1,GCA_003004715.1
Mollisia scopiformis,GCA_001500285.1
Mollisiaceae sp. DMI_Dod_QoI,GCA_009613015.1
Monascus pilosus,GCA_018806895.1
Monascus pilosus,GCA_018806905.1
Monascus pilosus,GCA_018806955.1
Monascus pilosus,GCA_018806995.1
Monascus purpureus,GCA_003184285.1
Monascus purpureus,GCA_004359145.1
Monascus purpureus,GCA_006542485.1
Monascus purpureus,GCA_011319195.1
Monascus purpureus,GCA_019320005.1
Monascus purpureus,GCA_023624875.1
Monascus purpureus,GCA_023624895.1
Monascus purpureus,GCA_023935125.1
Monascus purpureus,GCA_025999795.1
Monascus purpureus,GCA_027497415.1
Monascus purpureus,GCA_031058495.1
Monascus purpureus,GCA_046119145.1
Monascus purpureus,GCA_046119165.1
Monascus ruber,GCA_002976275.1
Monascus ruber,GCA_024449045.1
Monascus ruber,GCA_027569325.1
Monascus ruber,GCA_032348355.1
Monascus ruber,GCA_042920445.1
Moniliella sp. 'wahieum',GCA_003971905.1
Monilinia aucupariae,GCA_002162555.1
Monilinia fructicola,GCA_002162545.1
Monilinia fructicola,GCA_002909715.1
Monilinia fructicola,GCA_008692225.1
Monilinia fructicola,GCA_016906325.1
Monilinia fructicola,GCA_029929755.1
Monilinia fructicola,GCA_055672675.1
Monilinia fructigena,GCA_002909635.1
Monilinia fructigena,GCA_003260565.1
Monilinia fructigena,GCA_003671625.1
Monilinia fructigena,GCA_023158975.1
Monilinia fructigena,GCA_052815175.1
Monilinia laxa,GCA_002909725.1
Monilinia laxa,GCA_002938945.1
Monilinia laxa,GCA_009299455.1
Monilinia polystroma,GCA_002909645.1
Monilinia vaccinii-corymbosi,GCA_017357885.1
Monilinia vaccinii-corymbosi,GCA_047671335.1
Moniliophthora perniciosa FA553,GCA_000183025.1
Moniliophthora roreri,GCA_001466705.2
Moniliophthora roreri MCA 2997,GCA_000488995.1
Monosporascus cannonballus,GCA_004154925.1
Monosporascus cannonballus,GCA_004155895.1
Monosporascus ibericus,GCA_004154915.1
Monosporascus sp. 5C6A,GCA_004155035.1
Monosporascus sp. CRB-8-3,GCA_004155055.1
Monosporascus sp. CRB-9-2,GCA_004155915.1
Monosporascus sp. GIB2,GCA_004155935.1
Monosporascus sp. MC13-8B,GCA_004154975.1
Monosporascus sp. MG133,GCA_004155925.1
Monosporascus sp. mg162,GCA_004155945.1
Monosporozyma aerobia,GCA_003708495.2
Monosporozyma aerobia,GCA_028408415.1
Monosporozyma aquatica,GCA_030571515.1
Monosporozyma servazzii,GCA_002214935.1
Monosporozyma servazzii,GCA_003243735.1
Monosporozyma servazzii,GCA_008802755.1
Monosporozyma servazzii,GCA_008802765.1
Monosporozyma servazzii,GCA_028408395.1
Monosporozyma servazzii,GCA_030580535.1
Monosporozyma servazzii,GCA_033807795.1
Monosporozyma servazzii,GCA_037040905.1
Monosporozyma siamensis,GCA_003708905.3
Monosporozyma solicola,GCA_003708835.2
Monosporozyma solicola,GCA_030571535.1
Monosporozyma unispora,GCA_003708525.3
Monosporozyma unispora,GCA_016110235.1
Monosporozyma unispora,GCA_016584185.1
Monosporozyma yasuniensis,GCA_030558655.1
Morchella americana,GCA_055769185.1
Morchella anatolica,GCA_055769165.1
Morchella angusticeps,GCA_055861245.1
Morchella arbutiphila,GCA_055863105.1
Morchella brunnea,GCA_055861205.1
Morchella brunnea,GCA_055861225.1
Morchella conica,GCA_008079325.1
Morchella conica CCBAS932,GCA_003790465.1
Morchella diminutiva,GCA_055853735.1
Morchella disparilis,GCA_055863025.1
Morchella dunalii,GCA_055863045.1
Morchella eximia,GCA_003062385.1
Morchella eximia,GCA_003313775.1
Morchella eximia,GCA_003314575.1
Morchella eximia,GCA_003314645.1
Morchella eximia,GCA_024713935.1
Morchella eximia,GCA_055862985.1
Morchella eximia,GCA_055863005.1
Morchella fluvialis,GCA_055862965.1
Morchella importuna,GCA_003444635.2
Morchella importuna,GCA_003444645.1
Morchella kakiicolor,GCA_055883785.1
Morchella populiphila,GCA_055769305.1
Morchella prava,GCA_055769265.1
Morchella pulchella,GCA_055769245.1
Morchella punctipes,GCA_055769225.1
Morchella rufobrunnea,GCA_024713595.1
Morchella rufobrunnea,GCA_055475725.1
Morchella rufobrunnea,GCA_055769205.1
Morchella semilibera,GCA_009192285.1
Morchella sextelata,GCA_009741755.1
Morchella sextelata,GCA_020137385.1
Morchella sextelata,GCA_024713665.1
Morchella snyderi,GCA_024521645.1
Morchella sp. 2014-9hei,GCA_024713685.1
Morchella sp. 2015-Win8,GCA_024713845.1
Morchella sp. 2015-shanyang,GCA_024713795.1
Morchella sp. 2016-103,GCA_024713925.1
Morchella sp. 2016-41,GCA_024713855.1
Morchella sp. 2016-50,GCA_024713775.1
Morchella sp. 2016-57,GCA_024713875.1
Morchella sp. 2016-72,GCA_024713865.1
Morchella sp. 2018-W16,GCA_024713755.1
Morchella sp. 2018-W22B,GCA_024713675.1
Morchella sp. 2018-W26,GCA_024713715.1
Morchella sp. 2018-W30,GCA_024713625.1
Morchella sp. 2018-W38C,GCA_024713705.1
Morchella sp. 2018-W45,GCA_024713785.1
Morchella sp. GAL PhC 278,GCA_055883835.1
Morchella sp. a71,GCA_013407065.1
Morchella steppicola,GCA_055769285.1
Mortierella alpina,GCA_001021685.1
Mortierella alpina,GCA_015679415.1
Mortierella alpina,GCA_015680655.1
Mortierella alpina,GCA_015847185.1
Mortierella alpina,GCA_015849285.1
Mortierella alpina,GCA_015849305.1
Mortierella alpina,GCA_019788775.1
Mortierella alpina,GCA_023925345.1
Mortierella alpina,GCA_029449245.1
Mortierella alpina ATCC 32222,GCA_000240685.2
Mortierella alpina B6842,GCA_000507065.1
Mortierella antarctica,GCA_014973025.1
Mortierella antarctica,GCA_015679405.1
Mortierella antarctica,GCA_015849325.1
Mortierella claussenii,GCA_022750515.1
Mortierella hygrophila,GCA_015680625.1
Mortierella polycephala,GCA_016098165.1
Mortierella sp. 14UC,GCA_015502465.1
Mortierella sp. AD010,GCA_015502575.1
Mortierella sp. AD011,GCA_015679695.1
Mortierella sp. AD031,GCA_015502475.1
Mortierella sp. AD032,GCA_016098025.1
Mortierella sp. AD094,GCA_015679545.1
Mortierella sp. AM989,GCA_015502455.1
Mortierella sp. BCC40632,GCA_011634665.1
Mortierella sp. GBA30,GCA_016098035.1
Mortierella sp. GBA35,GCA_015502445.1
Mortierella sp. GBA39,GCA_015502485.1
Mortierella sp. GBA43,GCA_016098045.1
Mortierella sp. GBAus27b,GCA_025330735.1
Mortierella sp. NVP41,GCA_016098085.1
Mortierella sp. NVP85,GCA_015679515.1
Mrakia aquatica,GCA_039545235.1
Mrakia blollopis,GCA_000950635.1
Mrakia frigida,GCA_000815965.1
Mrakia frigida,GCA_001600395.1
Mrakia frigida,GCA_051309035.1
Mrakia gelida,GCA_017654745.1
Mrakia gelida,GCA_024345305.1
Mrakia hoshinonis,GCA_036245725.1
Mrakia psychrophila,GCA_001889225.1
Mrakia stelviica,GCA_050494495.1
Mrakiaceae sp. VS III B KN 2,GCA_020087025.1
Mucidula mucida,GCA_015501055.1
Mucor ambiguus,GCA_000950595.1
Mucor atramentarius,GCA_052058875.1
Mucor bainieri,GCA_052058895.1
Mucor circinelloides,GCA_001276145.1
Mucor circinelloides,GCA_001599575.1
Mucor circinelloides,GCA_023629755.1
Mucor circinelloides,GCA_023629775.1
Mucor circinelloides,GCA_023629815.1
Mucor circinelloides,GCA_023629835.1
Mucor circinelloides,GCA_023629855.1
Mucor circinelloides,GCA_023629875.1
Mucor circinelloides,GCA_023630435.1
Mucor circinelloides,GCA_023630465.1
Mucor circinelloides,GCA_023630475.1
Mucor circinelloides,GCA_023630555.1
Mucor circinelloides,GCA_025504485.1
Mucor circinelloides,GCA_025504515.1
Mucor circinelloides,GCA_037974945.1
Mucor circinelloides,GCA_048772875.1
Mucor circinelloides,GCA_051295215.1
Mucor circinelloides,GCA_051307255.1
Mucor circinelloides,GCA_054124215.1
Mucor circinelloides 1006PhL,GCA_000401635.1
Mucor circinelloides B8987,GCA_000696935.1
Mucor flavus,GCA_040367835.1
Mucor indicus B7402,GCA_000697295.1
Mucor irregularis B50,GCA_000587855.1
Mucor irregularis B7584,GCA_000697435.1
Mucor lanceolatus,GCA_054123175.1
Mucor lusitanicus,GCA_010203745.1
Mucor lusitanicus,GCA_040256725.1
Mucor lusitanicus CBS 277.49,GCA_001638945.1
Mucor mucedo,GCA_025094135.1
Mucor plumbeus,GCA_016758945.1
Mucor racemosus,GCA_027405735.1
Mucor racemosus,GCA_055471225.1
Mucor racemosus B9645,GCA_000697255.1
Mucor saturninus,GCA_016758985.1
Mucor sp. M7501,GCA_037040325.1
Mucor sp. PG5414,GCA_040807105.1
Mucor velutinosus,GCA_035048745.1
Mucor velutinosus B5328,GCA_000696895.1
Multifurca ochricompacta,GCA_022496185.1
Mycena albidolilacea,GCA_029282495.1
Mycena alexandri,GCA_029233265.1
Mycena amicta,GCA_029282125.1
Mycena belliarum,GCA_029282135.1
Mycena capillaripes,GCA_029204075.1
Mycena chlorophos,GCA_001612595.1
Mycena chlorophos,GCA_014461115.1
Mycena citricolor,GCA_003987915.1
Mycena crocata,GCA_029281795.1
Mycena epipterygia,GCA_029281465.1
Mycena filopes,GCA_029281495.1
Mycena floridula,GCA_029320655.1
Mycena galericulata,GCA_029289565.1
Mycena galopus ATCC 62051,GCA_014925785.1
Mycena haematopus,GCA_029281435.1
Mycena indigotica,GCA_014461135.1
Mycena kentingensis (nom. inval.),GCA_014461125.1
Mycena latifolia,GCA_029289555.1
Mycena leptocephala,GCA_029378395.1
Mycena maculata,GCA_029448575.1
Mycena metata,GCA_029378385.1
Mycena olivaceomarginata,GCA_029378375.1
Mycena polygramma,GCA_029449255.1
Mycena pura,GCA_029281405.1
Mycena purpureofusca,GCA_051942515.1
Mycena rebaudengoi,GCA_029282285.1
Mycena rosella,GCA_029378255.1
Mycena sanguinolenta,GCA_014462675.1
Mycena sanguinolenta,GCA_029203985.1
Mycena sp. CBHHK59/15,GCA_029204085.1
Mycena sp. L02,GCA_054372675.1
Mycena sp. WM,GCA_023547045.1
Mycena venus,GCA_014462655.1
Mycena vitilis,GCA_029203975.1
Mycena vulgaris,GCA_029204335.1
Mycoblastus sanguinarius,GCA_022814195.1
Mycocalia duriaeana,GCA_036937075.1
Mycocentrospora acerina,GCA_022609365.1
Mycocentrospora acerina,GCA_022701365.1
Mycoemilia scoparia,GCA_027575805.1
Mycogone perniciosa,GCA_025331125.1
Mycosarcoma maydis,GCA_000328475.2
Mycosarcoma maydis,GCA_001599495.1
Mycosarcoma maydis,GCA_001660065.1
Mycosarcoma maydis,GCA_001662005.1
Mycosarcoma maydis,GCA_001736155.1
Mycosarcoma maydis,GCA_001736185.1
Mycosarcoma maydis,GCA_001736215.1
Mycosarcoma maydis,GCA_013387245.1
Mycosarcoma maydis,GCA_013387255.1
Mycosarcoma maydis,GCA_016617935.1
Mycosarcoma maydis,GCA_016617945.1
Mycosarcoma maydis,GCA_018153955.1
Mycosarcoma maydis,GCA_018153985.1
Mycosarcoma maydis,GCA_018154035.1
Mycosarcoma maydis,GCA_018154095.1
Mycosarcoma maydis,GCA_018154105.1
Mycosarcoma maydis,GCA_018154185.1
Mycosarcoma maydis,GCA_018154205.1
Mycosarcoma maydis,GCA_018154295.1
Mycosarcoma maydis,GCA_018154385.1
Mycosarcoma maydis,GCA_018154395.1
Mycosarcoma maydis,GCA_018154425.1
Mycosarcoma maydis,GCA_018154495.1
Mycosarcoma maydis,GCA_018154565.1
Mycosarcoma maydis,GCA_018154595.1
Mycosarcoma maydis,GCA_018154645.1
Mycosarcoma maydis,GCA_018154685.1
Mycosarcoma maydis,GCA_018154715.1
Mycosarcoma maydis,GCA_018154785.1
Mycosarcoma maydis,GCA_018154835.1
Mycosarcoma maydis,GCA_018154895.1
Mycosarcoma maydis,GCA_018154905.1
Mycosarcoma maydis,GCA_018154945.1
Mycosarcoma maydis,GCA_023212765.1
Mycosphaerella arachidis,GCA_001297265.1
Mycosphaerella populi pn0402,GCA_002153405.1
Mycosphaerella sp. PB-2012b Mex 2-1-2,GCA_002116345.1
Mycosphaerella sp. Ston1,GCA_000504405.2
Mycosphaerellales sp. BF13,GCA_049996215.1
Mycosphaerellales sp. BF15,GCA_049996175.1
Mycosphaerelloides madeirae,GCA_002785995.1
Mycothermus thermophilus,GCA_011316235.1
Mycothermus thermophilus,GCA_041956435.1
Mycothermus thermophilus,GCA_042257515.1
Mycotypha africana,GCA_025528875.1
Myochromella boudieri,GCA_018221655.1
Myotisia sp. PD_48,GCA_032988175.1
Myriangium duriaei CBS 260.36,GCA_010093895.1
Myriosclerotinia curreyana,GCA_002162495.1
Myriosclerotinia duriaeana,GCA_002162615.1
Myriosclerotinia scirpicola,GCA_002162505.1
Myrmaecium sp. VS I D KN 1,GCA_019775845.1
Myrothecium sp. GS58,GCA_054134755.1
Mytilinidion resinicola,GCA_010093595.1
Myxozyma geophila,GCA_030571195.1
Myxozyma kluyveri,GCA_030568365.1
Myxozyma lipomycoides,GCA_030564125.1
Myxozyma melibiosi,GCA_030571165.1
Myxozyma melibiosi,GCA_037950935.1
Myxozyma monticola,GCA_030568405.1
Myxozyma mucilagina,GCA_030571435.1
Myxozyma neglecta,GCA_030570675.1
Myxozyma neotropica,GCA_030568295.1
Myxozyma nipponensis,GCA_030580395.1
Myxozyma sirexii,GCA_030568315.1
Myxozyma udenii,GCA_030705025.1
Myxozyma vanderwaltii,GCA_030556335.1
Nadsonia commutata,GCA_030563525.1
Nadsonia fulvescens var. elongata DSM 6958,GCA_001661315.1
Nadsonia fulvescens var. fulvescens NRRL Y-12810,GCA_003705595.2
Nadsonia starkeyi-henricii,GCA_003123035.1
Nadsonia starkeyi-henricii,GCA_030560865.1
Naematelia aurantialba,GCA_021527695.1
Naematelia aurantialba,GCA_033032035.1
Naematelia aurantialba,GCA_033032055.1
Naematelia aurantialba,GCA_033032075.1
Naematelia aurantialba,GCA_033032605.1
Naematelia encephala,GCA_002105065.1
Naganishia adeliensis,GCA_012922715.1
Naganishia adeliensis,GCA_030039275.1
Naganishia albida,GCA_001444555.1
Naganishia albida,GCA_001468955.1
Naganishia albida,GCA_001599735.1
Naganishia albida,GCA_012922605.1
Naganishia albida,GCA_012922635.1
Naganishia albida,GCA_023628155.1
Naganishia albida,GCA_023628175.1
Naganishia albida,GCA_024322255.1
Naganishia antarctica,GCA_025758675.1
Naganishia cerealis,GCA_030039265.1
Naganishia diffluens,GCA_037832395.1
Naganishia friedmannii,GCA_030039255.1
Naganishia friedmannii,GCA_050230355.1
Naganishia kalamii,GCA_022813745.1
Naganishia liquefaciens,GCA_013423385.1
Naganishia liquefaciens,GCA_019775365.1
Naganishia liquefaciens,GCA_046618805.1
Naganishia onofrii,GCA_030039215.1
Naganishia randhawae,GCA_013461525.1
Naganishia sp. IF7SW-B1,GCA_012922685.1
Naganishia sp. PG3902-1,GCA_023628075.1
Naganishia sp. PT2105A,GCA_023628055.1
Naganishia sp. PT2105A-2,GCA_023628115.1
Naganishia uzbekistanensis,GCA_042257065.1
Naganishia vaughanmartiniae,GCA_030039245.1
Naganishia vishniacii ANT03-052,GCA_015708705.1
Nakaseomyces bracarensis,GCA_030569875.1
Nakaseomyces bracarensis,GCA_037041435.1
Nakaseomyces bracarensis,GCA_045282135.1
Nakaseomyces bracarensis,GCA_045282275.1
Nakaseomyces bracarensis CBS 10154,GCA_001077315.1
Nakaseomyces delphensis,GCA_030570895.1
Nakaseomyces delphensis CBS 2170,GCA_001039675.1
Nakaseomyces glabratus,GCA_000002545.2
Nakaseomyces glabratus,GCA_001466525.1
Nakaseomyces glabratus,GCA_001466535.1
Nakaseomyces glabratus,GCA_001466565.1
Nakaseomyces glabratus,GCA_001466575.1
Nakaseomyces glabratus,GCA_001466635.1
Nakaseomyces glabratus,GCA_001466685.1
Nakaseomyces glabratus,GCA_002219185.1
Nakaseomyces glabratus,GCA_002219195.1
Nakaseomyces glabratus,GCA_002259835.1
Nakaseomyces glabratus,GCA_004332445.1
Nakaseomyces glabratus,GCA_004332455.1
Nakaseomyces glabratus,GCA_004332465.1
Nakaseomyces glabratus,GCA_010111755.1
Nakaseomyces glabratus,GCA_014217725.1
Nakaseomyces glabratus,GCA_020450195.1
Nakaseomyces glabratus,GCA_020450215.1
Nakaseomyces glabratus,GCA_020450235.1
Nakaseomyces glabratus,GCA_020450265.1
Nakaseomyces glabratus,GCA_020797185.1
Nakaseomyces glabratus,GCA_020797195.1
Nakaseomyces glabratus,GCA_020797205.1
Nakaseomyces glabratus,GCA_020797215.1
Nakaseomyces glabratus,GCA_020797225.1
Nakaseomyces glabratus,GCA_020797325.1
Nakaseomyces glabratus,GCA_020797355.1
Nakaseomyces glabratus,GCA_021498365.1
Nakaseomyces glabratus,GCA_021498375.1
Nakaseomyces glabratus,GCA_021498385.1
Nakaseomyces glabratus,GCA_021498435.1
Nakaseomyces glabratus,GCA_022702475.2
Nakaseomyces glabratus,GCA_023629135.1
Nakaseomyces glabratus,GCA_023629155.1
Nakaseomyces glabratus,GCA_024195175.2
Nakaseomyces glabratus,GCA_024665945.1
Nakaseomyces glabratus,GCA_024665985.1
Nakaseomyces glabratus,GCA_024666015.1
Nakaseomyces glabratus,GCA_025331885.1
Nakaseomyces glabratus,GCA_025331905.1
Nakaseomyces glabratus,GCA_025503555.1
Nakaseomyces glabratus,GCA_026539265.1
Nakaseomyces glabratus,GCA_026539545.1
Nakaseomyces glabratus,GCA_026539665.1
Nakaseomyces glabratus,GCA_026539755.1
Nakaseomyces glabratus,GCA_026539885.1
Nakaseomyces glabratus,GCA_026539955.1
Nakaseomyces glabratus,GCA_026539985.1
Nakaseomyces glabratus,GCA_026540005.1
Nakaseomyces glabratus,GCA_026540015.1
Nakaseomyces glabratus,GCA_027480175.1
Nakaseomyces glabratus,GCA_027480185.1
Nakaseomyces glabratus,GCA_027480195.1
Nakaseomyces glabratus,GCA_030579235.1
Nakaseomyces glabratus,GCA_037013435.1
Nakaseomyces glabratus,GCA_037039695.1
Nakaseomyces glabratus,GCA_041121405.1
Nakaseomyces glabratus,GCA_041121415.1
Nakaseomyces glabratus,GCA_041121425.1
Nakaseomyces glabratus,GCA_041121435.1
Nakaseomyces glabratus,GCA_041121665.1
Nakaseomyces glabratus,GCA_041121675.1
Nakaseomyces glabratus,GCA_041121685.1
Nakaseomyces glabratus,GCA_041121695.1
Nakaseomyces glabratus,GCA_041121705.1
Nakaseomyces glabratus,GCA_041121715.1
Nakaseomyces glabratus,GCA_043790645.1
Nakaseomyces glabratus,GCA_043790665.1
Nakaseomyces glabratus,GCA_043790705.1
Nakaseomyces glabratus,GCA_043790815.1
Nakaseomyces glabratus,GCA_043790835.1
Nakaseomyces glabratus,GCA_044592685.1
Nakaseomyces glabratus,GCA_048569415.1
Nakaseomyces glabratus,GCA_049307345.1
Nakaseomyces glabratus,GCA_049307425.1
Nakaseomyces glabratus,GCA_050859445.1
Nakaseomyces glabratus,GCA_051943915.2
Nakaseomyces glabratus,GCA_051944255.2
Nakaseomyces glabratus,GCA_051944275.2
Nakaseomyces glabratus,GCA_051996735.1
Nakaseomyces glabratus,GCA_051996855.1
Nakaseomyces glabratus,GCA_051996955.1
Nakaseomyces glabratus,GCA_052692795.1
Nakaseomyces glabratus,GCA_052855765.1
Nakaseomyces glabratus,GCA_056150915.1
Nakaseomyces glabratus,GCA_056150955.1
Nakaseomyces glabratus,GCA_056150985.1
Nakaseomyces glabratus,GCA_056151015.1
Nakaseomyces glabratus,GCA_056151045.1
Nakaseomyces glabratus,GCA_056151075.1
Nakaseomyces glabratus,GCA_056151105.1
Nakaseomyces glabratus,GCA_056151135.1
Nakaseomyces glabratus,GCA_056151165.1
Nakaseomyces glabratus,GCA_056151225.1
Nakaseomyces glabratus CCTCC M202019,GCA_000497105.2
Nakaseomyces kungkrabaensis,GCA_030556385.1
Nakaseomyces nivariensis,GCA_017309295.1
Nakaseomyces nivariensis,GCA_030569795.1
Nakaseomyces nivariensis CBS 9983,GCA_001046915.1
Nakaseomyces sp. UFMG-CM-Y6046,GCA_030571395.1
Nakaseomyces uthaithaninus,GCA_030564085.1
Nakataea oryzae,GCA_003049435.1
Nakazawaea ambrosiae,GCA_024271865.1
Nakazawaea anatomiae,GCA_030556755.1
Nakazawaea ernobii,GCA_030567655.1
Nakazawaea holstii,GCA_003706265.2
Nakazawaea ishiwadae,GCA_022817945.1
Nakazawaea ishiwadae,GCA_030567795.1
Nakazawaea laoshanensis,GCA_030704985.1
Nakazawaea molendinolei,GCA_030569155.1
Nakazawaea peltata,GCA_001599355.1
Nakazawaea peltata,GCA_030567735.1
Nakazawaea pomicola,GCA_030567755.1
Nakazawaea populi,GCA_030557235.1
Nakazawaea siamensis,GCA_030569775.1
Nakazawaea sp. yHDR128,GCA_030571255.1
Nakazawaea sp. yHKS545,GCA_043388405.1
Nakazawaea wickerhamii,GCA_003243035.1
Nakazawaea wickerhamii,GCA_030567635.1
Nakazawaea wyomingensis,GCA_030567715.1
Nannizzia gypsea,GCA_051944115.2
Nannizzia gypsea CBS 118893,GCA_000150975.2
Nannizziopsis arthrosporioides,GCA_029635245.1
Nannizziopsis barbatae,GCA_014964245.1
Naumovozyma baii,GCA_030568095.1
Naumovozyma castellii,GCA_000167015.1
Naumovozyma castellii,GCA_000237345.1
Naumovozyma castellii,GCA_012850905.1
Naumovozyma castellii,GCA_012850925.1
Naumovozyma castellii,GCA_012850935.1
Naumovozyma castellii,GCA_012850965.1
Naumovozyma castellii,GCA_023629115.1
Naumovozyma castellii,GCA_030568115.1
Naumovozyma castellii,GCA_036850575.1
Naumovozyma dairenensis,GCA_001074275.1
Naumovozyma dairenensis,GCA_030705005.1
Naumovozyma dairenensis CBS 421,GCA_000227115.2
Naviculisporaceae sp. PSN 640,GCA_054392435.1
Nectriaceae sp.,GCA_029299875.1
Nectriaceae sp.,GCA_029299895.1
Nectriaceae sp. PG4201,GCA_023628695.1
Nemania abortiva,GCA_022578505.1
Nemania bipapillata,GCA_029590615.1
Nemania diffusa,GCA_022578665.1
Nemania diffusa,GCA_038501195.1
Nemania serpens,GCA_022578675.1
Nemania serpens,GCA_022578685.1
Nemania serpens,GCA_022578855.1
Nemania sp. FL0031,GCA_022432375.1
Nemania sp. FL0916,GCA_022578715.1
Nemania sp. NC0429,GCA_022578495.1
Nematocida ausubeli,GCA_000250695.1
Nematocida ausubeli,GCA_000738915.1
Nematocida ausubeli,GCA_024243685.1
Nematocida ausubeli,GCA_024243705.1
Nematocida ausubeli,GCA_024243815.1
Nematocida ausubeli,GCA_024243895.1
Nematocida ausubeli,GCA_024243925.1
Nematocida displodere,GCA_001642395.1
Nematocida homosporus,GCA_024244095.1
Nematocida ironsii,GCA_001642415.1
Nematocida major,GCA_021653875.1
Nematocida minor,GCA_024244105.1
Nematocida parisii,GCA_024243675.1
Nematocida parisii,GCA_024243695.1
Nematocida parisii,GCA_024243715.1
Nematocida parisii,GCA_024243795.1
Nematocida parisii,GCA_024243855.1
Nematocida parisii,GCA_024243875.1
Nematocida parisii ERTm1,GCA_000250985.1
Nematocida parisii ERTm3,GCA_000190615.1
Nematocida sp. AWRm77,GCA_024244115.1
Nematocida sp. AWRm78,GCA_024244055.1
Nematocida sp. AWRm79,GCA_024243935.1
Nematocida sp. AWRm80,GCA_024244045.1
Nematocida sp. LUAm1,GCA_024244035.1
Nematocida sp. LUAm2,GCA_024244025.1
Nematocida sp. LUAm3,GCA_024243985.1
Nematodospora anomalae,GCA_030572795.1
Nematodospora valgi,GCA_030565165.1
Neoaidaea tothii,GCA_030556295.1
Neoaidaea tothii,GCA_038497935.1
Neoarthrinium moseri,GCA_022829195.1
Neoarthrinium moseri,GCA_022829205.1
Neoarthrinium moseri,GCA_022829225.1
Neoascochyta sp. HWLR27,GCA_019775935.1
Neoboletus brunneissimus,GCA_003316195.1
Neoboletus brunneissimus,GCA_047655925.1
Neoboletus cf. brunneissimus,GCA_038093815.1
Neoboletus magnificus,GCA_003316145.1
Neoboletus subvelutipes,GCA_003316035.1
Neoboletus subvelutipes,GCA_025371055.2
Neobulgaria alba,GCA_003988965.1
Neocallimastix californiae,GCA_002104975.1
Neocallimastix californiae,GCA_027248345.1
Neocallimastix californiae,GCA_027248385.1
Neocallimastix californiae,GCA_027248425.1
Neocallimastix californiae,GCA_027248525.1
Neocallimastix californiae,GCA_027248585.1
Neocallimastix californiae,GCA_027248605.1
Neocallimastix californiae,GCA_027248625.1
Neocallimastix californiae,GCA_027248705.1
Neocallimastix californiae,GCA_027248765.1
Neocallimastix californiae,GCA_027248785.1
Neocallimastix californiae,GCA_027248825.1
Neocallimastix californiae,GCA_027248925.1
Neocallimastix lanati (nom. inval.),GCA_016946835.1
Neocallimastix sp. 'constans',GCA_050613775.1
Neocamarosporium betae,GCA_016612005.1
Neocatenulostroma microsporum,GCA_022814695.1
Neoconidiobolus thromboides FSU 785,GCA_025603075.1
Neoconiothyrium persooniae,GCA_052323635.1
Neocucurbitaria cava,GCA_027946455.1
Neodevriesia sp. NU419,GCA_054600475.1
Neodidymelliopsis sp. IMI 364377,GCA_027946375.1
Neodothiora populina,GCA_041146345.1
Neodothiora pruni,GCA_030412615.1
Neofabraea malicorticis,GCA_047495995.1
Neofusicoccum caryigenum,GCA_031967955.1
Neofusicoccum cordaticola,GCA_009829355.1
Neofusicoccum cordaticola,GCA_009830905.1
Neofusicoccum kwambonambiense,GCA_009829845.1
Neofusicoccum kwambonambiense,GCA_009829855.1
Neofusicoccum laricinum,GCA_022609205.1
Neofusicoccum laricinum,GCA_029906385.1
Neofusicoccum parvum,GCA_009829455.1
Neofusicoccum parvum,GCA_009829495.1
Neofusicoccum parvum,GCA_020912385.1
Neofusicoccum parvum,GCA_023081405.1
Neofusicoccum parvum,GCA_023082105.1
Neofusicoccum parvum,GCA_023084425.1
Neofusicoccum parvum,GCA_023084435.1
Neofusicoccum parvum,GCA_023084805.1
Neofusicoccum parvum,GCA_023087445.1
Neofusicoccum parvum,GCA_023087485.1
Neofusicoccum parvum,GCA_023088165.1
Neofusicoccum parvum,GCA_023088245.1
Neofusicoccum parvum,GCA_023088865.1
Neofusicoccum parvum,GCA_023089265.1
Neofusicoccum parvum,GCA_023089305.1
Neofusicoccum parvum,GCA_023089425.1
Neofusicoccum parvum,GCA_023091135.1
Neofusicoccum parvum,GCA_029169155.1
Neofusicoccum parvum,GCA_029169165.1
Neofusicoccum parvum,GCA_029169195.1
Neofusicoccum parvum,GCA_030270345.1
Neofusicoccum parvum,GCA_030270365.1
Neofusicoccum parvum,GCA_034621285.1
Neofusicoccum parvum,GCA_034621315.1
Neofusicoccum parvum,GCA_034621335.1
Neofusicoccum parvum,GCA_034621475.1
Neofusicoccum parvum,GCA_056114585.1
Neofusicoccum parvum UCRNP2,GCA_000385595.1
Neofusicoccum ribis,GCA_009829435.1
Neofusicoccum ribis,GCA_009829445.1
Neofusicoccum ribis,GCA_021436925.2
Neofusicoccum sp. NPBT67,GCA_036936575.1
Neofusicoccum sp. Z2,GCA_037356115.1
Neofusicoccum sp. Z40,GCA_037356075.1
Neofusicoccum umdonicola,GCA_009829365.1
Neogyromitra brunnea,GCA_040803235.1
Neogyromitra brunnea,GCA_040804075.1
Neogyromitra caroliniana,GCA_040803255.1
Neogyromitra caroliniana,GCA_040803875.1
Neogyromitra grandis,GCA_040803115.1
Neogyromitra grandis,GCA_040803135.1
Neogyromitra martinii,GCA_040802955.1
Neogyromitra parma,GCA_040802945.1
Neogyromitra parma,GCA_040802975.1
Neohortaea acidophila,GCA_010093505.1
Neohyperdermium piperis,GCA_051529115.1
Neolecta irregularis DAH-3,GCA_001929475.1
Neolentinus lepideus HHB14362 ss-1,GCA_001632425.1
Neonectria candida,GCA_045529365.1
Neonectria coccinea,GCA_013757005.1
Neonectria coccinea,GCA_019137265.1
Neonectria ditissima,GCA_001305495.1
Neonectria ditissima,GCA_001305505.1
Neonectria ditissima,GCA_001306435.1
Neonectria ditissima,GCA_019137815.1
Neonectria faginata,GCA_019137275.1
Neonectria faginata,GCA_019141705.1
Neonectria faginata,GCA_030864175.1
Neonectria galligena,GCA_013759035.1
Neonectria hederae,GCA_003385265.1
Neonectria lugdunensis,GCA_041721585.1
Neonectria magnoliae,GCA_037954305.1
Neonectria neomacrospora,GCA_013756995.1
Neonectria punicea,GCA_003385315.1
Neonectria punicea,GCA_037954315.1
Neonectria sp. B-13,GCA_002682825.1
Neonectria sp. DH2,GCA_003934905.1
Neonectria sp. MB3469,GCA_051527695.1
Neonectria sp. MB820980,GCA_051527915.1
Neonothopanus nambi,GCA_003987895.1
Neopestalotiopsis clavispora,GCA_014621435.1
Neopestalotiopsis cubana,GCA_046562335.1
Neopestalotiopsis formicidarum,GCA_049996555.1
Neopestalotiopsis rosae,GCA_023078685.1
Neopestalotiopsis rosae,GCA_046115455.1
Neopestalotiopsis rosae,GCA_046115465.1
Neopestalotiopsis sp. 37M,GCA_011058875.1
Neopestalotiopsis sp. HY66,GCA_054134715.1
Neopestalotiopsis sp. M2102B,GCA_023628315.1
Neopestalotiopsis sp. PM2101,GCA_023628335.1
Neopestalotiopsis sp. PM2101E,GCA_023628395.1
Neophaeococcomyces aloes,GCA_022813445.1
Neophaeococcomyces mojaviensis,GCA_030247915.1
Neophaeosphaeria filamentosa,GCA_052323615.1
Neophaeotheca triangularis,GCA_054600415.1
Neophaeotheca triangularis,GCA_054600435.1
Neoroussoella solani,GCA_040333135.2
Neoroussoella solani,GCA_040333265.2
Neosartorya sp. G127/14,GCA_049997575.1
Neosartorya sp. G130/14,GCA_049997555.1
Neosartorya sp. G132/14,GCA_049997535.1
Neosartorya sp. G135/14,GCA_049997515.1
Neosartorya sp. G150/14,GCA_049997495.1
Neoscytalidium dimidiatum,GCA_037367355.1
Neoscytalidium dimidiatum,GCA_041380565.1
Neoscytalidium dimidiatum,GCA_041380585.1
Neoscytalidium dimidiatum,GCA_041380605.1
Neoscytalidium dimidiatum,GCA_041380625.1
Neoscytalidium dimidiatum,GCA_041380645.1
Neoscytalidium dimidiatum,GCA_041430335.1
Neoscytalidium dimidiatum,GCA_049852295.1
Neospermospora avenae,GCA_014282315.1
Neostagonosporella sichuanensis,GCA_043792755.1
Neostagonosporella sichuanensis,GCA_046127415.1
Neotropicomus parvogracilis,GCA_038088955.1
Neurospora africana FGSC 1740,GCA_000604205.2
Neurospora cerealis,GCA_009801325.1
Neurospora cerealis,GCA_009801525.1
Neurospora cerealis,GCA_009801615.1
Neurospora cerealis,GCA_009803285.1
Neurospora cerealis,GCA_009803305.1
Neurospora cerealis,GCA_009803325.1
Neurospora cerealis,GCA_009803425.1
Neurospora cerealis,GCA_009803435.1
Neurospora cerealis,GCA_009803485.1
Neurospora cerealis,GCA_009806005.1
Neurospora cerealis,GCA_009806045.1
Neurospora cerealis,GCA_009806085.1
Neurospora cerealis,GCA_009806125.1
Neurospora cerealis,GCA_009806135.1
Neurospora crassa,GCA_000786625.1
Neurospora crassa,GCA_007478085.1
Neurospora crassa,GCA_033458375.1
Neurospora crassa OR74A,GCA_000182925.2
Neurospora crassa OR74A,GCA_009805915.1
Neurospora discreta,GCA_009802135.1
Neurospora discreta,GCA_009802305.1
Neurospora discreta,GCA_009802365.1
Neurospora discreta,GCA_009802435.1
Neurospora discreta,GCA_009802455.1
Neurospora discreta,GCA_009802495.1
Neurospora discreta,GCA_009803635.1
Neurospora discreta,GCA_009803645.1
Neurospora discreta,GCA_009803655.1
Neurospora discreta,GCA_009803685.1
Neurospora discreta,GCA_009803715.1
Neurospora discreta,GCA_009803745.1
Neurospora discreta,GCA_009803775.1
Neurospora discreta,GCA_009803805.1
Neurospora discreta,GCA_009803905.1
Neurospora discreta,GCA_009803935.1
Neurospora discreta,GCA_009803945.1
Neurospora discreta,GCA_009803955.1
Neurospora discreta,GCA_009803965.1
Neurospora discreta,GCA_009803995.1
Neurospora discreta,GCA_009804085.1
Neurospora discreta,GCA_009804095.1
Neurospora discreta,GCA_009804105.1
Neurospora discreta,GCA_009804115.1
Neurospora discreta,GCA_009804125.1
Neurospora discreta,GCA_009804415.1
Neurospora discreta,GCA_009804435.1
Neurospora discreta,GCA_009804445.1
Neurospora discreta,GCA_009804455.1
Neurospora discreta,GCA_009804485.1
Neurospora discreta,GCA_009804575.1
Neurospora discreta,GCA_009804585.1
Neurospora discreta,GCA_009804605.1
Neurospora discreta,GCA_009804615.1
Neurospora discreta,GCA_009804625.1
Neurospora discreta,GCA_009804715.1
Neurospora discreta,GCA_009804755.1
Neurospora discreta,GCA_009804765.1
Neurospora discreta,GCA_009804775.1
Neurospora discreta,GCA_009804785.1
Neurospora discreta,GCA_009804795.1
Neurospora discreta,GCA_055755525.1
Neurospora discreta FGSC 8579,GCA_009805215.1
Neurospora hispaniola,GCA_033458365.1
Neurospora intermedia,GCA_034768155.1
Neurospora intermedia,GCA_034768195.1
Neurospora intermedia,GCA_034768225.1
Neurospora intermedia,GCA_034768245.1
Neurospora intermedia,GCA_034768255.1
Neurospora intermedia,GCA_034768325.1
Neurospora intermedia,GCA_034769665.1
Neurospora intermedia,GCA_037102815.1
Neurospora intermedia,GCA_040412205.1
Neurospora intermedia,GCA_048986885.1
Neurospora intermedia,GCA_052058435.2
Neurospora intermedia,GCA_054790655.1
Neurospora pannonica FGSC 7221,GCA_000604225.2
Neurospora pannonica FGSC 7221,GCA_009805235.1
Neurospora sp. CHS-2018a,GCA_009801875.1
Neurospora sp. CHS-2018a,GCA_009801945.1
Neurospora sp. CHS-2018a,GCA_009802215.1
Neurospora sp. CHS-2018a,GCA_009802235.1
Neurospora sp. CHS-2018a,GCA_009802265.1
Neurospora sp. CHS-2018a,GCA_009802275.1
Neurospora sp. CHS-2018a,GCA_009802375.1
Neurospora sp. CHS-2018a,GCA_009802515.1
Neurospora sp. CHS-2018a,GCA_009802535.1
Neurospora sp. CHS-2018a,GCA_009803175.1
Neurospora sp. CHS-2018b,GCA_009801395.1
Neurospora sp. CHS-2018b,GCA_009801675.1
Neurospora sp. CHS-2018b,GCA_009801725.1
Neurospora sp. CHS-2018b,GCA_009801745.1
Neurospora sp. CHS-2018b,GCA_009801765.1
Neurospora sp. CHS-2018b,GCA_009802575.1
Neurospora sp. CHS-2018b,GCA_009802835.1
Neurospora sp. CHS-2018b,GCA_009802905.1
Neurospora sp. CHS-2018b,GCA_009802955.1
Neurospora sp. CHS-2018b,GCA_009803155.1
Neurospora sp. CHS-2018b,GCA_009804405.1
Neurospora sp. CHS-2018b,GCA_009806015.1
Neurospora sp. CHS-2018b,GCA_009806255.1
Neurospora sp. CHS-2018c,GCA_009801205.1
Neurospora sp. CHS-2018c,GCA_009801215.1
Neurospora sp. CHS-2018c,GCA_009801225.1
Neurospora sp. CHS-2018c,GCA_009801265.1
Neurospora sp. CHS-2018c,GCA_009801275.1
Neurospora sp. CHS-2018c,GCA_009801285.1
Neurospora sp. CHS-2018c,GCA_009801335.1
Neurospora sp. CHS-2018c,GCA_009801365.1
Neurospora sp. CHS-2018c,GCA_009801375.1
Neurospora sp. CHS-2018c,GCA_009801505.1
Neurospora sp. CHS-2018c,GCA_009801535.1
Neurospora sp. CHS-2018c,GCA_009801555.1
Neurospora sp. CHS-2018c,GCA_009801605.1
Neurospora sp. CHS-2018c,GCA_009801625.1
Neurospora sp. CHS-2018c,GCA_009801985.1
Neurospora sp. CHS-2018c,GCA_009802055.1
Neurospora sp. CHS-2018c,GCA_009802075.1
Neurospora sp. CHS-2018c,GCA_009803275.1
Neurospora sp. CHS-2018c,GCA_009803365.1
Neurospora sp. CHS-2018c,GCA_009803445.1
Neurospora sp. CHS-2018c,GCA_009803505.1
Neurospora sp. CHS-2018c,GCA_009803525.1
Neurospora sp. CHS-2018c,GCA_009803585.1
Neurospora sp. CHS-2018c,GCA_009803595.1
Neurospora sp. CHS-2018c,GCA_009804255.1
Neurospora sp. CHS-2018c,GCA_009804275.1
Neurospora sp. CHS-2018c,GCA_009804285.1
Neurospora sp. CHS-2018c,GCA_009804295.1
Neurospora sp. CHS-2018c,GCA_009804305.1
Neurospora sp. CHS-2018c,GCA_009804315.1
Neurospora sp. CHS-2018c,GCA_009806235.1
Neurospora sp. E-DF1,GCA_055755555.1
Neurospora sp. FGSC 26623,GCA_009805935.1
Neurospora sp. FGSC 26624,GCA_009805485.1
Neurospora sp. FGSC 26625,GCA_009805435.1
Neurospora sp. FGSC 26626,GCA_009805385.1
Neurospora sp. FGSC 26627,GCA_009805365.1
Neurospora sp. FGSC 26628,GCA_009805345.1
Neurospora sp. FGSC 26629,GCA_009805155.1
Neurospora sp. FGSC 26630,GCA_009805085.1
Neurospora sp. FGSC 26631,GCA_009805105.1
Neurospora sp. FGSC 26632,GCA_009804965.1
Neurospora sp. FGSC 26633,GCA_009804945.1
Neurospora sp. FGSC 26634,GCA_009804985.1
Neurospora sp. FGSC 26635,GCA_009804975.1
Neurospora sp. FGSC 26636,GCA_009804955.1
Neurospora sp. FGSC 26637,GCA_009804845.1
Neurospora sp. FGSC 26638,GCA_009804825.1
Neurospora sp. FGSC 6877,GCA_009805295.1
Neurospora sp. IMI 360204,GCA_027946425.1
Neurospora sp. LNF1-1,GCA_009805225.1
Neurospora sp. LNF1-2,GCA_009805125.1
Neurospora sublineolata FGSC 5508,GCA_000604185.2
Neurospora terricola FGSC 1889,GCA_000604245.2
Neurospora terricola FGSC 1889,GCA_009805285.1
Neurospora tetrasperma FGSC 2508,GCA_000213175.1
Neurospora tetrasperma FGSC 2509,GCA_000213195.1
Neurospora tetraspora,GCA_009801785.1
Neurospora tetraspora,GCA_009801795.1
Neurospora tetraspora,GCA_009801835.1
Neurospora tetraspora,GCA_009801855.1
Neurospora tetraspora,GCA_009801865.1
Neurospora tetraspora,GCA_009801905.1
Neurospora tetraspora,GCA_009801965.1
Neurospora tetraspora,GCA_009801975.1
Neurospora tetraspora,GCA_009802105.1
Neurospora tetraspora,GCA_009802415.1
Neurospora tetraspora,GCA_009802525.1
Neurospora tetraspora,GCA_009802545.1
Neurospora tetraspora,GCA_009802635.1
Neurospora tetraspora,GCA_009802645.1
Neurospora tetraspora,GCA_009802655.1
Neurospora tetraspora,GCA_009802715.1
Neurospora tetraspora,GCA_009802725.1
Neurospora tetraspora,GCA_009802735.1
Neurospora tetraspora,GCA_009802755.1
Neurospora tetraspora,GCA_009802785.1
Neurospora tetraspora,GCA_009802805.1
Neurospora tetraspora,GCA_009802915.1
Neurospora tetraspora,GCA_009802925.1
Neurospora tetraspora,GCA_009802965.1
Neurospora tetraspora,GCA_009803015.1
Neurospora tetraspora,GCA_009803025.1
Neurospora tetraspora,GCA_009803135.1
Neurospora tetraspora,GCA_009803145.1
Neurospora tetraspora,GCA_009803165.1
Neurospora tetraspora,GCA_009803255.1
Neurospora tetraspora,GCA_009803605.1
Neurospora tetraspora,GCA_009804235.1
Neurospora tetraspora,GCA_009805115.1
Neurospora tetraspora,GCA_009806155.1
Neurospora tetraspora,GCA_009806485.1
Neurospora tetraspora,GCA_033439725.1
Nevesoporus exiguus,GCA_038089155.1
Nidula microcarpa,GCA_036937055.1
Nidula niveotomentosa,GCA_036937135.1
Nidularia pulvinata,GCA_036937195.1
Nidularia sp. FH-822889,GCA_036937115.1
Niebla homalea,GCA_019925105.1
Nigrograna mackinnonii,GCA_001007845.1
Nigrospora bambusae,GCA_048773625.1
Nigrospora camelliae-sinensis,GCA_048773585.1
Nigrospora chinensis,GCA_048773525.1
Nigrospora guilinensis,GCA_048773485.1
Nigrospora hainanensis,GCA_048773445.1
Nigrospora lacticolonia,GCA_048773465.1
Nigrospora musae,GCA_048773425.1
Nigrospora musae,GCA_056150565.1
Nigrospora oryzae,GCA_016758845.1
Nigrospora osmanthi,GCA_029489945.1
Nigrospora osmanthi,GCA_048773405.1
Nigrospora pyriformis,GCA_048773265.1
Nigrospora rubi,GCA_048773245.1
Nigrospora sphaerica,GCA_018287875.1
Nigrospora sphaerica,GCA_026119995.1
Nigrospora sphaerica,GCA_048773285.1
Nigrospora vesicularis,GCA_048773225.1
Nilaparvata lugens yeast-like symbiont,GCA_000758425.1
Niveomyces coronatus,GCA_018831755.1
Niveomyces insectorum RCEF 264,GCA_001636815.1
Nosema astafloridana,GCA_046563025.1
Nosema astafloridana,GCA_046563065.1
Nosema bombycis CQ1,GCA_000383075.1
Nosema granulosis,GCA_015832245.1
Nosema muscidifuracis,GCA_028335825.1
Nosema rusticus,GCA_046563365.1
Nosema wisconsonii,GCA_046562965.1
Nosema wisconsonii,GCA_046562995.1
Nothofagozyma chilensis,GCA_018343875.1
Nothofagozyma chilensis,GCA_030573195.1
Nothomitra cinnamomea,GCA_022345685.2
Nothopassalora personata,GCA_029633025.1
Nothopassalora personata,GCA_033816765.1
Nothophaeocryptopus gaeumannii,GCA_031771855.1
Nothophaeocryptopus gaeumannii,GCA_031771865.1
Nothophaeocryptopus gaeumannii,GCA_032718785.1
Nothophaeocryptopus gaeumannii CBS 267.37,GCA_002116385.1
Nothophoma quercina,GCA_021642125.2
Novakomyces olei,GCA_016906335.1
Nowakowskiella sp. JEL0078,GCA_026955015.1
Nowakowskiella sp. JEL0407,GCA_027600645.1
Nucleospora cyclopteri,GCA_049996435.1
Obba rivulosa,GCA_001687445.1
Obelidium mucronatum,GCA_025765595.1
Oculimacula yallundae,GCA_042604555.1
Oehlia diaphana,GCA_003833135.1
Ogataea allantospora,GCA_030572655.1
Ogataea angusta,GCA_019207455.1
Ogataea angusta,GCA_019207475.1
Ogataea angusta,GCA_019207505.1
Ogataea angusta,GCA_019207515.1
Ogataea angusta,GCA_019207525.1
Ogataea angusta,GCA_019207555.1
Ogataea angusta,GCA_019207585.1
Ogataea angusta,GCA_019207605.1
Ogataea angusta,GCA_019207615.1
Ogataea angusta,GCA_019207635.1
Ogataea angusta,GCA_030567995.1
Ogataea arabinofermentans,GCA_001661425.1
Ogataea arabinofermentans,GCA_030567675.1
Ogataea chonburiensis,GCA_030578415.1
Ogataea corticis,GCA_030555865.1
Ogataea degrootiae,GCA_019232045.1
Ogataea degrootiae,GCA_030557025.1
Ogataea dorogensis,GCA_030568015.1
Ogataea ganodermae,GCA_030569375.1
Ogataea glucozyma,GCA_003706155.2
Ogataea haglerorum,GCA_019206905.1
Ogataea haglerorum,GCA_019206915.1
Ogataea haglerorum,GCA_019206925.1
Ogataea haglerorum,GCA_019206965.1
Ogataea haglerorum,GCA_019206985.1
Ogataea haglerorum,GCA_019207005.1
Ogataea haglerorum,GCA_019207125.1
Ogataea haglerorum,GCA_019207165.1
Ogataea haglerorum,GCA_019207175.1
Ogataea haglerorum,GCA_019207185.1
Ogataea haglerorum,GCA_019207205.1
Ogataea haglerorum,GCA_019207235.1
Ogataea haglerorum,GCA_019207265.1
Ogataea haglerorum,GCA_019207285.1
Ogataea haglerorum,GCA_019207295.1
Ogataea haglerorum,GCA_019207315.1
Ogataea haglerorum,GCA_019207325.1
Ogataea haglerorum,GCA_019207365.1
Ogataea haglerorum,GCA_019207375.1
Ogataea haglerorum,GCA_019207405.1
Ogataea haglerorum,GCA_019207415.1
Ogataea haglerorum,GCA_019207435.1
Ogataea haglerorum,GCA_030556925.1
Ogataea henricii,GCA_003705115.2
Ogataea kodamae,GCA_003706165.3
Ogataea krabiensis,GCA_030582815.1
Ogataea maris,GCA_030557505.1
Ogataea mattraensis,GCA_030564055.1
Ogataea methanolica,GCA_001600755.1
Ogataea methanolica,GCA_030567975.1
Ogataea minuta,GCA_003706195.2
Ogataea nakhonphanomensis,GCA_030564965.1
Ogataea nemodendra,GCA_030567775.1
Ogataea neopini,GCA_030578575.1
Ogataea nitratoaversa,GCA_003705625.1
Ogataea nitratoaversa,GCA_030579435.1
Ogataea nonfermentans,GCA_003706255.2
Ogataea ortonii,GCA_030561785.1
Ogataea ovalis,GCA_030556425.1
Ogataea paradorogensis,GCA_030555885.1
Ogataea paraovalis,GCA_030565405.1
Ogataea parapolymorpha,GCA_019207595.1
Ogataea parapolymorpha,GCA_019207695.1
Ogataea parapolymorpha,GCA_019207935.1
Ogataea parapolymorpha,GCA_019443345.1
Ogataea parapolymorpha,GCA_030570715.1
Ogataea parapolymorpha,GCA_040207675.1
Ogataea parapolymorpha DL-1,GCA_000187245.3
Ogataea parapolymorpha DL-1,GCA_037948965.1
Ogataea philodendri,GCA_003706115.3
Ogataea philodendri,GCA_020536065.1
Ogataea piceae,GCA_030567815.1
Ogataea pignaliae,GCA_030570775.1
Ogataea pilisensis,GCA_003707685.2
Ogataea pini,GCA_003707665.2
Ogataea pinus,GCA_030567935.1
Ogataea polymorpha,GCA_000787595.2
Ogataea polymorpha,GCA_001664045.1
Ogataea polymorpha,GCA_017161175.1
Ogataea polymorpha,GCA_019207715.1
Ogataea polymorpha,GCA_019207725.1
Ogataea polymorpha,GCA_019207735.1
Ogataea polymorpha,GCA_019207815.1
Ogataea polymorpha,GCA_019207825.1
Ogataea polymorpha,GCA_019207835.1
Ogataea polymorpha,GCA_019207905.1
Ogataea polymorpha,GCA_019207965.1
Ogataea polymorpha,GCA_019207995.1
Ogataea polymorpha,GCA_019208005.1
Ogataea polymorpha,GCA_019208045.1
Ogataea polymorpha,GCA_020023485.1
Ogataea polymorpha,GCA_030561965.1
Ogataea polymorpha,GCA_055761875.1
Ogataea polymorpha x Ogataea parapolymorpha,GCA_019381815.1
Ogataea populi-albae,GCA_003707375.2
Ogataea populi-albae,GCA_030579375.1
Ogataea rishiriensis,GCA_030569615.1
Ogataea salicorniae,GCA_030557545.1
Ogataea saltuana,GCA_030570735.1
Ogataea saltuana,GCA_030674545.1
Ogataea siamensis,GCA_030574315.1
Ogataea sithepensis,GCA_030564825.1
Ogataea sonorensis,GCA_030567855.1
Ogataea sonorensis,GCA_037951295.1
Ogataea sonorensis,GCA_037951305.1
Ogataea sonorensis,GCA_037951315.1
Ogataea sonorensis,GCA_037951375.1
Ogataea sonorensis,GCA_037951595.1
Ogataea sp. yHMJ1,GCA_030571015.1
Ogataea thermomethanolica,GCA_030674565.1
Ogataea thermophila,GCA_020536115.1
Ogataea trehaloabstinens,GCA_003706095.2
Ogataea trehalophila,GCA_003707645.2
Ogataea wickerhamii,GCA_030559035.1
Ogataea xyloterini,GCA_030573155.1
Ogataea zsoltii,GCA_003709205.3
Oidiodendron maius Zn,GCA_000827325.1
Oidium heveae,GCA_003957845.1
Oleoguttula mirabilis,GCA_035135055.1
Oleoguttula sp. CCFEE 5521,GCA_036872775.1
Oleoguttula sp. CCFEE 6159,GCA_035927985.1
Oligophagozyma castellii,GCA_030556345.1
Oligophagozyma castellii CBS 4332,GCA_001046935.1
Olpidium bornovanus,GCA_017911155.1
Omphalotus guepiniiformis,GCA_028554645.1
Omphalotus guepiniiformis,GCA_051107795.1
Omphalotus olearius,GCA_055690705.1
Omphalotus olearius VT 653.13,GCA_000296255.1
Onygena corvina,GCA_000812245.1
Onygena corvina,GCA_051362545.1
Onygenales sp. PD_10,GCA_032988465.1
Onygenales sp. PD_12,GCA_032988185.1
Onygenales sp. PD_40,GCA_032988205.1
Opeltia flavorubescens,GCA_000442125.1
Ophidiomyces ophidiicola,GCA_002167195.1
Ophidiomyces ophidiicola,GCA_022829765.1
Ophidiomyces ophidiicola,GCA_022829795.1
Ophidiomyces ophidiicola,GCA_022829825.1
Ophidiomyces ophidiicola,GCA_022829835.1
Ophidiomyces ophidiicola,GCA_022829885.1
Ophidiomyces ophidiicola,GCA_022829915.1
Ophidiomyces ophidiicola,GCA_022829945.1
Ophidiomyces ophidiicola,GCA_022829975.1
Ophidiomyces ophidiicola,GCA_022829995.1
Ophidiomyces ophidiicola,GCA_022830035.1
Ophidiomyces ophidiicola,GCA_022830065.1
Ophidiomyces ophidiicola,GCA_022830095.1
Ophidiomyces ophidiicola,GCA_022830125.1
Ophidiomyces ophidiicola,GCA_022830155.1
Ophidiomyces ophidiicola,GCA_022830185.1
Ophidiomyces ophidiicola,GCA_022830215.1
Ophidiomyces ophidiicola,GCA_022830245.1
Ophidiomyces ophidiicola,GCA_022830275.1
Ophidiomyces ophidiicola,GCA_022830305.1
Ophidiomyces ophidiicola,GCA_022830335.1
Ophidiomyces ophidiicola,GCA_022830365.1
Ophidiomyces ophidiicola,GCA_022830395.1
Ophidiomyces ophidiicola,GCA_022830425.1
Ophidiomyces ophidiicola,GCA_022830445.1
Ophidiomyces ophidiicola,GCA_022830485.1
Ophidiomyces ophidiicola,GCA_022830515.1
Ophidiomyces ophidiicola,GCA_022830545.1
Ophidiomyces ophidiicola,GCA_022830575.1
Ophidiomyces ophidiicola,GCA_022830605.1
Ophidiomyces ophidiicola,GCA_022830625.1
Ophidiomyces ophidiicola,GCA_022830665.1
Ophidiomyces ophidiicola,GCA_022830695.1
Ophidiomyces ophidiicola,GCA_022830725.1
Ophidiomyces ophidiicola,GCA_022830745.1
Ophidiomyces ophidiicola,GCA_022830775.1
Ophidiomyces ophidiicola,GCA_022830815.1
Ophidiomyces ophidiicola,GCA_022830845.1
Ophidiomyces ophidiicola,GCA_022830865.1
Ophidiomyces ophidiicola,GCA_022830905.1
Ophidiomyces ophidiicola,GCA_022830915.1
Ophidiomyces ophidiicola,GCA_022830965.1
Ophidiomyces ophidiicola,GCA_022830995.1
Ophidiomyces ophidiicola,GCA_022831025.1
Ophidiomyces ophidiicola,GCA_022831055.1
Ophidiomyces ophidiicola,GCA_022831085.1
Ophidiomyces ophidiicola,GCA_022831105.1
Ophidiomyces ophidiicola,GCA_022831145.1
Ophidiomyces ophidiicola,GCA_022831175.1
Ophidiomyces ophidiicola,GCA_022831205.1
Ophidiomyces ophidiicola,GCA_022831235.1
Ophidiomyces ophidiicola,GCA_022831265.1
Ophidiomyces ophidiicola,GCA_022831295.1
Ophidiomyces ophidiicola,GCA_022831325.1
Ophidiomyces ophidiicola,GCA_022831355.1
Ophidiomyces ophidiicola,GCA_022831385.1
Ophidiomyces ophidiicola,GCA_022831415.1
Ophidiomyces ophidiicola,GCA_022831445.1
Ophidiomyces ophidiicola,GCA_022831475.1
Ophidiomyces ophidiicola,GCA_022831505.1
Ophidiomyces ophidiicola,GCA_022831535.1
Ophidiomyces ophidiicola,GCA_022831565.1
Ophidiomyces ophidiicola,GCA_022831595.1
Ophidiomyces ophidiicola,GCA_022831615.1
Ophidiomyces ophidiicola,GCA_022831625.1
Ophidiomyces ophidiicola,GCA_022831685.1
Ophidiomyces ophidiicola,GCA_022831705.1
Ophidiomyces ophidiicola,GCA_022831745.1
Ophidiomyces ophidiicola,GCA_022831775.1
Ophidiomyces ophidiicola,GCA_022831805.1
Ophidiomyces ophidiicola,GCA_022831835.1
Ophidiomyces ophidiicola,GCA_022831865.1
Ophidiomyces ophidiicola,GCA_022831895.1
Ophidiomyces ophidiicola,GCA_022831925.1
Ophidiomyces ophidiicola,GCA_022831955.1
Ophidiomyces ophidiicola,GCA_022831985.1
Ophidiomyces ophidiicola,GCA_022832015.1
Ophidiomyces ophidiicola,GCA_022832045.1
Ophidiomyces ophidiicola,GCA_022832055.1
Ophidiomyces ophidiicola,GCA_022832085.1
Ophidiomyces ophidiicola,GCA_022832115.1
Ophidiomyces ophidiicola,GCA_022832145.1
Ophidiomyces ophidiicola,GCA_022832175.1
Ophidiomyces ophidiicola,GCA_028541605.1
Ophidiomyces ophidiicola,GCA_028541615.1
Ophidiomyces ophidiicola,GCA_028541625.1
Ophiobolus disseminans,GCA_010093685.1
Ophioceras dolichostomum,GCA_003049485.1
Ophiocordyceps aphodii,GCA_051528675.1
Ophiocordyceps australis,GCA_002591405.1
Ophiocordyceps australis,GCA_002591415.1
Ophiocordyceps australis,GCA_019843645.1
Ophiocordyceps camponoti-floridani,GCA_012980515.1
Ophiocordyceps camponoti-leonardi (nom. inval.),GCA_003339455.1
Ophiocordyceps camponoti-rufipedis,GCA_002591395.1
Ophiocordyceps camponoti-saundersi (nom. inval.),GCA_003339415.1
Ophiocordyceps polyrhachis-furcata BCC 54312,GCA_001633055.2
Ophiocordyceps pseudogibellulae,GCA_051528655.1
Ophiocordyceps robertsii,GCA_027405775.1
Ophiocordyceps robertsii,GCA_027405785.1
Ophiocordyceps sinensis,GCA_001648815.1
Ophiocordyceps sinensis,GCA_002077885.1
Ophiocordyceps sinensis,GCA_012934285.1
Ophiocordyceps sinensis,GCA_020137565.1
Ophiocordyceps sinensis,GCA_052818365.1
Ophiocordyceps sinensis CO18,GCA_000448365.1
Ophiocordyceps unilateralis,GCA_001272575.2
Ophiocordyceps xuefengensis,GCA_020975735.1
Ophiocordycipitaceae sp.,GCA_029292835.1
Ophiocordycipitaceae sp.,GCA_029292885.1
Ophiocordycipitaceae sp.,GCA_029292915.1
Ophiocordycipitaceae sp.,GCA_029292925.1
Ophiocordycipitaceae sp.,GCA_029292965.1
Ophiocordycipitaceae sp.,GCA_029292985.1
Ophiocordycipitaceae sp.,GCA_029292995.1
Ophiocordycipitaceae sp.,GCA_029293035.1
Ophiocordycipitaceae sp.,GCA_029293055.1
Ophiognomonia clavigignenti-juglandacearum,GCA_000220195.1
Ophiognomonia clavigignenti-juglandacearum,GCA_003013035.1
Ophiognomonia clavigignenti-juglandacearum,GCA_003671545.1
Ophiosphaerella herpotricha,GCA_028458505.1
Ophiosphaerella herpotricha,GCA_028458525.1
Ophiosphaerella herpotricha,GCA_028458545.1
Ophiosphaerella korrae,GCA_028456285.1
Ophiosphaerella korrae,GCA_028456295.1
Ophiosphaerella korrae,GCA_028456385.1
Ophiosphaerella korrae,GCA_028457625.1
Ophiosphaerella korrae,GCA_028458445.1
Ophiosphaerella narmari,GCA_028456235.1
Ophiosphaerella narmari,GCA_028456275.1
Ophiosphaerella narmari,GCA_028456325.1
Ophiostoma angusticollis,GCA_019925545.1
Ophiostoma australiae,GCA_022392945.1
Ophiostoma cf. undulatum,GCA_022392935.1
Ophiostoma fasciatum,GCA_019925495.1
Ophiostoma himal-ulmi,GCA_029299165.1
Ophiostoma ips,GCA_002917055.1
Ophiostoma ips,GCA_019925475.1
Ophiostoma ips,GCA_029299085.1
Ophiostoma montium,GCA_029299015.1
Ophiostoma novo-ulmi subsp. americana,GCA_029298975.1
Ophiostoma novo-ulmi subsp. americana,GCA_029298995.1
Ophiostoma novo-ulmi subsp. novo-ulmi,GCA_029298875.1
Ophiostoma novo-ulmi subsp. novo-ulmi,GCA_029298905.1
Ophiostoma novo-ulmi subsp. novo-ulmi,GCA_029298925.1
Ophiostoma novo-ulmi subsp. novo-ulmi,GCA_029298955.1
Ophiostoma novo-ulmi subsp. novo-ulmi H327,GCA_000317715.1
Ophiostoma pallidulum,GCA_019925425.1
Ophiostoma perfectum,GCA_029298845.1
Ophiostoma piceae,GCA_032248835.1
Ophiostoma piceae UAMH 11346,GCA_000410735.1
Ophiostoma populinum,GCA_029298855.1
Ophiostoma quercus,GCA_029298795.1
Ophiostoma quercus,GCA_029298825.1
Ophiostoma sp. 15807,GCA_029298765.1
Ophiostoma sp. 423A,GCA_029298775.1
Ophiostoma sp. CBS 140.51,GCA_029298735.1
Ophiostoma tasmaniense,GCA_022392925.1
Ophiostoma triangulosporum,GCA_029298705.1
Ophiostoma ulmi,GCA_029298715.1
Orbilia blumenaviensis,GCA_036872755.1
Orbilia blumenaviensis,GCA_036971255.1
Orbilia brochopaga,GCA_012184305.1
Orbilia brochopaga,GCA_036872635.1
Orbilia brochopaga,GCA_036971425.1
Orbilia ellipsospora,GCA_036971675.1
Orbilia javanica,GCA_036872735.1
Orbilia oligospora,GCA_004768765.1
Orbilia oligospora,GCA_011066565.1
Orbilia oligospora,GCA_011066575.1
Orbilia oligospora,GCA_011066585.1
Orbilia oligospora,GCA_011066595.1
Orbilia oligospora,GCA_011066605.1
Orbilia oligospora,GCA_011066695.1
Orbilia oligospora,GCA_011066715.1
Orbilia oligospora,GCA_011066735.1
Orbilia oligospora,GCA_011066745.1
Orbilia oligospora,GCA_011066795.1
Orbilia oligospora,GCA_011066845.1
Orbilia oligospora,GCA_011066875.1
Orbilia oligospora,GCA_011066885.1
Orbilia oligospora,GCA_011066905.1
Orbilia oligospora,GCA_011066925.1
Orbilia oligospora,GCA_011066985.1
Orbilia oligospora,GCA_011067015.1
Orbilia oligospora,GCA_011068445.1
Orbilia oligospora ATCC 24927,GCA_000225545.1
Orbilia quercus,GCA_036971405.1
Ordospora colligata,GCA_004324935.1
Ordospora colligata,GCA_004324945.1
Ordospora colligata,GCA_004325055.1
Ordospora colligata,GCA_052575955.1
Ordospora colligata OC4,GCA_000803265.1
Ordospora pajunii,GCA_021821965.1
Osmozyma mogii,GCA_030573315.1
Osmozyma tolerans,GCA_030582955.1
Ovatospora sinensis,GCA_054643205.1
Ovulinia azaleae,GCA_051362285.1
Pachysolen tannophilus,GCA_030573675.1
Pachysolen tannophilus NRRL Y-2460,GCA_000313505.1
Pachysolen tannophilus NRRL Y-2460,GCA_001661245.1
Paecilomyces brunneolus,GCA_043884365.1
Paecilomyces dactylethromorphus,GCA_029606265.1
Paecilomyces dactylethromorphus,GCA_029606295.1
Paecilomyces dactylethromorphus,GCA_043882455.1
Paecilomyces dactylethromorphus,GCA_043882485.1
Paecilomyces dactylethromorphus,GCA_043882565.1
Paecilomyces formosus,GCA_029606185.1
Paecilomyces fulvus,GCA_029606305.1
Paecilomyces lecythidis,GCA_029606225.1
Paecilomyces lecythidis,GCA_029606255.1
Paecilomyces lecythidis,GCA_037041775.1
Paecilomyces lecythidis,GCA_042257975.1
Paecilomyces lecythidis,GCA_042258045.1
Paecilomyces lecythidis,GCA_043882515.1
Paecilomyces lecythidis,GCA_043882585.1
Paecilomyces lecythidis,GCA_043882685.1
Paecilomyces lignorum,GCA_043882265.1
Paecilomyces lignorum,GCA_043882365.1
Paecilomyces lignorum,GCA_043882395.1
Paecilomyces lignorum,GCA_043884025.1
Paecilomyces lignorum,GCA_043884225.1
Paecilomyces lignorum,GCA_043884255.1
Paecilomyces lignorum,GCA_043884265.1
Paecilomyces lignorum,GCA_043884295.1
Paecilomyces lignorum,GCA_043884375.1
Paecilomyces lignorum,GCA_043884455.1
Paecilomyces lignorum,GCA_043884465.1
Paecilomyces lignorum,GCA_043884505.1
Paecilomyces lignorum,GCA_043884545.1
Paecilomyces lignorum,GCA_043884645.1
Paecilomyces lignorum,GCA_043884655.1
Paecilomyces lignorum,GCA_043884725.1
Paecilomyces maximus,GCA_029606195.1
Paecilomyces maximus,GCA_029606205.1
Paecilomyces maximus,GCA_029606215.1
Paecilomyces niveus,GCA_003116535.1
Paecilomyces paravariotii,GCA_029606115.1
Paecilomyces paravariotii,GCA_043882735.1
Paecilomyces paravariotii,GCA_043884055.1
Paecilomyces paravariotii,GCA_043884065.1
Paecilomyces paravariotii,GCA_043884075.1
Paecilomyces paravariotii,GCA_043884185.1
Paecilomyces sp. COH1141,GCA_003123655.1
Paecilomyces sp. M2901,GCA_023624095.1
Paecilomyces sp. M2902,GCA_023624045.1
Paecilomyces sp. MCCF 150,GCA_054126675.1
Paecilomyces sp. PK2413,GCA_023624055.1
Paecilomyces sp. PL2402,GCA_023624085.1
Paecilomyces sp. PL2405,GCA_023624145.1
Paecilomyces variotii,GCA_003990805.1
Paecilomyces variotii,GCA_004015385.1
Paecilomyces variotii,GCA_004022145.1
Paecilomyces variotii,GCA_015266405.1
Paecilomyces variotii,GCA_029606105.1
Paecilomyces variotii,GCA_029606125.1
Paecilomyces variotii,GCA_029606135.1
Paecilomyces variotii,GCA_030060675.1
Paecilomyces variotii,GCA_030060685.1
Paecilomyces variotii,GCA_030060715.1
Paecilomyces variotii,GCA_030060985.1
Paecilomyces variotii,GCA_030060995.1
Paecilomyces variotii,GCA_030061005.1
Paecilomyces variotii,GCA_030061015.1
Paecilomyces variotii,GCA_030061355.1
Paecilomyces variotii,GCA_030061365.1
Paecilomyces variotii,GCA_030061375.1
Paecilomyces variotii,GCA_030061385.1
Paecilomyces variotii,GCA_030061555.1
Paecilomyces variotii,GCA_030061565.1
Paecilomyces variotii,GCA_030061575.1
Paecilomyces variotii,GCA_030061585.1
Paecilomyces variotii,GCA_030061595.1
Paecilomyces variotii,GCA_030061835.1
Paecilomyces variotii,GCA_030061845.1
Paecilomyces variotii,GCA_030061855.1
Paecilomyces variotii,GCA_030061875.1
Paecilomyces variotii,GCA_030062295.1
Paecilomyces variotii,GCA_030062325.1
Paecilomyces variotii,GCA_030062335.1
Paecilomyces variotii,GCA_030062345.1
Paecilomyces variotii,GCA_043882635.1
Paecilomyces variotii No. 5,GCA_000497085.1
Pallidohirschioporus biformis,GCA_040954535.1
Panaeolus cyanescens,GCA_002938355.1
Panaeolus foenisecii,GCA_051997945.1
Panaeolus papilionaceus,GCA_015501605.1
Panaeolus rickenii,GCA_051997855.1
Panaeolus semiovatus,GCA_051997835.1
Panaeolus sp. B733_7,GCA_051997775.1
Panaeolus sp. ZRL20220850,GCA_051997735.1
Pancytospora epiphaga,GCA_024243955.1
Pancytospora philotis,GCA_023647555.1
Panellus pusillus,GCA_013387415.1
Panus rudis PR-1116 ss-1,GCA_022160315.1
Papiliotrema flavescens NRRL Y-50378,GCA_000442785.1
Papiliotrema fonsecae,GCA_035773095.1
Papiliotrema laurentii,GCA_012922615.1
Papiliotrema laurentii,GCA_012922625.1
Papiliotrema laurentii,GCA_031326905.1
Papiliotrema laurentii RY1,GCA_000738825.1
Papiliotrema nemorosa,GCA_032158125.1
Papiliotrema terrestris,GCA_019857685.1
Paracamarosporium sp. OC-R06-R3,GCA_019828545.1
Parachaetomium inaequale,GCA_033296685.1
Paracladophialophora sp. BF16,GCA_049996155.1
Paracoccidioides brasiliensis,GCA_001713645.1
Paracoccidioides brasiliensis,GCA_001713695.1
Paracoccidioides brasiliensis,GCA_056247935.1
Paracoccidioides brasiliensis,GCA_056248015.1
Paracoccidioides brasiliensis,GCA_056248035.1
Paracoccidioides brasiliensis Pb03,GCA_000150475.2
Paracoccidioides brasiliensis Pb18,GCA_000150735.2
Paracoccidioides lutzii,GCA_056247755.1
Paracoccidioides lutzii,GCA_056247775.1
Paracoccidioides lutzii Pb01,GCA_000150705.2
Paracoccidioides restrepoana (nom. inval.),GCA_056247795.1
Paracoccidioides restrepoana (nom. inval.),GCA_056247835.1
Paracoccidioides restrepoana (nom. inval.),GCA_056247865.1
Paracoccidioides sp. 'americana',GCA_056247895.1
Paracoccidioides sp. 'americana',GCA_056247915.1
Paracoccidioides sp. IMR-M-Pb 369,GCA_042919335.1
Paracoccidioides venezuelensis (nom. inval.),GCA_056247735.1
Paraconiothyrium brasiliense,GCA_022225985.2
Paraconiothyrium brasiliense,GCA_025388405.1
Paraconiothyrium sp. Pb-2020,GCA_022419385.1
Paracorniculantispora psalliotae,GCA_002796755.1
Paracorniculantispora psalliotae,GCA_051529455.1
Paradiscina melaleuca,GCA_040802845.1
Parafenestella ontariensis,GCA_021596325.1
Paraglomus occultum,GCA_022605545.1
Paragyromitra ambigua,GCA_040803415.1
Paragyromitra ambigua,GCA_040803735.1
Paragyromitra infula,GCA_040803915.1
Paragyromitra sichuanensis,GCA_040803245.1
Paragyromitra xinjiangensis,GCA_038503065.1
Parahypoxylon ruwenzoriense,GCA_051403495.1
Paraisaria gracilis,GCA_051529295.1
Parajaminaea sp. XY52Y-1,GCA_049862275.1
Parajaminaea sp. XY52Y-1,GCA_049862695.1
Paraleptosphaeria nitschkei,GCA_052323595.1
Paraleptosphaeria praetermissa,GCA_052323575.1
Paramarasmius palmivorus,GCA_037176845.1
Paramicrosporidium saccamoebae,GCA_002794465.1
Paramyrothecium foliicola,GCA_023375755.1
Paramyrothecium roridum,GCA_003012165.1
Paramyrothecium sp. XJ0827,GCA_020881915.1
Paraphaeosphaeria minitans,GCA_009707825.1
Paraphaeosphaeria minitans,GCA_015832175.1
Paraphaeosphaeria minitans,GCA_048937215.1
Paraphaeosphaeria minitans,GCA_048937225.1
Paraphaeosphaeria minitans,GCA_048937275.1
Paraphaeosphaeria minitans,GCA_048937285.1
Paraphaeosphaeria minitans,GCA_048937315.1
Paraphaeosphaeria minitans,GCA_048937325.1
Paraphaeosphaeria sporulosa,GCA_001642045.1
Paraphaeosphaeria sporulosa,GCA_037672785.1
Paraphaeosphaeria sporulosa,GCA_048937355.1
Paraphoma chrysanthemicola,GCA_020744215.1
Paraphoma chrysanthemicola,GCA_020744225.1
Paraphoma chrysanthemicola,GCA_030544205.1
Paraphoma sp. B47-9,GCA_001748405.1
Paraphysoderma sedebokerense,GCA_025602915.1
Paraphysoderma sedebokerense,GCA_048544345.1
Paraphysoderma sedebokerense,GCA_051201325.1
Parasarocladium wereldwijsianum,GCA_036250105.1
Parasitella parasitica,GCA_000938895.1
Parasitella parasitica,GCA_025201805.1
Parastagonospora avenae f. sp. avenae,GCA_003501935.1
Parastagonospora avenae f. sp. avenae,GCA_003501955.1
Parastagonospora avenae f. sp. tritici,GCA_003501975.1
Parastagonospora avenae f. sp. tritici,GCA_003502015.1
Parastagonospora avenae f. sp. tritici,GCA_003502495.1
Parastagonospora avenae f. sp. tritici,GCA_003503115.1
Parastagonospora avenae f. sp. tritici,GCA_003503125.1
Parastagonospora avenae f. sp. tritici,GCA_003503165.1
Parastagonospora avenae f. sp. tritici,GCA_003503195.1
Parastagonospora avenae f. sp. tritici,GCA_003503205.1
Parastagonospora avenae f. sp. tritici 18332-5,GCA_022559985.1
Parastagonospora nodorum,GCA_002267005.1
Parastagonospora nodorum,GCA_002267025.1
Parastagonospora nodorum,GCA_002267045.1
Parastagonospora nodorum,GCA_003497825.1
Parastagonospora nodorum,GCA_003497835.1
Parastagonospora nodorum,GCA_003497845.1
Parastagonospora nodorum,GCA_003497885.1
Parastagonospora nodorum,GCA_003497895.1
Parastagonospora nodorum,GCA_003497905.1
Parastagonospora nodorum,GCA_003497945.1
Parastagonospora nodorum,GCA_003497965.1
Parastagonospora nodorum,GCA_003497975.1
Parastagonospora nodorum,GCA_003497985.1
Parastagonospora nodorum,GCA_003498025.1
Parastagonospora nodorum,GCA_003498045.1
Parastagonospora nodorum,GCA_003498055.1
Parastagonospora nodorum,GCA_003498065.1
Parastagonospora nodorum,GCA_003502635.1
Parastagonospora nodorum,GCA_003503065.1
Parastagonospora nodorum,GCA_003503085.1
Parastagonospora nodorum,GCA_003503225.1
Parastagonospora nodorum,GCA_008452785.1
Parastagonospora nodorum,GCA_020557385.1
Parastagonospora nodorum,GCA_020567955.1
Parastagonospora nodorum,GCA_020568045.1
Parastagonospora nodorum,GCA_020568055.1
Parastagonospora nodorum,GCA_020568095.1
Parastagonospora nodorum,GCA_020568205.1
Parastagonospora nodorum,GCA_020568325.1
Parastagonospora nodorum,GCA_020568415.1
Parastagonospora nodorum,GCA_020568465.1
Parastagonospora nodorum,GCA_020568635.1
Parastagonospora nodorum,GCA_020568705.1
Parastagonospora nodorum,GCA_020568765.1
Parastagonospora nodorum,GCA_020568775.1
Parastagonospora nodorum,GCA_020568935.1
Parastagonospora nodorum,GCA_020568945.1
Parastagonospora nodorum,GCA_020569145.1
Parastagonospora nodorum,GCA_020569235.1
Parastagonospora nodorum,GCA_020569285.1
Parastagonospora nodorum,GCA_020569485.1
Parastagonospora nodorum,GCA_020569495.1
Parastagonospora nodorum,GCA_020569505.1
Parastagonospora nodorum,GCA_020569515.1
Parastagonospora nodorum,GCA_020569685.1
Parastagonospora nodorum,GCA_020569895.1
Parastagonospora nodorum,GCA_020569945.1
Parastagonospora nodorum,GCA_020570015.1
Parastagonospora nodorum,GCA_020570045.1
Parastagonospora nodorum,GCA_020570345.1
Parastagonospora nodorum,GCA_020570355.1
Parastagonospora nodorum,GCA_020570395.1
Parastagonospora nodorum,GCA_020570405.1
Parastagonospora nodorum,GCA_020570415.1
Parastagonospora nodorum,GCA_020570525.1
Parastagonospora nodorum,GCA_020570635.1
Parastagonospora nodorum,GCA_020570685.1
Parastagonospora nodorum,GCA_020570735.1
Parastagonospora nodorum,GCA_020570935.1
Parastagonospora nodorum,GCA_020570965.1
Parastagonospora nodorum,GCA_020570975.1
Parastagonospora nodorum,GCA_020571265.1
Parastagonospora nodorum,GCA_020571295.1
Parastagonospora nodorum,GCA_020571325.1
Parastagonospora nodorum,GCA_020571545.1
Parastagonospora nodorum,GCA_020571575.1
Parastagonospora nodorum,GCA_020571605.1
Parastagonospora nodorum,GCA_020571815.1
Parastagonospora nodorum,GCA_020571885.1
Parastagonospora nodorum,GCA_020571895.1
Parastagonospora nodorum,GCA_020571965.1
Parastagonospora nodorum,GCA_020572075.1
Parastagonospora nodorum,GCA_020572205.1
Parastagonospora nodorum,GCA_020572305.1
Parastagonospora nodorum,GCA_020572315.1
Parastagonospora nodorum,GCA_020572345.1
Parastagonospora nodorum,GCA_020572395.1
Parastagonospora nodorum,GCA_020572635.1
Parastagonospora nodorum,GCA_020572645.1
Parastagonospora nodorum,GCA_020572675.1
Parastagonospora nodorum,GCA_020572945.1
Parastagonospora nodorum,GCA_020572955.1
Parastagonospora nodorum,GCA_020572985.1
Parastagonospora nodorum,GCA_020572995.1
Parastagonospora nodorum,GCA_020573275.1
Parastagonospora nodorum,GCA_020573285.1
Parastagonospora nodorum,GCA_020573315.1
Parastagonospora nodorum,GCA_020573325.1
Parastagonospora nodorum,GCA_020573495.1
Parastagonospora nodorum,GCA_020573595.1
Parastagonospora nodorum,GCA_020573605.1
Parastagonospora nodorum,GCA_020573625.1
Parastagonospora nodorum,GCA_020573725.1
Parastagonospora nodorum,GCA_020573765.1
Parastagonospora nodorum,GCA_020573915.1
Parastagonospora nodorum,GCA_020574055.1
Parastagonospora nodorum,GCA_020574085.1
Parastagonospora nodorum,GCA_020574115.1
Parastagonospora nodorum,GCA_020574145.1
Parastagonospora nodorum,GCA_020574155.1
Parastagonospora nodorum,GCA_020574265.1
Parastagonospora nodorum,GCA_020574295.1
Parastagonospora nodorum,GCA_020574345.1
Parastagonospora nodorum,GCA_020574365.1
Parastagonospora nodorum,GCA_020574375.1
Parastagonospora nodorum,GCA_020574385.1
Parastagonospora nodorum,GCA_020574405.1
Parastagonospora nodorum,GCA_020574595.1
Parastagonospora nodorum,GCA_020574615.1
Parastagonospora nodorum,GCA_020574715.1
Parastagonospora nodorum,GCA_020574725.1
Parastagonospora nodorum,GCA_020574755.1
Parastagonospora nodorum,GCA_020574825.1
Parastagonospora nodorum,GCA_020574875.1
Parastagonospora nodorum,GCA_020575035.1
Parastagonospora nodorum,GCA_020575105.1
Parastagonospora nodorum,GCA_020575195.1
Parastagonospora nodorum,GCA_020575285.1
Parastagonospora nodorum,GCA_020575355.1
Parastagonospora nodorum,GCA_020575375.1
Parastagonospora nodorum,GCA_020575405.1
Parastagonospora nodorum,GCA_020575445.1
Parastagonospora nodorum,GCA_020575485.1
Parastagonospora nodorum,GCA_020575615.1
Parastagonospora nodorum,GCA_020575645.1
Parastagonospora nodorum,GCA_020575775.1
Parastagonospora nodorum,GCA_020575955.1
Parastagonospora nodorum,GCA_020575975.1
Parastagonospora nodorum,GCA_020575995.1
Parastagonospora nodorum,GCA_020576185.1
Parastagonospora nodorum,GCA_020576195.1
Parastagonospora nodorum,GCA_020576365.1
Parastagonospora nodorum,GCA_020577795.1
Parastagonospora nodorum,GCA_020577805.1
Parastagonospora nodorum,GCA_020577855.1
Parastagonospora nodorum,GCA_020577905.1
Parastagonospora nodorum,GCA_020577915.1
Parastagonospora nodorum,GCA_020578075.1
Parastagonospora nodorum,GCA_020578085.1
Parastagonospora nodorum,GCA_020578095.1
Parastagonospora nodorum,GCA_020578105.1
Parastagonospora nodorum,GCA_020578115.1
Parastagonospora nodorum,GCA_020578205.1
Parastagonospora nodorum,GCA_020578265.1
Parastagonospora nodorum,GCA_020578295.1
Parastagonospora nodorum,GCA_020578315.1
Parastagonospora nodorum,GCA_020578375.1
Parastagonospora nodorum,GCA_020578445.1
Parastagonospora nodorum,GCA_020578515.1
Parastagonospora nodorum,GCA_020578585.1
Parastagonospora nodorum,GCA_020578615.1
Parastagonospora nodorum,GCA_020579815.1
Parastagonospora nodorum,GCA_020579825.1
Parastagonospora nodorum,GCA_020579835.1
Parastagonospora nodorum,GCA_020579845.1
Parastagonospora nodorum,GCA_020579855.1
Parastagonospora nodorum,GCA_020580075.1
Parastagonospora nodorum,GCA_020580085.1
Parastagonospora nodorum,GCA_020580115.1
Parastagonospora nodorum,GCA_020580145.1
Parastagonospora nodorum,GCA_020580155.1
Parastagonospora nodorum,GCA_020580305.1
Parastagonospora nodorum,GCA_020580415.1
Parastagonospora nodorum,GCA_020580425.1
Parastagonospora nodorum,GCA_020580485.1
Parastagonospora nodorum,GCA_020580655.1
Parastagonospora nodorum,GCA_020580665.1
Parastagonospora nodorum,GCA_020580695.1
Parastagonospora nodorum,GCA_020580725.1
Parastagonospora nodorum,GCA_020580775.1
Parastagonospora nodorum,GCA_020580905.1
Parastagonospora nodorum,GCA_020581045.1
Parastagonospora nodorum,GCA_020581155.1
Parastagonospora nodorum,GCA_020581165.1
Parastagonospora nodorum,GCA_020581275.1
Parastagonospora nodorum,GCA_051013865.1
Parastagonospora nodorum SN15,GCA_000146915.2
Parastagonospora nodorum SN15,GCA_016801405.1
Parastagonospora nodorum Sn79,GCA_002216185.1
Parathielavia appendiculata,GCA_033297405.1
Parathielavia hyrcaniae,GCA_033575675.1
Parengyodontium torokii,GCA_019805375.1
Parmelia sp. 050094,GCA_018257885.1
Pasadenomyces melaninifex,GCA_022813495.1
Pascua guehoae,GCA_001600415.1
Pascua sp. M117-10A,GCA_037040185.1
Pascua sp. PH3313A,GCA_023627955.1
Pascua sp. PH3615,GCA_023628015.1
Pascua sp. PH4015B,GCA_025502685.1
Pascua sp. PK3308B-1,GCA_023627935.1
Pascua sp. PL2904B,GCA_025502645.1
Passalora sequoiae,GCA_013248845.1
Patellaria atrata CBS 101060,GCA_010093705.1
Paxillus ammoniavirescens,GCA_014904835.1
Paxillus involutus ATCC 200175,GCA_000827475.1
Paxillus rubicundulus Ve08.2h10,GCA_000827395.1
Pecoramyces ruminantium,GCA_000412615.1
Peltaster fructicola,GCA_001592805.2
Peltigera leucophlebia,GCA_022814155.1
Peltula sp. TS41687,GCA_026054615.1
Penicilliopsis zonata CBS 506.65,GCA_001890105.1
Penicillium adametzioides,GCA_051944425.1
Penicillium alfredii,GCA_028826965.1
Penicillium angulare,GCA_028826755.1
Penicillium angulare,GCA_028827245.1
Penicillium antarcticum,GCA_002072345.1
Penicillium antarcticum,GCA_028974205.1
Penicillium antarcticum,GCA_055768845.1
Penicillium argentinense,GCA_028826775.1
Penicillium arizonense,GCA_001773325.1
Penicillium atrosanguineum,GCA_028826765.1
Penicillium atrosanguineum,GCA_028826785.1
Penicillium atrosanguineum,GCA_028827005.1
Penicillium atrosanguineum,GCA_028827265.1
Penicillium atrosanguineum,GCA_055755585.1
Penicillium aurantiogriseum,GCA_019977855.1
Penicillium bialowiezense,GCA_026122735.1
Penicillium biforme,GCA_052323515.1
Penicillium biforme,GCA_056365515.1
Penicillium biforme FM169,GCA_000577785.1
Penicillium bovifimosum,GCA_028826915.1
Penicillium brasilianum,GCA_001048715.1
Penicillium brasilianum,GCA_002016555.1
Penicillium brasilianum,GCA_004916855.1
Penicillium brefeldianum,GCA_040333145.1
Penicillium brefeldianum,GCA_040333375.2
Penicillium brefeldianum,GCA_054286845.1
Penicillium brevicompactum,GCA_019843585.1
Penicillium brevicompactum,GCA_022813345.1
Penicillium brevicompactum,GCA_028827255.1
Penicillium brevicompactum,GCA_028827515.1
Penicillium brevicompactum,GCA_028827555.1
Penicillium brevicompactum,GCA_040144005.1
Penicillium brevicompactum,GCA_053572985.1
Penicillium brevicompactum,GCA_053573065.1
Penicillium brevicompactum,GCA_053573205.1
Penicillium brevicompactum,GCA_053573465.1
Penicillium brevicompactum,GCA_053573665.1
Penicillium camemberti,GCA_014839975.1
Penicillium camemberti,GCA_015585745.1
Penicillium camemberti,GCA_015585755.1
Penicillium camemberti,GCA_015586095.1
Penicillium camemberti,GCA_015586265.1
Penicillium camemberti,GCA_054122815.1
Penicillium camemberti,GCA_054124235.1
Penicillium camemberti,GCA_054124505.1
Penicillium camemberti,GCA_054124575.1
Penicillium camemberti,GCA_054124625.1
Penicillium camemberti,GCA_054124655.1
Penicillium camemberti,GCA_054125185.1
Penicillium camemberti,GCA_054125625.1
Penicillium camemberti,GCA_056164985.1
Penicillium camemberti FM 013,GCA_000513335.1
Penicillium canariense,GCA_028826845.1
Penicillium canescens,GCA_028828735.1
Penicillium canescens,GCA_028828745.1
Penicillium canescens,GCA_028828765.1
Penicillium canescens,GCA_028828795.1
Penicillium canescens,GCA_028828825.1
Penicillium canescens,GCA_028829005.1
Penicillium canescens,GCA_028829745.1
Penicillium capsulatum,GCA_000943765.1
Penicillium capsulatum,GCA_000943775.1
Penicillium capsulatum,GCA_028826875.1
Penicillium capsulatum,GCA_028828875.1
Penicillium carneum LCP05634,GCA_000577495.1
Penicillium caseifulvum,GCA_022813165.1
Penicillium caseifulvum,GCA_022813545.1
Penicillium caseifulvum,GCA_055769125.1
Penicillium cataractarum,GCA_028827025.1
Penicillium cf. chrysogenum,GCA_019827435.1
Penicillium cf. chrysogenum,GCA_019827475.1
Penicillium cf. chrysogenum,GCA_019828795.1
Penicillium cf. chrysogenum,GCA_019828875.1
Penicillium cf. chrysogenum,GCA_020284065.1
Penicillium cf. griseofulvum,GCA_028826995.1
Penicillium cf. griseofulvum,GCA_028827235.1
Penicillium cf. griseofulvum,GCA_028974015.1
Penicillium cf. viridicatum,GCA_028974045.1
Penicillium chermesinum,GCA_028828985.1
Penicillium chermesinum,GCA_028974085.1
Penicillium chrysogenum,GCA_000710275.1
Penicillium chrysogenum,GCA_000801355.1
Penicillium chrysogenum,GCA_002080375.1
Penicillium chrysogenum,GCA_015585735.1
Penicillium chrysogenum,GCA_015585855.1
Penicillium chrysogenum,GCA_015585875.1
Penicillium chrysogenum,GCA_015585955.1
Penicillium chrysogenum,GCA_015585965.1
Penicillium chrysogenum,GCA_015586015.1
Penicillium chrysogenum,GCA_015586055.1
Penicillium chrysogenum,GCA_015586075.1
Penicillium chrysogenum,GCA_015586135.1
Penicillium chrysogenum,GCA_015586295.1
Penicillium chrysogenum,GCA_015586305.1
Penicillium chrysogenum,GCA_015586315.1
Penicillium chrysogenum,GCA_015586365.1
Penicillium chrysogenum,GCA_015586395.1
Penicillium chrysogenum,GCA_015586415.1
Penicillium chrysogenum,GCA_015586425.1
Penicillium chrysogenum,GCA_023624135.1
Penicillium chrysogenum,GCA_023624165.1
Penicillium chrysogenum,GCA_023624185.1
Penicillium chrysogenum,GCA_023624235.1
Penicillium chrysogenum,GCA_023624255.1
Penicillium chrysogenum,GCA_023624275.1
Penicillium chrysogenum,GCA_023624295.1
Penicillium chrysogenum,GCA_023624315.1
Penicillium chrysogenum,GCA_023624335.1
Penicillium chrysogenum,GCA_023624355.1
Penicillium chrysogenum,GCA_023624375.1
Penicillium chrysogenum,GCA_023624395.1
Penicillium chrysogenum,GCA_023624415.1
Penicillium chrysogenum,GCA_023624435.1
Penicillium chrysogenum,GCA_023624455.1
Penicillium chrysogenum,GCA_023626595.1
Penicillium chrysogenum,GCA_023626635.1
Penicillium chrysogenum,GCA_023626655.1
Penicillium chrysogenum,GCA_023626675.1
Penicillium chrysogenum,GCA_023626695.1
Penicillium chrysogenum,GCA_023626715.1
Penicillium chrysogenum,GCA_023626735.1
Penicillium chrysogenum,GCA_023626755.1
Penicillium chrysogenum,GCA_023626775.1
Penicillium chrysogenum,GCA_023626795.1
Penicillium chrysogenum,GCA_023626815.1
Penicillium chrysogenum,GCA_023626835.1
Penicillium chrysogenum,GCA_023626855.1
Penicillium chrysogenum,GCA_023626875.1
Penicillium chrysogenum,GCA_023626895.1
Penicillium chrysogenum,GCA_023626915.1
Penicillium chrysogenum,GCA_023626935.1
Penicillium chrysogenum,GCA_023626955.1
Penicillium chrysogenum,GCA_023626975.1
Penicillium chrysogenum,GCA_023626995.1
Penicillium chrysogenum,GCA_023627015.1
Penicillium chrysogenum,GCA_023627035.1
Penicillium chrysogenum,GCA_023627055.1
Penicillium chrysogenum,GCA_023627075.1
Penicillium chrysogenum,GCA_023627095.1
Penicillium chrysogenum,GCA_023627115.1
Penicillium chrysogenum,GCA_023627135.1
Penicillium chrysogenum,GCA_023627155.1
Penicillium chrysogenum,GCA_023627175.1
Penicillium chrysogenum,GCA_023627195.1
Penicillium chrysogenum,GCA_023627215.1
Penicillium chrysogenum,GCA_023627235.1
Penicillium chrysogenum,GCA_023627255.1
Penicillium chrysogenum,GCA_023627275.1
Penicillium chrysogenum,GCA_023627295.1
Penicillium chrysogenum,GCA_023627315.1
Penicillium chrysogenum,GCA_023627335.1
Penicillium chrysogenum,GCA_023627355.1
Penicillium chrysogenum,GCA_025590035.1
Penicillium chrysogenum,GCA_025768145.1
Penicillium chrysogenum,GCA_025768175.1
Penicillium chrysogenum,GCA_025768475.1
Penicillium chrysogenum,GCA_027569345.1
Penicillium chrysogenum,GCA_028826945.1
Penicillium chrysogenum,GCA_028827015.1
Penicillium chrysogenum,GCA_028827035.1
Penicillium chrysogenum,GCA_028828955.1
Penicillium chrysogenum,GCA_028891605.1
Penicillium chrysogenum,GCA_044231845.1
Penicillium chrysogenum,GCA_044231865.1
Penicillium chrysogenum,GCA_048127645.1
Penicillium chrysogenum,GCA_056247635.1
Penicillium chrysogenum,GCA_056320565.1
Penicillium chrysogenum KF-25,GCA_000816005.1
Penicillium chrysogenum NCPC10086,GCA_000523475.1
Penicillium cinerascens,GCA_028974065.1
Penicillium citrinum,GCA_001399475.1
Penicillium citrinum,GCA_001950535.1
Penicillium citrinum,GCA_019191195.1
Penicillium citrinum,GCA_020284165.1
Penicillium citrinum,GCA_023624595.1
Penicillium citrinum,GCA_023624655.1
Penicillium citrinum,GCA_023624675.1
Penicillium citrinum,GCA_025531905.1
Penicillium citrinum,GCA_025768325.1
Penicillium citrinum,GCA_025768355.1
Penicillium citrinum,GCA_025768385.1
Penicillium citrinum,GCA_025768405.1
Penicillium citrinum,GCA_025768445.1
Penicillium citrinum,GCA_025768525.1
Penicillium citrinum,GCA_025768555.1
Penicillium citrinum,GCA_025768585.1
Penicillium citrinum,GCA_025768615.1
Penicillium citrinum,GCA_025768645.1
Penicillium citrinum,GCA_025768665.1
Penicillium citrinum,GCA_025768705.1
Penicillium citrinum,GCA_025768735.1
Penicillium citrinum,GCA_025768765.1
Penicillium citrinum,GCA_025768795.1
Penicillium citrinum,GCA_025782865.1
Penicillium citrinum,GCA_027569755.1
Penicillium citrinum,GCA_028827155.1
Penicillium citrinum,GCA_036320845.1
Penicillium citrinum,GCA_037044215.1
Penicillium coffeae,GCA_035985395.1
Penicillium commune,GCA_053572565.1
Penicillium commune,GCA_053572575.1
Penicillium commune,GCA_053572605.1
Penicillium commune,GCA_053572625.1
Penicillium commune,GCA_053572645.1
Penicillium commune,GCA_053572665.1
Penicillium commune,GCA_053572685.1
Penicillium commune,GCA_053572705.1
Penicillium commune,GCA_053572725.1
Penicillium commune,GCA_053572745.1
Penicillium commune,GCA_053572765.1
Penicillium commune,GCA_053572785.1
Penicillium commune,GCA_053572805.1
Penicillium commune,GCA_053572825.1
Penicillium commune,GCA_053572845.1
Penicillium commune,GCA_053572865.1
Penicillium commune,GCA_053572885.1
Penicillium commune,GCA_053572905.1
Penicillium commune,GCA_053572945.1
Penicillium commune,GCA_053572965.1
Penicillium commune,GCA_053573005.1
Penicillium commune,GCA_053573045.1
Penicillium commune,GCA_053573085.1
Penicillium commune,GCA_053573125.1
Penicillium commune,GCA_053573145.1
Penicillium commune,GCA_053573165.1
Penicillium commune,GCA_053573185.1
Penicillium commune,GCA_053573225.1
Penicillium commune,GCA_053573245.1
Penicillium commune,GCA_053573265.1
Penicillium commune,GCA_053573285.1
Penicillium commune,GCA_053573305.1
Penicillium commune,GCA_053573325.1
Penicillium commune,GCA_053573345.1
Penicillium commune,GCA_053573365.1
Penicillium commune,GCA_053573385.1
Penicillium commune,GCA_053573405.1
Penicillium commune,GCA_053573425.1
Penicillium commune,GCA_053573445.1
Penicillium commune,GCA_053573485.1
Penicillium commune,GCA_053573505.1
Penicillium commune,GCA_053573525.1
Penicillium commune,GCA_053573545.1
Penicillium commune,GCA_053573565.1
Penicillium commune,GCA_053573585.1
Penicillium commune,GCA_053573605.1
Penicillium commune,GCA_053573645.1
Penicillium commune,GCA_053573685.1
Penicillium commune,GCA_053573855.1
Penicillium commune,GCA_053573875.1
Penicillium commune,GCA_053573915.1
Penicillium commune,GCA_053573935.1
Penicillium commune,GCA_053573955.1
Penicillium commune,GCA_053573975.1
Penicillium commune,GCA_053573995.1
Penicillium commune,GCA_053574015.1
Penicillium commune,GCA_053574035.1
Penicillium commune,GCA_053574055.1
Penicillium commune,GCA_053574075.1
Penicillium commune,GCA_053574095.1
Penicillium commune,GCA_053574115.1
Penicillium commune,GCA_053574135.1
Penicillium commune,GCA_053574155.1
Penicillium commune,GCA_053574175.1
Penicillium commune,GCA_053574195.1
Penicillium concentricum,GCA_028827145.1
Penicillium coprophilum,GCA_002072405.1
Penicillium coprophilum,GCA_027569365.1
Penicillium coprophilum,GCA_028826855.1
Penicillium corylophilum,GCA_018410145.1
Penicillium corylophilum,GCA_018410175.1
Penicillium corylophilum,GCA_056320115.1
Penicillium cosmopolitanum,GCA_028827165.1
Penicillium crustosum,GCA_014621375.1
Penicillium crustosum,GCA_025583935.1
Penicillium crustosum,GCA_028827405.1
Penicillium crustosum,GCA_043643955.1
Penicillium crustosum,GCA_052110735.1
Penicillium crustosum,GCA_054966605.1
Penicillium crystallinum,GCA_027569675.1
Penicillium daleae,GCA_028827525.1
Penicillium decumbens,GCA_002072245.1
Penicillium decumbens,GCA_022813135.1
Penicillium decumbens,GCA_022813305.1
Penicillium decumbens,GCA_027569385.1
Penicillium desertorum,GCA_028827375.1
Penicillium diatomitis,GCA_028827545.1
Penicillium digitatum,GCA_012295545.2
Penicillium digitatum,GCA_016767815.1
Penicillium digitatum,GCA_027569805.1
Penicillium digitatum PDC 102,GCA_001307865.1
Penicillium digitatum PHI26,GCA_000315665.1
Penicillium digitatum Pd01-ZJU,GCA_000485865.1
Penicillium digitatum Pd1,GCA_000315645.2
Penicillium dipodomyicola,GCA_015585765.1
Penicillium dipodomyicola,GCA_015585785.1
Penicillium dipodomyicola,GCA_015585975.1
Penicillium expansum,GCA_000688875.1
Penicillium expansum,GCA_000769735.1
Penicillium expansum,GCA_000769745.1
Penicillium expansum,GCA_000769755.1
Penicillium expansum,GCA_001750045.2
Penicillium expansum,GCA_004302965.1
Penicillium expansum,GCA_022829055.1
Penicillium expansum,GCA_023624475.1
Penicillium expansum,GCA_028827855.1
Penicillium expansum,GCA_042477485.1
Penicillium expansum,GCA_044231815.1
Penicillium expansum,GCA_052818325.1
Penicillium expansum NRRL 62431,GCA_000584915.1
Penicillium expansum T01,GCA_001008385.1
Penicillium fimorum,GCA_028828255.1
Penicillium flavigenum,GCA_002072365.1
Penicillium freii,GCA_001513925.1
Penicillium freii,GCA_028827385.1
Penicillium freii,GCA_037042235.1
Penicillium freii,GCA_053573025.1
Penicillium frequentans,GCA_028827865.1
Penicillium frequentans,GCA_028828275.1
Penicillium fructuariae-cellae,GCA_037044005.1
Penicillium fuscoglaucum,GCA_019804545.1
Penicillium fuscoglaucum,GCA_019804555.1
Penicillium fuscoglaucum,GCA_022813365.1
Penicillium fuscoglaucum,GCA_040250155.1
Penicillium fuscoglaucum,GCA_052323535.1
Penicillium fuscoglaucum FM041,GCA_000576735.1
Penicillium glabrum,GCA_037040985.1
Penicillium glycyrrhizacola,GCA_025586815.1
Penicillium goetzii,GCA_037043885.1
Penicillium griseofulvum,GCA_001561935.1
Penicillium griseofulvum,GCA_001735785.1
Penicillium griseofulvum,GCA_020557365.1
Penicillium griseofulvum,GCA_047426335.1
Penicillium griseoroseum,GCA_015585865.1
Penicillium griseoroseum,GCA_015585885.1
Penicillium griseoroseum,GCA_015586035.1
Penicillium herquei,GCA_026401425.1
Penicillium herquei,GCA_028828265.1
Penicillium herquei,GCA_028828675.1
Penicillium herquei,GCA_039634405.1
Penicillium hetheringtonii,GCA_028827645.1
Penicillium hispanicum,GCA_028827665.1
Penicillium hordei,GCA_028827395.1
Penicillium italicum,GCA_000769765.1
Penicillium italicum,GCA_001008395.1
Penicillium italicum,GCA_002116305.1
Penicillium janthinellum,GCA_002369805.1
Penicillium janthinellum,GCA_023626455.1
Penicillium janthinellum,GCA_023626475.1
Penicillium janthinellum,GCA_027569415.1
Penicillium koreense,GCA_050613445.1
Penicillium lagena,GCA_028827675.1
Penicillium lividum,GCA_028828245.1
Penicillium longicatenatum,GCA_028827875.1
Penicillium longicatenatum,GCA_028827895.1
Penicillium maclennaniae,GCA_028827695.1
Penicillium macrosclerotiorum,GCA_028827735.1
Penicillium majusculum,GCA_028828285.1
Penicillium malachiteum,GCA_028827775.1
Penicillium malachiteum,GCA_028827825.1
Penicillium malachiteum,GCA_028828335.1
Penicillium manginii,GCA_028828005.1
Penicillium mexicanum,GCA_051200395.1
Penicillium mononematosum,GCA_028829835.1
Penicillium nalgiovense,GCA_002072425.1
Penicillium nalgiovense FM193,GCA_000577395.2
Penicillium nordicum,GCA_000733025.3
Penicillium nordicum,GCA_001278595.1
Penicillium nordicum,GCA_055769145.1
Penicillium nucicola,GCA_028828085.1
Penicillium occitanis (nom. inval.),GCA_002382835.1
Penicillium occitanis (nom. inval.),GCA_002382855.1
Penicillium ochrochloron,GCA_022985105.1
Penicillium ochrochloron,GCA_047150385.1
Penicillium odoratum,GCA_028828045.1
Penicillium olsonii,GCA_025502625.1
Penicillium oxalicum,GCA_001723175.3
Penicillium oxalicum,GCA_004153425.1
Penicillium oxalicum,GCA_004521935.1
Penicillium oxalicum,GCA_005546515.1
Penicillium oxalicum,GCA_021133555.1
Penicillium oxalicum,GCA_022570495.1
Penicillium oxalicum,GCA_023624835.1
Penicillium oxalicum,GCA_023624855.1
Penicillium oxalicum,GCA_030378375.1
Penicillium oxalicum,GCA_037043875.1
Penicillium oxalicum,GCA_051942915.1
Penicillium oxalicum 114-2,GCA_000346795.1
Penicillium oxalicum JU-A10-T,GCA_000383025.1
Penicillium oxalicum YT02,GCA_002072455.1
Penicillium palitans,GCA_019189255.1
Penicillium palitans,GCA_019189265.1
Penicillium palitans,GCA_019189285.1
Penicillium palitans,GCA_019189355.1
Penicillium palitans,GCA_019189365.1
Penicillium palitans,GCA_019190165.1
Penicillium palitans,GCA_019190185.1
Penicillium palitans,GCA_019190355.1
Penicillium palitans,GCA_019190485.1
Penicillium palitans,GCA_019190725.1
Penicillium palitans,GCA_019191035.1
Penicillium palitans,GCA_019191045.1
Penicillium palitans,GCA_019191055.1
Penicillium pancosmium,GCA_031761475.1
Penicillium paneum,GCA_023624495.1
Penicillium paneum,GCA_023624515.1
Penicillium paneum,GCA_023624535.1
Penicillium paneum,GCA_023624555.1
Penicillium paneum,GCA_023624575.1
Penicillium paneum,GCA_023624615.1
Penicillium paneum,GCA_023624635.1
Penicillium paneum,GCA_023627375.1
Penicillium paneum,GCA_051521465.1
Penicillium paneum FM227,GCA_000577715.1
Penicillium paradoxum,GCA_028828445.1
Penicillium parvum,GCA_030035635.1
Penicillium paxilli ATCC 26601,GCA_000347475.1
Penicillium polonicum,GCA_002072265.1
Penicillium polonicum,GCA_003344595.1
Penicillium polonicum,GCA_013466175.1
Penicillium polonicum,GCA_015585905.1
Penicillium polonicum,GCA_025589915.1
Penicillium polonicum,GCA_025590805.1
Penicillium polonicum,GCA_025768265.1
Penicillium polonicum,GCA_025768295.1
Penicillium polonicum,GCA_025768855.1
Penicillium polonicum,GCA_027569845.1
Penicillium polonicum,GCA_034423695.1
Penicillium polonicum,GCA_053572925.1
Penicillium polonicum,GCA_053573825.1
Penicillium psychrosexuale,GCA_028828465.1
Penicillium pulvis,GCA_028828015.1
Penicillium raperi,GCA_040333315.2
Penicillium riverlandense,GCA_028828495.1
Penicillium robsamsonii,GCA_019804565.1
Penicillium robsamsonii,GCA_028829455.1
Penicillium rolfsii,GCA_011392555.1
Penicillium roqueforti,GCA_000737485.2
Penicillium roqueforti,GCA_001599855.1
Penicillium roqueforti,GCA_001939915.1
Penicillium roqueforti,GCA_015533775.1
Penicillium roqueforti,GCA_022829115.1
Penicillium roqueforti,GCA_023065375.1
Penicillium roqueforti,GCA_023065415.1
Penicillium roqueforti,GCA_023065465.1
Penicillium roqueforti,GCA_023065495.1
Penicillium roqueforti,GCA_023065525.1
Penicillium roqueforti,GCA_023065595.1
Penicillium roqueforti,GCA_023065625.1
Penicillium roqueforti,GCA_023065655.1
Penicillium roqueforti,GCA_023065685.1
Penicillium roqueforti,GCA_023091085.1
Penicillium roqueforti,GCA_023137995.1
Penicillium roqueforti,GCA_023138005.1
Penicillium roqueforti,GCA_023138015.1
Penicillium roqueforti,GCA_023138355.1
Penicillium roqueforti,GCA_023138445.1
Penicillium roqueforti,GCA_023138615.1
Penicillium roqueforti,GCA_023138645.1
Penicillium roqueforti,GCA_023138675.1
Penicillium roqueforti,GCA_023141115.1
Penicillium roqueforti,GCA_023141145.1
Penicillium roqueforti,GCA_023141155.1
Penicillium roqueforti,GCA_023141165.1
Penicillium roqueforti,GCA_023141195.1
Penicillium roqueforti,GCA_023141205.1
Penicillium roqueforti,GCA_023141235.1
Penicillium roqueforti,GCA_023141275.1
Penicillium roqueforti,GCA_023141305.1
Penicillium roqueforti,GCA_023141315.1
Penicillium roqueforti,GCA_023141355.1
Penicillium roqueforti,GCA_023141385.1
Penicillium roqueforti,GCA_023141395.1
Penicillium roqueforti,GCA_023141515.1
Penicillium roqueforti,GCA_030518555.1
Penicillium roqueforti,GCA_054123295.1
Penicillium roqueforti,GCA_054123515.1
Penicillium roqueforti,GCA_054123555.1
Penicillium roqueforti,GCA_054123635.1
Penicillium roqueforti,GCA_054124305.1
Penicillium roqueforti,GCA_054124415.1
Penicillium roqueforti,GCA_054124955.1
Penicillium roqueforti,GCA_056153085.1
Penicillium roqueforti,GCA_056153105.1
Penicillium roqueforti,GCA_056153125.1
Penicillium roqueforti,GCA_056153165.1
Penicillium roqueforti FM164,GCA_000513255.1
Penicillium rubens,GCA_011058885.1
Penicillium rubens,GCA_019189245.1
Penicillium rubens,GCA_019189275.1
Penicillium rubens,GCA_027256995.2
Penicillium rubens,GCA_027257005.2
Penicillium rubens,GCA_028751425.1
Penicillium rubens,GCA_028828025.1
Penicillium rubens,GCA_028828505.1
Penicillium rubens,GCA_037044095.1
Penicillium rubens,GCA_053573105.1
Penicillium rubens,GCA_053573625.1
Penicillium rubens,GCA_053573895.1
Penicillium rubens Wisconsin 54-1255,GCA_000226395.1
Penicillium salamii,GCA_054124475.1
Penicillium samsonianum,GCA_028829775.1
Penicillium sclerotiorum,GCA_001750025.1
Penicillium sclerotiorum,GCA_027569435.1
Penicillium silybi,GCA_027569585.1
Penicillium simplicissimum,GCA_024706585.1
Penicillium simplicissimum,GCA_027569445.1
Penicillium simplicissimum,GCA_027569465.1
Penicillium solitum,GCA_000952775.2
Penicillium solitum,GCA_001750005.1
Penicillium solitum,GCA_002072235.1
Penicillium solitum,GCA_023624695.1
Penicillium solitum,GCA_023624715.1
Penicillium solitum,GCA_023624735.1
Penicillium solitum,GCA_023624755.1
Penicillium solitum,GCA_023624775.1
Penicillium solitum,GCA_023624785.1
Penicillium solitum,GCA_023624815.1
Penicillium solitum,GCA_028829755.1
Penicillium soppii,GCA_028829465.1
Penicillium sp.,GCA_054123695.1
Penicillium sp.,GCA_054124195.1
Penicillium sp. 32 TS-2023,GCA_039702135.1
Penicillium sp. 91 TS-2023,GCA_030710325.1
Penicillium sp. B98-03,GCA_037042535.1
Penicillium sp. BH-15,GCA_054643875.1
Penicillium sp. BM32,GCA_029142745.1
Penicillium sp. BW_12,GCA_008931925.1
Penicillium sp. BW_162_3FA,GCA_008931945.1
Penicillium sp. BW_MB,GCA_008931935.1
Penicillium sp. C7(2024),GCA_037356175.1
Penicillium sp. CF01,GCA_005250745.2
Penicillium sp. CF05,GCA_002916455.1
Penicillium sp. CMV-2018d,GCA_028827225.1
Penicillium sp. D2Mb,GCA_025768115.1
Penicillium sp. D9,GCA_037356155.1
Penicillium sp. DT28,GCA_036712075.1
Penicillium sp. DV-2018c,GCA_028827425.1
Penicillium sp. DV-2018c,GCA_028827535.1
Penicillium sp. E22,GCA_035048945.1
Penicillium sp. F2(2024),GCA_037414295.1
Penicillium sp. F50,GCA_037356195.1
Penicillium sp. F51,GCA_037356495.1
Penicillium sp. G339,GCA_027569595.1
Penicillium sp. G342,GCA_027569895.1
Penicillium sp. GS218,GCA_049463015.1
Penicillium sp. HKF2,GCA_002000375.1
Penicillium sp. IBT 16267x,GCA_028828865.1
Penicillium sp. IBT 18751x,GCA_028828935.1
Penicillium sp. IBT 31633x,GCA_028827885.1
Penicillium sp. IBT 35674x,GCA_028828895.1
Penicillium sp. INA 01369,GCA_047663515.1
Penicillium sp. M121-12C,GCA_037042505.1
Penicillium sp. M1327,GCA_023626435.1
Penicillium sp. MA 6036,GCA_003138045.1
Penicillium sp. MA 6040,GCA_003138025.1
Penicillium sp. MBC 424,GCA_030779445.1
Penicillium sp. MBC 428,GCA_030779285.1
Penicillium sp. MT2 MMC-2018,GCA_003852855.1
Penicillium sp. MT45,GCA_029142755.1
Penicillium sp. MYA5,GCA_037074905.1
Penicillium sp. OUCMDZ-019,GCA_011750695.1
Penicillium sp. PF1803,GCA_023626575.1
Penicillium sp. PF2412A,GCA_023626555.1
Penicillium sp. PG106-07D,GCA_037042255.1
Penicillium sp. PG113-03A,GCA_037042135.1
Penicillium sp. PG115-01,GCA_037042625.1
Penicillium sp. PH3801,GCA_023626615.1
Penicillium sp. PQxj3,GCA_052814635.1
Penicillium sp. PT4103,GCA_023626495.1
Penicillium sp. R1202D,GCA_023626515.1
Penicillium sp. S103-07,GCA_037042055.1
Penicillium sp. S1126A,GCA_023626535.1
Penicillium sp. S1316,GCA_023627405.1
Penicillium sp. S1602,GCA_023626355.1
Penicillium sp. S1701,GCA_023626415.1
Penicillium sp. SPG-F1,GCA_003800495.2
Penicillium sp. SPG-F15,GCA_003800485.2
Penicillium sp. VS AB III KN,GCA_019775275.1
Penicillium sp. VS AB III KN 1,GCA_019775305.1
Penicillium sp. VS I D KN,GCA_019775415.1
Penicillium sp. VS I D KN 3,GCA_019775465.1
Penicillium sp. W3 MMC-2018,GCA_004959885.1
Penicillium sp. WT45,GCA_029142805.1
Penicillium sp. str. #12,GCA_013138035.1
Penicillium steckii,GCA_002072375.1
Penicillium steckii,GCA_018340795.1
Penicillium subrubescens,GCA_001908125.1
Penicillium subrubescens,GCA_028828155.1
Penicillium sumatraense,GCA_020086695.1
Penicillium sumatraense,GCA_022813645.1
Penicillium sumatraense,GCA_022813665.1
Penicillium sumatraense,GCA_037041715.1
Penicillium tannophilum,GCA_028829675.1
Penicillium taxi,GCA_028828555.1
Penicillium thymicola,GCA_030142185.1
Penicillium turbatum,GCA_028751415.1
Penicillium turbatum,GCA_030762825.1
Penicillium ucsense,GCA_014839625.1
Penicillium ucsense,GCA_014839855.1
Penicillium verhagenii,GCA_028828195.1
Penicillium verhagenii,GCA_028828565.1
Penicillium verrucosum,GCA_000970515.2
Penicillium verrucosum,GCA_025585045.1
Penicillium verrucosum,GCA_025585095.1
Penicillium verrucosum,GCA_028828655.1
Penicillium viridicatum,GCA_028828185.1
Penicillium vulpinum,GCA_002072255.1
Penicillium vulpinum,GCA_027569495.1
Penicillium vulpinum,GCA_028829585.1
Penicillium waksmanii,GCA_028829765.1
Peniophora incarnata,GCA_040802745.1
Peniophora sp. CONT,GCA_001632445.1
Peribolospora baueri,GCA_029717545.1
Peribolospora baueri,GCA_029717555.1
Peribolospora kevripleyi,GCA_029717565.1
Peribolospora kevripleyi,GCA_029717575.1
Periconia macrospinosa,GCA_003073855.1
Periconia sp. R9002,GCA_023627715.1
Periconia sp. TS-2,GCA_030378425.1
Periconia sp. VP-2025a,GCA_048934345.1
Periglandula clandestina,GCA_043678795.1
Periglandula ipomoeae IasaF13,GCA_000222875.2
Peroneutypa diatrypoides,GCA_054134705.1
Peroneutypa scoparia,GCA_043791975.1
Peroneutypa sp. 2 Styx25C100m-44,GCA_043791935.1
Pestalotiopsis disseminata,GCA_055824565.1
Pestalotiopsis fici W106-1,GCA_000516985.1
Pestalotiopsis kenyana,GCA_018092595.1
Pestalotiopsis microspora,GCA_041412015.1
Pestalotiopsis neglecta,GCA_030412595.1
Pestalotiopsis sp. 9143b,GCA_023701735.1
Pestalotiopsis sp. CR013,GCA_018092615.1
Pestalotiopsis sp. DP-2020a,GCA_018115615.1
Pestalotiopsis sp. IQ-011,GCA_036852665.1
Pestalotiopsis sp. JCM 9685,GCA_001599175.1
Pestalotiopsis sp. LF_19_12,GCA_023510015.1
Pestalotiopsis sp. MUOB 440515,GCA_021199905.1
Pestalotiopsis sp. NC0098,GCA_022432395.1
Petasospora adriatica,GCA_030558135.1
Petasospora americana,GCA_003708795.3
Petasospora americana,GCA_009281745.1
Petasospora amylophila,GCA_030557155.1
Petasospora bimundalis,GCA_030569745.1
Petasospora easanensis,GCA_030580135.1
Petasospora euphorbiae,GCA_030567115.1
Petasospora euphorbiiphila,GCA_030556625.1
Petasospora fabianii,GCA_001599195.1
Petasospora fabianii,GCA_001983305.1
Petasospora fabianii,GCA_003205855.1
Petasospora fabianii,GCA_004195225.1
Petasospora fabianii,GCA_018343965.1
Petasospora fabianii,GCA_022641835.1
Petasospora fabianii,GCA_030573435.1
Petasospora fabianii,GCA_050575385.1
Petasospora hungchunana,GCA_030563225.1
Petasospora japonica,GCA_030557175.1
Petasospora maesae,GCA_030563305.1
Petasospora maritima,GCA_030557345.1
Petasospora meyerae,GCA_030462915.1
Petasospora mississippiensis,GCA_030581715.1
Petasospora mycetangii,GCA_003708295.3
Petasospora nakhonratchasimensis,GCA_030572335.1
Petasospora petersonii,GCA_003706915.2
Petasospora petersonii,GCA_030574135.1
Petasospora rhodanensis,GCA_030569395.1
Petasospora stauntonica,GCA_030558335.1
Petasospora taoyuanica,GCA_030567055.1
Petasospora veronae,GCA_030563065.1
Petasospora xishuangbannaensis,GCA_030585085.1
Petasospora xylosilytica,GCA_003708285.2
Peterozyma toletana,GCA_003706045.2
Peterozyma xylosa,GCA_003243075.1
Peterozyma xylosa,GCA_003706035.2
Pewenomyces kalosus,GCA_041228655.1
Pewenomyces kalosus,GCA_041228675.1
Pewenomyces kutranfy,GCA_041228665.1
Pewenomyces lalenivora,GCA_041228635.1
Pewenomyces lalenivora,GCA_041260115.1
Pewenomyces tapulicola,GCA_041228645.1
Pezicula carpinea,GCA_026119845.1
Pezicula neosporulosa,GCA_009805495.1
Pezicula radicicola,GCA_003008705.1
Pezicula rhizophila,GCA_022190145.1
Pezicula sp. G233_23,GCA_049997395.1
Pezicula sp. G255_23,GCA_049999005.1
Pezicula sp. G284_23,GCA_049997435.1
Pezicula sp. G799_22,GCA_049998765.1
Peziza echinospora,GCA_024516245.1
Peziza echinospora,GCA_055762025.1
Pezizomycotina sp. ARF18,GCA_002224055.1
Pezizomycotina sp. MK-2025a,GCA_051820495.1
Phaeoacremonium minimum UCRPA7,GCA_000392275.1
Phaeoisaria parallela,GCA_051820765.1
Phaeolepiota aurea,GCA_036937095.1
Phaeomoniella chlamydospora,GCA_001006345.1
Phaeomoniella chlamydospora RR-HG1,GCA_000590965.1
Phaeophleospora eucalypticola,GCA_022814565.1
Phaeosphaeria sp. A1 3.1a,GCA_003501895.1
Phaeosphaeria sp. H6.2b,GCA_003503105.1
Phaeosphaeria sp. MPI-PUGE-AT-0046c,GCA_020747045.1
Phaeosphaeriaceae sp. PMI808,GCA_021365335.1
Phaeosphaeriaceae sp. SRC1lsM3a,GCA_001644525.1
Phaeosphaeriaceae sp. UM 1110,GCA_000263175.2
Phaeotremella fagi,GCA_001599715.1
Phaeotremella pseudofoliacea,GCA_040362585.1
Phaeotremella skinneri,GCA_001599695.1
Phaffia australis,GCA_014825575.1
Phaffia rhodozyma,GCA_001007165.2
Phaffia rhodozyma,GCA_001579715.1
Phaffia rhodozyma,GCA_001600435.1
Phaffia rhodozyma,GCA_014706385.1
Phaffia rhodozyma,GCA_019201825.1
Phaffia rhodozyma,GCA_022059005.1
Phaffia rhodozyma,GCA_023566135.1
Phaffia rhodozyma,GCA_028533015.1
Phaffia rhodozyma,GCA_037127225.1
Phaffia tasmanica,GCA_014825565.1
Phaffomyces antillensis,GCA_003707195.2
Phaffomyces coquimbonensis,GCA_030566895.1
Phaffomyces opuntiae,GCA_003707165.2
Phaffomyces orbus,GCA_003708145.3
Phaffomyces thermotolerans,GCA_003707215.2
Phakopsora pachyrhizi,GCA_025201825.1
Phakopsora pachyrhizi,GCA_055471855.1
Phakopsora pachyrhizi,GCA_055471895.1
Phakopsora pachyrhizi,GCA_055471915.1
Phakopsora pachyrhizi,GCA_055471935.1
Phakopsora pachyrhizi,GCA_055471945.1
Phakopsora pachyrhizi,GCA_055471975.1
Phakopsora pachyrhizi,GCA_055472675.1
Phakopsora pachyrhizi,GCA_055472695.1
Phakopsora pachyrhizi,GCA_055472715.1
Phakopsora pachyrhizi,GCA_055472735.1
Phakopsora pachyrhizi,GCA_055472755.1
Phakopsora pachyrhizi,GCA_055472775.1
Phakopsora pachyrhizi,GCA_055472795.1
Phakopsora pachyrhizi,GCA_055472815.1
Phakopsora pachyrhizi,GCA_055472835.1
Phakopsora pachyrhizi,GCA_055472855.1
Phakopsora pachyrhizi,GCA_055472875.1
Phakopsora pachyrhizi,GCA_055472895.1
Phakopsora pachyrhizi,GCA_055472915.1
Phakopsora pachyrhizi,GCA_055472935.1
Phakopsora pachyrhizi,GCA_055472955.1
Phakopsora pachyrhizi,GCA_055472975.1
Phakopsora pachyrhizi,GCA_055472995.1
Phakopsora pachyrhizi,GCA_055473015.1
Phakopsora pachyrhizi,GCA_055473035.1
Phakopsora pachyrhizi,GCA_055473055.1
Phakopsora pachyrhizi,GCA_055473075.1
Phakopsora pachyrhizi,GCA_055473095.1
Phakopsora pachyrhizi,GCA_055473115.1
Phakopsora pachyrhizi,GCA_055473135.1
Phakopsora pachyrhizi,GCA_055473155.1
Phakopsora pachyrhizi,GCA_055473175.1
Phakopsora pachyrhizi,GCA_055473195.1
Phakopsora pachyrhizi,GCA_055473215.1
Phakopsora pachyrhizi,GCA_055473235.1
Phakopsora pachyrhizi,GCA_055473255.1
Phakopsora pachyrhizi,GCA_055473275.1
Phakopsora pachyrhizi,GCA_055473295.1
Phakopsora pachyrhizi,GCA_055473315.1
Phakopsora pachyrhizi,GCA_055473335.1
Phakopsora pachyrhizi,GCA_055473355.1
Phakopsora pachyrhizi,GCA_055473375.1
Phakopsora pachyrhizi,GCA_055473795.1
Phakopsora pachyrhizi,GCA_055473815.1
Phakopsora pachyrhizi,GCA_055473835.1
Phakopsora pachyrhizi,GCA_055473855.1
Phakopsora pachyrhizi,GCA_055473895.1
Phakopsora pachyrhizi,GCA_055473915.1
Phakopsora pachyrhizi,GCA_055473935.1
Phallus impudicus,GCA_035773195.1
Phallus indusiatus,GCA_027605045.1
Phallus indusiatus,GCA_048545035.1
Phanerochaete carnosa HHB-10118-sp,GCA_000300595.1
Phanerochaete chrysosporium RP-78,GCA_000167175.1
Phanerochaete sordida,GCA_019973155.2
Phanerodontia chrysosporium,GCA_001910725.1
Phascolomyces articulosus,GCA_025677815.1
Phellinidium pouzarii,GCA_003263905.1
Phellinidium pouzarii,GCA_004802695.1
Phellopilus nigrolimitatus,GCA_021029095.1
Phenoliferia glacialis,GCA_017654785.1
Phenoliferia glacialis,GCA_025728135.1
Phenoliferia psychrophenolica,GCA_051911615.1
Phenoliferia sp. Uapishka_3,GCA_035521515.1
Phialemonium atrogriseum,GCA_030411735.1
Phialemonium inflatum,GCA_037044075.1
Phialemonium thermophilum,GCA_042366435.1
Phialocephala sp. D728,GCA_003988865.1
Phialophora chinensis,GCA_016109575.1
Phialophora chinensis,GCA_016109625.1
Phialophora chinensis,GCA_016110015.1
Phialophora chinensis,GCA_016110035.1
Phialophora chinensis,GCA_016110055.1
Phialophora expanda,GCA_016109585.1
Phialophora expanda,GCA_016110005.1
Phialophora expanda,GCA_016110025.1
Phialophora macrospora,GCA_000835435.1
Phialophora macrospora,GCA_016109505.1
Phialophora macrospora,GCA_016109565.1
Phialophora macrospora,GCA_016109925.1
Phialophora macrospora,GCA_016109955.1
Phialophora macrospora,GCA_016109975.1
Phialophora tarda,GCA_016109495.1
Phialophora verrucosa,GCA_002099365.1
Phialophora verrucosa,GCA_016109465.1
Phialophora verrucosa,GCA_016109475.1
Phialophora verrucosa,GCA_016109485.1
Phialophora verrucosa,GCA_016109935.1
Phialophora verrucosa,GCA_025434005.1
Phialophoropsis hubbardii,GCA_055472015.1
Phlebia brevispora,GCA_027627325.1
Phlebia sp. UPVMICC-23-009,GCA_053477215.1
Phlebia tremellosa,GCA_011032875.1
Phlebiopsis flavidoalba,GCA_035772785.1
Phlebiopsis gigantea 11061_1 CR5-6,GCA_000832265.1
Phlebiopsis sp. L20-19,GCA_047370925.1
Phlebopus portentosus,GCA_000766925.2
Phlebopus portentosus,GCA_020232755.1
Phlebopus portentosus,GCA_037892935.1
Phlebopus roseus,GCA_040085005.1
Phlebopus sp. FC_14,GCA_021018615.1
Phlegmacium glaucopus,GCA_015039465.1
Phlyctema vagabunda,GCA_045999785.1
Phlyctochytrium arcticum,GCA_025602905.1
Phlyctochytrium bullatum,GCA_027597005.1
Phlyctochytrium planicorne,GCA_027600675.1
Pholiota adiposa,GCA_009935795.1
Pholiota aurivella,GCA_051997715.1
Pholiota brunnescens,GCA_051997655.1
Pholiota conissans,GCA_015484465.1
Pholiota microspora,GCA_003314615.1
Pholiota microspora,GCA_051997595.1
Pholiota molesta,GCA_014925825.1
Pholiota multicingulata,GCA_051997675.1
Pholiota sp. ZRL20210377A,GCA_051997535.1
Pholiota sp. ZRL20221364,GCA_051997395.1
Pholiota spumosa,GCA_051997495.1
Phoma herbarum,GCA_001599375.1
Phoma sp. ATCC 74077,GCA_033682645.1
Phoma sp. RAV-16-625,GCA_004335185.1
Phoma sp. XZ068,GCA_004835665.1
Phoma sp. YAFEF320,GCA_033444525.1
Phomopsis mahothocarpi,GCA_043640725.1
Phycomyces blakesleeanus,GCA_040209145.1
Phycomyces blakesleeanus,GCA_040209185.1
Phycomyces blakesleeanus NRRL 1555(-),GCA_001638985.2
Phycomyces nitens,GCA_022702545.1
Phycomyces nitens,GCA_025531835.1
Phyllachora maydis,GCA_011801745.1
Phyllachora maydis,GCA_029339225.1
Phyllactinia moricola,GCA_019455665.1
Phylliscum demangeonii,GCA_026026795.1
Phylloboletellus chloephorus,GCA_038091355.1
Phylloporus aff. rhodophaeus,GCA_038094475.1
Phylloporus arenicola,GCA_038091335.1
Phylloporus cf. gajari,GCA_038094015.1
Phylloporus cf. nigrescens,GCA_038094575.1
Phylloporus cf. tubipes,GCA_038094315.1
Phylloporus gajari,GCA_038090615.1
Phylloporus pelletieri,GCA_038089575.1
Phylloporus rhodoxanthus,GCA_038091075.1
Phylloporus rhodoxanthus,GCA_038091195.1
Phylloporus scabripes,GCA_038090435.1
Phylloporus sp. KM206838,GCA_041722975.1
Phylloporus sp. TRTC163509,GCA_041722235.1
Phylloporus sp. TRTC168436,GCA_041721875.1
Phylloporus sp. TRTC168454,GCA_041721835.1
Phylloporus sp. TRTC168483,GCA_041721775.1
Phylloporus sp. TRTC168546,GCA_041721755.1
Phylloporus sp. UT-M0000405,GCA_041722775.1
Phylloporus sp. UT-M0000442,GCA_041722755.1
Phyllosticta ampelicida,GCA_020351975.1
Phyllosticta ampelicida,GCA_051529495.1
Phyllosticta ampelicida,GCA_051529515.1
Phyllosticta ampelicida,GCA_051529535.1
Phyllosticta capitalensis,GCA_001604925.1
Phyllosticta capitalensis,GCA_006984725.1
Phyllosticta capitalensis,GCA_038381095.1
Phyllosticta capitalensis,GCA_038381135.1
Phyllosticta capitalensis,GCA_038381155.1
Phyllosticta capitalensis,GCA_038381175.1
Phyllosticta capitalensis,GCA_038381195.1
Phyllosticta capitalensis,GCA_041146515.1
Phyllosticta citriasiana,GCA_009193405.1
Phyllosticta citriasiana,GCA_030028455.1
Phyllosticta citriasiana,GCA_030028535.1
Phyllosticta citriasiana,GCA_030028555.1
Phyllosticta citriasiana,GCA_038021125.1
Phyllosticta citriasiana,GCA_038021145.1
Phyllosticta citribraziliensis,GCA_038025025.1
Phyllosticta citribraziliensis,GCA_038380855.1
Phyllosticta citricarpa,GCA_001604955.1
Phyllosticta citricarpa,GCA_006984745.1
Phyllosticta citricarpa,GCA_018990085.1
Phyllosticta citricarpa,GCA_018990095.1
Phyllosticta citricarpa,GCA_018990155.1
Phyllosticta citricarpa,GCA_018991845.1
Phyllosticta citricarpa,GCA_018991875.1
Phyllosticta citricarpa,GCA_018991885.1
Phyllosticta citricarpa,GCA_018991915.1
Phyllosticta citricarpa,GCA_018992025.1
Phyllosticta citricarpa,GCA_018992335.1
Phyllosticta citricarpa,GCA_018992365.1
Phyllosticta citricarpa,GCA_019008305.1
Phyllosticta citricarpa,GCA_019008345.1
Phyllosticta citricarpa,GCA_019008445.1
Phyllosticta citricarpa,GCA_019008475.1
Phyllosticta citricarpa,GCA_019009905.1
Phyllosticta citricarpa,GCA_019009935.1
Phyllosticta citricarpa,GCA_019009945.1
Phyllosticta citricarpa,GCA_030028495.1
Phyllosticta citricarpa,GCA_030028515.1
Phyllosticta citricarpa,GCA_037962995.1
Phyllosticta citricarpa,GCA_038025055.1
Phyllosticta citricarpa,GCA_038025095.1
Phyllosticta citricarpa,GCA_038025125.1
Phyllosticta citricarpa,GCA_038051245.1
Phyllosticta citricarpa,GCA_038051255.1
Phyllosticta citricarpa,GCA_043640705.1
Phyllosticta citricarpa CGMCC3.14348,GCA_000382785.1
Phyllosticta citrichinensis,GCA_038380875.1
Phyllosticta citrichinensis,GCA_038380885.1
Phyllosticta paracitricarpa,GCA_030028435.1
Phyllosticta paracitricarpa,GCA_030028475.1
Phyllosticta paracitricarpa,GCA_038051015.1
Phyllosticta paracitricarpa,GCA_038381115.1
Phymatotrichopsis omnivora,GCA_016880775.1
Phymatotrichopsis omnivora,GCA_016880785.1
Phymatotrichopsis omnivora,GCA_016880835.1
Phymatotrichopsis omnivora,GCA_016880855.1
Physcia stellaris,GCA_018902385.1
Physocladia obscura,GCA_027596945.1
Piccolia ochrophora,GCA_026026785.1
Pichia awuae,GCA_030563725.1
Pichia cabralensis,GCA_030569495.1
Pichia cactophila,GCA_030563965.1
Pichia cactophila,GCA_039700745.1
Pichia californica,GCA_016584195.1
Pichia californica,GCA_016584265.1
Pichia californica,GCA_030574395.1
Pichia cephalocereana,GCA_030565065.1
Pichia deserticola,GCA_030570135.1
Pichia eremophila,GCA_030579415.1
Pichia ethanolica,GCA_001649435.1
Pichia ethanolica,GCA_030570435.1
Pichia exigua,GCA_003707355.1
Pichia exigua,GCA_030570195.1
Pichia fermentans,GCA_003339355.1
Pichia fermentans,GCA_029581925.1
Pichia fermentans,GCA_030570255.1
Pichia fermentans,GCA_030770065.1
Pichia fermentans,GCA_035610515.1
Pichia fermentans,GCA_037041205.1
Pichia fermentans,GCA_037041255.1
Pichia fermentans,GCA_037041515.1
Pichia fermentans,GCA_037041755.1
Pichia gijzeniarum,GCA_030556995.1
Pichia heedii,GCA_003705525.2
Pichia heedii,GCA_030579495.1
Pichia heedii,GCA_046867425.1
Pichia heedii,GCA_046867465.1
Pichia inconspicua,GCA_004931855.1
Pichia inconspicua,GCA_025531545.1
Pichia inconspicua,GCA_025531555.1
Pichia inconspicua,GCA_030569135.1
Pichia inconspicua,GCA_037040195.1
Pichia insulana,GCA_030558495.1
Pichia kluyveri,GCA_003327685.1
Pichia kluyveri,GCA_019096115.1
Pichia kluyveri,GCA_023629335.1
Pichia kluyveri,GCA_029581865.1
Pichia kluyveri,GCA_030062975.1
Pichia kluyveri,GCA_030564505.1
Pichia kluyveri,GCA_037040945.1
Pichia kluyveri,GCA_037102705.1
Pichia kudriavzevii,GCA_000764455.1
Pichia kudriavzevii,GCA_000787615.1
Pichia kudriavzevii,GCA_001879685.1
Pichia kudriavzevii,GCA_001983325.1
Pichia kudriavzevii,GCA_002166775.1
Pichia kudriavzevii,GCA_002798095.1
Pichia kudriavzevii,GCA_003033855.1
Pichia kudriavzevii,GCA_003054405.1
Pichia kudriavzevii,GCA_003054445.1
Pichia kudriavzevii,GCA_003705515.2
Pichia kudriavzevii,GCA_014873065.1
Pichia kudriavzevii,GCA_018105815.1
Pichia kudriavzevii,GCA_018402865.1
Pichia kudriavzevii,GCA_018402885.1
Pichia kudriavzevii,GCA_019843505.1
Pichia kudriavzevii,GCA_021014275.1
Pichia kudriavzevii,GCA_021233995.1
Pichia kudriavzevii,GCA_023629315.1
Pichia kudriavzevii,GCA_023629355.1
Pichia kudriavzevii,GCA_023629375.1
Pichia kudriavzevii,GCA_023629415.1
Pichia kudriavzevii,GCA_023629435.1
Pichia kudriavzevii,GCA_023629455.1
Pichia kudriavzevii,GCA_023629475.1
Pichia kudriavzevii,GCA_023629495.1
Pichia kudriavzevii,GCA_023629515.1
Pichia kudriavzevii,GCA_023629535.1
Pichia kudriavzevii,GCA_023629555.1
Pichia kudriavzevii,GCA_023629575.1
Pichia kudriavzevii,GCA_023629595.1
Pichia kudriavzevii,GCA_023629615.1
Pichia kudriavzevii,GCA_023629635.1
Pichia kudriavzevii,GCA_025503585.1
Pichia kudriavzevii,GCA_025503635.1
Pichia kudriavzevii,GCA_029290715.1
Pichia kudriavzevii,GCA_029581905.1
Pichia kudriavzevii,GCA_030264835.1
Pichia kudriavzevii,GCA_030579455.1
Pichia kudriavzevii,GCA_031179465.1
Pichia kudriavzevii,GCA_032359565.1
Pichia kudriavzevii,GCA_032595395.1
Pichia kudriavzevii,GCA_032595415.1
Pichia kudriavzevii,GCA_032595435.1
Pichia kudriavzevii,GCA_032595455.1
Pichia kudriavzevii,GCA_032595495.1
Pichia kudriavzevii,GCA_037040875.1
Pichia kudriavzevii,GCA_037042275.1
Pichia kudriavzevii,GCA_041903555.1
Pichia kudriavzevii,GCA_044592665.1
Pichia kudriavzevii,GCA_047371045.1
Pichia kudriavzevii,GCA_047371105.1
Pichia kudriavzevii,GCA_047371125.1
Pichia kudriavzevii,GCA_047371135.1
Pichia kudriavzevii,GCA_048593475.1
Pichia kudriavzevii,GCA_050084705.1
Pichia kudriavzevii,GCA_051943935.2
Pichia kudriavzevii,GCA_051996165.1
Pichia kudriavzevii M12,GCA_000286515.1
Pichia manshurica,GCA_005406165.1
Pichia manshurica,GCA_025531645.1
Pichia manshurica,GCA_025531665.1
Pichia manshurica,GCA_025531675.1
Pichia manshurica,GCA_025531695.1
Pichia manshurica,GCA_030220005.1
Pichia manshurica,GCA_030578975.1
Pichia manshurica,GCA_030769885.1
Pichia membranifaciens,GCA_001950575.1
Pichia membranifaciens,GCA_030573715.1
Pichia membranifaciens,GCA_031021045.1
Pichia membranifaciens NRRL Y-2026,GCA_001661235.1
Pichia nakasei,GCA_003705495.1
Pichia nakasei,GCA_030570355.1
Pichia nanzhaoensis,GCA_030573035.1
Pichia norvegensis,GCA_003339405.1
Pichia norvegensis,GCA_003705465.1
Pichia norvegensis,GCA_030570285.1
Pichia norvegensis,GCA_051996985.1
Pichia occidentalis,GCA_003705455.2
Pichia occidentalis,GCA_023629655.1
Pichia occidentalis,GCA_023629695.1
Pichia occidentalis,GCA_029581915.1
Pichia occidentalis,GCA_029581965.1
Pichia occidentalis,GCA_029581985.1
Pichia occidentalis,GCA_030142935.1
Pichia occidentalis,GCA_030579475.1
Pichia paraexigua,GCA_030573095.1
Pichia phayaonensis,GCA_030558305.1
Pichia pseudocactophila,GCA_030580035.1
Pichia pseudocactophila,GCA_039700735.1
Pichia pseudolambica,GCA_030569595.1
Pichia rugopelliculosa,GCA_030570335.1
Pichia scutulata,GCA_030560845.1
Pichia sorboxylosa,GCA_001599115.1
Pichia sorboxylosa,GCA_030564865.1
Pichia sp. F1605B,GCA_025531535.1
Pichia sp. KDB-2024a,GCA_040437495.1
Pichia sp. NRRL Y-12824,GCA_030560915.1
Pichia sp. NRRL Y-12827,GCA_030570315.1
Pichia sp. NRRL Y-12830,GCA_030564565.1
Pichia sp. NRRL Y-27259,GCA_030563085.1
Pichia sp. NRRL Y-27261,GCA_030569835.1
Pichia sp. NRRL YB-4149,GCA_030556025.1
Pichia sp. P1605,GCA_025531595.1
Pichia sp. P7020A,GCA_025531525.1
Pichia sp. PB3310,GCA_023629255.1
Pichia sp. PH4023,GCA_025531575.1
Pichia sp. PX1907B,GCA_025531625.1
Pichia sp. VM-2024a,GCA_040938015.1
Pichia sp. yHKS168,GCA_030571145.1
Pichia sp. yHMH446,GCA_030555725.1
Pichia sporocuriosa,GCA_030574275.1
Pichia terricola,GCA_003706875.2
Pichia terricola,GCA_022701355.1
Pichia terricola,GCA_023629215.1
Pichia terricola,GCA_023629235.1
Pichia terricola,GCA_023629275.1
Pichia terricola,GCA_023629295.1
Pichia terricola,GCA_030168465.1
Pichia terricola,GCA_030581875.1
Pichia terricola,GCA_037041655.1
Pichia thaimueangensis,GCA_030569635.1
Pichiaceae sp.,GCA_041498895.1
Pichiaceae sp. JCM 15000,GCA_001950555.1
Picoa sp. TKM-2024a,GCA_047301335.1
Piedraia hortae CBS 480.64,GCA_010093745.1
Pilaira anomala,GCA_025716855.1
Pilatotrama ljubarskyi,GCA_022385805.1
Pilobolus umbonatus,GCA_025528865.1
Piloderma croceum F 1598,GCA_000827315.1
Piptocephalis cylindrospora,GCA_003614145.1
Piptocephalis tieghemiana,GCA_025603285.1
Piromyces finnis,GCA_002104945.1
Piromyces sp.,GCA_027248365.1
Piromyces sp.,GCA_027248545.1
Piromyces sp.,GCA_027248725.1
Piromyces sp.,GCA_027248865.1
Piromyces sp.,GCA_027248965.1
Piromyces sp. E2,GCA_002157105.1
Piscidiscina leucoxantha,GCA_040803275.1
Piscidiscina leucoxantha,GCA_040803895.1
Piskurozyma capsuligena,GCA_040364805.1
Pisolithus albus,GCA_024509395.1
Pisolithus albus,GCA_024613165.1
Pisolithus albus,GCA_051942495.1
Pisolithus croceorrhizus,GCA_024663415.1
Pisolithus croceorrhizus,GCA_024663515.1
Pisolithus marmoratus,GCA_024613145.1
Pisolithus microcarpus,GCA_024613185.1
Pisolithus microcarpus 441,GCA_000827275.1
Pisolithus orientalis,GCA_024613125.1
Pisolithus sp. B1,GCA_024663435.1
Pisolithus thermaeus,GCA_024663475.1
Pisolithus tinctorius,GCA_024663395.1
Pisolithus tinctorius Marx 270,GCA_000827335.1
Pithoascus sp. SM-2023a,GCA_052083585.1
Plectosphaerella cucumerina,GCA_014635965.1
Plectosphaerella cucumerina,GCA_014636675.1
Plectosphaerella cucumerina,GCA_020746995.1
Plectosphaerella cucumerina,GCA_040285535.1
Plectosphaerella plurivora,GCA_020726575.1
Plectosphaerella sp. C1P1,GCA_051170885.1
Plectosphaerella sp. P0831,GCA_014635975.1
Pleiochaeta setosa,GCA_043643515.1
Plenodomus biglobosus,GCA_022343325.1
Plenodomus libanotidis,GCA_022609195.1
Plenodomus lindquistii,GCA_023566075.1
Plenodomus lindquistii,GCA_025504975.1
Plenodomus lingam,GCA_022343315.1
Plenodomus lingam,GCA_022609245.1
Plenodomus lingam JN3,GCA_000230375.1
Plenodomus tracheiphilus,GCA_022560095.1
Plenodomus tracheiphilus IPT5,GCA_010093695.1
Pleoardoris graminearum,GCA_030770415.1
Pleoardoris graminearum,GCA_035148045.1
Pleochaeta shiraiana,GCA_019455505.1
Pleomassaria siparia CBS 279.74,GCA_010093715.1
Pleopsidium flavum,GCA_026027315.1
Pleosporales sp. CAS-2024a,GCA_048340545.1
Pleosporales sp. CS-2015,GCA_001414375.1
Pleurostoma richardsiae,GCA_030052745.1
Pleurotheciella sp. MK-2025a,GCA_051996655.1
Pleurotus citrinopileatus,GCA_003314595.1
Pleurotus citrinopileatus,GCA_017312325.1
Pleurotus cornucopiae,GCA_019677325.2
Pleurotus djamor,GCA_029747585.1
Pleurotus djamor,GCA_049864135.1
Pleurotus eryngii,GCA_001717165.1
Pleurotus eryngii,GCA_003243765.1
Pleurotus eryngii,GCA_003314755.1
Pleurotus eryngii,GCA_015484515.1
Pleurotus eryngii var. elaeoselini,GCA_029874175.1
Pleurotus eryngii var. eryngii,GCA_029467805.1
Pleurotus eryngii var. ferulae,GCA_029467795.1
Pleurotus floridanus,GCA_019395345.1
Pleurotus giganteus,GCA_032158425.1
Pleurotus giganteus,GCA_036873075.1
Pleurotus ostreatoroseus,GCA_005298045.1
Pleurotus ostreatus,GCA_001956935.2
Pleurotus ostreatus,GCA_003313235.2
Pleurotus ostreatus,GCA_014466165.1
Pleurotus ostreatus,GCA_024195665.1
Pleurotus ostreatus,GCA_029852705.2
Pleurotus ostreatus,GCA_051307915.1
Pleurotus ostreatus,GCA_056149245.1
Pleurotus ostreatus,GCA_056149315.1
Pleurotus ostreatus PC15,GCA_000697685.1
Pleurotus ostreatus/Saccharomyces cerevisiae fusant,GCA_024196135.1
Pleurotus platypus,GCA_003313735.1
Pleurotus pulmonarius,GCA_012979565.1
Pleurotus pulmonarius,GCA_012980525.1
Pleurotus pulmonarius,GCA_012980535.1
Pleurotus pulmonarius,GCA_032158505.1
Pleurotus pulmonarius,GCA_047301645.1
Pleurotus salmoneostramineus,GCA_001742905.1
Pleurotus salmoneostramineus,GCA_002583695.1
Pleurotus salmoneostramineus,GCA_002933715.1
Pleurotus salmoneostramineus,GCA_054785465.1
Pleurotus salmoneostramineus,GCA_054785515.1
Pleurotus sapidus,GCA_026743855.1
Pleurotus tuber-regium,GCA_003314355.1
Pleurotus tuber-regium,GCA_014058305.1
Pleurotus tuber-regium,GCA_019693315.1
Pleurotus tuoliensis,GCA_002847145.1
Pleurotus tuoliensis,GCA_003243755.1
Pleurotus tuoliensis,GCA_003313115.1
Pleurotus tuoliensis,GCA_029874165.1
Pleurotus tuoliensis,GCA_036872985.1
Plicaturopsis crispa FD-325 SS-3,GCA_000827205.1
Ploettnerulaceae sp. D365,GCA_003988805.1
Pluteus cervinus,GCA_004369065.1
Pneumocystis canis,GCA_017311265.1
Pneumocystis canis,GCA_017788925.1
Pneumocystis canis,GCA_017911135.1
Pneumocystis carinii B80,GCA_001477545.1
Pneumocystis jirovecii,GCA_000333975.2
Pneumocystis jirovecii,GCA_002571455.1
Pneumocystis jirovecii RU7,GCA_001477535.1
Pneumocystis murina B123,GCA_000349005.2
Pneumocystis oryctolagi,GCA_017311285.1
Pneumocystis sp. 'macacae',GCA_018127085.1
Pneumocystis wakefieldiae,GCA_017301755.1
Pochonia chlamydosporia,GCA_051528595.1
Pochonia chlamydosporia,GCA_051528635.1
Pochonia chlamydosporia,GCA_051529235.1
Pochonia chlamydosporia 123,GCA_000411695.4
Pochonia chlamydosporia 170,GCA_001653235.2
Pochonia sp. DSM 885,GCA_051528965.1
Podaxis carcinomalis,GCA_018524395.1
Podaxis mareebaensis,GCA_018524725.1
Podaxis pistillaris,GCA_018524465.1
Podaxis rugospora,GCA_018524415.1
Podaxis sp. AQ795752,GCA_018524425.1
Podaxis sp. AQ799166,GCA_018524765.1
Podaxis sp. C-F-101400,GCA_018524895.1
Podaxis sp. C-F-101401,GCA_018524435.1
Podaxis sp. C-F-92630,GCA_018524945.1
Podaxis sp. MADm22,GCA_018524685.1
Podila clonocystis,GCA_015852375.1
Podila clonocystis,GCA_015852385.1
Podila epicladia,GCA_015852435.1
Podila epicladia,GCA_015852495.1
Podila epigama,GCA_015679605.1
Podila horticola,GCA_015679535.1
Podila horticola,GCA_016097925.1
Podila humilis,GCA_016097945.1
Podila humilis,GCA_025677895.1
Podila minutissima,GCA_015679485.1
Podila minutissima,GCA_016098005.1
Podila verticillata,GCA_015529785.1
Podila verticillata,GCA_015679595.1
Podila verticillata,GCA_015679645.1
Podila verticillata,GCA_025603085.1
Podila verticillata NRRL 6337,GCA_000739165.1
Podochytrium sp. JEL0797,GCA_027596195.1
Podosphaera aphanis,GCA_022627015.3
Podosphaera aphanis,GCA_051988445.2
Podosphaera aphanis,GCA_051988555.2
Podosphaera cerasi,GCA_018398735.1
Podosphaera fusca,GCA_030378345.1
Podosphaera leucotricha,GCA_013170925.1
Podosphaera leucotricha,GCA_051996105.2
Podosphaera leucotricha,GCA_051996125.2
Podosphaera leucotricha,GCA_055796225.1
Podosphaera xanthii,GCA_010015925.1
Podosphaera xanthii,GCA_014884795.1
Podosphaera xanthii,GCA_028751805.1
Podosphaera xanthii,GCA_037575625.1
Podospora aff. communis PSN243,GCA_033296975.1
Podospora anserina,GCA_005222925.1
Podospora anserina,GCA_005222935.1
Podospora anserina,GCA_017654855.1
Podospora anserina S mat+,GCA_000226545.1
Podospora appendiculata,GCA_033675105.1
Podospora australis,GCA_033296905.1
Podospora bellae-mahoneyi,GCA_035222275.1
Podospora comata,GCA_017354895.1
Podospora conica,GCA_030685255.1
Podospora didyma,GCA_033439775.1
Podospora fimiseda,GCA_033297215.1
Podospora pseudoanserina,GCA_035222485.1
Podospora pseudocomata,GCA_035222375.1
Podospora pseudopauciseta,GCA_035222475.1
Podospora tetraspora,GCA_027943155.1
Podospora tetraspora,GCA_027943165.1
Podospora tetraspora,GCA_050705275.1
Podospora tetraspora,GCA_050706195.1
Podospora tetraspora,GCA_050706235.1
Podospora tetraspora,GCA_050706495.1
Podospora tetraspora,GCA_050706915.1
Podospora tetraspora,GCA_050706935.1
Podospora tetraspora,GCA_050707055.1
Podospora tetraspora,GCA_050707075.1
Podospora tetraspora,GCA_050707195.1
Podospora tetraspora,GCA_050707215.1
Podospora tetraspora,GCA_050707315.1
Podospora tetraspora,GCA_050707335.1
Podospora tetraspora,GCA_050707355.1
Podospora tetraspora,GCA_050707415.1
Podospora tetraspora,GCA_050707535.1
Podospora tetraspora,GCA_050707575.1
Podospora tetraspora,GCA_050707695.1
Podospora tetraspora,GCA_050708095.1
Podospora tetraspora,GCA_050708935.1
Podospora tetraspora,GCA_050709715.1
Polycauliona sp. 1 TL-2023,GCA_051941665.1
Polycauliona sp. 2 TL-2023,GCA_051942425.1
Polycephalomyces sp. MK1201,GCA_049901655.1
Polychaeton citri CBS 116435,GCA_010093785.1
Polychytrium aggregatum,GCA_025602895.1
Polyplosphaeria fusca,GCA_010093805.1
Polyporus arcularius,GCA_052150595.1
Polyporus arcularius HHB13444,GCA_004369055.1
Polyporus tsugae,GCA_003057275.1
Polyporus tsugae,GCA_024305745.1
Polyporus umbellatus,GCA_046127145.1
Polyporus umbellatus,GCA_047716495.1
Polyporus umbellatus,GCA_047716525.1
Polyporus umbellatus,GCA_047716555.1
Polyporus umbellatus,GCA_047716635.1
Polyrhizophydium stewartii,GCA_027604665.2
Polytolypa hystricis UAMH7299,GCA_002573605.1
Porodaedalea mongolica,GCA_051903645.1
Porodaedalea pini,GCA_002794775.1
Porodaedalea schrenkianae,GCA_051903625.1
Poronia punctata,GCA_022579005.1
Porphyrellus aff. niger,GCA_038094255.1
Porphyrellus cyaneotinctus,GCA_038091315.1
Porphyrellus sp. 'aff. excedens' UT-M0000382,GCA_041722655.1
Porphyrellus sp. KM206675,GCA_041722315.1
Porphyrellus sp. TRTC161176,GCA_041722435.1
Postia placenta MAD-698-R-SB12,GCA_002117355.1
Postia placenta Mad-698-R,GCA_000006255.1
Powellomyces hirtus,GCA_006536005.1
Powellomyces hirtus,GCA_025526995.1
Priceomyces carsonii,GCA_003709225.3
Priceomyces castillae,GCA_003706855.2
Priceomyces castillae,GCA_030574375.1
Priceomyces fermenticarens,GCA_030574455.1
Priceomyces haplophilus,GCA_001599895.1
Priceomyces haplophilus,GCA_030573735.1
Priceomyces medius,GCA_003705335.1
Priceomyces medius,GCA_030570455.1
Priceomyces melissophilus,GCA_030574515.1
Priceomyces melissophilus,GCA_031081885.1
Prillingera fragicola,GCA_002335605.1
Proliferodiscus dingleyae,GCA_003988795.1
Protoblastenia rupestris,GCA_052058935.1
Protomyces arabidopsidicola,GCA_003568695.1
Protomyces gravidus,GCA_003717255.1
Protomyces inouyei,GCA_003717155.1
Protomyces inundatus,GCA_003717165.1
Protomyces lactucae-debilis,GCA_002105105.1
Protomyces lactucae-debilis,GCA_003717235.1
Protomyces macrosporus,GCA_003717175.1
Protomyces pachydermus,GCA_003717275.1
Protostropharia sp. ZRL20200861,GCA_051997375.1
Psathyrella hymenocephala,GCA_051997475.1
Psathyrella sp. B2010_1,GCA_051997435.1
Pseudevernia consocians,GCA_051942225.1
Pseudevernia furfuracea,GCA_003184345.1
Pseudevernia furfuracea,GCA_022315165.1
Pseudevernia furfuracea,GCA_022315425.1
Pseudoaustroboletus sp. TRTC168467,GCA_041721815.1
Pseudoaustroboletus valens,GCA_038089375.1
Pseudocercospora abelmoschi,GCA_046199015.1
Pseudocercospora cruenta,GCA_013365205.1
Pseudocercospora crystallina,GCA_003666085.1
Pseudocercospora eumusae,GCA_001578235.1
Pseudocercospora fijiensis,GCA_011057605.1
Pseudocercospora fijiensis CIRAD86,GCA_000340215.1
Pseudocercospora fuligena,GCA_014298035.1
Pseudocercospora macadamiae,GCA_012978405.1
Pseudocercospora musae,GCA_001578225.1
Pseudocercospora pini-densiflorae CBS 125139,GCA_000504365.2
Pseudocercospora ulei,GCA_016165855.1
Pseudocercospora vitis,GCA_026120125.1
Pseudocyphellaria aurata,GCA_022814125.1
Pseudodiploospora longispora,GCA_036873115.1
Pseudodiscina melaleucoides,GCA_040803295.1
Pseudodiscina melaleucoides,GCA_040804125.1
Pseudofabraea citricarpa,GCA_029641185.1
Pseudofusicolla belgica,GCA_045529405.1
Pseudogymnoascus australis,GCA_048593815.1
Pseudogymnoascus destructans,GCA_001641265.1
Pseudogymnoascus destructans,GCA_056248385.1
Pseudogymnoascus destructans 20631-21,GCA_000184105.1
Pseudogymnoascus destructans M1379,GCA_000496955.1
Pseudogymnoascus irelandiae,GCA_049639615.1
Pseudogymnoascus pannorum,GCA_001630605.1
Pseudogymnoascus pannorum M1372,GCA_000497305.1
Pseudogymnoascus ramosus,GCA_049639715.1
Pseudogymnoascus russus,GCA_049639655.1
Pseudogymnoascus sp. 03VT05,GCA_001662645.1
Pseudogymnoascus sp. 04NY16,GCA_001630575.1
Pseudogymnoascus sp. 05NY08,GCA_001662605.1
Pseudogymnoascus sp. 23342-1-I1,GCA_001662575.1
Pseudogymnoascus sp. 24MN13,GCA_001662595.1
Pseudogymnoascus sp. BL308,GCA_001630595.1
Pseudogymnoascus sp. BL549,GCA_001630585.1
Pseudogymnoascus sp. HDN17-895,GCA_051820975.1
Pseudogymnoascus sp. SDFLT0511,GCA_030180035.1
Pseudogymnoascus sp. VKM F-103,GCA_000750895.1
Pseudogymnoascus sp. VKM F-3557,GCA_000750665.1
Pseudogymnoascus sp. VKM F-3775,GCA_000750715.1
Pseudogymnoascus sp. VKM F-3808,GCA_000750675.1
Pseudogymnoascus sp. VKM F-4246,GCA_000750735.1
Pseudogymnoascus sp. VKM F-4281 (FW-2241),GCA_000750745.1
Pseudogymnoascus sp. VKM F-4513 (FW-928),GCA_000750755.1
Pseudogymnoascus sp. VKM F-4514 (FW-929),GCA_000750795.1
Pseudogymnoascus sp. VKM F-4515 (FW-2607),GCA_000750805.1
Pseudogymnoascus sp. VKM F-4516 (FW-969),GCA_000750815.1
Pseudogymnoascus sp. VKM F-4517 (FW-2822),GCA_000750875.1
Pseudogymnoascus sp. VKM F-4518 (FW-2643),GCA_000750925.1
Pseudogymnoascus sp. VKM F-4519 (FW-2642),GCA_000750935.1
Pseudogymnoascus sp. VKM F-4520 (FW-2644),GCA_000750995.1
Pseudogymnoascus sp. WSF 3629,GCA_001662585.1
Pseudogymnoascus verrucosus,GCA_001662655.1
Pseudohalonectria lignicola,GCA_003049395.1
Pseudohumicola pulvericola,GCA_054856435.1
Pseudohyphozyma bogoriensis,GCA_024364755.1
Pseudoloma neurophilia,GCA_001432165.1
Pseudomassariella vexata,GCA_002105095.1
Pseudomicrostroma phylloplanum,GCA_039545275.1
Pseudomonodictys pantanalensis,GCA_019022785.1
Pseudonectria buxi,GCA_003693515.1
Pseudonectria buxi,GCA_003693545.1
Pseudonectria foliicola,GCA_002911195.1
Pseudonectria foliicola,GCA_003693505.1
Pseudoneurospora amorphoporcata,GCA_033297205.1
Pseudopestalotiopsis chinensis,GCA_028028555.1
Pseudopestalotiopsis theae,GCA_015881745.1
Pseudophaeomoniella oleicola,GCA_003868215.1
Pseudopithomyces chartarum,GCA_033220655.1
Pseudopithomyces chartarum,GCA_050657155.1
Pseudopithomyces chartarum,GCA_050657325.1
Pseudopithomyces maydicus,GCA_026873275.1
Pseudopithomyces palmicola,GCA_050657215.1
Pseudopithomyces toxicarius,GCA_050657265.1
Pseudopyrenochaeta lycopersici,GCA_003313425.1
Pseudopyrenochaeta lycopersici CRA-PAV_ER 1211,GCA_000601435.1
Pseudopyrenochaeta terrestris,GCA_022813475.1
Pseudopyrenochaetaceae sp. BF11,GCA_049996235.1
Pseudopyricularia cyperi,GCA_031306065.1
Pseudopyricularia javanii,GCA_031001725.1
Pseudorhizina californica,GCA_040802805.1
Pseudorhizina californica,GCA_040803995.1
Pseudorhizina sphaerospora,GCA_040803785.1
Pseudorhizina sphaerospora,GCA_040803975.1
Pseudosperma bulbosissimum,GCA_043168785.1
Pseudosperma rimosum,GCA_043170695.1
Pseudotremella sp. YL-2025a,GCA_054471055.1
Pseudotulostoma volvatum,GCA_019804575.2
Pseudoverpa anthracobia,GCA_040803465.1
Pseudovirgaria hyperparasitica,GCA_010093815.1
Pseudozyma flocculosa,GCA_023212635.2
Pseudozyma flocculosa PF-1,GCA_000417875.1
Pseudozyma hubeiensis,GCA_001736105.1
Pseudozyma hubeiensis,GCA_030142165.1
Pseudozyma hubeiensis SY62,GCA_000403515.1
Pseudozyma pruni,GCA_023212685.1
Pseudozyma sp. F8B2,GCA_003004685.1
Pseudozyma sp. M118-08B,GCA_037039655.1
Pseudozyma thailandica,GCA_023212835.1
Pseudozyma tsukubaensis,GCA_001736125.1
Psilocybe allenii,GCA_040207355.1
Psilocybe azurescens,GCA_019721835.1
Psilocybe azurescens,GCA_023853785.1
Psilocybe azurescens,GCA_040207365.1
Psilocybe caeruleorhiza,GCA_040207415.1
Psilocybe cf. subviscida,GCA_013368295.1
Psilocybe cubensis,GCA_017499595.2
Psilocybe cubensis,GCA_033734175.1
Psilocybe cubensis,GCA_033734185.1
Psilocybe cubensis,GCA_033734195.1
Psilocybe cubensis,GCA_033734205.1
Psilocybe cubensis,GCA_033734215.1
Psilocybe cubensis,GCA_033734935.1
Psilocybe cubensis,GCA_033734955.1
Psilocybe cubensis,GCA_033734975.1
Psilocybe cubensis,GCA_033734995.1
Psilocybe cubensis,GCA_033735015.1
Psilocybe cubensis,GCA_033735035.1
Psilocybe cubensis,GCA_033735055.1
Psilocybe cubensis,GCA_033735075.1
Psilocybe cubensis,GCA_033735095.1
Psilocybe cubensis,GCA_033735115.1
Psilocybe cubensis,GCA_033735135.1
Psilocybe cubensis,GCA_033735155.1
Psilocybe cubensis,GCA_033735175.1
Psilocybe cubensis,GCA_033735195.1
Psilocybe cubensis,GCA_033735215.1
Psilocybe cubensis,GCA_033735235.1
Psilocybe cubensis,GCA_033735255.1
Psilocybe cubensis,GCA_033735275.1
Psilocybe cubensis,GCA_033735295.1
Psilocybe cubensis,GCA_033735315.1
Psilocybe cubensis,GCA_033735335.1
Psilocybe cubensis,GCA_033735355.1
Psilocybe cubensis,GCA_033735375.1
Psilocybe cubensis,GCA_033735395.1
Psilocybe cubensis,GCA_033735415.1
Psilocybe cubensis,GCA_033735435.1
Psilocybe cubensis,GCA_033735455.1
Psilocybe cubensis,GCA_033735475.1
Psilocybe cubensis,GCA_033735485.1
Psilocybe cubensis,GCA_033735545.1
Psilocybe cubensis,GCA_038280165.1
Psilocybe cubensis,GCA_038280425.1
Psilocybe cubensis,GCA_038280455.1
Psilocybe cyanescens,GCA_002938375.1
Psilocybe keralensis,GCA_051997275.1
Psilocybe maluti,GCA_040207425.1
Psilocybe mexicana,GCA_019721455.1
Psilocybe mexicana,GCA_023853805.1
Psilocybe samuiensis,GCA_056248485.1
Psilocybe semilanceata,GCA_040207485.1
Psilocybe stuntzii,GCA_056248405.1
Psilocybe subaeruginosa,GCA_027604765.1
Psilocybe subaeruginosa,GCA_027604795.1
Psilocybe subaeruginosa,GCA_027604815.1
Psilocybe subaeruginosa,GCA_027604835.1
Psilocybe subaeruginosa,GCA_027604855.1
Psilocybe subaeruginosa,GCA_027604875.1
Psilocybe subaeruginosa,GCA_040670015.1
Psilocybe subaeruginosa,GCA_040762785.1
Psilocybe subaeruginosa,GCA_040762825.1
Psilocybe subaeruginosa,GCA_040762855.1
Psilocybe subaeruginosa,GCA_040762875.1
Psilocybe subaeruginosa,GCA_040762895.1
Psilocybe subaeruginosa,GCA_040762915.1
Psilocybe subaeruginosa,GCA_040762955.1
Psilocybe subaeruginosa,GCA_040762995.1
Psilocybe subaeruginosa,GCA_040763015.1
Psilocybe subaeruginosa,GCA_040763025.1
Psilocybe subaeruginosa,GCA_040804135.1
Psilocybe subaeruginosa,GCA_040804195.1
Psilocybe subaeruginosa,GCA_040804205.1
Psilocybe subaeruginosa,GCA_040804215.1
Psilocybe subaeruginosa,GCA_040804235.1
Psilocybe subaeruginosa,GCA_040804245.1
Psilocybe subaeruginosa,GCA_040804295.1
Psilocybe subaeruginosa,GCA_040804315.1
Psilocybe subaeruginosa,GCA_040804335.1
Psilocybe subaeruginosa,GCA_040804355.1
Psilocybe subaeruginosa,GCA_040804375.1
Psilocybe subaeruginosa,GCA_040804395.1
Psilocybe subaeruginosa,GCA_040804415.1
Psilocybe subaeruginosa,GCA_040804435.1
Psilocybe subaeruginosa,GCA_040804455.1
Psilocybe subaeruginosa,GCA_040804475.1
Psilocybe subaeruginosa,GCA_040804485.1
Psilocybe subaeruginosa,GCA_040804495.1
Psilocybe subaeruginosa,GCA_040804545.1
Psilocybe subaeruginosa,GCA_040804555.1
Psilocybe subaeruginosa,GCA_040804565.1
Psilocybe subaeruginosa,GCA_040804575.1
Psilocybe subaeruginosa,GCA_040804585.1
Psilocybe subaeruginosa,GCA_040804625.1
Psilocybe subaeruginosa,GCA_040804665.1
Psilocybe subaeruginosa,GCA_040804685.1
Psilocybe subaeruginosa,GCA_040804705.1
Psilocybe subaeruginosa,GCA_040804715.1
Psilocybe subaeruginosa,GCA_040804735.1
Psilocybe subaeruginosa,GCA_040804755.1
Psilocybe subaeruginosa,GCA_040804765.1
Psilocybe subaeruginosa,GCA_040804775.1
Psilocybe subaeruginosa,GCA_040804795.1
Psilocybe subaeruginosa,GCA_040804845.1
Psilocybe subaeruginosa,GCA_040804875.1
Psilocybe subaeruginosa,GCA_040804895.1
Psilocybe subaeruginosa,GCA_040804915.1
Psilocybe subaeruginosa,GCA_040804925.1
Psilocybe subaeruginosa,GCA_040804935.1
Psilocybe subaeruginosa,GCA_040804975.1
Psilocybe subaeruginosa,GCA_040804995.1
Psilocybe subaeruginosa,GCA_040805015.1
Psilocybe subaeruginosa,GCA_040805025.1
Psilocybe subaeruginosa,GCA_040805035.1
Psilocybe subaeruginosa,GCA_040805055.1
Psilocybe subaeruginosa,GCA_040805075.1
Psilocybe subaeruginosa,GCA_040805105.1
Psilocybe subaeruginosa,GCA_040805145.1
Psilocybe subaeruginosa,GCA_040805155.1
Psilocybe subaeruginosa,GCA_040805165.1
Psilocybe subaeruginosa,GCA_040805175.1
Psilocybe subaeruginosa,GCA_040805195.1
Psilocybe subaeruginosa,GCA_040805225.1
Psilocybe subaeruginosa,GCA_040805255.1
Psilocybe subaeruginosa,GCA_040805265.1
Psilocybe subaeruginosa,GCA_040805285.1
Psilocybe subaeruginosa,GCA_040805315.1
Psilocybe subaeruginosa,GCA_040805355.1
Psilocybe subaeruginosa,GCA_040805375.1
Psilocybe subaeruginosa,GCA_040805395.1
Psilocybe subaeruginosa,GCA_040805415.1
Psilocybe subaeruginosa,GCA_040805515.1
Psilocybe subaeruginosa,GCA_040805525.1
Psilocybe subaeruginosa,GCA_040805535.1
Psilocybe subaeruginosa,GCA_040805555.1
Psilocybe subaeruginosa,GCA_040805735.1
Psilocybe subaeruginosa,GCA_040805755.1
Psilocybe subaeruginosa,GCA_040805775.1
Psilocybe subaeruginosa,GCA_040805795.1
Psilocybe subaeruginosa,GCA_040805815.1
Psilocybe tampanensis,GCA_019904355.1
Psilocybe tampanensis,GCA_019908695.1
Psilocybe tampanensis,GCA_019908715.1
Psilocybe zapotecorum,GCA_040207405.1
Psora crenata,GCA_051942185.1
Psora testacea,GCA_051942125.1
Pterulicium gracile,GCA_004369125.1
Ptychographa xylographoides,GCA_022814105.1
Puccinia arachidis,GCA_001013415.1
Puccinia brachypodii,GCA_019395275.1
Puccinia coronata f. sp. avenae,GCA_002873125.1
Puccinia coronata f. sp. avenae,GCA_002873275.1
Puccinia graminis f. sp. tritici,GCA_002762355.2
Puccinia graminis f. sp. tritici,GCA_008520325.1
Puccinia graminis f. sp. tritici,GCA_008522505.1
Puccinia graminis f. sp. tritici CRL 75-36-700-3,GCA_000149925.1
Puccinia hordei,GCA_007896445.1
Puccinia horiana,GCA_001624995.1
Puccinia novopanici,GCA_004348175.1
Puccinia polysora,GCA_025617555.3
Puccinia silphii,GCA_046128785.1
Puccinia silphii,GCA_050655635.1
Puccinia sorghi,GCA_001263375.1
Puccinia striiformis,GCA_002008925.1
Puccinia striiformis,GCA_002008935.1
Puccinia striiformis,GCA_002008965.1
Puccinia striiformis,GCA_002920065.1
Puccinia striiformis,GCA_002920205.1
Puccinia striiformis,GCA_004194325.1
Puccinia striiformis f. sp. tritici,GCA_001936605.2
Puccinia striiformis f. sp. tritici,GCA_002900275.1
Puccinia striiformis f. sp. tritici,GCA_011750625.1
Puccinia striiformis f. sp. tritici,GCA_011750755.1
Puccinia striiformis f. sp. tritici,GCA_021901655.1
Puccinia striiformis f. sp. tritici,GCA_021901695.1
Puccinia striiformis f. sp. tritici,GCA_025169535.1
Puccinia striiformis f. sp. tritici,GCA_025169555.1
Puccinia striiformis f. sp. tritici,GCA_039519205.1
Puccinia striiformis f. sp. tritici,GCA_039519225.1
Puccinia striiformis f. sp. tritici,GCA_050613835.1
Puccinia striiformis f. sp. tritici,GCA_050613845.1
Puccinia striiformis f. sp. tritici 08/21,GCA_000342565.1
Puccinia striiformis f. sp. tritici 87/7,GCA_000342625.1
Puccinia striiformis f. sp. tritici CY32,GCA_000474995.1
Puccinia striiformis f. sp. tritici PST-130,GCA_000223505.1
Puccinia striiformis f. sp. tritici PST-130,GCA_025869475.1
Puccinia striiformis f. sp. tritici PST-130,GCA_025869495.1
Puccinia striiformis f. sp. tritici PST-78,GCA_001191645.1
Puccinia striiformis f. sp. tritici PST21,GCA_000342545.1
Puccinia striiformis f. sp. tritici PST43,GCA_000342525.1
Puccinia triticina,GCA_013090125.1
Puccinia triticina,GCA_019358815.1
Puccinia triticina,GCA_026914185.1
Puccinia triticina,GCA_026914245.1
Puccinia triticina,GCA_029618625.1
Puccinia triticina,GCA_029618635.1
Puccinia triticina,GCA_029633885.1
Puccinia triticina,GCA_029634005.1
Puccinia triticina 1-1 BBBD Race 1,GCA_000151525.2
Puccinia triticina Race 106,GCA_001706785.1
Puccinia triticina Race 77,GCA_001706745.1
Puccinia triticina Race 77,GCA_001706815.1
Puccinia triticina Race 77,GCA_001706825.1
Puccinia triticina Race 77,GCA_001707035.1
Puccinia triticina Race 77,GCA_001707045.1
Puccinia triticina Race 77,GCA_001707075.1
Puccinia triticina Race 77,GCA_001707095.1
Puccinia triticina Race 77,GCA_001707215.1
Puccinia triticina Race 77,GCA_001707295.1
Puccinia triticina Race 77,GCA_001707345.1
Puccinia triticina Race 77,GCA_001707355.1
Puccinia triticina Race 77,GCA_001707385.1
Puccinia triticina Race 77,GCA_001707415.1
Puccinia triticina Race 77,GCA_001707655.1
Pulchroboletus neoregius,GCA_038089795.1
Pulveroboletus aff. annulatus,GCA_038094595.1
Pulveroboletus aff. carminiporus,GCA_038094195.1
Pulveroboletus aff. ridleyi,GCA_038094035.1
Pulveroboletus aff. viridisquamosus,GCA_038088935.1
Pulveroboletus cf. aberrans,GCA_038094155.1
Pulveroboletus cf. rosaemariae,GCA_038089275.1
Pulveroboletus cf. viridisquamosus,GCA_038090515.1
Pulveroboletus frians,GCA_038089395.1
Pulveroboletus frians,GCA_038093695.1
Pulveroboletus ravenelii,GCA_003316545.1
Pulveroboletus ravenelii,GCA_038090135.1
Pulveroboletus ravenelii,GCA_038090235.1
Pulveroboletus ridleyi,GCA_038089355.1
Pulveroboletus sp. KM172995,GCA_041722075.1
Pulveroboletus sp. KM173101,GCA_041722015.1
Pulveroboletus sp. TRTC175156,GCA_041722555.1
Punctularia strigosozonata HHB-11173 SS5,GCA_000264995.1
Purpureocillium lavendulum,GCA_029168975.1
Purpureocillium lilacinum,GCA_001468795.1
Purpureocillium lilacinum,GCA_001653205.1
Purpureocillium lilacinum,GCA_001653265.1
Purpureocillium lilacinum,GCA_003144605.1
Purpureocillium lilacinum,GCA_004026395.1
Purpureocillium lilacinum,GCA_004026455.1
Purpureocillium lilacinum,GCA_023168085.2
Purpureocillium lilacinum,GCA_023168115.2
Purpureocillium lilacinum,GCA_030772975.1
Purpureocillium lilacinum,GCA_030777725.1
Purpureocillium lilacinum,GCA_033847395.1
Purpureocillium lilacinum,GCA_042920535.1
Purpureocillium lilacinum,GCA_046452455.1
Purpureocillium lilacinum,GCA_051402975.1
Purpureocillium lilacinum,GCA_051529275.1
Purpureocillium lilacinum,GCA_054134455.1
Purpureocillium sp. XYC-2025d,GCA_050872005.1
Purpureocillium takamizusanense,GCA_022605165.1
Puttea exsequens,GCA_022814085.1
Pycnora praestabilis,GCA_026026765.1
Pyrenochaeta sp. DS3sAY3a,GCA_001644535.1
Pyrenochaeta sp. MPI-SDFR-AT-0127,GCA_020747015.1
Pyrenochaeta sp. UM 256,GCA_000359685.2
Pyrenodesmia sp. 2 TL-2023,GCA_051941465.1
Pyrenodesmia sp. 3 TL-2023,GCA_051941895.1
Pyrenophora graminea,GCA_012365135.1
Pyrenophora seminiperda CCB06,GCA_000465215.2
Pyrenophora teres,GCA_020027095.1
Pyrenophora teres,GCA_025495205.1
Pyrenophora teres,GCA_025504585.1
Pyrenophora teres,GCA_025504605.1
Pyrenophora teres,GCA_025504615.1
Pyrenophora teres,GCA_025504625.1
Pyrenophora teres f. maculata,GCA_014334755.1
Pyrenophora teres f. maculata,GCA_014334775.1
Pyrenophora teres f. maculata,GCA_014334795.1
Pyrenophora teres f. maculata,GCA_014334815.1
Pyrenophora teres f. teres,GCA_008086725.1
Pyrenophora teres f. teres,GCA_008086755.1
Pyrenophora teres f. teres,GCA_008086785.1
Pyrenophora teres f. teres,GCA_008086845.1
Pyrenophora teres f. teres,GCA_009728635.1
Pyrenophora teres f. teres,GCA_009728645.1
Pyrenophora teres f. teres,GCA_009728655.1
Pyrenophora teres f. teres,GCA_009728665.1
Pyrenophora teres f. teres,GCA_009728675.1
Pyrenophora teres f. teres,GCA_031213615.1
Pyrenophora teres f. teres 0-1,GCA_000166005.1
Pyrenophora teres f. teres 0-1,GCA_006112615.1
Pyrenophora tritici-repentis,GCA_003171515.3
Pyrenophora tritici-repentis,GCA_003171545.1
Pyrenophora tritici-repentis,GCA_003231325.2
Pyrenophora tritici-repentis,GCA_003231345.1
Pyrenophora tritici-repentis,GCA_003231355.1
Pyrenophora tritici-repentis,GCA_003231365.1
Pyrenophora tritici-repentis,GCA_003231415.2
Pyrenophora tritici-repentis,GCA_003231425.2
Pyrenophora tritici-repentis,GCA_008692205.1
Pyrenophora tritici-repentis,GCA_018492725.1
Pyrenophora tritici-repentis,GCA_022544795.1
Pyrenophora tritici-repentis,GCA_022544805.1
Pyrenophora tritici-repentis,GCA_022578365.1
Pyrenophora tritici-repentis,GCA_022578395.1
Pyrenophora tritici-repentis,GCA_022788405.1
Pyrenophora tritici-repentis,GCA_022788415.1
Pyrenophora tritici-repentis,GCA_022788425.1
Pyrenophora tritici-repentis,GCA_022788435.1
Pyrenophora tritici-repentis,GCA_022788445.1
Pyrenophora tritici-repentis,GCA_022788505.1
Pyrenophora tritici-repentis,GCA_022788515.1
Pyrenophora tritici-repentis,GCA_022813025.1
Pyrenophora tritici-repentis,GCA_022813065.1
Pyrenophora tritici-repentis,GCA_022837075.1
Pyrenophora tritici-repentis,GCA_025536695.1
Pyrenophora tritici-repentis,GCA_025536705.1
Pyrenophora tritici-repentis,GCA_025536715.1
Pyrenophora tritici-repentis,GCA_025536725.1
Pyrenophora tritici-repentis,GCA_025541035.1
Pyrenophora tritici-repentis,GCA_025541055.1
Pyrenophora tritici-repentis,GCA_025541075.1
Pyrenophora tritici-repentis,GCA_025541095.1
Pyrenophora tritici-repentis,GCA_025541315.1
Pyrenophora tritici-repentis,GCA_025541335.1
Pyrenophora tritici-repentis,GCA_025541355.1
Pyrenophora tritici-repentis,GCA_025541375.1
Pyrenophora tritici-repentis,GCA_025541395.1
Pyrenophora tritici-repentis,GCA_025541405.1
Pyrenophora tritici-repentis,GCA_025541415.1
Pyrenophora tritici-repentis,GCA_025541425.1
Pyrenophora tritici-repentis,GCA_025541475.1
Pyrenophora tritici-repentis,GCA_025541495.1
Pyrenophora tritici-repentis,GCA_025541515.1
Pyrenophora tritici-repentis,GCA_025541535.1
Pyrenophora tritici-repentis,GCA_025541555.1
Pyrenophora tritici-repentis,GCA_025541575.1
Pyrenophora tritici-repentis,GCA_025541595.1
Pyrenophora tritici-repentis,GCA_025541685.1
Pyrenophora tritici-repentis,GCA_025544435.1
Pyrenophora tritici-repentis,GCA_025544455.1
Pyrenophora tritici-repentis,GCA_025544475.1
Pyrenophora tritici-repentis,GCA_025544515.1
Pyrenophora tritici-repentis,GCA_025544535.1
Pyrenophora tritici-repentis,GCA_025544555.1
Pyrenophora tritici-repentis,GCA_025544575.1
Pyrenophora tritici-repentis,GCA_025544595.1
Pyrenophora tritici-repentis,GCA_025544615.1
Pyrenophora tritici-repentis,GCA_025544635.1
Pyrenophora tritici-repentis,GCA_025544665.1
Pyrenophora tritici-repentis,GCA_025557955.1
Pyrenophora tritici-repentis,GCA_025557965.1
Pyrenophora tritici-repentis,GCA_025557995.1
Pyrenophora tritici-repentis,GCA_025558015.1
Pyrenophora tritici-repentis,GCA_025558035.1
Pyrenophora tritici-repentis Pt-1C-BFP,GCA_000149985.1
Pyrenula aspistea,GCA_021030945.1
Pyrenula massariospora,GCA_021030905.1
Pyrenula ochraceoflavens,GCA_051942085.1
Pyrenula sp. 1 TL-2023,GCA_052059035.1
Pyricularia grisea,GCA_001548795.1
Pyricularia grisea,GCA_001548815.1
Pyricularia grisea,GCA_002924675.1
Pyricularia grisea,GCA_002925245.1
Pyricularia grisea,GCA_003933175.1
Pyricularia grisea,GCA_004355905.1
Pyricularia grisea,GCA_024704025.1
Pyricularia grisea,GCA_024704135.1
Pyricularia grisea,GCA_037447495.1
Pyricularia grisea,GCA_040113025.1
Pyricularia grisea,GCA_047370945.1
Pyricularia grisea W97-11,GCA_002871045.1
Pyricularia grisea W98-20,GCA_002866905.1
Pyricularia oryzae,GCA_000734075.1
Pyricularia oryzae,GCA_000734085.1
Pyricularia oryzae,GCA_000734095.1
Pyricularia oryzae,GCA_000734105.1
Pyricularia oryzae,GCA_000734155.1
Pyricularia oryzae,GCA_000734165.1
Pyricularia oryzae,GCA_000734185.1
Pyricularia oryzae,GCA_000734215.1
Pyricularia oryzae,GCA_000734235.1
Pyricularia oryzae,GCA_000734245.1
Pyricularia oryzae,GCA_000734265.1
Pyricularia oryzae,GCA_000734275.1
Pyricularia oryzae,GCA_000734315.1
Pyricularia oryzae,GCA_000734325.1
Pyricularia oryzae,GCA_000734335.1
Pyricularia oryzae,GCA_000734345.1
Pyricularia oryzae,GCA_000734395.1
Pyricularia oryzae,GCA_000734405.1
Pyricularia oryzae,GCA_000734425.1
Pyricularia oryzae,GCA_000734455.1
Pyricularia oryzae,GCA_000734495.1
Pyricularia oryzae,GCA_000734515.1
Pyricularia oryzae,GCA_000734525.1
Pyricularia oryzae,GCA_000734555.1
Pyricularia oryzae,GCA_000734575.1
Pyricularia oryzae,GCA_000734595.1
Pyricularia oryzae,GCA_000734605.1
Pyricularia oryzae,GCA_000734635.1
Pyricularia oryzae,GCA_000734655.1
Pyricularia oryzae,GCA_000734675.1
Pyricularia oryzae,GCA_000734685.1
Pyricularia oryzae,GCA_000734705.1
Pyricularia oryzae,GCA_000734735.1
Pyricularia oryzae,GCA_000734755.1
Pyricularia oryzae,GCA_000734785.1
Pyricularia oryzae,GCA_000805855.1
Pyricularia oryzae,GCA_001548775.1
Pyricularia oryzae,GCA_001548785.1
Pyricularia oryzae,GCA_001548845.1
Pyricularia oryzae,GCA_001548855.1
Pyricularia oryzae,GCA_001675595.1
Pyricularia oryzae,GCA_001675605.1
Pyricularia oryzae,GCA_001675615.1
Pyricularia oryzae,GCA_001675625.1
Pyricularia oryzae,GCA_001853415.3
Pyricularia oryzae,GCA_001936075.1
Pyricularia oryzae,GCA_001936435.1
Pyricularia oryzae,GCA_001936935.1
Pyricularia oryzae,GCA_002105295.1
Pyricularia oryzae,GCA_002218345.1
Pyricularia oryzae,GCA_002218355.1
Pyricularia oryzae,GCA_002218425.1
Pyricularia oryzae,GCA_002218435.1
Pyricularia oryzae,GCA_002218465.1
Pyricularia oryzae,GCA_002218475.1
Pyricularia oryzae,GCA_002218485.1
Pyricularia oryzae,GCA_002368475.1
Pyricularia oryzae,GCA_002368485.1
Pyricularia oryzae,GCA_002368515.1
Pyricularia oryzae,GCA_002368525.1
Pyricularia oryzae,GCA_002924665.1
Pyricularia oryzae,GCA_002924685.1
Pyricularia oryzae,GCA_002924695.1
Pyricularia oryzae,GCA_002924745.1
Pyricularia oryzae,GCA_002924755.1
Pyricularia oryzae,GCA_002924785.1
Pyricularia oryzae,GCA_002924795.1
Pyricularia oryzae,GCA_002924825.1
Pyricularia oryzae,GCA_002924835.1
Pyricularia oryzae,GCA_002924865.1
Pyricularia oryzae,GCA_002924875.1
Pyricularia oryzae,GCA_002924885.1
Pyricularia oryzae,GCA_002924915.1
Pyricularia oryzae,GCA_002924945.1
Pyricularia oryzae,GCA_002924965.1
Pyricularia oryzae,GCA_002924975.1
Pyricularia oryzae,GCA_002924985.1
Pyricularia oryzae,GCA_002925025.1
Pyricularia oryzae,GCA_002925045.1
Pyricularia oryzae,GCA_002925065.1
Pyricularia oryzae,GCA_002925085.1
Pyricularia oryzae,GCA_002925095.1
Pyricularia oryzae,GCA_002925105.1
Pyricularia oryzae,GCA_002925145.1
Pyricularia oryzae,GCA_002925155.1
Pyricularia oryzae,GCA_002925165.1
Pyricularia oryzae,GCA_002925205.1
Pyricularia oryzae,GCA_002925215.1
Pyricularia oryzae,GCA_002925225.1
Pyricularia oryzae,GCA_002925285.1
Pyricularia oryzae,GCA_002925295.1
Pyricularia oryzae,GCA_002925325.1
Pyricularia oryzae,GCA_002925335.1
Pyricularia oryzae,GCA_002925345.1
Pyricularia oryzae,GCA_002925385.1
Pyricularia oryzae,GCA_002925405.1
Pyricularia oryzae,GCA_002925415.1
Pyricularia oryzae,GCA_002925425.1
Pyricularia oryzae,GCA_002925445.1
Pyricularia oryzae,GCA_003013125.1
Pyricularia oryzae,GCA_003015385.1
Pyricularia oryzae,GCA_003015395.1
Pyricularia oryzae,GCA_003015405.1
Pyricularia oryzae,GCA_003015425.1
Pyricularia oryzae,GCA_003015465.1
Pyricularia oryzae,GCA_003015475.2
Pyricularia oryzae,GCA_003015495.1
Pyricularia oryzae,GCA_003015515.1
Pyricularia oryzae,GCA_003015545.1
Pyricularia oryzae,GCA_003015555.1
Pyricularia oryzae,GCA_003015565.1
Pyricularia oryzae,GCA_003015595.1
Pyricularia oryzae,GCA_003015625.1
Pyricularia oryzae,GCA_003015635.1
Pyricularia oryzae,GCA_003015645.1
Pyricularia oryzae,GCA_003015655.1
Pyricularia oryzae,GCA_003015705.1
Pyricularia oryzae,GCA_003015735.1
Pyricularia oryzae,GCA_003015745.1
Pyricularia oryzae,GCA_003015755.1
Pyricularia oryzae,GCA_003015805.1
Pyricularia oryzae,GCA_003015815.2
Pyricularia oryzae,GCA_003015825.1
Pyricularia oryzae,GCA_003015835.1
Pyricularia oryzae,GCA_003015885.1
Pyricularia oryzae,GCA_003015895.1
Pyricularia oryzae,GCA_003015925.1
Pyricularia oryzae,GCA_003015935.1
Pyricularia oryzae,GCA_003015955.1
Pyricularia oryzae,GCA_003015975.2
Pyricularia oryzae,GCA_003016005.1
Pyricularia oryzae,GCA_003016015.1
Pyricularia oryzae,GCA_003016025.1
Pyricularia oryzae,GCA_003016035.1
Pyricularia oryzae,GCA_003016085.1
Pyricularia oryzae,GCA_003016095.1
Pyricularia oryzae,GCA_003016105.1
Pyricularia oryzae,GCA_003016115.1
Pyricularia oryzae,GCA_003016165.1
Pyricularia oryzae,GCA_003016175.1
Pyricularia oryzae,GCA_003016185.1
Pyricularia oryzae,GCA_003016195.1
Pyricularia oryzae,GCA_003016245.1
Pyricularia oryzae,GCA_003016255.1
Pyricularia oryzae,GCA_003016265.1
Pyricularia oryzae,GCA_003016275.1
Pyricularia oryzae,GCA_003016325.1
Pyricularia oryzae,GCA_003016385.1
Pyricularia oryzae,GCA_003016395.1
Pyricularia oryzae,GCA_003016415.1
Pyricularia oryzae,GCA_003016425.1
Pyricularia oryzae,GCA_003016465.1
Pyricularia oryzae,GCA_003016475.1
Pyricularia oryzae,GCA_003016495.1
Pyricularia oryzae,GCA_003016505.1
Pyricularia oryzae,GCA_003016545.1
Pyricularia oryzae,GCA_003016555.1
Pyricularia oryzae,GCA_003016575.1
Pyricularia oryzae,GCA_003016585.1
Pyricularia oryzae,GCA_003016625.1
Pyricularia oryzae,GCA_003016635.1
Pyricularia oryzae,GCA_003016655.1
Pyricularia oryzae,GCA_003016665.1
Pyricularia oryzae,GCA_003016705.1
Pyricularia oryzae,GCA_003016715.1
Pyricularia oryzae,GCA_003016725.1
Pyricularia oryzae,GCA_003016745.2
Pyricularia oryzae,GCA_003016785.1
Pyricularia oryzae,GCA_003016795.1
Pyricularia oryzae,GCA_003016805.1
Pyricularia oryzae,GCA_003016825.1
Pyricularia oryzae,GCA_003016855.1
Pyricularia oryzae,GCA_003016875.1
Pyricularia oryzae,GCA_003016895.1
Pyricularia oryzae,GCA_003016905.1
Pyricularia oryzae,GCA_003016935.1
Pyricularia oryzae,GCA_003016955.1
Pyricularia oryzae,GCA_003016965.1
Pyricularia oryzae,GCA_003016985.1
Pyricularia oryzae,GCA_003017025.1
Pyricularia oryzae,GCA_003017035.1
Pyricularia oryzae,GCA_003017045.1
Pyricularia oryzae,GCA_003017065.1
Pyricularia oryzae,GCA_003017115.1
Pyricularia oryzae,GCA_003017125.1
Pyricularia oryzae,GCA_003017165.1
Pyricularia oryzae,GCA_003017175.1
Pyricularia oryzae,GCA_003017255.1
Pyricularia oryzae,GCA_003991345.1
Pyricularia oryzae,GCA_004346965.1
Pyricularia oryzae,GCA_004785725.2
Pyricularia oryzae,GCA_011799905.1
Pyricularia oryzae,GCA_011799915.1
Pyricularia oryzae,GCA_011799925.1
Pyricularia oryzae,GCA_011799965.1
Pyricularia oryzae,GCA_012272995.1
Pyricularia oryzae,GCA_012490805.1
Pyricularia oryzae,GCA_012490815.1
Pyricularia oryzae,GCA_012596185.1
Pyricularia oryzae,GCA_012654035.1
Pyricularia oryzae,GCA_012654075.1
Pyricularia oryzae,GCA_012654105.1
Pyricularia oryzae,GCA_012654115.1
Pyricularia oryzae,GCA_012654135.1
Pyricularia oryzae,GCA_012922935.1
Pyricularia oryzae,GCA_012978415.1
Pyricularia oryzae,GCA_012978435.1
Pyricularia oryzae,GCA_012978465.1
Pyricularia oryzae,GCA_012978495.1
Pyricularia oryzae,GCA_012978505.1
Pyricularia oryzae,GCA_012978515.1
Pyricularia oryzae,GCA_012979075.1
Pyricularia oryzae,GCA_012979135.1
Pyricularia oryzae,GCA_013423085.1
Pyricularia oryzae,GCA_013423095.1
Pyricularia oryzae,GCA_013423135.1
Pyricularia oryzae,GCA_013423145.1
Pyricularia oryzae,GCA_013423165.1
Pyricularia oryzae,GCA_017589535.1
Pyricularia oryzae,GCA_017589555.1
Pyricularia oryzae,GCA_017589565.1
Pyricularia oryzae,GCA_017589575.1
Pyricularia oryzae,GCA_019775995.1
Pyricularia oryzae,GCA_019776005.1
Pyricularia oryzae,GCA_021442365.1
Pyricularia oryzae,GCA_021764705.1
Pyricularia oryzae,GCA_021845515.1
Pyricularia oryzae,GCA_024703655.1
Pyricularia oryzae,GCA_024703665.1
Pyricularia oryzae,GCA_024703685.1
Pyricularia oryzae,GCA_024703975.1
Pyricularia oryzae,GCA_024704035.1
Pyricularia oryzae,GCA_024704055.1
Pyricularia oryzae,GCA_024704115.1
Pyricularia oryzae,GCA_024704145.1
Pyricularia oryzae,GCA_024704165.1
Pyricularia oryzae,GCA_024704195.1
Pyricularia oryzae,GCA_024704225.1
Pyricularia oryzae,GCA_024704235.1
Pyricularia oryzae,GCA_024704255.1
Pyricularia oryzae,GCA_024704275.1
Pyricularia oryzae,GCA_024704305.1
Pyricularia oryzae,GCA_024704315.1
Pyricularia oryzae,GCA_024704335.1
Pyricularia oryzae,GCA_024704405.1
Pyricularia oryzae,GCA_024704415.1
Pyricularia oryzae,GCA_024704445.1
Pyricularia oryzae,GCA_024704475.1
Pyricularia oryzae,GCA_024704485.1
Pyricularia oryzae,GCA_024704505.1
Pyricularia oryzae,GCA_024704515.1
Pyricularia oryzae,GCA_024704575.1
Pyricularia oryzae,GCA_024704605.1
Pyricularia oryzae,GCA_024704625.1
Pyricularia oryzae,GCA_024704655.1
Pyricularia oryzae,GCA_024704685.1
Pyricularia oryzae,GCA_024704695.1
Pyricularia oryzae,GCA_025134795.1
Pyricularia oryzae,GCA_025135345.1
Pyricularia oryzae,GCA_025473255.1
Pyricularia oryzae,GCA_025473265.1
Pyricularia oryzae,GCA_025473275.1
Pyricularia oryzae,GCA_025473285.1
Pyricularia oryzae,GCA_025473295.1
Pyricularia oryzae,GCA_025473435.1
Pyricularia oryzae,GCA_025473445.1
Pyricularia oryzae,GCA_025473575.1
Pyricularia oryzae,GCA_025727595.1
Pyricularia oryzae,GCA_026170115.1
Pyricularia oryzae,GCA_026170125.1
Pyricularia oryzae,GCA_026170135.1
Pyricularia oryzae,GCA_026261775.1
Pyricularia oryzae,GCA_030512215.1
Pyricularia oryzae,GCA_030718865.1
Pyricularia oryzae,GCA_031001895.1
Pyricularia oryzae,GCA_031002315.1
Pyricularia oryzae,GCA_031208665.1
Pyricularia oryzae,GCA_031208675.1
Pyricularia oryzae,GCA_031208725.1
Pyricularia oryzae,GCA_031211395.1
Pyricularia oryzae,GCA_031212055.1
Pyricularia oryzae,GCA_031306055.1
Pyricularia oryzae,GCA_031306085.1
Pyricularia oryzae,GCA_031466475.1
Pyricularia oryzae,GCA_031466495.1
Pyricularia oryzae,GCA_032881745.1
Pyricularia oryzae,GCA_033035085.1
Pyricularia oryzae,GCA_033035115.1
Pyricularia oryzae,GCA_033035145.1
Pyricularia oryzae,GCA_033875275.1
Pyricularia oryzae,GCA_033875295.1
Pyricularia oryzae,GCA_036172685.1
Pyricularia oryzae,GCA_036493215.1
Pyricularia oryzae,GCA_043231905.1
Pyricularia oryzae,GCA_043231915.1
Pyricularia oryzae,GCA_043231925.1
Pyricularia oryzae,GCA_046629725.1
Pyricularia oryzae,GCA_046629885.1
Pyricularia oryzae,GCA_046718435.1
Pyricularia oryzae,GCA_046718735.1
Pyricularia oryzae,GCA_046865825.1
Pyricularia oryzae,GCA_046866195.1
Pyricularia oryzae,GCA_047301875.1
Pyricularia oryzae,GCA_047323615.1
Pyricularia oryzae,GCA_047323675.1
Pyricularia oryzae,GCA_047323685.1
Pyricularia oryzae,GCA_047323795.1
Pyricularia oryzae,GCA_047323855.1
Pyricularia oryzae,GCA_047323865.1
Pyricularia oryzae,GCA_048987255.1
Pyricularia oryzae,GCA_049190995.1
Pyricularia oryzae,GCA_049309555.1
Pyricularia oryzae,GCA_049355315.1
Pyricularia oryzae,GCA_049355325.1
Pyricularia oryzae,GCA_049355335.1
Pyricularia oryzae,GCA_049355375.1
Pyricularia oryzae,GCA_049355395.1
Pyricularia oryzae,GCA_049355405.1
Pyricularia oryzae,GCA_049355415.1
Pyricularia oryzae,GCA_049735435.1
Pyricularia oryzae,GCA_049996535.1
Pyricularia oryzae,GCA_050140945.1
Pyricularia oryzae,GCA_050140955.1
Pyricularia oryzae,GCA_050140975.1
Pyricularia oryzae,GCA_050141065.1
Pyricularia oryzae,GCA_050141075.1
Pyricularia oryzae,GCA_050141105.1
Pyricularia oryzae,GCA_050141145.1
Pyricularia oryzae,GCA_050141165.1
Pyricularia oryzae,GCA_050141175.1
Pyricularia oryzae,GCA_050141245.1
Pyricularia oryzae,GCA_050141255.1
Pyricularia oryzae,GCA_050141285.1
Pyricularia oryzae,GCA_050141325.1
Pyricularia oryzae,GCA_050157325.1
Pyricularia oryzae,GCA_050157855.1
Pyricularia oryzae,GCA_050157985.1
Pyricularia oryzae,GCA_050656645.1
Pyricularia oryzae,GCA_050656755.1
Pyricularia oryzae,GCA_052055085.1
Pyricularia oryzae,GCA_052855805.1
Pyricularia oryzae,GCA_052855865.1
Pyricularia oryzae,GCA_052855885.1
Pyricularia oryzae,GCA_052855925.1
Pyricularia oryzae,GCA_052855945.1
Pyricularia oryzae,GCA_052855965.1
Pyricularia oryzae,GCA_052856025.1
Pyricularia oryzae,GCA_052856045.1
Pyricularia oryzae,GCA_052856065.1
Pyricularia oryzae,GCA_052856105.1
Pyricularia oryzae,GCA_052856125.1
Pyricularia oryzae,GCA_052856145.1
Pyricularia oryzae,GCA_052856185.1
Pyricularia oryzae,GCA_052856215.1
Pyricularia oryzae,GCA_052856235.1
Pyricularia oryzae,GCA_052856275.1
Pyricularia oryzae,GCA_052856295.1
Pyricularia oryzae,GCA_052856315.1
Pyricularia oryzae,GCA_052856355.1
Pyricularia oryzae,GCA_052856375.1
Pyricularia oryzae,GCA_052856415.1
Pyricularia oryzae,GCA_052856435.1
Pyricularia oryzae,GCA_052856455.1
Pyricularia oryzae,GCA_052856475.1
Pyricularia oryzae,GCA_052856495.1
Pyricularia oryzae,GCA_052856515.1
Pyricularia oryzae,GCA_052856535.1
Pyricularia oryzae,GCA_052856575.1
Pyricularia oryzae,GCA_052856615.1
Pyricularia oryzae,GCA_052856635.1
Pyricularia oryzae,GCA_052856655.1
Pyricularia oryzae,GCA_052856695.1
Pyricularia oryzae,GCA_052856715.1
Pyricularia oryzae,GCA_052856725.1
Pyricularia oryzae,GCA_052856755.1
Pyricularia oryzae,GCA_052856775.1
Pyricularia oryzae,GCA_052856795.1
Pyricularia oryzae,GCA_052856835.1
Pyricularia oryzae,GCA_052856855.1
Pyricularia oryzae,GCA_052856875.1
Pyricularia oryzae,GCA_052856935.1
Pyricularia oryzae,GCA_052856955.1
Pyricularia oryzae,GCA_052856975.1
Pyricularia oryzae,GCA_052856995.1
Pyricularia oryzae,GCA_052857025.1
Pyricularia oryzae,GCA_052857045.1
Pyricularia oryzae,GCA_052857065.1
Pyricularia oryzae,GCA_052857105.1
Pyricularia oryzae,GCA_052857125.1
Pyricularia oryzae,GCA_052857165.1
Pyricularia oryzae,GCA_052857295.1
Pyricularia oryzae,GCA_052857335.1
Pyricularia oryzae,GCA_052857355.1
Pyricularia oryzae,GCA_052857415.1
Pyricularia oryzae,GCA_052857435.1
Pyricularia oryzae,GCA_052857455.1
Pyricularia oryzae,GCA_052857475.1
Pyricularia oryzae,GCA_052857495.1
Pyricularia oryzae,GCA_052857515.1
Pyricularia oryzae,GCA_052857555.1
Pyricularia oryzae,GCA_052857575.1
Pyricularia oryzae,GCA_052857595.1
Pyricularia oryzae,GCA_052857635.1
Pyricularia oryzae,GCA_052857675.1
Pyricularia oryzae,GCA_052857695.1
Pyricularia oryzae,GCA_052857715.1
Pyricularia oryzae,GCA_052857735.1
Pyricularia oryzae,GCA_052857755.1
Pyricularia oryzae,GCA_052857775.1
Pyricularia oryzae,GCA_052857795.1
Pyricularia oryzae,GCA_052857815.1
Pyricularia oryzae,GCA_052857855.1
Pyricularia oryzae,GCA_052857895.1
Pyricularia oryzae,GCA_052857915.1
Pyricularia oryzae,GCA_052857965.1
Pyricularia oryzae,GCA_052857985.1
Pyricularia oryzae,GCA_052858005.1
Pyricularia oryzae,GCA_052858025.1
Pyricularia oryzae,GCA_052858045.1
Pyricularia oryzae,GCA_052858065.1
Pyricularia oryzae,GCA_052858085.1
Pyricularia oryzae,GCA_052858105.1
Pyricularia oryzae,GCA_052858125.1
Pyricularia oryzae,GCA_052858155.1
Pyricularia oryzae,GCA_052858175.1
Pyricularia oryzae,GCA_052858235.1
Pyricularia oryzae,GCA_052858255.1
Pyricularia oryzae,GCA_052858265.1
Pyricularia oryzae,GCA_052858315.1
Pyricularia oryzae,GCA_052858335.1
Pyricularia oryzae,GCA_052858355.1
Pyricularia oryzae,GCA_052858375.1
Pyricularia oryzae,GCA_052858395.1
Pyricularia oryzae,GCA_052858415.1
Pyricularia oryzae,GCA_052858455.1
Pyricularia oryzae,GCA_052858475.1
Pyricularia oryzae,GCA_052858515.1
Pyricularia oryzae,GCA_055472255.1
Pyricularia oryzae,GCA_055472275.1
Pyricularia oryzae,GCA_055472295.1
Pyricularia oryzae,GCA_055472325.1
Pyricularia oryzae,GCA_055472335.1
Pyricularia oryzae,GCA_055472375.1
Pyricularia oryzae,GCA_055472395.1
Pyricularia oryzae,GCA_055472415.1
Pyricularia oryzae,GCA_055472435.1
Pyricularia oryzae,GCA_055472455.1
Pyricularia oryzae,GCA_055472475.1
Pyricularia oryzae,GCA_055472495.1
Pyricularia oryzae,GCA_055472515.1
Pyricularia oryzae,GCA_055472535.1
Pyricularia oryzae,GCA_055472555.1
Pyricularia oryzae,GCA_055472575.1
Pyricularia oryzae,GCA_055472595.1
Pyricularia oryzae,GCA_055472615.1
Pyricularia oryzae,GCA_055472635.1
Pyricularia oryzae,GCA_055473985.1
Pyricularia oryzae,GCA_055689495.1
Pyricularia oryzae,GCA_055689515.1
Pyricularia oryzae,GCA_055689535.1
Pyricularia oryzae,GCA_055689555.1
Pyricularia oryzae,GCA_055689575.1
Pyricularia oryzae,GCA_055689595.1
Pyricularia oryzae,GCA_055689605.1
Pyricularia oryzae,GCA_055689635.1
Pyricularia oryzae,GCA_055697835.1
Pyricularia oryzae,GCA_055697855.1
Pyricularia oryzae,GCA_055697875.1
Pyricularia oryzae,GCA_055697895.1
Pyricularia oryzae,GCA_055697915.1
Pyricularia oryzae,GCA_055697935.1
Pyricularia oryzae,GCA_055697955.1
Pyricularia oryzae,GCA_055697975.1
Pyricularia oryzae,GCA_055697985.1
Pyricularia oryzae,GCA_055774735.1
Pyricularia oryzae 4091-5-8,GCA_000376765.1
Pyricularia oryzae 70-15,GCA_000002495.2
Pyricularia oryzae B157,GCA_000832285.1
Pyricularia oryzae FJ81278,GCA_000498135.1
Pyricularia oryzae HN19311,GCA_000475075.1
Pyricularia oryzae KJ201,GCA_000376685.2
Pyricularia oryzae MG01,GCA_000969745.1
Pyricularia oryzae Mo-nwi-31,GCA_003990535.1
Pyricularia oryzae Mo-nwi-55,GCA_002021675.1
Pyricularia oryzae P131,GCA_000292605.2
Pyricularia oryzae Y34,GCA_000292585.1
Pyricularia penniseti,GCA_041721605.1
Pyricularia pennisetigena,GCA_003013045.1
Pyricularia pennisetigena,GCA_004337985.1
Pyricularia sp. 18-2,GCA_019328425.1
Pyricularia sp. CBS 133598,GCA_004337975.1
Pyricularia sp. CD86,GCA_031306095.1
Pyricularia sp. MG03,GCA_001936055.1
Pyricularia sp. MG05,GCA_001936065.1
Pyricularia sp. MG07,GCA_001936455.1
Pyricularia sp. MG08,GCA_001936555.1
Pyricularia sp. MG12,GCA_001936955.1
Pyricularia sp. RZ-2025a,GCA_052576145.1
Pyricularia urashimae,GCA_031211305.1
Pyronema domesticum,GCA_024516145.1
Pyronema omphalodes,GCA_024516155.1
Pyronema omphalodes,GCA_055755615.1
Pyronema omphalodes CBS 100304,GCA_000981605.1
Pyrrhoderma lamaoense,GCA_002794735.1
Pyrrhoderma noxium,GCA_002287475.2
Pyrrhoderma noxium,GCA_010367325.1
Pyrrhoderma noxium,GCA_016617955.1
Pyrrhoderma noxium,GCA_016617985.1
Pyrrhoderma noxium,GCA_016618025.1
Pyrrhoderma noxium,GCA_016618065.1
Pyrrhoderma noxium OVT-YTM/97,GCA_000507345.1
Quaeritorhiza haematococci,GCA_027596845.1
Quambalaria eucalypti,GCA_004016185.1
Querciphoma carteri,GCA_052323555.1
Rachicladosporium monterosium,GCA_035927975.1
Rachicladosporium sp. CCFEE 5018,GCA_002077045.2
Rachicladosporium sp. CGMCC 3.30118,GCA_046718265.1
Radiomyces spectabilis,GCA_025331425.1
Raffaelea albimanens,GCA_002778245.1
Raffaelea ambrosiae,GCA_002778195.1
Raffaelea arxii,GCA_002778165.1
Raffaelea deltoideospora,GCA_019925385.1
Raffaelea sp. RL272,GCA_002777955.1
Ramalina farinacea,GCA_029948375.1
Ramalina intermedia,GCA_003073195.1
Ramalina peruviana,GCA_001956345.1
Ramaria cf. rubripermanens,GCA_003316465.1
Ramaria rubella,GCA_015039355.1
Ramaria sp. MG151,GCA_003314545.1
Ramicandelaber brevisporus,GCA_025201865.1
Ramichloridium luteum,GCA_002368545.1
Ramularia coccinea,GCA_004155245.1
Ramularia coccinea,GCA_013461505.1
Ramularia collo-cygni,GCA_001510955.1
Ramularia endophylla,GCA_002116395.1
Ramulariopsis pseudoglycines,GCA_043513825.1
Rasamsonia byssochlamydoides,GCA_041956645.1
Rasamsonia columbiensis,GCA_055762005.1
Rasamsonia emersonii,GCA_041956655.1
Rasamsonia emersonii CBS 393.64,GCA_000968595.1
Recurvomyces mirabilis,GCA_033675085.1
Recurvomyces mirabilis,GCA_035135035.1
Recurvomyces mirabilis,GCA_035927965.1
Remersonia thermophila,GCA_042764415.1
Retiboletus flavoniger,GCA_038089835.1
Retiboletus fuscus,GCA_038093795.1
Retiboletus ornatipes,GCA_003316065.1
Retiboletus ornatipes,GCA_038091215.1
Reticulascus tulasneorum,GCA_001557495.1
Reticulascus tulasneorum,GCA_001557505.1
Rhamphoriopsis cuprea,GCA_051996595.1
Rhamphoriopsis denticulata,GCA_051996575.1
Rhexocercosporidium sp. MPI-PUGE-AT-0058,GCA_020746875.1
Rhinocladiella mackenziei,GCA_001723215.1
Rhinocladiella mackenziei,GCA_001723235.1
Rhinocladiella mackenziei,GCA_015295605.1
Rhinocladiella mackenziei CBS 650.93,GCA_000835555.1
Rhinocladiella similis,GCA_024082115.1
Rhinocladiella similis,GCA_037074965.1
Rhinocladiella similis,GCA_050084925.1
Rhizina undulata,GCA_051227325.1
Rhizoclosmatium globosum,GCA_002104985.1
Rhizoclosmatium hyalinum,GCA_027596175.1
Rhizoclosmatium sp. JEL0117,GCA_027604365.1
Rhizoctonia solani,GCA_001286725.1
Rhizoctonia solani,GCA_015341985.1
Rhizoctonia solani,GCA_015342405.1
Rhizoctonia solani,GCA_015342415.1
Rhizoctonia solani,GCA_015342435.1
Rhizoctonia solani,GCA_016906535.1
Rhizoctonia solani,GCA_017311305.1
Rhizoctonia solani,GCA_019297585.1
Rhizoctonia solani,GCA_020746845.1
Rhizoctonia solani,GCA_024722335.1
Rhizoctonia solani,GCA_025504695.1
Rhizoctonia solani,GCA_026686785.1
Rhizoctonia solani,GCA_026766895.1
Rhizoctonia solani,GCA_028551635.1
Rhizoctonia solani,GCA_030142035.1
Rhizoctonia solani,GCA_034770255.1
Rhizoctonia solani,GCA_034770285.1
Rhizoctonia solani,GCA_039906435.1
Rhizoctonia solani,GCA_044039995.1
Rhizoctonia solani,GCA_045866225.1
Rhizoctonia solani,GCA_048471615.1
Rhizoctonia solani,GCA_049245135.1
Rhizoctonia solani 123E,GCA_000715385.1
Rhizoctonia solani AG-1 IA,GCA_000334115.1
Rhizoctonia solani AG-1 IA,GCA_001899475.2
Rhizoctonia solani AG-1 IB,GCA_000350255.1
Rhizoctonia solani AG-1 IB,GCA_000832345.2
Rhizoctonia solani AG-11,GCA_021018865.1
Rhizoctonia solani AG-3 PT,GCA_003268435.1
Rhizoctonia solani AG-3 Rhs1AP,GCA_000524645.1
Rhizoctonia solani AG-8 WAC10335,GCA_000695385.1
Rhizodermea veluwensis,GCA_040367235.1
Rhizodiscina lignyota,GCA_010015805.1
Rhizomucor miehei,GCA_040807125.1
Rhizomucor miehei CAU432,GCA_000611695.1
Rhizomucor pusillus,GCA_023512895.1
Rhizomucor pusillus,GCA_041956525.1
Rhizophagus clarus,GCA_003203555.1
Rhizophagus clarus,GCA_015698045.1
Rhizophagus irregularis,GCA_001593125.1
Rhizophagus irregularis,GCA_001593135.2
Rhizophagus irregularis,GCA_001593145.1
Rhizophagus irregularis,GCA_001593155.1
Rhizophagus irregularis,GCA_001593205.1
Rhizophagus irregularis,GCA_003833045.1
Rhizophagus irregularis,GCA_003833115.1
Rhizophagus irregularis,GCA_008973605.1
Rhizophagus irregularis,GCA_020716685.1
Rhizophagus irregularis,GCA_020716705.1
Rhizophagus irregularis,GCA_020716725.1
Rhizophagus irregularis,GCA_020716745.1
Rhizophagus irregularis,GCA_020716765.1
Rhizophagus irregularis,GCA_021464265.1
Rhizophagus irregularis,GCA_021464285.1
Rhizophagus irregularis,GCA_021464325.1
Rhizophagus irregularis,GCA_021464345.1
Rhizophagus irregularis,GCA_026210795.1
Rhizophagus irregularis DAOM 181602=DAOM 197198,GCA_000439145.3
Rhizophagus irregularis DAOM 181602=DAOM 197198,GCA_002897155.2
Rhizophagus irregularis DAOM 197198w,GCA_000597565.1
Rhizophagus irregularis DAOM 197198w,GCA_000597585.1
Rhizophagus irregularis DAOM 197198w,GCA_000597605.1
Rhizophagus irregularis DAOM 197198w,GCA_000597625.1
Rhizophagus irregularis DAOM 197198w,GCA_000597645.1
Rhizophagus irregularis DAOM 197198w,GCA_000597665.1
Rhizophagus irregularis DAOM 197198w,GCA_000597685.1
Rhizophagus prolifer,GCA_019425655.1
Rhizophagus sp. LPA8_1_AMF,GCA_021464375.1
Rhizophagus sp. LPA8_3_AMF,GCA_021464405.1
Rhizophagus sp. LPA8_4_AMF,GCA_021464525.1
Rhizophagus sp. MUCL 43196,GCA_003549995.1
Rhizophlyctis rosea,GCA_002214945.1
Rhizophlyctis rosea,GCA_027596075.1
Rhizophlyctis rosea,GCA_027596135.1
Rhizopogon fuscorubens,GCA_002995455.1
Rhizopogon hawkerae,GCA_002994995.1
Rhizopogon hawkerae,GCA_002995035.1
Rhizopogon parksii,GCA_002994865.1
Rhizopogon parksii,GCA_002995155.1
Rhizopogon rudus,GCA_002994895.1
Rhizopogon rudus,GCA_002995055.1
Rhizopogon rudus,GCA_002995175.1
Rhizopogon rudus,GCA_002995195.1
Rhizopogon rudus,GCA_002995215.1
Rhizopogon rudus,GCA_002995335.1
Rhizopogon rudus,GCA_002995355.1
Rhizopogon salebrosus,GCA_002995475.1
Rhizopogon salebrosus TDB-379,GCA_029603245.1
Rhizopogon sp. AM-2018a,GCA_002994855.1
Rhizopogon sp. AM-2018a,GCA_002994955.1
Rhizopogon sp. AM-2018a,GCA_002995095.1
Rhizopogon sp. AM-2018a,GCA_002995135.1
Rhizopogon sp. AM-2018a,GCA_002995235.1
Rhizopogon vesiculosus,GCA_001882365.1
Rhizopogon vesiculosus,GCA_002995015.1
Rhizopogon vesiculosus,GCA_002995115.1
Rhizopogon vesiculosus,GCA_002995245.1
Rhizopogon villosulus,GCA_002995315.1
Rhizopogon vinicolor,GCA_002994825.1
Rhizopogon vinicolor,GCA_002995065.1
Rhizopogon vinicolor,GCA_002995275.1
Rhizopogon vinicolor,GCA_002995375.1
Rhizopogon vinicolor,GCA_002995395.1
Rhizopogon vinicolor,GCA_002995415.1
Rhizopogon vinicolor AM-OR11-026,GCA_001658105.1
Rhizopogon vulgaris,GCA_002995295.1
Rhizopus arrhizus,GCA_000697195.1
Rhizopus arrhizus,GCA_011763645.1
Rhizopus arrhizus,GCA_011763775.1
Rhizopus arrhizus,GCA_011763875.1
Rhizopus arrhizus,GCA_011763935.1
Rhizopus arrhizus,GCA_011763955.1
Rhizopus arrhizus,GCA_011763975.1
Rhizopus arrhizus,GCA_011763995.1
Rhizopus arrhizus,GCA_011764025.1
Rhizopus arrhizus,GCA_011764055.1
Rhizopus arrhizus,GCA_011764125.1
Rhizopus arrhizus,GCA_011764185.1
Rhizopus arrhizus,GCA_011764225.1
Rhizopus arrhizus,GCA_011764265.1
Rhizopus arrhizus,GCA_011800955.2
Rhizopus arrhizus,GCA_011800985.2
Rhizopus arrhizus,GCA_011801035.2
Rhizopus arrhizus,GCA_011801055.2
Rhizopus arrhizus,GCA_011801305.2
Rhizopus arrhizus,GCA_011801335.2
Rhizopus arrhizus,GCA_011801385.2
Rhizopus arrhizus,GCA_011801495.1
Rhizopus arrhizus,GCA_011801505.2
Rhizopus arrhizus,GCA_011801555.2
Rhizopus arrhizus,GCA_011801575.2
Rhizopus arrhizus,GCA_011801605.2
Rhizopus arrhizus,GCA_011801645.2
Rhizopus arrhizus,GCA_011801675.2
Rhizopus arrhizus,GCA_011801705.2
Rhizopus arrhizus,GCA_011801725.2
Rhizopus arrhizus,GCA_011801785.2
Rhizopus arrhizus,GCA_011801815.2
Rhizopus arrhizus,GCA_011950945.2
Rhizopus arrhizus,GCA_011950985.2
Rhizopus arrhizus,GCA_011951285.2
Rhizopus arrhizus,GCA_011951295.2
Rhizopus arrhizus,GCA_011952045.2
Rhizopus arrhizus,GCA_011952115.2
Rhizopus arrhizus,GCA_011952145.2
Rhizopus arrhizus,GCA_011952175.2
Rhizopus arrhizus,GCA_019828915.1
Rhizopus arrhizus,GCA_023630295.1
Rhizopus arrhizus,GCA_023630335.1
Rhizopus arrhizus,GCA_024220505.1
Rhizopus arrhizus,GCA_048164915.1
Rhizopus arrhizus,GCA_050389755.1
Rhizopus arrhizus,GCA_054130755.1
Rhizopus arrhizus 99-133,GCA_000697135.1
Rhizopus arrhizus 99-892,GCA_000697725.1
Rhizopus arrhizus B7407,GCA_000696915.1
Rhizopus arrhizus HUMC 02,GCA_000697605.1
Rhizopus arrhizus Type I NRRL 13440,GCA_000697075.1
Rhizopus arrhizus Type I NRRL 18148,GCA_000697095.1
Rhizopus arrhizus Type I NRRL 21396,GCA_000697115.1
Rhizopus azygosporus,GCA_003325435.1
Rhizopus delemar,GCA_000697155.1
Rhizopus delemar,GCA_011763585.1
Rhizopus delemar,GCA_011763605.1
Rhizopus delemar,GCA_011763695.1
Rhizopus delemar,GCA_011763715.1
Rhizopus delemar,GCA_011763735.1
Rhizopus delemar,GCA_011763755.1
Rhizopus delemar,GCA_011763795.1
Rhizopus delemar,GCA_011763815.1
Rhizopus delemar,GCA_011763835.1
Rhizopus delemar,GCA_011763855.1
Rhizopus delemar,GCA_011763895.1
Rhizopus delemar,GCA_011763915.1
Rhizopus delemar,GCA_011764145.1
Rhizopus delemar,GCA_019022795.1
Rhizopus delemar,GCA_054127015.1
Rhizopus delemar RA 99-880,GCA_000149305.1
Rhizopus delemar Type II NRRL 21446,GCA_000738605.1
Rhizopus delemar Type II NRRL 21447,GCA_000738595.1
Rhizopus delemar Type II NRRL 21477,GCA_000738585.1
Rhizopus microsporus,GCA_000825725.1
Rhizopus microsporus,GCA_002083735.1
Rhizopus microsporus,GCA_011762625.1
Rhizopus microsporus,GCA_011762635.1
Rhizopus microsporus,GCA_011763475.1
Rhizopus microsporus,GCA_011763565.1
Rhizopus microsporus,GCA_011764045.1
Rhizopus microsporus,GCA_019022815.1
Rhizopus microsporus,GCA_034509365.1
Rhizopus microsporus,GCA_039881115.1
Rhizopus microsporus,GCA_046865755.1
Rhizopus microsporus,GCA_051997045.1
Rhizopus microsporus,GCA_051997065.1
Rhizopus microsporus,GCA_051997195.1
Rhizopus microsporus ATCC 52813,GCA_002708625.1
Rhizopus microsporus B9738,GCA_000697275.1
Rhizopus microsporus var rhizopodiformus B7455,GCA_000738565.1
Rhizopus microsporus var. chinensis,GCA_051997165.1
Rhizopus microsporus var. chinensis CCTCC M201021,GCA_000325505.1
Rhizopus microsporus var. microsporus,GCA_002083745.1
Rhizopus microsporus var. microsporus,GCA_051997145.1
Rhizopus microsporus var. oligosporus,GCA_040206765.1
Rhizopus microsporus var. rhizopodiformis,GCA_006680115.1
Rhizopus sp. FBL578,GCA_049863895.1
Rhizopus sp. PT2906,GCA_025529335.1
Rhizopus stolonifer,GCA_003325415.1
Rhizopus stolonifer,GCA_040807145.1
Rhizopus stolonifer,GCA_054954275.1
Rhizopus stolonifer B9770,GCA_000697035.1
Rhodocollybia butyracea,GCA_015501585.1
Rhodofomes roseus,GCA_004679265.1
Rhodofomes roseus,GCA_022264815.1
Rhodonia placenta,GCA_015832375.1
Rhodosporidiobolus azoricus,GCA_050402905.1
Rhodosporidiobolus colostri,GCA_048544765.1
Rhodosporidiobolus colostri,GCA_053477195.1
Rhodosporidiobolus fluvialis,GCA_041531625.1
Rhodosporidiobolus fluvialis,GCA_052324485.1
Rhodosporidiobolus lusitaniae,GCA_050402965.1
Rhodosporidiobolus microsporus,GCA_050402985.1
Rhodosporidiobolus nylandii,GCA_050403005.1
Rhodosporidiobolus nylandii,GCA_051805555.1
Rhodosporidiobolus odoratus,GCA_034387635.1
Rhodosporidiobolus odoratus,GCA_050403065.1
Rhodosporidiobolus poonsookiae,GCA_050403025.1
Rhodosporidiobolus ruineniae,GCA_050403045.1
Rhodosporidiobolus sp. SP3-3/4,GCA_029873605.1
Rhodotorula araucariae,GCA_050403085.1
Rhodotorula babjevae,GCA_050403105.1
Rhodotorula dairenensis,GCA_050403125.1
Rhodotorula diobovata,GCA_006352295.1
Rhodotorula diobovata,GCA_051313295.1
Rhodotorula glutinis,GCA_015501985.1
Rhodotorula glutinis,GCA_037974285.1
Rhodotorula glutinis,GCA_050403145.1
Rhodotorula graminis,GCA_026119225.1
Rhodotorula graminis,GCA_050403165.1
Rhodotorula graminis WP1,GCA_001329695.1
Rhodotorula kratochvilovae,GCA_002917965.1
Rhodotorula kratochvilovae,GCA_019775375.1
Rhodotorula kratochvilovae,GCA_019775385.1
Rhodotorula kratochvilovae,GCA_019775595.1
Rhodotorula kratochvilovae,GCA_019775605.1
Rhodotorula kratochvilovae,GCA_019923515.1
Rhodotorula kratochvilovae,GCA_019926025.1
Rhodotorula kratochvilovae,GCA_022817825.1
Rhodotorula kratochvilovae,GCA_051805505.1
Rhodotorula kratochvilovae,GCA_051805515.1
Rhodotorula kratochvilovae,GCA_056149925.1
Rhodotorula mucilaginosa,GCA_000931965.1
Rhodotorula mucilaginosa,GCA_002250355.1
Rhodotorula mucilaginosa,GCA_002806785.1
Rhodotorula mucilaginosa,GCA_003055205.1
Rhodotorula mucilaginosa,GCA_004143675.1
Rhodotorula mucilaginosa,GCA_012922695.1
Rhodotorula mucilaginosa,GCA_012922725.1
Rhodotorula mucilaginosa,GCA_012922765.1
Rhodotorula mucilaginosa,GCA_012922805.1
Rhodotorula mucilaginosa,GCA_012922825.1
Rhodotorula mucilaginosa,GCA_012922835.1
Rhodotorula mucilaginosa,GCA_013030385.1
Rhodotorula mucilaginosa,GCA_013030395.1
Rhodotorula mucilaginosa,GCA_013030405.1
Rhodotorula mucilaginosa,GCA_013030415.1
Rhodotorula mucilaginosa,GCA_013036305.1
Rhodotorula mucilaginosa,GCA_013036355.1
Rhodotorula mucilaginosa,GCA_013036365.1
Rhodotorula mucilaginosa,GCA_013036385.1
Rhodotorula mucilaginosa,GCA_013036445.1
Rhodotorula mucilaginosa,GCA_013036475.1
Rhodotorula mucilaginosa,GCA_013036505.1
Rhodotorula mucilaginosa,GCA_013036515.1
Rhodotorula mucilaginosa,GCA_013036525.1
Rhodotorula mucilaginosa,GCA_013036595.1
Rhodotorula mucilaginosa,GCA_013036615.1
Rhodotorula mucilaginosa,GCA_013036655.1
Rhodotorula mucilaginosa,GCA_013036665.1
Rhodotorula mucilaginosa,GCA_013036715.1
Rhodotorula mucilaginosa,GCA_013036735.1
Rhodotorula mucilaginosa,GCA_013036755.1
Rhodotorula mucilaginosa,GCA_013036805.1
Rhodotorula mucilaginosa,GCA_013036825.1
Rhodotorula mucilaginosa,GCA_013036835.1
Rhodotorula mucilaginosa,GCA_013036895.1
Rhodotorula mucilaginosa,GCA_013036905.1
Rhodotorula mucilaginosa,GCA_013036955.1
Rhodotorula mucilaginosa,GCA_016584205.1
Rhodotorula mucilaginosa,GCA_018687845.1
Rhodotorula mucilaginosa,GCA_019189345.1
Rhodotorula mucilaginosa,GCA_019189395.1
Rhodotorula mucilaginosa,GCA_019189415.1
Rhodotorula mucilaginosa,GCA_019189475.1
Rhodotorula mucilaginosa,GCA_019189485.1
Rhodotorula mucilaginosa,GCA_019189525.1
Rhodotorula mucilaginosa,GCA_019189545.1
Rhodotorula mucilaginosa,GCA_019189595.1
Rhodotorula mucilaginosa,GCA_019189665.1
Rhodotorula mucilaginosa,GCA_019189675.1
Rhodotorula mucilaginosa,GCA_019189755.1
Rhodotorula mucilaginosa,GCA_019189785.1
Rhodotorula mucilaginosa,GCA_019189795.1
Rhodotorula mucilaginosa,GCA_019189885.1
Rhodotorula mucilaginosa,GCA_019189905.1
Rhodotorula mucilaginosa,GCA_019189915.1
Rhodotorula mucilaginosa,GCA_019189975.1
Rhodotorula mucilaginosa,GCA_019189985.1
Rhodotorula mucilaginosa,GCA_019189995.1
Rhodotorula mucilaginosa,GCA_019190015.1
Rhodotorula mucilaginosa,GCA_019190035.1
Rhodotorula mucilaginosa,GCA_019190125.1
Rhodotorula mucilaginosa,GCA_019190135.1
Rhodotorula mucilaginosa,GCA_019190145.1
Rhodotorula mucilaginosa,GCA_019190235.1
Rhodotorula mucilaginosa,GCA_019190245.1
Rhodotorula mucilaginosa,GCA_019190265.1
Rhodotorula mucilaginosa,GCA_019190345.1
Rhodotorula mucilaginosa,GCA_019190365.1
Rhodotorula mucilaginosa,GCA_019190375.1
Rhodotorula mucilaginosa,GCA_019190385.1
Rhodotorula mucilaginosa,GCA_019190495.1
Rhodotorula mucilaginosa,GCA_019190505.1
Rhodotorula mucilaginosa,GCA_019190525.1
Rhodotorula mucilaginosa,GCA_019190585.1
Rhodotorula mucilaginosa,GCA_019190605.1
Rhodotorula mucilaginosa,GCA_019190625.1
Rhodotorula mucilaginosa,GCA_019190635.1
Rhodotorula mucilaginosa,GCA_019190705.1
Rhodotorula mucilaginosa,GCA_019190745.1
Rhodotorula mucilaginosa,GCA_019190765.1
Rhodotorula mucilaginosa,GCA_019190795.1
Rhodotorula mucilaginosa,GCA_019190805.1
Rhodotorula mucilaginosa,GCA_019190885.1
Rhodotorula mucilaginosa,GCA_019190895.1
Rhodotorula mucilaginosa,GCA_019190905.1
Rhodotorula mucilaginosa,GCA_019190935.1
Rhodotorula mucilaginosa,GCA_019190965.1
Rhodotorula mucilaginosa,GCA_019191065.1
Rhodotorula mucilaginosa,GCA_019191075.1
Rhodotorula mucilaginosa,GCA_019191155.1
Rhodotorula mucilaginosa,GCA_019303655.1
Rhodotorula mucilaginosa,GCA_019671035.1
Rhodotorula mucilaginosa,GCA_019802805.1
Rhodotorula mucilaginosa,GCA_019802815.1
Rhodotorula mucilaginosa,GCA_019802825.1
Rhodotorula mucilaginosa,GCA_019802895.1
Rhodotorula mucilaginosa,GCA_019802905.1
Rhodotorula mucilaginosa,GCA_019802915.1
Rhodotorula mucilaginosa,GCA_019802925.1
Rhodotorula mucilaginosa,GCA_019803015.1
Rhodotorula mucilaginosa,GCA_019805405.1
Rhodotorula mucilaginosa,GCA_023628195.1
Rhodotorula mucilaginosa,GCA_024184655.1
Rhodotorula mucilaginosa,GCA_024500305.1
Rhodotorula mucilaginosa,GCA_024748845.1
Rhodotorula mucilaginosa,GCA_025502725.1
Rhodotorula mucilaginosa,GCA_025502745.1
Rhodotorula mucilaginosa,GCA_025502755.1
Rhodotorula mucilaginosa,GCA_025502865.1
Rhodotorula mucilaginosa,GCA_025502885.1
Rhodotorula mucilaginosa,GCA_025502915.1
Rhodotorula mucilaginosa,GCA_025502925.1
Rhodotorula mucilaginosa,GCA_025502945.1
Rhodotorula mucilaginosa,GCA_032719295.1
Rhodotorula mucilaginosa,GCA_034406715.1
Rhodotorula mucilaginosa,GCA_036320835.1
Rhodotorula mucilaginosa,GCA_037040695.1
Rhodotorula mucilaginosa,GCA_037041355.1
Rhodotorula mucilaginosa,GCA_041430375.1
Rhodotorula mucilaginosa,GCA_041430435.1
Rhodotorula mucilaginosa,GCA_041430455.1
Rhodotorula mucilaginosa,GCA_049500115.1
Rhodotorula mucilaginosa,GCA_050916435.1
Rhodotorula mucilaginosa,GCA_055801775.1
Rhodotorula pacifica,GCA_049863195.1
Rhodotorula pacifica,GCA_050403185.1
Rhodotorula paludigena,GCA_005281665.1
Rhodotorula paludigena,GCA_019671115.1
Rhodotorula paludigena,GCA_028828615.1
Rhodotorula paludigena,GCA_029873615.1
Rhodotorula paludigena,GCA_033458335.1
Rhodotorula paludigena,GCA_036244875.1
Rhodotorula paludigena,GCA_050403205.1
Rhodotorula sp. BUB8,GCA_038381065.1
Rhodotorula sp. CC01,GCA_021654155.1
Rhodotorula sp. CCFEE 5036,GCA_005059875.1
Rhodotorula sp. CP72-2,GCA_030867695.1
Rhodotorula sp. FNED7-22,GCA_001914285.1
Rhodotorula sp. JG-1b,GCA_001541205.1
Rhodotorula sp. M30-05A-2,GCA_023628275.1
Rhodotorula sp. PL61-2,GCA_028828645.1
Rhodotorula sp. S30-09,GCA_023628235.1
Rhodotorula sp. VS67,GCA_019059545.1
Rhodotorula sp. ZM1,GCA_009806315.1
Rhodotorula sphaerocarpa,GCA_024713535.1
Rhodotorula sphaerocarpa,GCA_030983975.1
Rhodotorula sphaerocarpa,GCA_050403225.1
Rhodotorula sphaerocarpa,GCA_051805495.1
Rhodotorula taiwanensis,GCA_002922495.1
Rhodotorula toruloides,GCA_000988805.1
Rhodotorula toruloides,GCA_000988875.2
Rhodotorula toruloides,GCA_001255795.1
Rhodotorula toruloides,GCA_001456015.1
Rhodotorula toruloides,GCA_001542265.1
Rhodotorula toruloides,GCA_001542305.1
Rhodotorula toruloides,GCA_001600115.1
Rhodotorula toruloides,GCA_001600135.1
Rhodotorula toruloides,GCA_001600155.1
Rhodotorula toruloides,GCA_001600215.1
Rhodotorula toruloides,GCA_003234015.1
Rhodotorula toruloides,GCA_005387725.1
Rhodotorula toruloides,GCA_007990605.1
Rhodotorula toruloides,GCA_016808315.1
Rhodotorula toruloides,GCA_023078535.2
Rhodotorula toruloides,GCA_023968905.1
Rhodotorula toruloides,GCA_024734855.1
Rhodotorula toruloides,GCA_029694785.1
Rhodotorula toruloides,GCA_034509285.1
Rhodotorula toruloides,GCA_035220585.1
Rhodotorula toruloides,GCA_037126565.1
Rhodotorula toruloides,GCA_037126585.1
Rhodotorula toruloides,GCA_037126745.1
Rhodotorula toruloides,GCA_040807085.1
Rhodotorula toruloides,GCA_050403245.1
Rhodotorula toruloides,GCA_050403265.1
Rhodotorula toruloides,GCA_051308255.1
Rhodotorula toruloides,GCA_051805525.1
Rhodotorula toruloides,GCA_051805535.1
Rhodotorula toruloides,GCA_051805545.1
Rhodotorula toruloides,GCA_051805565.1
Rhodotorula toruloides,GCA_051805575.1
Rhodotorula toruloides,GCA_051805585.1
Rhodotorula toruloides,GCA_051805595.1
Rhodotorula toruloides ATCC 204091,GCA_000222205.2
Rhodotorula toruloides MTCC 457,GCA_000258745.1
Rhodotorula toruloides NP11,GCA_000320785.2
Rhynchosporium graminicola,GCA_046529785.1
Rhypophila decipiens,GCA_033297075.1
Rhypophila decipiens,GCA_054392445.1
Rhypophila sp. PSN 637,GCA_054392455.1
Rhytidhysteron rufulum CBS 306.38,GCA_000467735.1
Rickenella mellea,GCA_004355085.1
Rigidonotus glomeratus,GCA_040938115.1
Roridomyces roridus,GCA_029378245.1
Rosellinia necatrix,GCA_001445595.3
Rosellinia necatrix,GCA_021209665.1
Rosellinia necatrix,GCA_021209685.1
Rosellinia necatrix,GCA_021209715.1
Rosellinia necatrix,GCA_021209865.1
Rosellinia necatrix,GCA_021209875.1
Rosellinia necatrix,GCA_026420105.1
Rossbeevera mucosa,GCA_038090415.1
Rossbeevera pachydermis,GCA_038090155.1
Rostrohypoxylon terebratum,GCA_022497145.1
Royoungia palumana,GCA_038089855.1
Rozella allomycis CSF55,GCA_000442015.1
Rozella allomycis CSF55,GCA_003614725.1
Rubinoboletus rubinus,GCA_038093575.1
Rubroboletus pulcherrimus,GCA_038091165.1
Rubroboletus rhodosanguineus,GCA_038091115.1
Rubroboletus satanas,GCA_038090635.1
Rubroboletus sp. TRTC157201,GCA_041722355.1
Rugiboletus extremiorientalis,GCA_038093855.1
Rugonectria neobalansae,GCA_045529385.1
Rugonectria rugulosa,GCA_023509875.1
Rugosomyces carneus,GCA_018221805.1
Rusavskia elegans,GCA_011316305.1
Rusavskia elegans,GCA_051941435.1
Russula abietina,GCA_003313715.1
Russula aff. compacta,GCA_003313875.1
Russula aff. rugulosa BPL654,GCA_022496225.1
Russula brevipes,GCA_022496215.1
Russula compacta,GCA_022376555.1
Russula decolorans,GCA_054948915.1
Russula dissimulans,GCA_022376545.1
Russula earlei,GCA_025769875.1
Russula emetica,GCA_015178925.1
Russula foetens,GCA_003316565.1
Russula griseocarnosa,GCA_004801975.1
Russula griseocarnosa,GCA_022884055.1
Russula lepida,GCA_003316425.1
Russula ochroleuca,GCA_015178965.1
Russula sp. MG48,GCA_003313725.1
Russula vinacea,GCA_022376525.1
Russula virescens,GCA_003316435.1
Russula virescens,GCA_042920275.1
Rutstroemia sp. NJR-2017a BBW,GCA_002946425.1
Rutstroemia sp. NJR-2017a BVV2,GCA_002946415.1
Rutstroemia sp. NJR-2017a WRK4,GCA_002946385.1
Rutstroemia sydowiana,GCA_000812895.1
Ruyongia chambardii,GCA_030574595.1
Ruyongia namnaoensis,GCA_030563805.1
Ruyongia ponderosae,GCA_003706755.2
Ruyongia ponderosae,GCA_030582235.1
Ruyongia tratensis,GCA_030564005.1
Sabuloglossum arenarium,GCA_022345705.2
Saccharata proteae CBS 121410,GCA_010015785.1
Saccharomyces arboricola H-6,GCA_000292725.1
Saccharomyces bayanus,GCA_013180065.1
Saccharomyces bayanus,GCA_013180165.1
Saccharomyces bayanus,GCA_013180675.1
Saccharomyces bayanus,GCA_013180695.1
Saccharomyces bayanus,GCA_019431265.1
Saccharomyces bayanus,GCA_029873595.1
Saccharomyces bayanus NBRC1948,GCA_013180125.1
Saccharomyces cerevisiae,GCA_000091065.2
Saccharomyces cerevisiae,GCA_000734875.3
Saccharomyces cerevisiae,GCA_000756235.1
Saccharomyces cerevisiae,GCA_000766165.2
Saccharomyces cerevisiae,GCA_000766175.2
Saccharomyces cerevisiae,GCA_000766185.2
Saccharomyces cerevisiae,GCA_000766195.2
Saccharomyces cerevisiae,GCA_000766245.2
Saccharomyces cerevisiae,GCA_000766265.2
Saccharomyces cerevisiae,GCA_000766275.2
Saccharomyces cerevisiae,GCA_000766305.2
Saccharomyces cerevisiae,GCA_000766315.2
Saccharomyces cerevisiae,GCA_000766375.2
Saccharomyces cerevisiae,GCA_000766395.2
Saccharomyces cerevisiae,GCA_000766415.2
Saccharomyces cerevisiae,GCA_000766435.2
Saccharomyces cerevisiae,GCA_000766455.2
Saccharomyces cerevisiae,GCA_000766475.2
Saccharomyces cerevisiae,GCA_000766495.2
Saccharomyces cerevisiae,GCA_000766515.2
Saccharomyces cerevisiae,GCA_000766535.2
Saccharomyces cerevisiae,GCA_000766555.2
Saccharomyces cerevisiae,GCA_000766575.2
Saccharomyces cerevisiae,GCA_000766595.2
Saccharomyces cerevisiae,GCA_000766615.2
Saccharomyces cerevisiae,GCA_000766635.2
Saccharomyces cerevisiae,GCA_000767965.1
Saccharomyces cerevisiae,GCA_000768095.1
Saccharomyces cerevisiae,GCA_000769245.1
Saccharomyces cerevisiae,GCA_000773925.1
Saccharomyces cerevisiae,GCA_000775555.1
Saccharomyces cerevisiae,GCA_000971825.1
Saccharomyces cerevisiae,GCA_001006245.1
Saccharomyces cerevisiae,GCA_001029075.1
Saccharomyces cerevisiae,GCA_001029995.1
Saccharomyces cerevisiae,GCA_001051215.1
Saccharomyces cerevisiae,GCA_001078085.1
Saccharomyces cerevisiae,GCA_001078105.1
Saccharomyces cerevisiae,GCA_001298375.2
Saccharomyces cerevisiae,GCA_001413975.1
Saccharomyces cerevisiae,GCA_001545905.1
Saccharomyces cerevisiae,GCA_001545975.1
Saccharomyces cerevisiae,GCA_001578265.1
Saccharomyces cerevisiae,GCA_001578275.1
Saccharomyces cerevisiae,GCA_001578285.1
Saccharomyces cerevisiae,GCA_001578295.1
Saccharomyces cerevisiae,GCA_001578385.1
Saccharomyces cerevisiae,GCA_001580425.1
Saccharomyces cerevisiae,GCA_001584535.1
Saccharomyces cerevisiae,GCA_001592655.1
Saccharomyces cerevisiae,GCA_001625055.1
Saccharomyces cerevisiae,GCA_001634645.1
Saccharomyces cerevisiae,GCA_001669875.1
Saccharomyces cerevisiae,GCA_001669905.1
Saccharomyces cerevisiae,GCA_001669935.1
Saccharomyces cerevisiae,GCA_001669965.1
Saccharomyces cerevisiae,GCA_001669995.1
Saccharomyces cerevisiae,GCA_001670025.1
Saccharomyces cerevisiae,GCA_001670055.1
Saccharomyces cerevisiae,GCA_001670085.1
Saccharomyces cerevisiae,GCA_001670115.1
Saccharomyces cerevisiae,GCA_001670145.1
Saccharomyces cerevisiae,GCA_001670175.1
Saccharomyces cerevisiae,GCA_001670205.1
Saccharomyces cerevisiae,GCA_001670235.1
Saccharomyces cerevisiae,GCA_001670265.1
Saccharomyces cerevisiae,GCA_001670295.1
Saccharomyces cerevisiae,GCA_001670325.1
Saccharomyces cerevisiae,GCA_001670355.1
Saccharomyces cerevisiae,GCA_001670385.1
Saccharomyces cerevisiae,GCA_001670415.1
Saccharomyces cerevisiae,GCA_001670845.1
Saccharomyces cerevisiae,GCA_001670935.1
Saccharomyces cerevisiae,GCA_001670965.1
Saccharomyces cerevisiae,GCA_001670995.1
Saccharomyces cerevisiae,GCA_001671025.1
Saccharomyces cerevisiae,GCA_001671055.1
Saccharomyces cerevisiae,GCA_001671085.1
Saccharomyces cerevisiae,GCA_001671115.1
Saccharomyces cerevisiae,GCA_001671165.1
Saccharomyces cerevisiae,GCA_001671195.1
Saccharomyces cerevisiae,GCA_001671225.1
Saccharomyces cerevisiae,GCA_001671255.1
Saccharomyces cerevisiae,GCA_001671285.1
Saccharomyces cerevisiae,GCA_001671315.1
Saccharomyces cerevisiae,GCA_001671345.1
Saccharomyces cerevisiae,GCA_001671375.1
Saccharomyces cerevisiae,GCA_001671405.1
Saccharomyces cerevisiae,GCA_001671435.1
Saccharomyces cerevisiae,GCA_001671565.1
Saccharomyces cerevisiae,GCA_001671595.1
Saccharomyces cerevisiae,GCA_001671625.1
Saccharomyces cerevisiae,GCA_001671655.1
Saccharomyces cerevisiae,GCA_001671685.1
Saccharomyces cerevisiae,GCA_001671715.1
Saccharomyces cerevisiae,GCA_001671745.1
Saccharomyces cerevisiae,GCA_001671775.1
Saccharomyces cerevisiae,GCA_001671805.1
Saccharomyces cerevisiae,GCA_001671835.1
Saccharomyces cerevisiae,GCA_001671865.1
Saccharomyces cerevisiae,GCA_001671895.1
Saccharomyces cerevisiae,GCA_001671925.1
Saccharomyces cerevisiae,GCA_001671955.1
Saccharomyces cerevisiae,GCA_001671985.1
Saccharomyces cerevisiae,GCA_001735825.1
Saccharomyces cerevisiae,GCA_001737145.2
Saccharomyces cerevisiae,GCA_001737155.1
Saccharomyces cerevisiae,GCA_001737165.1
Saccharomyces cerevisiae,GCA_001737175.1
Saccharomyces cerevisiae,GCA_001737265.1
Saccharomyces cerevisiae,GCA_001737275.1
Saccharomyces cerevisiae,GCA_001737285.1
Saccharomyces cerevisiae,GCA_001737295.2
Saccharomyces cerevisiae,GCA_001737385.2
Saccharomyces cerevisiae,GCA_001737395.2
Saccharomyces cerevisiae,GCA_001737415.2
Saccharomyces cerevisiae,GCA_001737445.2
Saccharomyces cerevisiae,GCA_001737505.2
Saccharomyces cerevisiae,GCA_001737515.2
Saccharomyces cerevisiae,GCA_001737535.2
Saccharomyces cerevisiae,GCA_001737545.2
Saccharomyces cerevisiae,GCA_001737625.2
Saccharomyces cerevisiae,GCA_001737635.2
Saccharomyces cerevisiae,GCA_001737645.2
Saccharomyces cerevisiae,GCA_001737655.2
Saccharomyces cerevisiae,GCA_001737745.2
Saccharomyces cerevisiae,GCA_001737755.2
Saccharomyces cerevisiae,GCA_001737765.2
Saccharomyces cerevisiae,GCA_001737785.2
Saccharomyces cerevisiae,GCA_001737865.2
Saccharomyces cerevisiae,GCA_001737875.1
Saccharomyces cerevisiae,GCA_001737885.1
Saccharomyces cerevisiae,GCA_001737895.1
Saccharomyces cerevisiae,GCA_001737985.1
Saccharomyces cerevisiae,GCA_001737995.1
Saccharomyces cerevisiae,GCA_001738005.1
Saccharomyces cerevisiae,GCA_001738015.1
Saccharomyces cerevisiae,GCA_001738105.1
Saccharomyces cerevisiae,GCA_001738115.1
Saccharomyces cerevisiae,GCA_001738125.1
Saccharomyces cerevisiae,GCA_001738135.2
Saccharomyces cerevisiae,GCA_001738225.1
Saccharomyces cerevisiae,GCA_001738235.1
Saccharomyces cerevisiae,GCA_001738255.1
Saccharomyces cerevisiae,GCA_001738265.1
Saccharomyces cerevisiae,GCA_001738345.1
Saccharomyces cerevisiae,GCA_001738355.1
Saccharomyces cerevisiae,GCA_001738375.1
Saccharomyces cerevisiae,GCA_001738395.1
Saccharomyces cerevisiae,GCA_001738465.1
Saccharomyces cerevisiae,GCA_001738485.1
Saccharomyces cerevisiae,GCA_001738495.1
Saccharomyces cerevisiae,GCA_001738515.1
Saccharomyces cerevisiae,GCA_001738585.1
Saccharomyces cerevisiae,GCA_001738595.1
Saccharomyces cerevisiae,GCA_001738605.1
Saccharomyces cerevisiae,GCA_001738615.1
Saccharomyces cerevisiae,GCA_001738705.1
Saccharomyces cerevisiae,GCA_001738715.1
Saccharomyces cerevisiae,GCA_001738725.1
Saccharomyces cerevisiae,GCA_001738755.1
Saccharomyces cerevisiae,GCA_001738825.1
Saccharomyces cerevisiae,GCA_001738835.1
Saccharomyces cerevisiae,GCA_001738845.1
Saccharomyces cerevisiae,GCA_001738855.1
Saccharomyces cerevisiae,GCA_001738945.1
Saccharomyces cerevisiae,GCA_001738955.1
Saccharomyces cerevisiae,GCA_001738965.1
Saccharomyces cerevisiae,GCA_001738985.1
Saccharomyces cerevisiae,GCA_001739065.1
Saccharomyces cerevisiae,GCA_001739075.1
Saccharomyces cerevisiae,GCA_001739095.1
Saccharomyces cerevisiae,GCA_001739105.1
Saccharomyces cerevisiae,GCA_001739185.1
Saccharomyces cerevisiae,GCA_001739215.1
Saccharomyces cerevisiae,GCA_001739225.1
Saccharomyces cerevisiae,GCA_001739235.1
Saccharomyces cerevisiae,GCA_001739305.1
Saccharomyces cerevisiae,GCA_001739335.1
Saccharomyces cerevisiae,GCA_001739345.1
Saccharomyces cerevisiae,GCA_001739355.1
Saccharomyces cerevisiae,GCA_001739425.1
Saccharomyces cerevisiae,GCA_001739455.1
Saccharomyces cerevisiae,GCA_001739475.1
Saccharomyces cerevisiae,GCA_001739495.1
Saccharomyces cerevisiae,GCA_001739545.1
Saccharomyces cerevisiae,GCA_001739575.1
Saccharomyces cerevisiae,GCA_001739595.1
Saccharomyces cerevisiae,GCA_001739625.1
Saccharomyces cerevisiae,GCA_001739665.1
Saccharomyces cerevisiae,GCA_001739695.1
Saccharomyces cerevisiae,GCA_001739705.1
Saccharomyces cerevisiae,GCA_001739735.1
Saccharomyces cerevisiae,GCA_001739775.1
Saccharomyces cerevisiae,GCA_001739815.1
Saccharomyces cerevisiae,GCA_001739825.1
Saccharomyces cerevisiae,GCA_001739845.1
Saccharomyces cerevisiae,GCA_001739865.1
Saccharomyces cerevisiae,GCA_001739935.1
Saccharomyces cerevisiae,GCA_001739945.1
Saccharomyces cerevisiae,GCA_001739965.1
Saccharomyces cerevisiae,GCA_001739995.1
Saccharomyces cerevisiae,GCA_001740055.1
Saccharomyces cerevisiae,GCA_001740075.1
Saccharomyces cerevisiae,GCA_001740095.1
Saccharomyces cerevisiae,GCA_001740115.1
Saccharomyces cerevisiae,GCA_001740175.1
Saccharomyces cerevisiae,GCA_001740185.1
Saccharomyces cerevisiae,GCA_001740205.1
Saccharomyces cerevisiae,GCA_001740225.1
Saccharomyces cerevisiae,GCA_001740295.1
Saccharomyces cerevisiae,GCA_001740305.1
Saccharomyces cerevisiae,GCA_001740325.1
Saccharomyces cerevisiae,GCA_001740345.1
Saccharomyces cerevisiae,GCA_001740415.1
Saccharomyces cerevisiae,GCA_001740425.1
Saccharomyces cerevisiae,GCA_001740445.1
Saccharomyces cerevisiae,GCA_001740455.1
Saccharomyces cerevisiae,GCA_001740535.1
Saccharomyces cerevisiae,GCA_001740545.1
Saccharomyces cerevisiae,GCA_001740565.1
Saccharomyces cerevisiae,GCA_001740575.1
Saccharomyces cerevisiae,GCA_001740655.1
Saccharomyces cerevisiae,GCA_001740665.1
Saccharomyces cerevisiae,GCA_001740675.1
Saccharomyces cerevisiae,GCA_001740705.1
Saccharomyces cerevisiae,GCA_001740775.1
Saccharomyces cerevisiae,GCA_001740785.1
Saccharomyces cerevisiae,GCA_001740795.1
Saccharomyces cerevisiae,GCA_001740805.1
Saccharomyces cerevisiae,GCA_001740895.1
Saccharomyces cerevisiae,GCA_001740905.1
Saccharomyces cerevisiae,GCA_001740915.1
Saccharomyces cerevisiae,GCA_001740925.1
Saccharomyces cerevisiae,GCA_001741015.1
Saccharomyces cerevisiae,GCA_001741025.1
Saccharomyces cerevisiae,GCA_001741035.1
Saccharomyces cerevisiae,GCA_001741045.1
Saccharomyces cerevisiae,GCA_001741135.1
Saccharomyces cerevisiae,GCA_001741145.1
Saccharomyces cerevisiae,GCA_001741165.1
Saccharomyces cerevisiae,GCA_001741195.1
Saccharomyces cerevisiae,GCA_001741255.1
Saccharomyces cerevisiae,GCA_001741285.1
Saccharomyces cerevisiae,GCA_001741295.1
Saccharomyces cerevisiae,GCA_001741305.1
Saccharomyces cerevisiae,GCA_001741375.1
Saccharomyces cerevisiae,GCA_001741405.1
Saccharomyces cerevisiae,GCA_001741415.1
Saccharomyces cerevisiae,GCA_001741425.1
Saccharomyces cerevisiae,GCA_001741495.1
Saccharomyces cerevisiae,GCA_001741525.1
Saccharomyces cerevisiae,GCA_001741535.1
Saccharomyces cerevisiae,GCA_001741555.1
Saccharomyces cerevisiae,GCA_001741605.1
Saccharomyces cerevisiae,GCA_001741685.1
Saccharomyces cerevisiae,GCA_001741695.1
Saccharomyces cerevisiae,GCA_001741705.1
Saccharomyces cerevisiae,GCA_001741725.1
Saccharomyces cerevisiae,GCA_001741805.1
Saccharomyces cerevisiae,GCA_001741815.1
Saccharomyces cerevisiae,GCA_001750485.1
Saccharomyces cerevisiae,GCA_001932575.1
Saccharomyces cerevisiae,GCA_001937245.1
Saccharomyces cerevisiae,GCA_001983315.1
Saccharomyces cerevisiae,GCA_002057635.1
Saccharomyces cerevisiae,GCA_002057805.1
Saccharomyces cerevisiae,GCA_002057885.1
Saccharomyces cerevisiae,GCA_002057995.1
Saccharomyces cerevisiae,GCA_002058095.1
Saccharomyces cerevisiae,GCA_002058645.1
Saccharomyces cerevisiae,GCA_002079025.1
Saccharomyces cerevisiae,GCA_002214855.1
Saccharomyces cerevisiae,GCA_002250225.1
Saccharomyces cerevisiae,GCA_002271905.1
Saccharomyces cerevisiae,GCA_002271945.1
Saccharomyces cerevisiae,GCA_002335645.1
Saccharomyces cerevisiae,GCA_002571405.2
Saccharomyces cerevisiae,GCA_002804325.1
Saccharomyces cerevisiae,GCA_002807125.1
Saccharomyces cerevisiae,GCA_002885995.1
Saccharomyces cerevisiae,GCA_002933895.1
Saccharomyces cerevisiae,GCA_003020065.1
Saccharomyces cerevisiae,GCA_003046695.1
Saccharomyces cerevisiae,GCA_003046715.1
Saccharomyces cerevisiae,GCA_003046745.1
Saccharomyces cerevisiae,GCA_003086655.1
Saccharomyces cerevisiae,GCA_003270095.1
Saccharomyces cerevisiae,GCA_003270135.1
Saccharomyces cerevisiae,GCA_003270145.1
Saccharomyces cerevisiae,GCA_003270175.1
Saccharomyces cerevisiae,GCA_003270185.1
Saccharomyces cerevisiae,GCA_003270205.1
Saccharomyces cerevisiae,GCA_003270245.1
Saccharomyces cerevisiae,GCA_003270305.1
Saccharomyces cerevisiae,GCA_003270315.1
Saccharomyces cerevisiae,GCA_003270325.1
Saccharomyces cerevisiae,GCA_003270335.1
Saccharomyces cerevisiae,GCA_003270425.1
Saccharomyces cerevisiae,GCA_003270435.1
Saccharomyces cerevisiae,GCA_003270455.1
Saccharomyces cerevisiae,GCA_003270465.1
Saccharomyces cerevisiae,GCA_003270535.1
Saccharomyces cerevisiae,GCA_003270565.1
Saccharomyces cerevisiae,GCA_003270575.1
Saccharomyces cerevisiae,GCA_003270595.1
Saccharomyces cerevisiae,GCA_003270665.1
Saccharomyces cerevisiae,GCA_003270695.1
Saccharomyces cerevisiae,GCA_003270705.1
Saccharomyces cerevisiae,GCA_003270715.1
Saccharomyces cerevisiae,GCA_003270765.1
Saccharomyces cerevisiae,GCA_003270815.1
Saccharomyces cerevisiae,GCA_003270825.1
Saccharomyces cerevisiae,GCA_003270835.1
Saccharomyces cerevisiae,GCA_003270855.1
Saccharomyces cerevisiae,GCA_003270935.1
Saccharomyces cerevisiae,GCA_003270945.1
Saccharomyces cerevisiae,GCA_003270955.1
Saccharomyces cerevisiae,GCA_003270985.1
Saccharomyces cerevisiae,GCA_003271045.1
Saccharomyces cerevisiae,GCA_003271085.1
Saccharomyces cerevisiae,GCA_003271115.1
Saccharomyces cerevisiae,GCA_003271125.1
Saccharomyces cerevisiae,GCA_003271135.1
Saccharomyces cerevisiae,GCA_003271185.1
Saccharomyces cerevisiae,GCA_003271225.1
Saccharomyces cerevisiae,GCA_003271245.1
Saccharomyces cerevisiae,GCA_003271255.1
Saccharomyces cerevisiae,GCA_003271315.1
Saccharomyces cerevisiae,GCA_003271355.1
Saccharomyces cerevisiae,GCA_003271365.1
Saccharomyces cerevisiae,GCA_003271395.1
Saccharomyces cerevisiae,GCA_003271425.1
Saccharomyces cerevisiae,GCA_003271475.1
Saccharomyces cerevisiae,GCA_003271505.1
Saccharomyces cerevisiae,GCA_003271535.1
Saccharomyces cerevisiae,GCA_003271545.1
Saccharomyces cerevisiae,GCA_003271555.1
Saccharomyces cerevisiae,GCA_003271565.1
Saccharomyces cerevisiae,GCA_003271645.1
Saccharomyces cerevisiae,GCA_003271675.1
Saccharomyces cerevisiae,GCA_003271695.1
Saccharomyces cerevisiae,GCA_003271705.1
Saccharomyces cerevisiae,GCA_003271775.1
Saccharomyces cerevisiae,GCA_003271805.1
Saccharomyces cerevisiae,GCA_003271815.1
Saccharomyces cerevisiae,GCA_003271825.1
Saccharomyces cerevisiae,GCA_003271835.1
Saccharomyces cerevisiae,GCA_003271925.1
Saccharomyces cerevisiae,GCA_003271935.1
Saccharomyces cerevisiae,GCA_003271945.1
Saccharomyces cerevisiae,GCA_003271955.1
Saccharomyces cerevisiae,GCA_003272045.1
Saccharomyces cerevisiae,GCA_003272055.1
Saccharomyces cerevisiae,GCA_003272065.1
Saccharomyces cerevisiae,GCA_003272075.1
Saccharomyces cerevisiae,GCA_003272165.1
Saccharomyces cerevisiae,GCA_003272175.1
Saccharomyces cerevisiae,GCA_003272185.1
Saccharomyces cerevisiae,GCA_003272195.1
Saccharomyces cerevisiae,GCA_003272285.1
Saccharomyces cerevisiae,GCA_003272295.1
Saccharomyces cerevisiae,GCA_003272305.1
Saccharomyces cerevisiae,GCA_003272315.1
Saccharomyces cerevisiae,GCA_003272405.1
Saccharomyces cerevisiae,GCA_003272415.1
Saccharomyces cerevisiae,GCA_003272425.1
Saccharomyces cerevisiae,GCA_003272445.1
Saccharomyces cerevisiae,GCA_003272525.1
Saccharomyces cerevisiae,GCA_003272535.1
Saccharomyces cerevisiae,GCA_003272575.1
Saccharomyces cerevisiae,GCA_003272595.1
Saccharomyces cerevisiae,GCA_003272625.1
Saccharomyces cerevisiae,GCA_003272665.1
Saccharomyces cerevisiae,GCA_003272705.1
Saccharomyces cerevisiae,GCA_003272715.1
Saccharomyces cerevisiae,GCA_003272725.1
Saccharomyces cerevisiae,GCA_003272755.1
Saccharomyces cerevisiae,GCA_003272815.1
Saccharomyces cerevisiae,GCA_003272835.1
Saccharomyces cerevisiae,GCA_003272855.1
Saccharomyces cerevisiae,GCA_003272905.1
Saccharomyces cerevisiae,GCA_003272925.1
Saccharomyces cerevisiae,GCA_003272945.1
Saccharomyces cerevisiae,GCA_003272975.1
Saccharomyces cerevisiae,GCA_003273025.1
Saccharomyces cerevisiae,GCA_003273035.1
Saccharomyces cerevisiae,GCA_003273045.1
Saccharomyces cerevisiae,GCA_003273075.1
Saccharomyces cerevisiae,GCA_003273145.1
Saccharomyces cerevisiae,GCA_003273155.1
Saccharomyces cerevisiae,GCA_003273165.1
Saccharomyces cerevisiae,GCA_003273175.1
Saccharomyces cerevisiae,GCA_003273265.1
Saccharomyces cerevisiae,GCA_003273275.1
Saccharomyces cerevisiae,GCA_003273285.1
Saccharomyces cerevisiae,GCA_003273295.1
Saccharomyces cerevisiae,GCA_003273385.1
Saccharomyces cerevisiae,GCA_003273395.1
Saccharomyces cerevisiae,GCA_003273405.1
Saccharomyces cerevisiae,GCA_003273415.1
Saccharomyces cerevisiae,GCA_003273495.1
Saccharomyces cerevisiae,GCA_003273535.1
Saccharomyces cerevisiae,GCA_003273555.1
Saccharomyces cerevisiae,GCA_003273575.1
Saccharomyces cerevisiae,GCA_003273585.1
Saccharomyces cerevisiae,GCA_003273625.1
Saccharomyces cerevisiae,GCA_003273685.1
Saccharomyces cerevisiae,GCA_003273695.1
Saccharomyces cerevisiae,GCA_003273705.1
Saccharomyces cerevisiae,GCA_003273725.1
Saccharomyces cerevisiae,GCA_003273805.1
Saccharomyces cerevisiae,GCA_003273815.1
Saccharomyces cerevisiae,GCA_003273825.1
Saccharomyces cerevisiae,GCA_003273835.1
Saccharomyces cerevisiae,GCA_003273925.1
Saccharomyces cerevisiae,GCA_003273935.1
Saccharomyces cerevisiae,GCA_003273955.1
Saccharomyces cerevisiae,GCA_003273985.1
Saccharomyces cerevisiae,GCA_003274025.1
Saccharomyces cerevisiae,GCA_003274055.1
Saccharomyces cerevisiae,GCA_003274085.1
Saccharomyces cerevisiae,GCA_003274095.1
Saccharomyces cerevisiae,GCA_003274125.1
Saccharomyces cerevisiae,GCA_003274195.1
Saccharomyces cerevisiae,GCA_003274205.1
Saccharomyces cerevisiae,GCA_003274215.1
Saccharomyces cerevisiae,GCA_003274225.1
Saccharomyces cerevisiae,GCA_003274315.1
Saccharomyces cerevisiae,GCA_003274325.1
Saccharomyces cerevisiae,GCA_003274345.1
Saccharomyces cerevisiae,GCA_003274365.1
Saccharomyces cerevisiae,GCA_003274425.1
Saccharomyces cerevisiae,GCA_003274465.1
Saccharomyces cerevisiae,GCA_003274475.1
Saccharomyces cerevisiae,GCA_003274485.1
Saccharomyces cerevisiae,GCA_003274495.1
Saccharomyces cerevisiae,GCA_003274585.1
Saccharomyces cerevisiae,GCA_003274595.1
Saccharomyces cerevisiae,GCA_003274605.1
Saccharomyces cerevisiae,GCA_003274615.1
Saccharomyces cerevisiae,GCA_003274705.1
Saccharomyces cerevisiae,GCA_003274715.1
Saccharomyces cerevisiae,GCA_003274725.1
Saccharomyces cerevisiae,GCA_003274735.1
Saccharomyces cerevisiae,GCA_003274825.1
Saccharomyces cerevisiae,GCA_003274845.1
Saccharomyces cerevisiae,GCA_003274855.1
Saccharomyces cerevisiae,GCA_003274865.1
Saccharomyces cerevisiae,GCA_003274905.1
Saccharomyces cerevisiae,GCA_003274975.1
Saccharomyces cerevisiae,GCA_003274985.1
Saccharomyces cerevisiae,GCA_003274995.1
Saccharomyces cerevisiae,GCA_003275005.1
Saccharomyces cerevisiae,GCA_003275095.1
Saccharomyces cerevisiae,GCA_003275105.1
Saccharomyces cerevisiae,GCA_003275115.1
Saccharomyces cerevisiae,GCA_003275125.1
Saccharomyces cerevisiae,GCA_003275215.1
Saccharomyces cerevisiae,GCA_003275225.1
Saccharomyces cerevisiae,GCA_003275235.1
Saccharomyces cerevisiae,GCA_003275245.1
Saccharomyces cerevisiae,GCA_003275335.1
Saccharomyces cerevisiae,GCA_003275345.1
Saccharomyces cerevisiae,GCA_003275365.1
Saccharomyces cerevisiae,GCA_003275385.1
Saccharomyces cerevisiae,GCA_003275455.1
Saccharomyces cerevisiae,GCA_003275465.1
Saccharomyces cerevisiae,GCA_003275475.1
Saccharomyces cerevisiae,GCA_003275505.1
Saccharomyces cerevisiae,GCA_003275575.1
Saccharomyces cerevisiae,GCA_003275585.1
Saccharomyces cerevisiae,GCA_003275605.1
Saccharomyces cerevisiae,GCA_003275615.1
Saccharomyces cerevisiae,GCA_003275685.1
Saccharomyces cerevisiae,GCA_003275715.1
Saccharomyces cerevisiae,GCA_003275745.1
Saccharomyces cerevisiae,GCA_003275755.1
Saccharomyces cerevisiae,GCA_003275785.1
Saccharomyces cerevisiae,GCA_003275825.1
Saccharomyces cerevisiae,GCA_003275835.1
Saccharomyces cerevisiae,GCA_003275875.1
Saccharomyces cerevisiae,GCA_003275885.1
Saccharomyces cerevisiae,GCA_003275955.1
Saccharomyces cerevisiae,GCA_003275965.1
Saccharomyces cerevisiae,GCA_003276005.1
Saccharomyces cerevisiae,GCA_003276015.1
Saccharomyces cerevisiae,GCA_003276075.1
Saccharomyces cerevisiae,GCA_003276085.1
Saccharomyces cerevisiae,GCA_003276135.1
Saccharomyces cerevisiae,GCA_003276145.1
Saccharomyces cerevisiae,GCA_003276185.1
Saccharomyces cerevisiae,GCA_003276205.1
Saccharomyces cerevisiae,GCA_003276235.1
Saccharomyces cerevisiae,GCA_003276245.1
Saccharomyces cerevisiae,GCA_003276295.1
Saccharomyces cerevisiae,GCA_003276325.1
Saccharomyces cerevisiae,GCA_003276365.1
Saccharomyces cerevisiae,GCA_003276375.1
Saccharomyces cerevisiae,GCA_003276395.1
Saccharomyces cerevisiae,GCA_003276405.1
Saccharomyces cerevisiae,GCA_003276485.1
Saccharomyces cerevisiae,GCA_003276495.1
Saccharomyces cerevisiae,GCA_003276505.1
Saccharomyces cerevisiae,GCA_003276515.1
Saccharomyces cerevisiae,GCA_003276605.1
Saccharomyces cerevisiae,GCA_003276615.1
Saccharomyces cerevisiae,GCA_003276625.1
Saccharomyces cerevisiae,GCA_003276635.1
Saccharomyces cerevisiae,GCA_003276725.1
Saccharomyces cerevisiae,GCA_003276735.1
Saccharomyces cerevisiae,GCA_003276745.1
Saccharomyces cerevisiae,GCA_003276755.1
Saccharomyces cerevisiae,GCA_003276845.1
Saccharomyces cerevisiae,GCA_003276855.1
Saccharomyces cerevisiae,GCA_003276865.1
Saccharomyces cerevisiae,GCA_003276875.1
Saccharomyces cerevisiae,GCA_003276965.1
Saccharomyces cerevisiae,GCA_003276975.1
Saccharomyces cerevisiae,GCA_003276985.1
Saccharomyces cerevisiae,GCA_003276995.1
Saccharomyces cerevisiae,GCA_003277085.1
Saccharomyces cerevisiae,GCA_003277095.1
Saccharomyces cerevisiae,GCA_003277105.1
Saccharomyces cerevisiae,GCA_003277115.1
Saccharomyces cerevisiae,GCA_003277205.1
Saccharomyces cerevisiae,GCA_003277235.1
Saccharomyces cerevisiae,GCA_003277245.1
Saccharomyces cerevisiae,GCA_003277255.1
Saccharomyces cerevisiae,GCA_003277295.1
Saccharomyces cerevisiae,GCA_003277355.1
Saccharomyces cerevisiae,GCA_003277365.1
Saccharomyces cerevisiae,GCA_003277375.1
Saccharomyces cerevisiae,GCA_003277385.1
Saccharomyces cerevisiae,GCA_003277475.1
Saccharomyces cerevisiae,GCA_003277485.1
Saccharomyces cerevisiae,GCA_003277495.1
Saccharomyces cerevisiae,GCA_003277505.1
Saccharomyces cerevisiae,GCA_003277595.1
Saccharomyces cerevisiae,GCA_003277615.1
Saccharomyces cerevisiae,GCA_003277635.1
Saccharomyces cerevisiae,GCA_003277645.1
Saccharomyces cerevisiae,GCA_003277715.1
Saccharomyces cerevisiae,GCA_003277725.1
Saccharomyces cerevisiae,GCA_003277735.1
Saccharomyces cerevisiae,GCA_003277755.1
Saccharomyces cerevisiae,GCA_003277815.1
Saccharomyces cerevisiae,GCA_003277865.1
Saccharomyces cerevisiae,GCA_003277875.1
Saccharomyces cerevisiae,GCA_003326515.1
Saccharomyces cerevisiae,GCA_003326525.1
Saccharomyces cerevisiae,GCA_003326555.1
Saccharomyces cerevisiae,GCA_003326565.1
Saccharomyces cerevisiae,GCA_003569725.1
Saccharomyces cerevisiae,GCA_003591695.1
Saccharomyces cerevisiae,GCA_003709285.1
Saccharomyces cerevisiae,GCA_003719635.1
Saccharomyces cerevisiae,GCA_003719665.1
Saccharomyces cerevisiae,GCA_004014915.1
Saccharomyces cerevisiae,GCA_004114265.1
Saccharomyces cerevisiae,GCA_004138035.1
Saccharomyces cerevisiae,GCA_004328465.1
Saccharomyces cerevisiae,GCA_004359125.1
Saccharomyces cerevisiae,GCA_007556415.1
Saccharomyces cerevisiae,GCA_009014655.1
Saccharomyces cerevisiae,GCA_009663155.1
Saccharomyces cerevisiae,GCA_009663225.1
Saccharomyces cerevisiae,GCA_009663235.1
Saccharomyces cerevisiae,GCA_009663245.1
Saccharomyces cerevisiae,GCA_009663275.1
Saccharomyces cerevisiae,GCA_009663385.1
Saccharomyces cerevisiae,GCA_009664425.1
Saccharomyces cerevisiae,GCA_009667455.1
Saccharomyces cerevisiae,GCA_009738405.1
Saccharomyces cerevisiae,GCA_009805625.1
Saccharomyces cerevisiae,GCA_009805665.1
Saccharomyces cerevisiae,GCA_010356925.1
Saccharomyces cerevisiae,GCA_010356935.1
Saccharomyces cerevisiae,GCA_011316215.1
Saccharomyces cerevisiae,GCA_011799815.1
Saccharomyces cerevisiae,GCA_012275245.1
Saccharomyces cerevisiae,GCA_013180045.1
Saccharomyces cerevisiae,GCA_013181185.1
Saccharomyces cerevisiae,GCA_013181225.1
Saccharomyces cerevisiae,GCA_013181245.1
Saccharomyces cerevisiae,GCA_013181305.1
Saccharomyces cerevisiae,GCA_013183845.1
Saccharomyces cerevisiae,GCA_013183865.1
Saccharomyces cerevisiae,GCA_013183875.1
Saccharomyces cerevisiae,GCA_013183905.1
Saccharomyces cerevisiae,GCA_014132375.1
Saccharomyces cerevisiae,GCA_014132395.1
Saccharomyces cerevisiae,GCA_014133995.2
Saccharomyces cerevisiae,GCA_014898825.1
Saccharomyces cerevisiae,GCA_014898935.1
Saccharomyces cerevisiae,GCA_014905575.1
Saccharomyces cerevisiae,GCA_015251375.1
Saccharomyces cerevisiae,GCA_015251845.1
Saccharomyces cerevisiae,GCA_015251875.1
Saccharomyces cerevisiae,GCA_015251885.1
Saccharomyces cerevisiae,GCA_015251915.1
Saccharomyces cerevisiae,GCA_015251945.1
Saccharomyces cerevisiae,GCA_015363515.1
Saccharomyces cerevisiae,GCA_016858165.1
Saccharomyces cerevisiae,GCA_016858175.1
Saccharomyces cerevisiae,GCA_017165595.1
Saccharomyces cerevisiae,GCA_017165605.1
Saccharomyces cerevisiae,GCA_017165635.1
Saccharomyces cerevisiae,GCA_017864775.1
Saccharomyces cerevisiae,GCA_017864785.1
Saccharomyces cerevisiae,GCA_017864795.1
Saccharomyces cerevisiae,GCA_017864805.1
Saccharomyces cerevisiae,GCA_017864825.1
Saccharomyces cerevisiae,GCA_017864915.1
Saccharomyces cerevisiae,GCA_017864925.1
Saccharomyces cerevisiae,GCA_017864945.1
Saccharomyces cerevisiae,GCA_017864975.1
Saccharomyces cerevisiae,GCA_017865125.1
Saccharomyces cerevisiae,GCA_017865225.1
Saccharomyces cerevisiae,GCA_017865245.1
Saccharomyces cerevisiae,GCA_017865275.1
Saccharomyces cerevisiae,GCA_017865285.1
Saccharomyces cerevisiae,GCA_017865375.1
Saccharomyces cerevisiae,GCA_017865415.1
Saccharomyces cerevisiae,GCA_017865475.1
Saccharomyces cerevisiae,GCA_017865645.1
Saccharomyces cerevisiae,GCA_017865655.1
Saccharomyces cerevisiae,GCA_017865695.1
Saccharomyces cerevisiae,GCA_017865715.1
Saccharomyces cerevisiae,GCA_017865745.1
Saccharomyces cerevisiae,GCA_017865875.1
Saccharomyces cerevisiae,GCA_017865995.1
Saccharomyces cerevisiae,GCA_017866045.1
Saccharomyces cerevisiae,GCA_017866055.1
Saccharomyces cerevisiae,GCA_017866065.1
Saccharomyces cerevisiae,GCA_017866075.1
Saccharomyces cerevisiae,GCA_017866085.1
Saccharomyces cerevisiae,GCA_017866135.1
Saccharomyces cerevisiae,GCA_017866155.1
Saccharomyces cerevisiae,GCA_017866175.1
Saccharomyces cerevisiae,GCA_017866185.1
Saccharomyces cerevisiae,GCA_017866255.1
Saccharomyces cerevisiae,GCA_017866275.1
Saccharomyces cerevisiae,GCA_017866305.1
Saccharomyces cerevisiae,GCA_017866315.1
Saccharomyces cerevisiae,GCA_017866385.1
Saccharomyces cerevisiae,GCA_017866405.1
Saccharomyces cerevisiae,GCA_017866455.1
Saccharomyces cerevisiae,GCA_017866465.1
Saccharomyces cerevisiae,GCA_017866475.1
Saccharomyces cerevisiae,GCA_017866485.1
Saccharomyces cerevisiae,GCA_017866495.1
Saccharomyces cerevisiae,GCA_017866565.1
Saccharomyces cerevisiae,GCA_017866575.1
Saccharomyces cerevisiae,GCA_017866745.1
Saccharomyces cerevisiae,GCA_017866755.1
Saccharomyces cerevisiae,GCA_017866845.1
Saccharomyces cerevisiae,GCA_017866945.1
Saccharomyces cerevisiae,GCA_017866955.1
Saccharomyces cerevisiae,GCA_017866995.1
Saccharomyces cerevisiae,GCA_017867005.1
Saccharomyces cerevisiae,GCA_017867015.1
Saccharomyces cerevisiae,GCA_017867205.1
Saccharomyces cerevisiae,GCA_017867255.1
Saccharomyces cerevisiae,GCA_017867285.1
Saccharomyces cerevisiae,GCA_017867295.1
Saccharomyces cerevisiae,GCA_017867305.1
Saccharomyces cerevisiae,GCA_017867515.1
Saccharomyces cerevisiae,GCA_017867525.1
Saccharomyces cerevisiae,GCA_017867555.1
Saccharomyces cerevisiae,GCA_017867585.1
Saccharomyces cerevisiae,GCA_017867595.1
Saccharomyces cerevisiae,GCA_017867735.1
Saccharomyces cerevisiae,GCA_017867755.1
Saccharomyces cerevisiae,GCA_017867835.1
Saccharomyces cerevisiae,GCA_017867885.1
Saccharomyces cerevisiae,GCA_017867915.1
Saccharomyces cerevisiae,GCA_017867955.1
Saccharomyces cerevisiae,GCA_017867995.1
Saccharomyces cerevisiae,GCA_017868025.1
Saccharomyces cerevisiae,GCA_017868065.1
Saccharomyces cerevisiae,GCA_017868075.1
Saccharomyces cerevisiae,GCA_017868145.1
Saccharomyces cerevisiae,GCA_017868155.1
Saccharomyces cerevisiae,GCA_017868165.1
Saccharomyces cerevisiae,GCA_017868175.1
Saccharomyces cerevisiae,GCA_017868185.1
Saccharomyces cerevisiae,GCA_017868345.1
Saccharomyces cerevisiae,GCA_017868355.1
Saccharomyces cerevisiae,GCA_017868485.1
Saccharomyces cerevisiae,GCA_017868655.1
Saccharomyces cerevisiae,GCA_017868835.1
Saccharomyces cerevisiae,GCA_017868915.1
Saccharomyces cerevisiae,GCA_017868925.1
Saccharomyces cerevisiae,GCA_017868975.1
Saccharomyces cerevisiae,GCA_017869095.1
Saccharomyces cerevisiae,GCA_017869105.1
Saccharomyces cerevisiae,GCA_017869165.1
Saccharomyces cerevisiae,GCA_017869305.1
Saccharomyces cerevisiae,GCA_017869315.1
Saccharomyces cerevisiae,GCA_017869325.1
Saccharomyces cerevisiae,GCA_017869335.1
Saccharomyces cerevisiae,GCA_017869405.1
Saccharomyces cerevisiae,GCA_017869445.1
Saccharomyces cerevisiae,GCA_017869495.1
Saccharomyces cerevisiae,GCA_017869545.1
Saccharomyces cerevisiae,GCA_017869555.1
Saccharomyces cerevisiae,GCA_017869615.1
Saccharomyces cerevisiae,GCA_017869625.1
Saccharomyces cerevisiae,GCA_017869635.1
Saccharomyces cerevisiae,GCA_017869715.1
Saccharomyces cerevisiae,GCA_017869735.1
Saccharomyces cerevisiae,GCA_017869745.1
Saccharomyces cerevisiae,GCA_017869765.1
Saccharomyces cerevisiae,GCA_017869795.1
Saccharomyces cerevisiae,GCA_017869965.1
Saccharomyces cerevisiae,GCA_017869985.1
Saccharomyces cerevisiae,GCA_017870085.1
Saccharomyces cerevisiae,GCA_017870115.1
Saccharomyces cerevisiae,GCA_017870125.1
Saccharomyces cerevisiae,GCA_017870425.1
Saccharomyces cerevisiae,GCA_017870435.1
Saccharomyces cerevisiae,GCA_017870445.1
Saccharomyces cerevisiae,GCA_017870455.1
Saccharomyces cerevisiae,GCA_017870595.1
Saccharomyces cerevisiae,GCA_017870715.1
Saccharomyces cerevisiae,GCA_017870815.1
Saccharomyces cerevisiae,GCA_017870925.1
Saccharomyces cerevisiae,GCA_017870945.1
Saccharomyces cerevisiae,GCA_017870955.1
Saccharomyces cerevisiae,GCA_017871015.1
Saccharomyces cerevisiae,GCA_017871025.1
Saccharomyces cerevisiae,GCA_017871065.1
Saccharomyces cerevisiae,GCA_017871085.1
Saccharomyces cerevisiae,GCA_018219195.1
Saccharomyces cerevisiae,GCA_018831675.1
Saccharomyces cerevisiae,GCA_019155645.1
Saccharomyces cerevisiae,GCA_019155725.1
Saccharomyces cerevisiae,GCA_019393555.1
Saccharomyces cerevisiae,GCA_019393615.1
Saccharomyces cerevisiae,GCA_019393625.1
Saccharomyces cerevisiae,GCA_019393785.1
Saccharomyces cerevisiae,GCA_019393865.1
Saccharomyces cerevisiae,GCA_019393935.1
Saccharomyces cerevisiae,GCA_019393945.1
Saccharomyces cerevisiae,GCA_019393955.1
Saccharomyces cerevisiae,GCA_019393975.1
Saccharomyces cerevisiae,GCA_019394065.1
Saccharomyces cerevisiae,GCA_019394075.1
Saccharomyces cerevisiae,GCA_019394085.1
Saccharomyces cerevisiae,GCA_019394095.1
Saccharomyces cerevisiae,GCA_019394105.1
Saccharomyces cerevisiae,GCA_019394265.1
Saccharomyces cerevisiae,GCA_019394275.1
Saccharomyces cerevisiae,GCA_019394305.1
Saccharomyces cerevisiae,GCA_019394315.1
Saccharomyces cerevisiae,GCA_019394325.1
Saccharomyces cerevisiae,GCA_019394485.1
Saccharomyces cerevisiae,GCA_019394495.1
Saccharomyces cerevisiae,GCA_019394525.1
Saccharomyces cerevisiae,GCA_019394535.1
Saccharomyces cerevisiae,GCA_019394585.1
Saccharomyces cerevisiae,GCA_019394645.1
Saccharomyces cerevisiae,GCA_019394655.1
Saccharomyces cerevisiae,GCA_019394665.1
Saccharomyces cerevisiae,GCA_019394675.1
Saccharomyces cerevisiae,GCA_019394725.1
Saccharomyces cerevisiae,GCA_019394775.1
Saccharomyces cerevisiae,GCA_019394785.1
Saccharomyces cerevisiae,GCA_019394805.1
Saccharomyces cerevisiae,GCA_019394815.1
Saccharomyces cerevisiae,GCA_019394885.1
Saccharomyces cerevisiae,GCA_019394895.1
Saccharomyces cerevisiae,GCA_019394915.1
Saccharomyces cerevisiae,GCA_021172205.1
Saccharomyces cerevisiae,GCA_021172235.1
Saccharomyces cerevisiae,GCA_021216695.1
Saccharomyces cerevisiae,GCA_022695675.1
Saccharomyces cerevisiae,GCA_022695695.1
Saccharomyces cerevisiae,GCA_022695715.1
Saccharomyces cerevisiae,GCA_022695735.1
Saccharomyces cerevisiae,GCA_022837015.1
Saccharomyces cerevisiae,GCA_023065715.1
Saccharomyces cerevisiae,GCA_023373815.1
Saccharomyces cerevisiae,GCA_023375095.1
Saccharomyces cerevisiae,GCA_023508825.1
Saccharomyces cerevisiae,GCA_023629095.1
Saccharomyces cerevisiae,GCA_024267735.1
Saccharomyces cerevisiae,GCA_024267745.1
Saccharomyces cerevisiae,GCA_024267755.1
Saccharomyces cerevisiae,GCA_024267765.1
Saccharomyces cerevisiae,GCA_024267775.1
Saccharomyces cerevisiae,GCA_024267825.1
Saccharomyces cerevisiae,GCA_024267845.1
Saccharomyces cerevisiae,GCA_024267865.1
Saccharomyces cerevisiae,GCA_024732265.1
Saccharomyces cerevisiae,GCA_024972935.1
Saccharomyces cerevisiae,GCA_024972955.1
Saccharomyces cerevisiae,GCA_025383845.1
Saccharomyces cerevisiae,GCA_025434875.2
Saccharomyces cerevisiae,GCA_025434895.2
Saccharomyces cerevisiae,GCA_025434915.2
Saccharomyces cerevisiae,GCA_025503195.1
Saccharomyces cerevisiae,GCA_025503375.1
Saccharomyces cerevisiae,GCA_025503465.1
Saccharomyces cerevisiae,GCA_025561685.1
Saccharomyces cerevisiae,GCA_025727145.1
Saccharomyces cerevisiae,GCA_025727165.1
Saccharomyces cerevisiae,GCA_025727185.1
Saccharomyces cerevisiae,GCA_025727205.1
Saccharomyces cerevisiae,GCA_025727225.1
Saccharomyces cerevisiae,GCA_025727245.1
Saccharomyces cerevisiae,GCA_025727265.1
Saccharomyces cerevisiae,GCA_025727285.1
Saccharomyces cerevisiae,GCA_025727305.1
Saccharomyces cerevisiae,GCA_025727325.1
Saccharomyces cerevisiae,GCA_025782755.1
Saccharomyces cerevisiae,GCA_026000965.1
Saccharomyces cerevisiae,GCA_026001015.1
Saccharomyces cerevisiae,GCA_026122535.1
Saccharomyces cerevisiae,GCA_026225675.1
Saccharomyces cerevisiae,GCA_026585705.1
Saccharomyces cerevisiae,GCA_026585715.1
Saccharomyces cerevisiae,GCA_026954535.1
Saccharomyces cerevisiae,GCA_026954905.1
Saccharomyces cerevisiae,GCA_028975445.1
Saccharomyces cerevisiae,GCA_029255875.1
Saccharomyces cerevisiae,GCA_029255905.1
Saccharomyces cerevisiae,GCA_029290615.1
Saccharomyces cerevisiae,GCA_029300775.1
Saccharomyces cerevisiae,GCA_029301735.1
Saccharomyces cerevisiae,GCA_029403705.1
Saccharomyces cerevisiae,GCA_029581805.1
Saccharomyces cerevisiae,GCA_029581825.1
Saccharomyces cerevisiae,GCA_029702605.1
Saccharomyces cerevisiae,GCA_029702615.1
Saccharomyces cerevisiae,GCA_029702625.1
Saccharomyces cerevisiae,GCA_029702635.1
Saccharomyces cerevisiae,GCA_029702645.1
Saccharomyces cerevisiae,GCA_029702875.1
Saccharomyces cerevisiae,GCA_029702885.1
Saccharomyces cerevisiae,GCA_029702895.1
Saccharomyces cerevisiae,GCA_029702905.1
Saccharomyces cerevisiae,GCA_029702955.1
Saccharomyces cerevisiae,GCA_029703095.1
Saccharomyces cerevisiae,GCA_029703145.1
Saccharomyces cerevisiae,GCA_029703195.1
Saccharomyces cerevisiae,GCA_029703205.1
Saccharomyces cerevisiae,GCA_029703225.1
Saccharomyces cerevisiae,GCA_029703415.1
Saccharomyces cerevisiae,GCA_029747685.1
Saccharomyces cerevisiae,GCA_029989085.1
Saccharomyces cerevisiae,GCA_029989255.1
Saccharomyces cerevisiae,GCA_029989385.1
Saccharomyces cerevisiae,GCA_029989845.1
Saccharomyces cerevisiae,GCA_029990125.1
Saccharomyces cerevisiae,GCA_029990315.1
Saccharomyces cerevisiae,GCA_029990335.1
Saccharomyces cerevisiae,GCA_029990395.1
Saccharomyces cerevisiae,GCA_029990435.1
Saccharomyces cerevisiae,GCA_029990475.1
Saccharomyces cerevisiae,GCA_029990515.1
Saccharomyces cerevisiae,GCA_029990535.1
Saccharomyces cerevisiae,GCA_029990645.1
Saccharomyces cerevisiae,GCA_029990665.1
Saccharomyces cerevisiae,GCA_029990685.1
Saccharomyces cerevisiae,GCA_029990705.1
Saccharomyces cerevisiae,GCA_029990725.1
Saccharomyces cerevisiae,GCA_029990745.1
Saccharomyces cerevisiae,GCA_029990765.1
Saccharomyces cerevisiae,GCA_029990785.1
Saccharomyces cerevisiae,GCA_029990805.1
Saccharomyces cerevisiae,GCA_029990825.1
Saccharomyces cerevisiae,GCA_029990845.1
Saccharomyces cerevisiae,GCA_029990865.1
Saccharomyces cerevisiae,GCA_029990885.1
Saccharomyces cerevisiae,GCA_029990905.1
Saccharomyces cerevisiae,GCA_029990925.1
Saccharomyces cerevisiae,GCA_029990945.1
Saccharomyces cerevisiae,GCA_029990965.1
Saccharomyces cerevisiae,GCA_029991075.1
Saccharomyces cerevisiae,GCA_029991145.1
Saccharomyces cerevisiae,GCA_029991225.1
Saccharomyces cerevisiae,GCA_029991315.1
Saccharomyces cerevisiae,GCA_029991355.1
Saccharomyces cerevisiae,GCA_029991395.1
Saccharomyces cerevisiae,GCA_029991455.1
Saccharomyces cerevisiae,GCA_029991515.1
Saccharomyces cerevisiae,GCA_029991605.1
Saccharomyces cerevisiae,GCA_029991625.1
Saccharomyces cerevisiae,GCA_029991655.1
Saccharomyces cerevisiae,GCA_029991755.1
Saccharomyces cerevisiae,GCA_029991815.1
Saccharomyces cerevisiae,GCA_029991855.1
Saccharomyces cerevisiae,GCA_029991875.1
Saccharomyces cerevisiae,GCA_030034815.1
Saccharomyces cerevisiae,GCA_030034845.1
Saccharomyces cerevisiae,GCA_030035835.1
Saccharomyces cerevisiae,GCA_030035855.1
Saccharomyces cerevisiae,GCA_030035875.1
Saccharomyces cerevisiae,GCA_030035895.1
Saccharomyces cerevisiae,GCA_030035915.1
Saccharomyces cerevisiae,GCA_030035935.1
Saccharomyces cerevisiae,GCA_030035955.1
Saccharomyces cerevisiae,GCA_030035975.1
Saccharomyces cerevisiae,GCA_030035995.1
Saccharomyces cerevisiae,GCA_030036015.1
Saccharomyces cerevisiae,GCA_030036035.1
Saccharomyces cerevisiae,GCA_030036055.1
Saccharomyces cerevisiae,GCA_030036075.1
Saccharomyces cerevisiae,GCA_030036095.2
Saccharomyces cerevisiae,GCA_030036115.2
Saccharomyces cerevisiae,GCA_030036135.2
Saccharomyces cerevisiae,GCA_030036155.2
Saccharomyces cerevisiae,GCA_030036175.2
Saccharomyces cerevisiae,GCA_030036195.1
Saccharomyces cerevisiae,GCA_030036215.2
Saccharomyces cerevisiae,GCA_030036235.2
Saccharomyces cerevisiae,GCA_030036255.1
Saccharomyces cerevisiae,GCA_030036275.1
Saccharomyces cerevisiae,GCA_030036295.2
Saccharomyces cerevisiae,GCA_030036315.2
Saccharomyces cerevisiae,GCA_030036335.2
Saccharomyces cerevisiae,GCA_030036355.2
Saccharomyces cerevisiae,GCA_030036375.1
Saccharomyces cerevisiae,GCA_030036395.1
Saccharomyces cerevisiae,GCA_030036415.1
Saccharomyces cerevisiae,GCA_030036435.1
Saccharomyces cerevisiae,GCA_030036455.2
Saccharomyces cerevisiae,GCA_030036475.2
Saccharomyces cerevisiae,GCA_030036495.1
Saccharomyces cerevisiae,GCA_030142945.1
Saccharomyces cerevisiae,GCA_030267465.1
Saccharomyces cerevisiae,GCA_030267525.1
Saccharomyces cerevisiae,GCA_030267545.1
Saccharomyces cerevisiae,GCA_030267605.1
Saccharomyces cerevisiae,GCA_030267645.1
Saccharomyces cerevisiae,GCA_030292175.1
Saccharomyces cerevisiae,GCA_030295885.1
Saccharomyces cerevisiae,GCA_030607045.1
Saccharomyces cerevisiae,GCA_030866685.1
Saccharomyces cerevisiae,GCA_030867715.1
Saccharomyces cerevisiae,GCA_033870455.1
Saccharomyces cerevisiae,GCA_033870475.1
Saccharomyces cerevisiae,GCA_036986815.1
Saccharomyces cerevisiae,GCA_037126535.1
Saccharomyces cerevisiae,GCA_037126715.1
Saccharomyces cerevisiae,GCA_038420445.1
Saccharomyces cerevisiae,GCA_039790455.1
Saccharomyces cerevisiae,GCA_039844365.1
Saccharomyces cerevisiae,GCA_039847695.1
Saccharomyces cerevisiae,GCA_039848515.1
Saccharomyces cerevisiae,GCA_039851725.1
Saccharomyces cerevisiae,GCA_039851885.1
Saccharomyces cerevisiae,GCA_039880145.1
Saccharomyces cerevisiae,GCA_039880175.1
Saccharomyces cerevisiae,GCA_039880205.1
Saccharomyces cerevisiae,GCA_039880235.1
Saccharomyces cerevisiae,GCA_039905835.1
Saccharomyces cerevisiae,GCA_040105025.1
Saccharomyces cerevisiae,GCA_040105055.1
Saccharomyces cerevisiae,GCA_040167615.1
Saccharomyces cerevisiae,GCA_040167625.2
Saccharomyces cerevisiae,GCA_040167635.1
Saccharomyces cerevisiae,GCA_040207565.1
Saccharomyces cerevisiae,GCA_040500495.1
Saccharomyces cerevisiae,GCA_040746905.1
Saccharomyces cerevisiae,GCA_040747045.1
Saccharomyces cerevisiae,GCA_040938605.1
Saccharomyces cerevisiae,GCA_040938615.1
Saccharomyces cerevisiae,GCA_040938625.1
Saccharomyces cerevisiae,GCA_040938635.1
Saccharomyces cerevisiae,GCA_040938645.1
Saccharomyces cerevisiae,GCA_041294695.1
Saccharomyces cerevisiae,GCA_041381055.1
Saccharomyces cerevisiae,GCA_041381115.1
Saccharomyces cerevisiae,GCA_042919985.1
Saccharomyces cerevisiae,GCA_043381745.1
Saccharomyces cerevisiae,GCA_043643505.1
Saccharomyces cerevisiae,GCA_043643545.1
Saccharomyces cerevisiae,GCA_044089635.1
Saccharomyces cerevisiae,GCA_045016075.1
Saccharomyces cerevisiae,GCA_045517165.1
Saccharomyces cerevisiae,GCA_047655275.1
Saccharomyces cerevisiae,GCA_048987815.1
Saccharomyces cerevisiae,GCA_050575315.1
Saccharomyces cerevisiae,GCA_050916155.1
Saccharomyces cerevisiae,GCA_051107375.1
Saccharomyces cerevisiae,GCA_051621945.1
Saccharomyces cerevisiae,GCA_051861825.1
Saccharomyces cerevisiae,GCA_051903455.1
Saccharomyces cerevisiae,GCA_051942865.1
Saccharomyces cerevisiae,GCA_051943025.1
Saccharomyces cerevisiae,GCA_051989875.1
Saccharomyces cerevisiae,GCA_053525345.1
Saccharomyces cerevisiae,GCA_054124115.1
Saccharomyces cerevisiae,GCA_054130705.1
Saccharomyces cerevisiae,GCA_054135515.1
Saccharomyces cerevisiae,GCA_054643295.1
Saccharomyces cerevisiae,GCA_055697335.1
Saccharomyces cerevisiae,GCA_056247655.1
Saccharomyces cerevisiae,GCA_056247675.1
Saccharomyces cerevisiae AWRI1631,GCA_000182175.1
Saccharomyces cerevisiae AWRI796,GCA_000190195.1
Saccharomyces cerevisiae CBS 7960,GCA_000192455.1
Saccharomyces cerevisiae CEN.PK113-7D,GCA_000269885.1
Saccharomyces cerevisiae CLIB215,GCA_000192555.1
Saccharomyces cerevisiae CLIB324,GCA_000192495.1
Saccharomyces cerevisiae CLIB382,GCA_000209345.1
Saccharomyces cerevisiae EC1118,GCA_000218975.1
Saccharomyces cerevisiae EC9-8,GCA_000234495.1
Saccharomyces cerevisiae FL100,GCA_000192535.1
Saccharomyces cerevisiae FostersB,GCA_000190255.1
Saccharomyces cerevisiae FostersO,GCA_000326005.1
Saccharomyces cerevisiae I14,GCA_011393195.1
Saccharomyces cerevisiae IL-01,GCA_013368685.1
Saccharomyces cerevisiae IR-2,GCA_000508825.2
Saccharomyces cerevisiae JAY291,GCA_000182315.2
Saccharomyces cerevisiae Kyokai no. 7,GCA_000260735.2
Saccharomyces cerevisiae Lalvin L2056,GCA_001611835.1
Saccharomyces cerevisiae Lalvin QA23,GCA_000325965.1
Saccharomyces cerevisiae M22,GCA_000182075.2
Saccharomyces cerevisiae M3707,GCA_000365045.1
Saccharomyces cerevisiae M3836,GCA_000365065.1
Saccharomyces cerevisiae M3837,GCA_000365085.1
Saccharomyces cerevisiae M3838,GCA_000365105.1
Saccharomyces cerevisiae M3839,GCA_000365125.1
Saccharomyces cerevisiae M5,GCA_000756245.1
Saccharomyces cerevisiae NAM34-4C,GCA_000508805.2
Saccharomyces cerevisiae NC-02,GCA_013368665.1
Saccharomyces cerevisiae NRRL Y-12632,GCA_001282415.1
Saccharomyces cerevisiae NY1308,GCA_000416405.1
Saccharomyces cerevisiae P283,GCA_000568295.1
Saccharomyces cerevisiae P301,GCA_000568055.1
Saccharomyces cerevisiae PW5,GCA_000209265.1
Saccharomyces cerevisiae R008,GCA_000568005.1
Saccharomyces cerevisiae R103,GCA_000568365.1
Saccharomyces cerevisiae RM11-1a,GCA_000149365.1
Saccharomyces cerevisiae S288C,GCA_000146045.2
Saccharomyces cerevisiae S288C,GCA_022626425.2
Saccharomyces cerevisiae Sigma1278b,GCA_000151485.1
Saccharomyces cerevisiae T7,GCA_000209365.1
Saccharomyces cerevisiae T73,GCA_000209305.1
Saccharomyces cerevisiae UC5,GCA_000209285.1
Saccharomyces cerevisiae UFMG A-905,GCA_000733235.3
Saccharomyces cerevisiae VL3,GCA_000190235.1
Saccharomyces cerevisiae Vin13,GCA_000190215.1
Saccharomyces cerevisiae W303,GCA_000292815.1
Saccharomyces cerevisiae W303,GCA_001305865.1
Saccharomyces cerevisiae W303,GCA_002163515.1
Saccharomyces cerevisiae WE372,GCA_011393115.1
Saccharomyces cerevisiae Y10,GCA_000192375.1
Saccharomyces cerevisiae Y12,GCA_011393275.1
Saccharomyces cerevisiae Y9,GCA_011393125.1
Saccharomyces cerevisiae YJM1078,GCA_000975645.3
Saccharomyces cerevisiae YJM1083,GCA_000975675.2
Saccharomyces cerevisiae YJM1129,GCA_000975705.2
Saccharomyces cerevisiae YJM1133,GCA_000976695.3
Saccharomyces cerevisiae YJM1190,GCA_000976725.3
Saccharomyces cerevisiae YJM1199,GCA_000976755.2
Saccharomyces cerevisiae YJM1202,GCA_000976785.2
Saccharomyces cerevisiae YJM1208,GCA_000976815.3
Saccharomyces cerevisiae YJM1242,GCA_000976845.3
Saccharomyces cerevisiae YJM1244,GCA_000976875.3
Saccharomyces cerevisiae YJM1248,GCA_000976905.2
Saccharomyces cerevisiae YJM1250,GCA_000976935.2
Saccharomyces cerevisiae YJM1252,GCA_000976965.3
Saccharomyces cerevisiae YJM1273,GCA_000976995.2
Saccharomyces cerevisiae YJM1304,GCA_000977025.2
Saccharomyces cerevisiae YJM1307,GCA_000977055.4
Saccharomyces cerevisiae YJM1311,GCA_000977085.2
Saccharomyces cerevisiae YJM1326,GCA_000977115.3
Saccharomyces cerevisiae YJM1332,GCA_000977145.2
Saccharomyces cerevisiae YJM1336,GCA_000977175.3
Saccharomyces cerevisiae YJM1338,GCA_000977205.2
Saccharomyces cerevisiae YJM1341,GCA_000977235.2
Saccharomyces cerevisiae YJM1342,GCA_000977265.3
Saccharomyces cerevisiae YJM1355,GCA_000977295.3
Saccharomyces cerevisiae YJM1356,GCA_000977325.2
Saccharomyces cerevisiae YJM1381,GCA_000977355.3
Saccharomyces cerevisiae YJM1383,GCA_000977385.2
Saccharomyces cerevisiae YJM1385,GCA_000977415.2
Saccharomyces cerevisiae YJM1386,GCA_000977445.2
Saccharomyces cerevisiae YJM1387,GCA_000977475.3
Saccharomyces cerevisiae YJM1388,GCA_000977505.2
Saccharomyces cerevisiae YJM1389,GCA_000977535.2
Saccharomyces cerevisiae YJM1399,GCA_000977565.2
Saccharomyces cerevisiae YJM1400,GCA_000977595.3
Saccharomyces cerevisiae YJM1401,GCA_000977625.3
Saccharomyces cerevisiae YJM1402,GCA_000977655.2
Saccharomyces cerevisiae YJM1415,GCA_000977685.2
Saccharomyces cerevisiae YJM1417,GCA_000977715.4
Saccharomyces cerevisiae YJM1418,GCA_000977745.2
Saccharomyces cerevisiae YJM1419,GCA_000977775.3
Saccharomyces cerevisiae YJM1433,GCA_000977805.2
Saccharomyces cerevisiae YJM1434,GCA_000977835.2
Saccharomyces cerevisiae YJM1439,GCA_000977865.2
Saccharomyces cerevisiae YJM1443,GCA_000977895.3
Saccharomyces cerevisiae YJM1444,GCA_000977925.3
Saccharomyces cerevisiae YJM1447,GCA_000977955.2
Saccharomyces cerevisiae YJM1450,GCA_000977985.2
Saccharomyces cerevisiae YJM1460,GCA_000978015.2
Saccharomyces cerevisiae YJM1463,GCA_000978045.2
Saccharomyces cerevisiae YJM1477,GCA_000978075.3
Saccharomyces cerevisiae YJM1478,GCA_000978105.2
Saccharomyces cerevisiae YJM1479,GCA_000978135.2
Saccharomyces cerevisiae YJM1526,GCA_000978165.2
Saccharomyces cerevisiae YJM1527,GCA_000978195.3
Saccharomyces cerevisiae YJM1549,GCA_000978225.2
Saccharomyces cerevisiae YJM1573,GCA_000978255.2
Saccharomyces cerevisiae YJM1574,GCA_000978285.2
Saccharomyces cerevisiae YJM1592,GCA_000978315.2
Saccharomyces cerevisiae YJM1615,GCA_000978345.2
Saccharomyces cerevisiae YJM189,GCA_000975735.4
Saccharomyces cerevisiae YJM193,GCA_000975765.2
Saccharomyces cerevisiae YJM195,GCA_000975585.2
Saccharomyces cerevisiae YJM244,GCA_000975615.2
Saccharomyces cerevisiae YJM248,GCA_000975795.2
Saccharomyces cerevisiae YJM269,GCA_000192515.1
Saccharomyces cerevisiae YJM270,GCA_000975825.2
Saccharomyces cerevisiae YJM271,GCA_000975855.3
Saccharomyces cerevisiae YJM280,GCA_011393105.1
Saccharomyces cerevisiae YJM320,GCA_000975885.2
Saccharomyces cerevisiae YJM320,GCA_011393135.1
Saccharomyces cerevisiae YJM326,GCA_000975915.3
Saccharomyces cerevisiae YJM326,GCA_011393185.1
Saccharomyces cerevisiae YJM421,GCA_011393235.1
Saccharomyces cerevisiae YJM428,GCA_000975945.2
Saccharomyces cerevisiae YJM428,GCA_011393095.1
Saccharomyces cerevisiae YJM450,GCA_000975975.3
Saccharomyces cerevisiae YJM451,GCA_000976005.2
Saccharomyces cerevisiae YJM451,GCA_013047185.1
Saccharomyces cerevisiae YJM453,GCA_000976035.2
Saccharomyces cerevisiae YJM456,GCA_000976065.2
Saccharomyces cerevisiae YJM470,GCA_000976095.2
Saccharomyces cerevisiae YJM541,GCA_000976125.2
Saccharomyces cerevisiae YJM554,GCA_000976155.4
Saccharomyces cerevisiae YJM555,GCA_000976185.3
Saccharomyces cerevisiae YJM627,GCA_000976215.2
Saccharomyces cerevisiae YJM653,GCA_011393155.1
Saccharomyces cerevisiae YJM681,GCA_000976245.2
Saccharomyces cerevisiae YJM682,GCA_000976275.4
Saccharomyces cerevisiae YJM683,GCA_000976305.2
Saccharomyces cerevisiae YJM689,GCA_000976335.2
Saccharomyces cerevisiae YJM693,GCA_000976365.2
Saccharomyces cerevisiae YJM789,GCA_000181435.1
Saccharomyces cerevisiae YJM969,GCA_000976395.2
Saccharomyces cerevisiae YJM972,GCA_000976425.2
Saccharomyces cerevisiae YJM975,GCA_000976455.3
Saccharomyces cerevisiae YJM978,GCA_000976485.2
Saccharomyces cerevisiae YJM981,GCA_000976515.2
Saccharomyces cerevisiae YJM984,GCA_000976545.2
Saccharomyces cerevisiae YJM987,GCA_000976575.4
Saccharomyces cerevisiae YJM990,GCA_000976605.3
Saccharomyces cerevisiae YJM993,GCA_000662435.2
Saccharomyces cerevisiae YJM996,GCA_000976665.2
Saccharomyces cerevisiae YJSH1,GCA_000275665.1
Saccharomyces cerevisiae YPS1009,GCA_011393215.1
Saccharomyces cerevisiae YPS163,GCA_000182095.2
Saccharomyces cerevisiae ZTW1,GCA_000308935.1
Saccharomyces cerevisiae x Saccharomyces eubayanus,GCA_009665555.1
Saccharomyces cerevisiae x Saccharomyces eubayanus,GCA_009665565.1
Saccharomyces cerevisiae x Saccharomyces eubayanus,GCA_009665575.1
Saccharomyces cerevisiae x Saccharomyces eubayanus,GCA_009665625.1
Saccharomyces cerevisiae x Saccharomyces eubayanus,GCA_009665675.1
Saccharomyces cerevisiae x Saccharomyces eubayanus,GCA_009665685.1
Saccharomyces cerevisiae x Saccharomyces eubayanus,GCA_009665705.1
Saccharomyces cerevisiae x Saccharomyces eubayanus,GCA_009665725.1
Saccharomyces cerevisiae x Saccharomyces eubayanus,GCA_009665755.1
Saccharomyces cerevisiae x Saccharomyces eubayanus,GCA_009665795.1
Saccharomyces cerevisiae x Saccharomyces eubayanus,GCA_009665865.1
Saccharomyces cerevisiae x Saccharomyces eubayanus,GCA_009665875.1
Saccharomyces cerevisiae x Saccharomyces eubayanus,GCA_009665895.1
Saccharomyces cerevisiae x Saccharomyces eubayanus,GCA_009665905.1
Saccharomyces cerevisiae x Saccharomyces eubayanus,GCA_009665995.1
Saccharomyces cerevisiae x Saccharomyces eubayanus,GCA_009666015.1
Saccharomyces cerevisiae x Saccharomyces eubayanus,GCA_009666025.1
Saccharomyces cerevisiae x Saccharomyces eubayanus,GCA_009666085.1
Saccharomyces cerevisiae x Saccharomyces eubayanus,GCA_009666095.1
Saccharomyces cerevisiae x Saccharomyces eubayanus,GCA_009666115.1
Saccharomyces cerevisiae x Saccharomyces eubayanus,GCA_009666145.1
Saccharomyces cerevisiae x Saccharomyces eubayanus,GCA_009666185.1
Saccharomyces cerevisiae x Saccharomyces eubayanus,GCA_009666195.1
Saccharomyces cerevisiae x Saccharomyces eubayanus,GCA_009666255.1
Saccharomyces cerevisiae x Saccharomyces eubayanus,GCA_009666355.1
Saccharomyces cerevisiae x Saccharomyces eubayanus,GCA_009666575.1
Saccharomyces cerevisiae x Saccharomyces eubayanus,GCA_009666635.1
Saccharomyces cerevisiae x Saccharomyces eubayanus,GCA_009666655.1
Saccharomyces cerevisiae x Saccharomyces eubayanus,GCA_009666665.1
Saccharomyces cerevisiae x Saccharomyces eubayanus,GCA_009666725.1
Saccharomyces cerevisiae x Saccharomyces eubayanus,GCA_009667125.1
Saccharomyces cerevisiae x Saccharomyces eubayanus,GCA_009667215.1
Saccharomyces cerevisiae x Saccharomyces eubayanus,GCA_009667225.1
Saccharomyces cerevisiae x Saccharomyces eubayanus,GCA_009667295.1
Saccharomyces cerevisiae x Saccharomyces eubayanus,GCA_009667335.1
Saccharomyces cerevisiae x Saccharomyces eubayanus,GCA_009667345.1
Saccharomyces cerevisiae x Saccharomyces eubayanus,GCA_009667515.1
Saccharomyces cerevisiae x Saccharomyces eubayanus x Saccharomyces kudriavzevii x Saccharomyces uvarum,GCA_009666495.1
Saccharomyces cerevisiae x Saccharomyces eubayanus x Saccharomyces kudriavzevii x Saccharomyces uvarum,GCA_009666875.1
Saccharomyces cerevisiae x Saccharomyces eubayanus x Saccharomyces kudriavzevii x Saccharomyces uvarum,GCA_009667055.1
Saccharomyces cerevisiae x Saccharomyces eubayanus x Saccharomyces uvarum,GCA_009666275.1
Saccharomyces cerevisiae x Saccharomyces eubayanus x Saccharomyces uvarum,GCA_009666835.1
Saccharomyces cerevisiae x Saccharomyces kudriavzevii,GCA_003004545.1
Saccharomyces cerevisiae x Saccharomyces kudriavzevii,GCA_009665535.1
Saccharomyces cerevisiae x Saccharomyces kudriavzevii,GCA_009665545.1
Saccharomyces cerevisiae x Saccharomyces kudriavzevii,GCA_009665985.1
Saccharomyces cerevisiae x Saccharomyces kudriavzevii,GCA_009666265.1
Saccharomyces cerevisiae x Saccharomyces kudriavzevii,GCA_009667415.1
Saccharomyces cerevisiae x Saccharomyces kudriavzevii,GCA_009667545.1
Saccharomyces cerevisiae x Saccharomyces kudriavzevii,GCA_030578135.1
Saccharomyces cerevisiae x Saccharomyces kudriavzevii VIN7,GCA_000326105.1
Saccharomyces cerevisiae x Saccharomyces kudriavzevii x Saccharomyces eubayanus,GCA_009666465.1
Saccharomyces cerevisiae x Saccharomyces kudriavzevii x Saccharomyces uvarum,GCA_013180665.1
Saccharomyces cerevisiae x Saccharomyces kudriavzevii x Saccharomyces uvarum,GCA_013180725.1
Saccharomyces cerevisiae x Saccharomyces uvarum,GCA_013180185.1
Saccharomyces cerevisiae/Schizosaccharomyces pombe fusant,GCA_047651925.1
Saccharomyces eubayanus,GCA_001298625.1
Saccharomyces eubayanus,GCA_001515405.2
Saccharomyces eubayanus,GCA_003327605.1
Saccharomyces eubayanus,GCA_013181345.1
Saccharomyces eubayanus,GCA_015353015.1
Saccharomyces eubayanus,GCA_015353045.1
Saccharomyces eubayanus x Saccharomyces uvarum,GCA_009666335.1
Saccharomyces eubayanus x Saccharomyces uvarum,GCA_009666385.1
Saccharomyces eubayanus x Saccharomyces uvarum,GCA_009666405.1
Saccharomyces eubayanus x Saccharomyces uvarum,GCA_009666445.1
Saccharomyces eubayanus x Saccharomyces uvarum,GCA_009666475.1
Saccharomyces eubayanus x Saccharomyces uvarum,GCA_009666535.1
Saccharomyces eubayanus x Saccharomyces uvarum,GCA_009666585.1
Saccharomyces eubayanus x Saccharomyces uvarum,GCA_009666755.1
Saccharomyces eubayanus x Saccharomyces uvarum,GCA_009666765.1
Saccharomyces eubayanus x Saccharomyces uvarum,GCA_009666845.1
Saccharomyces eubayanus x Saccharomyces uvarum,GCA_009666865.1
Saccharomyces eubayanus x Saccharomyces uvarum,GCA_009666905.1
Saccharomyces eubayanus x Saccharomyces uvarum,GCA_009666955.1
Saccharomyces eubayanus x Saccharomyces uvarum,GCA_009666965.1
Saccharomyces eubayanus x Saccharomyces uvarum,GCA_009667045.1
Saccharomyces eubayanus x Saccharomyces uvarum,GCA_009667075.1
Saccharomyces eubayanus x Saccharomyces uvarum,GCA_009667145.1
Saccharomyces eubayanus x Saccharomyces uvarum,GCA_009667195.1
Saccharomyces eubayanus x Saccharomyces uvarum,GCA_009667275.1
Saccharomyces eubayanus x Saccharomyces uvarum,GCA_009667385.1
Saccharomyces kudriavzevii,GCA_003327635.1
Saccharomyces kudriavzevii FM1056,GCA_000256055.1
Saccharomyces kudriavzevii FM1057,GCA_000256745.1
Saccharomyces kudriavzevii FM1062,GCA_000256785.1
Saccharomyces kudriavzevii FM1066,GCA_000256765.1
Saccharomyces kudriavzevii FM1069,GCA_000256865.1
Saccharomyces kudriavzevii FM1071,GCA_000256825.1
Saccharomyces kudriavzevii FM1072,GCA_000256845.1
Saccharomyces kudriavzevii FM1073,GCA_000256805.1
Saccharomyces kudriavzevii FM1074,GCA_000256925.1
Saccharomyces kudriavzevii FM1075,GCA_000256905.1
Saccharomyces kudriavzevii FM1076,GCA_000256885.1
Saccharomyces kudriavzevii FM1077,GCA_000256985.1
Saccharomyces kudriavzevii FM1078,GCA_000257005.1
Saccharomyces kudriavzevii FM1079,GCA_000257025.1
Saccharomyces kudriavzevii FM1094,GCA_000256965.1
Saccharomyces kudriavzevii IFO 1802,GCA_000167075.2
Saccharomyces kudriavzevii IFO10990,GCA_000257105.1
Saccharomyces kudriavzevii IFO10991,GCA_000257085.1
Saccharomyces kudriavzevii IFO1803,GCA_000257065.1
Saccharomyces kudriavzevii ZP591,GCA_000257045.1
Saccharomyces mikatae,GCA_029884715.1
Saccharomyces mikatae,GCA_029884725.1
Saccharomyces mikatae IFO 1815,GCA_000166975.1
Saccharomyces mikatae IFO 1815,GCA_000167055.1
Saccharomyces paradoxus,GCA_002079055.1
Saccharomyces paradoxus,GCA_002079085.1
Saccharomyces paradoxus,GCA_002079115.1
Saccharomyces paradoxus,GCA_002079145.1
Saccharomyces paradoxus,GCA_002079175.1
Saccharomyces paradoxus,GCA_004352945.1
Saccharomyces paradoxus,GCA_004352955.1
Saccharomyces paradoxus,GCA_004352965.1
Saccharomyces paradoxus,GCA_004353035.1
Saccharomyces paradoxus,GCA_004353095.1
Saccharomyces paradoxus,GCA_004353105.1
Saccharomyces paradoxus,GCA_009805645.1
Saccharomyces paradoxus,GCA_021403135.1
Saccharomyces paradoxus,GCA_021403145.1
Saccharomyces paradoxus,GCA_021403155.1
Saccharomyces paradoxus,GCA_021403165.1
Saccharomyces paradoxus,GCA_021403175.1
Saccharomyces paradoxus,GCA_021403275.1
Saccharomyces paradoxus,GCA_021403295.1
Saccharomyces paradoxus,GCA_021403305.1
Saccharomyces paradoxus,GCA_021403315.1
Saccharomyces paradoxus,GCA_021403335.1
Saccharomyces paradoxus,GCA_021403405.1
Saccharomyces paradoxus,GCA_021403425.1
Saccharomyces paradoxus,GCA_021403455.1
Saccharomyces paradoxus,GCA_021403465.1
Saccharomyces paradoxus,GCA_021403505.1
Saccharomyces paradoxus,GCA_021403545.1
Saccharomyces paradoxus,GCA_021403565.1
Saccharomyces paradoxus,GCA_021403605.1
Saccharomyces paradoxus,GCA_021403645.1
Saccharomyces paradoxus,GCA_021403665.1
Saccharomyces paradoxus,GCA_021403695.1
Saccharomyces paradoxus,GCA_021403725.1
Saccharomyces paradoxus,GCA_021403755.1
Saccharomyces paradoxus,GCA_021403765.1
Saccharomyces paradoxus,GCA_021403785.1
Saccharomyces paradoxus,GCA_021437045.1
Saccharomyces paradoxus,GCA_021437055.1
Saccharomyces paradoxus,GCA_021437065.1
Saccharomyces paradoxus,GCA_021513805.1
Saccharomyces paradoxus,GCA_030034875.1
Saccharomyces paradoxus,GCA_030034905.1
Saccharomyces paradoxus,GCA_030034935.1
Saccharomyces paradoxus,GCA_030034965.1
Saccharomyces paradoxus,GCA_030034995.1
Saccharomyces paradoxus,GCA_030035025.1
Saccharomyces paradoxus,GCA_030035055.1
Saccharomyces paradoxus,GCA_030035085.1
Saccharomyces paradoxus,GCA_030035115.1
Saccharomyces paradoxus,GCA_030035145.1
Saccharomyces paradoxus,GCA_030035175.1
Saccharomyces paradoxus NRRL Y-17217,GCA_000166955.1
Saccharomyces pastorianus,GCA_000805465.1
Saccharomyces pastorianus,GCA_001483335.1
Saccharomyces pastorianus,GCA_001483345.1
Saccharomyces pastorianus,GCA_001515465.2
Saccharomyces pastorianus,GCA_001640265.1
Saccharomyces pastorianus,GCA_003004515.1
Saccharomyces pastorianus,GCA_011022315.1
Saccharomyces pastorianus,GCA_013179775.1
Saccharomyces pastorianus,GCA_013179845.1
Saccharomyces pastorianus,GCA_013180355.1
Saccharomyces pastorianus,GCA_013180645.1
Saccharomyces pastorianus,GCA_013180735.1
Saccharomyces pastorianus,GCA_013180745.1
Saccharomyces pastorianus,GCA_013180785.1
Saccharomyces pastorianus,GCA_013181335.1
Saccharomyces pastorianus,GCA_013181375.1
Saccharomyces pastorianus,GCA_013181485.1
Saccharomyces pastorianus,GCA_013181515.1
Saccharomyces pastorianus,GCA_013181535.1
Saccharomyces pastorianus,GCA_013265755.1
Saccharomyces pastorianus CBS 1503,GCA_001515425.2
Saccharomyces pastorianus CBS 1503,GCA_002557695.1
Saccharomyces pastorianus CBS 1503,GCA_013183815.1
Saccharomyces pastorianus CBS 1513,GCA_000586595.1
Saccharomyces pastorianus CBS 1513,GCA_001515445.2
Saccharomyces pastorianus CBS 1513,GCA_013180795.1
Saccharomyces pastorianus CCY48 - 91,GCA_000287895.1
Saccharomyces pastorianus Weihenstephan 34/70,GCA_000182115.1
Saccharomyces pastorianus Weihenstephan 34/70,GCA_000586535.1
Saccharomyces pastorianus Weihenstephan 34/70,GCA_001515485.2
Saccharomyces pastorianus Weihenstephan 34/70,GCA_013179865.1
Saccharomyces sp. EDRL,GCA_000442675.2
Saccharomyces sp. FC-2024a,GCA_042257055.1
Saccharomyces sp. M14,GCA_002375215.1
Saccharomyces uvarum,GCA_000732305.1
Saccharomyces uvarum,GCA_002242635.1
Saccharomyces uvarum,GCA_002242645.1
Saccharomyces uvarum,GCA_002242675.1
Saccharomyces uvarum,GCA_002242715.1
Saccharomyces uvarum,GCA_013179785.1
Saccharomyces uvarum,GCA_013179815.1
Saccharomyces uvarum,GCA_013179855.1
Saccharomyces uvarum,GCA_013179935.1
Saccharomyces uvarum,GCA_013179955.1
Saccharomyces uvarum,GCA_013179965.1
Saccharomyces uvarum,GCA_013180005.1
Saccharomyces uvarum,GCA_013180055.1
Saccharomyces uvarum,GCA_013180195.1
Saccharomyces uvarum,GCA_013180235.1
Saccharomyces uvarum,GCA_013180255.1
Saccharomyces uvarum,GCA_013180345.1
Saccharomyces uvarum,GCA_013181555.1
Saccharomyces uvarum,GCA_013183795.1
Saccharomyces uvarum,GCA_013265705.1
Saccharomyces uvarum,GCA_013265745.1
Saccharomyces uvarum,GCA_013265775.1
Saccharomyces uvarum,GCA_019953615.1
Saccharomyces uvarum,GCA_027557565.1
Saccharomyces uvarum,GCA_027557585.1
Saccharomyces uvarum,GCA_030504475.1
Saccharomyces uvarum,GCA_041146475.1
Saccharomyces uvarum CLIB 533,GCA_000166995.1
Saccharomyces uvarum CLIB 533,GCA_000167035.1
Saccharomycetaceae sp.,GCA_029300675.1
Saccharomycetaceae sp.,GCA_029300685.1
Saccharomycetaceae sp.,GCA_029300735.1
Saccharomycetaceae sp.,GCA_029300755.1
Saccharomycetaceae sp.,GCA_029300815.1
Saccharomycetaceae sp.,GCA_029303455.1
Saccharomycetaceae sp.,GCA_029303555.1
Saccharomycetaceae sp.,GCA_029303615.1
Saccharomycetaceae sp.,GCA_029303655.1
Saccharomycetaceae sp.,GCA_029303675.1
Saccharomycetaceae sp.,GCA_029303725.1
Saccharomycetaceae sp.,GCA_029303775.1
Saccharomycetaceae sp.,GCA_029303855.1
Saccharomycetaceae sp.,GCA_029303885.1
Saccharomycetales sp.,GCA_029290875.1
Saccharomycetales sp.,GCA_029293515.1
Saccharomycetales sp.,GCA_029295605.1
Saccharomycetales sp.,GCA_029296565.1
Saccharomycetales sp.,GCA_029300705.1
Saccharomycetales sp.,GCA_029300795.1
Saccharomycetales sp.,GCA_029301555.1
Saccharomycetales sp.,GCA_029301595.1
Saccharomycetales sp.,GCA_029301665.1
Saccharomycodes ludwigii,GCA_016806925.1
Saccharomycodes ludwigii,GCA_020623605.1
Saccharomycodes ludwigii,GCA_020623615.1
Saccharomycodes ludwigii,GCA_020623625.1
Saccharomycodes ludwigii,GCA_030570655.1
Saccharomycodes sp. B7079-1,GCA_054085685.1
Saccharomycodes sp. B7079-1,GCA_054085705.1
Saccharomycodes sp. B7079-1,GCA_054085725.1
Saccharomycopsidaceae sp.,GCA_029299835.1
Saccharomycopsidaceae sp.,GCA_029299855.1
Saccharomycopsis amapae,GCA_030562005.1
Saccharomycopsis amapae,GCA_031125765.1
Saccharomycopsis babjevae,GCA_030564985.1
Saccharomycopsis babjevae,GCA_031125705.1
Saccharomycopsis capsularis,GCA_003243015.1
Saccharomycopsis capsularis,GCA_003705375.1
Saccharomycopsis capsularis,GCA_030555645.1
Saccharomycopsis capsularis,GCA_031125595.1
Saccharomycopsis capsularis,GCA_031125625.1
Saccharomycopsis capsularis,GCA_031125665.1
Saccharomycopsis capsularis,GCA_031125675.1
Saccharomycopsis capsularis,GCA_031125685.1
Saccharomycopsis crataegensis,GCA_010994405.1
Saccharomycopsis crataegensis,GCA_030575235.1
Saccharomycopsis crataegensis,GCA_031125565.1
Saccharomycopsis crataegensis,GCA_031125575.1
Saccharomycopsis crataegensis,GCA_031125585.1
Saccharomycopsis crataegensis,GCA_031126325.1
Saccharomycopsis crataegensis,GCA_031126345.1
Saccharomycopsis crataegensis,GCA_031126355.1
Saccharomycopsis crataegensis,GCA_031126365.1
Saccharomycopsis crataegensis,GCA_031126435.1
Saccharomycopsis crataegensis,GCA_031762995.1
Saccharomycopsis crataegensis,GCA_037102585.1
Saccharomycopsis crataegensis,GCA_048164895.1
Saccharomycopsis fermentans,GCA_002564245.1
Saccharomycopsis fermentans,GCA_030562025.1
Saccharomycopsis fermentans,GCA_031125555.1
Saccharomycopsis fibuligera,GCA_001936155.1
Saccharomycopsis fibuligera,GCA_001936275.1
Saccharomycopsis fibuligera,GCA_012062855.1
Saccharomycopsis fibuligera,GCA_023497445.1
Saccharomycopsis fibuligera,GCA_030583195.1
Saccharomycopsis fibuligera,GCA_031126225.1
Saccharomycopsis fibuligera,GCA_031126305.1
Saccharomycopsis fibuligera,GCA_040365455.1
Saccharomycopsis fibuligera,GCA_049306565.1
Saccharomycopsis fibuligera x Saccharomycopsis cf. fibuligera,GCA_001936135.1
Saccharomycopsis fodiens,GCA_002564235.1
Saccharomycopsis fodiens,GCA_030556795.1
Saccharomycopsis fodiens,GCA_031125535.1
Saccharomycopsis guyanensis,GCA_030578595.1
Saccharomycopsis guyanensis,GCA_031125505.1
Saccharomycopsis javanensis,GCA_030575215.1
Saccharomycopsis javanensis,GCA_031125485.1
Saccharomycopsis lassenensis,GCA_030583215.1
Saccharomycopsis lassenensis,GCA_031125475.1
Saccharomycopsis lassenensis,GCA_037355495.1
Saccharomycopsis malanga,GCA_001599215.1
Saccharomycopsis malanga,GCA_004014935.1
Saccharomycopsis malanga,GCA_030571695.1
Saccharomycopsis malanga,GCA_031126125.1
Saccharomycopsis microspora,GCA_030575275.1
Saccharomycopsis microspora,GCA_031125455.1
Saccharomycopsis olivae (nom. inval.),GCA_030571755.1
Saccharomycopsis oosterbeekiorum,GCA_030556975.1
Saccharomycopsis oosterbeekiorum,GCA_031125405.1
Saccharomycopsis phalluae,GCA_020342235.1
Saccharomycopsis schoenii,GCA_010994365.1
Saccharomycopsis schoenii,GCA_030575075.1
Saccharomycopsis schoenii,GCA_031125275.1
Saccharomycopsis schoenii,GCA_037355565.1
Saccharomycopsis schoenii,GCA_054953955.1
Saccharomycopsis selenospora,GCA_030583325.1
Saccharomycopsis selenospora,GCA_031125185.1
Saccharomycopsis selenospora,GCA_031125215.1
Saccharomycopsis sp. FM-2023a,GCA_037355385.1
Saccharomycopsis sp. FM-2023a,GCA_037355555.1
Saccharomycopsis sp. HYP105-1,GCA_047716205.1
Saccharomycopsis sp. HYY145-3,GCA_047716225.1
Saccharomycopsis sp. KB-2023a,GCA_030450195.1
Saccharomycopsis sp. NRRL Y-5750,GCA_030564765.1
Saccharomycopsis sp. UWO(PS) 91-127.1,GCA_002895615.1
Saccharomycopsis sp. yHQL182,GCA_030490795.1
Saccharomycopsis synnaedendra,GCA_031124815.1
Saccharomycopsis synnaedendra,GCA_031124835.1
Saccharomycopsis vini,GCA_031124825.1
Saccharomycopsis vini,GCA_031124845.1
Saccharomycopsis vini,GCA_031124935.1
Saccharomycotina sp. CBS 16003,GCA_022457085.1
Saccharomycotina sp. YJ-2025a,GCA_054471075.1
Saccharomycotina sp. YJ-2025b,GCA_054471015.1
Saitoella coloradoensis,GCA_051599425.1
Saitoella complicata NRRL Y-17804,GCA_000227095.3
Saitoella complicata NRRL Y-17804,GCA_001661265.1
Saitozyma podzolica,GCA_003942215.1
Saitozyma sp. JCM 24511,GCA_001600855.1
Saitozyma sp. SH1,GCA_054858165.1
Saksenaea oblongispora B3353,GCA_000697495.1
Saksenaea vasiformis B4078,GCA_000697055.1
Salinomyces thailandicus,GCA_005059885.1
Salmacisia buchloeana,GCA_001990185.1
Salmacisia buchloeana,GCA_029952725.1
Samsoniella hepiali,GCA_001455915.2
Sanchytrium tribonematis,GCA_018985235.1
Sanghuangporus baumii,GCA_001481415.2
Sanghuangporus baumii,GCA_048932585.1
Sanghuangporus lonicericola,GCA_016618145.1
Sanghuangporus sanghuang,GCA_009806525.1
Sanghuangporus sanghuang,GCA_020581365.1
Sanghuangporus sanghuang,GCA_031470955.1
Sanghuangporus sanghuang,GCA_048932755.1
Sanghuangporus vaninii,GCA_024703735.1
Sanghuangporus vaninii,GCA_036873625.1
Sanghuangporus vaninii,GCA_041442975.1
Sanghuangporus vaninii,GCA_048932575.1
Sanghuangporus weigelae,GCA_033182465.1
Sanghuangporus weigelae,GCA_048932595.1
Sanguinoderma infundibulare,GCA_032821775.1
Sanguinoderma rugosum,GCA_017499575.1
Sarcodon aspratus,GCA_003313825.1
Sarcodon sp. MG97,GCA_003313065.1
Sarcoleotia globosa,GCA_054684335.1
Sarcomyxa edulis,GCA_009761415.1
Sarcopodium sp. QM3-1,GCA_040938415.1
Sarcosagium campestre,GCA_026026355.1
Sarea resinae,GCA_026026165.1
Sarocladiaceae sp. CBMAI 1973,GCA_021347865.1
Sarocladiaceae sp. R1802,GCA_023628655.1
Sarocladium attenuatum,GCA_040543115.1
Sarocladium brachiariae,GCA_008271525.1
Sarocladium implicatum,GCA_021176775.1
Sarocladium kiliense,GCA_030734395.1
Sarocladium oryzae,GCA_001605845.1
Sarocladium oryzae,GCA_001972265.1
Sarocladium oryzae,GCA_037043775.1
Sarocladium oryzae,GCA_040543105.1
Sarocladium oryzae,GCA_055797515.1
Sarocladium sp. G77,GCA_051528815.1
Sarocladium sp. G79,GCA_051527415.1
Sarocladium sparsum,GCA_040543125.1
Sarocladium strictum,GCA_030435815.1
Sarocladium strictum,GCA_042370655.1
Sarocladium terricola,GCA_029379155.1
Sarocladium zeae,GCA_048934535.1
Saturnispora ahearnii,GCA_030564945.1
Saturnispora besseyi,GCA_030571455.1
Saturnispora bothae,GCA_030462855.1
Saturnispora dispora,GCA_003243065.1
Saturnispora dispora,GCA_003708095.3
Saturnispora diversa,GCA_030560905.1
Saturnispora galanensis,GCA_030584985.1
Saturnispora gosingensis,GCA_030570395.1
Saturnispora hagleri,GCA_003707255.2
Saturnispora halmiae,GCA_030563645.1
Saturnispora kantuleensis,GCA_030557035.1
Saturnispora mendoncae,GCA_003705365.1
Saturnispora mendoncae,GCA_030564545.1
Saturnispora quitensis,GCA_030581435.1
Saturnispora saitoi,GCA_003707305.1
Saturnispora saitoi,GCA_030579535.1
Saturnispora sanitii,GCA_030563185.1
Saturnispora sekii,GCA_030563565.1
Saturnispora serradocipensis,GCA_003705415.1
Saturnispora serradocipensis,GCA_030570415.1
Saturnispora silvae,GCA_003707315.2
Saturnispora silvae,GCA_030579555.1
Saturnispora silvae,GCA_054125095.1
Saturnispora zaruensis,GCA_003705435.2
Savitreella phatthalungensis,GCA_051599415.1
Saxispiralis lemnorum,GCA_034509035.1
Saxophila tyrrhenica,GCA_035928015.1
Scedosporium apiospermum,GCA_000732125.1
Scedosporium apiospermum,GCA_002158515.1
Scedosporium apiospermum,GCA_029532445.1
Scedosporium apiospermum,GCA_029532475.1
Scedosporium apiospermum,GCA_040285505.1
Scedosporium apiospermum,GCA_052249755.1
Scedosporium aurantiacum,GCA_000812075.1
Scedosporium aurantiacum,GCA_034774685.1
Scedosporium aurantiacum,GCA_052249765.1
Scedosporium boydii,GCA_002221725.1
Scedosporium boydii,GCA_055860855.1
Scedosporium boydii,GCA_055860885.1
Scedosporium dehoogii,GCA_002812735.1
Scedosporium minutisporum,GCA_034774675.1
Scedosporium sp. IMV 00882,GCA_001931805.1
Schaereria dolodes,GCA_022814065.1
Scheffersomyces amazonensis,GCA_029581795.1
Scheffersomyces amazonensis,GCA_036850825.1
Scheffersomyces broadrunensis,GCA_030563665.1
Scheffersomyces coipomensis,GCA_030578755.1
Scheffersomyces coipomensis,GCA_036884675.1
Scheffersomyces cryptocercus,GCA_030555905.1
Scheffersomyces ergatensis,GCA_030575095.1
Scheffersomyces illinoinensis,GCA_030572695.1
Scheffersomyces insectosa,GCA_030572575.1
Scheffersomyces lignicola,GCA_030578435.1
Scheffersomyces lignosus,GCA_001599395.1
Scheffersomyces lignosus,GCA_030674765.1
Scheffersomyces parashehatae,GCA_030571865.1
Scheffersomyces quercinus,GCA_030556775.1
Scheffersomyces segobiensis,GCA_018489445.1
Scheffersomyces segobiensis,GCA_030564745.1
Scheffersomyces shehatae,GCA_002118035.1
Scheffersomyces shehatae,GCA_002118155.1
Scheffersomyces shehatae,GCA_030674605.1
Scheffersomyces stambukii,GCA_002245345.1
Scheffersomyces stipitis,GCA_016859295.1
Scheffersomyces stipitis,GCA_030570375.1
Scheffersomyces stipitis,GCA_055265985.1
Scheffersomyces stipitis,GCA_055265995.1
Scheffersomyces stipitis CBS 6054,GCA_000209165.1
Scheffersomyces stipitis CBS 6054,GCA_006942115.1
Scheffersomyces titani,GCA_030565185.1
Scheffersomyces virginianus,GCA_030565005.1
Scheffersomyces xylosifermentans,GCA_030571855.1
Scheffersomyces xylosifermentans,GCA_036884685.1
Schizophyllum amplum,GCA_007026445.1
Schizophyllum commune,GCA_001599475.1
Schizophyllum commune,GCA_003313685.1
Schizophyllum commune,GCA_009746445.1
Schizophyllum commune,GCA_009746475.1
Schizophyllum commune,GCA_009746485.1
Schizophyllum commune,GCA_009746505.1
Schizophyllum commune,GCA_014900015.1
Schizophyllum commune,GCA_019142945.1
Schizophyllum commune,GCA_019142955.1
Schizophyllum commune,GCA_019142965.1
Schizophyllum commune,GCA_019142975.1
Schizophyllum commune,GCA_019143045.1
Schizophyllum commune,GCA_019143055.1
Schizophyllum commune,GCA_019143065.1
Schizophyllum commune,GCA_019143075.1
Schizophyllum commune,GCA_019143085.1
Schizophyllum commune,GCA_019143235.1
Schizophyllum commune,GCA_019143245.1
Schizophyllum commune,GCA_019143255.1
Schizophyllum commune,GCA_019143275.1
Schizophyllum commune,GCA_019143295.1
Schizophyllum commune,GCA_019143345.1
Schizophyllum commune,GCA_019143355.1
Schizophyllum commune,GCA_019143365.1
Schizophyllum commune,GCA_019143375.1
Schizophyllum commune,GCA_019143385.1
Schizophyllum commune,GCA_019143565.1
Schizophyllum commune,GCA_019143575.1
Schizophyllum commune,GCA_019143605.1
Schizophyllum commune,GCA_019143615.1
Schizophyllum commune,GCA_019143625.1
Schizophyllum commune,GCA_024373065.1
Schizophyllum commune,GCA_039880695.1
Schizophyllum commune,GCA_041438035.1
Schizophyllum commune,GCA_041438045.1
Schizophyllum commune,GCA_041438055.1
Schizophyllum commune,GCA_041438085.1
Schizophyllum commune,GCA_041438095.1
Schizophyllum commune,GCA_041438155.1
Schizophyllum commune,GCA_041438175.1
Schizophyllum commune,GCA_049639145.1
Schizophyllum commune,GCA_049639205.1
Schizophyllum commune,GCA_049639225.1
Schizophyllum commune,GCA_049639265.1
Schizophyllum commune,GCA_049639285.1
Schizophyllum commune,GCA_049639345.1
Schizophyllum commune,GCA_049639365.1
Schizophyllum commune,GCA_049639405.1
Schizophyllum commune H4-8,GCA_000143185.2
Schizophyllum commune Loenen D,GCA_023508725.1
Schizophyllum commune Tattone D,GCA_023508785.1
Schizophyllum fasciatum,GCA_041438165.1
Schizopora paradoxa,GCA_001020605.1
Schizosaccharomyces cryophilus OY26,GCA_000004155.2
Schizosaccharomyces japonicus,GCA_019702855.1
Schizosaccharomyces japonicus,GCA_032883015.1
Schizosaccharomyces japonicus yFS275,GCA_000149845.2
Schizosaccharomyces lindneri,GCA_029532395.1
Schizosaccharomyces octosporus yFS286,GCA_000150505.2
Schizosaccharomyces osmophilus,GCA_027921745.1
Schizosaccharomyces pombe,GCA_000002945.3
Schizosaccharomyces pombe,GCA_003086255.1
Schizosaccharomyces pombe,GCA_006386075.1
Schizosaccharomyces pombe,GCA_006386085.1
Schizosaccharomyces pombe,GCA_006386095.1
Schizosaccharomyces pombe,GCA_006386105.1
Schizosaccharomyces pombe,GCA_006386175.1
Schizosaccharomyces pombe,GCA_006386185.1
Schizosaccharomyces pombe,GCA_006386205.1
Schizosaccharomyces pombe,GCA_006386235.1
Schizosaccharomyces pombe,GCA_006386245.1
Schizosaccharomyces pombe,GCA_006386275.1
Schizosaccharomyces pombe,GCA_006386295.1
Schizosaccharomyces pombe,GCA_006386305.1
Schizosaccharomyces pombe,GCA_006386315.1
Schizosaccharomyces pombe,GCA_006386355.1
Schizosaccharomyces pombe,GCA_006386365.1
Schizosaccharomyces pombe,GCA_006386395.1
Schizosaccharomyces pombe,GCA_006386405.1
Schizosaccharomyces pombe,GCA_023078545.1
Schizosaccharomyces pombe,GCA_030707835.1
Schizosaccharomyces pombe,GCA_036558985.1
Schizosaccharomyces pombe,GCA_037041055.1
Schizosaccharomyces pombe,GCA_041682865.1
Schizosaccharomyces pombe,GCA_041682885.1
Schizosaccharomyces pombe,GCA_041682895.1
Schizosaccharomyces pombe,GCA_041682925.1
Schizosaccharomyces pombe,GCA_041682945.1
Schizosaccharomyces pombe,GCA_041682965.1
Schizosaccharomyces pombe,GCA_041682975.1
Schizosaccharomyces pombe,GCA_041682985.1
Schizosaccharomyces pombe,GCA_041683025.1
Schizosaccharomyces pombe,GCA_041683045.1
Schizosaccharomyces pombe,GCA_041683065.1
Schizosaccharomyces pombe,GCA_041683075.1
Schizosaccharomyces pombe,GCA_041683085.1
Schizosaccharomyces pombe,GCA_041683095.1
Schizosaccharomyces pombe,GCA_041683105.1
Schizosaccharomyces pombe,GCA_041683165.1
Schizosaccharomyces pombe,GCA_041683185.1
Schizosaccharomyces pombe,GCA_041683195.1
Schizosaccharomyces pombe,GCA_041683205.1
Schizosaccharomyces pombe,GCA_041683215.1
Schizosaccharomyces pombe,GCA_041683265.1
Schizosaccharomyces pombe,GCA_041683285.1
Schizosaccharomyces pombe,GCA_041683305.1
Schizosaccharomyces pombe,GCA_041683315.1
Schizosaccharomyces pombe,GCA_041683325.1
Schizosaccharomyces pombe,GCA_041683335.1
Schizosaccharomyces pombe,GCA_041683365.1
Schizosaccharomyces pombe,GCA_041683405.1
Schizosaccharomyces pombe,GCA_041683425.1
Schizosaccharomyces pombe,GCA_041683435.1
Schizosaccharomyces pombe,GCA_041683455.1
Schizosaccharomyces pombe,GCA_041683465.1
Schizosaccharomyces pombe,GCA_041683495.1
Schizosaccharomyces pombe,GCA_041683505.1
Schizosaccharomyces pombe,GCA_041683545.1
Schizosaccharomyces pombe,GCA_041683555.1
Schizosaccharomyces pombe,GCA_041683585.1
Schizosaccharomyces pombe,GCA_041683595.1
Schizosaccharomyces pombe,GCA_041683605.1
Schizosaccharomyces pombe,GCA_041683615.1
Schizosaccharomyces pombe,GCA_041683625.1
Schizosaccharomyces pombe,GCA_041683685.1
Schizosaccharomyces pombe,GCA_041683695.1
Schizosaccharomyces pombe,GCA_041683705.1
Schizosaccharomyces pombe,GCA_041683715.1
Schizosaccharomyces pombe,GCA_041683765.1
Schizosaccharomyces pombe,GCA_041683775.1
Schizosaccharomyces pombe,GCA_041683785.1
Schizosaccharomyces pombe,GCA_041683805.1
Schizosaccharomyces pombe,GCA_041683825.1
Schizosaccharomyces pombe,GCA_041683835.1
Schizosaccharomyces pombe,GCA_041683845.1
Schizosaccharomyces pombe,GCA_041683905.1
Schizosaccharomyces pombe,GCA_041683915.1
Schizosaccharomyces pombe,GCA_041683925.1
Schizosaccharomyces pombe,GCA_041683935.1
Schizosaccharomyces pombe,GCA_041683945.1
Schizosaccharomyces pombe,GCA_041683985.1
Schizosaccharomyces pombe,GCA_041684015.1
Schizosaccharomyces pombe,GCA_042140195.1
Schizosaccharomyces pombe,GCA_043157545.1
Schizosaccharomyces pombe,GCA_056321595.1
Schizosaccharomyces pombe,GCA_056321605.1
Schizosaccharomyces pombe,GCA_056321715.1
Schizosaccharomyces pombe,GCA_056321735.1
Schizosaccharomyces sp. A1 LZ-2022,GCA_029267275.1
Schizosaccharomyces versatilis (nom. inval.),GCA_032882995.1
Schizothecium sp. GE-2024a,GCA_050705235.1
Schizothecium sp. GE-2024a,GCA_050706875.1
Schizothecium sp. GE-2024a,GCA_050709135.1
Schizothecium sp. GE-2024b,GCA_050709635.1
Schizothecium sp. GE-2024b,GCA_050709695.1
Schizothecium sp. GE-2024c,GCA_050705355.1
Schizothecium sp. GE-2024c,GCA_050705405.1
Schizothecium sp. GE-2024c,GCA_050707985.1
Schizothecium sp. GE-2024c,GCA_050708415.1
Schizothecium sp. GE-2024c,GCA_050708495.2
Schizothecium sp. GE-2024c,GCA_050708535.2
Schizothecium sp. GE-2024c,GCA_050708735.1
Schizothecium sp. GE-2024c,GCA_050709015.1
Schizothecium sp. GE-2024d,GCA_050705475.1
Schizothecium sp. GE-2024d,GCA_050706085.1
Schizothecium sp. GE-2024d,GCA_050706605.1
Schizothecium sp. GE-2024d,GCA_050706655.2
Schizothecium sp. GE-2024d,GCA_050706715.1
Schizothecium sp. GE-2024d,GCA_050708695.1
Schizothecium sp. GE-2024e,GCA_050709575.1
Schizothecium sp. GE-2024e,GCA_050709615.1
Schizothecium sp. GE-2024f,GCA_050708895.2
Schizothecium sp. GE-2024f,GCA_050708915.2
Schizothecium sp. GE-2024g,GCA_050705245.1
Schizothecium sp. GE-2024g,GCA_050706955.1
Schizothecium sp. GE-2024g,GCA_050708855.1
Schizothecium sp. GE-2024h,GCA_050705375.1
Schizothecium sp. GE-2024h,GCA_050706075.1
Schizothecium sp. GE-2024h,GCA_050706275.1
Schizothecium sp. GE-2024h,GCA_050706335.1
Schizothecium sp. GE-2024h,GCA_050706345.1
Schizothecium sp. GE-2024h,GCA_050706375.1
Schizothecium sp. GE-2024h,GCA_050706475.1
Schizothecium sp. GE-2024h,GCA_050706485.1
Schizothecium sp. GE-2024h,GCA_050706725.1
Schizothecium sp. GE-2024h,GCA_050706775.1
Schizothecium sp. GE-2024h,GCA_050706855.1
Schizothecium sp. GE-2024h,GCA_050707015.1
Schizothecium sp. GE-2024h,GCA_050707235.1
Schizothecium sp. GE-2024h,GCA_050707475.1
Schizothecium sp. GE-2024h,GCA_050707595.1
Schizothecium sp. GE-2024h,GCA_050707655.1
Schizothecium sp. GE-2024h,GCA_050707915.1
Schizothecium sp. GE-2024h,GCA_050707935.1
Schizothecium sp. GE-2024h,GCA_050708015.1
Schizothecium sp. GE-2024h,GCA_050708135.1
Schizothecium sp. GE-2024h,GCA_050708215.1
Schizothecium sp. GE-2024h,GCA_050708615.1
Schizothecium sp. GE-2024h,GCA_050708775.1
Schizothecium sp. GE-2024h,GCA_050708795.1
Schizothecium sp. GE-2024h,GCA_050709035.1
Schizothecium sp. GE-2024h,GCA_050709055.1
Schizothecium sp. GE-2024h,GCA_050709075.1
Schizothecium sp. GE-2024h,GCA_050709185.1
Schizothecium sp. GE-2024h,GCA_050709755.1
Schizothecium sp. GE-2024h,GCA_050709835.1
Schizothecium sp. GE-2024i,GCA_050706595.1
Schizothecium sp. GE-2024i,GCA_050707135.1
Schizothecium sp. GE-2024i,GCA_050707155.1
Schizothecium sp. GE-2024i,GCA_050707775.1
Schizothecium sp. GE-2024i,GCA_050708635.1
Schizothecium sp. GE-2024j,GCA_050707455.1
Schizothecium sp. GE-2024j,GCA_050708655.1
Schizothecium sp. GE-2024k,GCA_050707715.1
Schizothecium sp. GE-2024k,GCA_050708055.1
Schizothecium sp. GE-2024k,GCA_050708155.1
Schizothecium sp. GE-2024k,GCA_050708475.1
Schizothecium sp. GE-2024l,GCA_050708355.1
Schizothecium sp. GE-2024m,GCA_050708395.1
Schizothecium sp. GE-2024n,GCA_050708255.1
Schizothecium sp. GE-2024n,GCA_050708275.1
Schizothecium sp. GE-2024n,GCA_050708295.1
Schizothecium sp. GE-2024o,GCA_050707795.1
Schizothecium sp. GE-2024o,GCA_050707815.1
Schizothecium sp. GE-2024o,GCA_050707895.1
Schizothecium sp. GE-2024p,GCA_050706125.1
Schizothecium sp. GE-2024q,GCA_050709515.2
Schizothecium sp. GE-2024q,GCA_050753405.2
Schizothecium sp. PSN970-sp1,GCA_050709335.1
Schizothecium sp. PSN970-sp2,GCA_050709315.1
Schizothecium sp. PSN970A-sp1,GCA_050709495.1
Schizothecium sp. PSN970A-sp2,GCA_050709455.2
Schizothecium sp. PSN986-sp1,GCA_050709295.1
Schizothecium sp. PSN986-sp2,GCA_050709205.1
Schizothecium sp. PSN986B-spE,GCA_050709415.1
Schizothecium sp. PSN986B-spa,GCA_050709435.1
Schizothecium sp. R5324,GCA_037042205.1
Schizothecium vesticola,GCA_030549215.1
Schwanniomyces capriottii,GCA_030674585.1
Schwanniomyces capriottii,GCA_032927745.1
Schwanniomyces etchellsii,GCA_030583275.1
Schwanniomyces etchellsii,GCA_031081805.1
Schwanniomyces etchellsii,GCA_046867635.1
Schwanniomyces etchellsii,GCA_046867675.1
Schwanniomyces etchellsii,GCA_046867695.1
Schwanniomyces occidentalis var. occidentalis,GCA_030579795.1
Schwanniomyces occidentalis var. occidentalis,GCA_031081865.1
Schwanniomyces occidentalis var. persoonii,GCA_030556115.1
Schwanniomyces polymorphus,GCA_040571375.1
Schwanniomyces polymorphus,GCA_046867655.1
Schwanniomyces polymorphus var. africanus,GCA_030563145.1
Schwanniomyces polymorphus var. polymorphus,GCA_030463025.1
Schwanniomyces polymorphus var. polymorphus,GCA_031081965.1
Schwanniomyces pseudopolymorphus,GCA_030583345.1
Schwanniomyces sp. yHRVM31,GCA_030462985.1
Schwanniomyces vanrijiae,GCA_031081895.1
Schwanniomyces vanrijiae,GCA_046867815.1
Schwanniomyces vanrijiae var. vanrijiae,GCA_030556805.1
Schwanniomyces vanrijiae var. yarrowii,GCA_030575115.1
Schwanniomyces yamadae,GCA_030565025.1
Scleroderma bovista,GCA_037178675.1
Scleroderma citrinum,GCA_029372045.1
Scleroderma citrinum,GCA_046718565.1
Scleroderma citrinum Foug A,GCA_000827425.1
Scleroderma yunnanense,GCA_046718465.1
Scleromitrula shiraiana,GCA_028455995.1
Sclerophora amabilis,GCA_026025825.1
Sclerotinia asari,GCA_040437585.1
Sclerotinia borealis F-4128,GCA_000503235.1
Sclerotinia glacialis,GCA_002162575.1
Sclerotinia minor,GCA_024586315.1
Sclerotinia minor,GCA_025389075.1
Sclerotinia minor,GCA_029034665.1
Sclerotinia nivalis,GCA_029531795.1
Sclerotinia sativa,GCA_040955825.1
Sclerotinia sclerotiorum,GCA_019022465.1
Sclerotinia sclerotiorum,GCA_025389095.1
Sclerotinia sclerotiorum,GCA_025594185.1
Sclerotinia sclerotiorum,GCA_039834425.1
Sclerotinia sclerotiorum,GCA_039834435.1
Sclerotinia sclerotiorum,GCA_039834445.1
Sclerotinia sclerotiorum,GCA_039834455.1
Sclerotinia sclerotiorum,GCA_039834465.1
Sclerotinia sclerotiorum,GCA_039834475.1
Sclerotinia sclerotiorum,GCA_039834485.1
Sclerotinia sclerotiorum,GCA_039834495.1
Sclerotinia sclerotiorum,GCA_039834505.1
Sclerotinia sclerotiorum,GCA_039834515.1
Sclerotinia sclerotiorum,GCA_039834535.1
Sclerotinia sclerotiorum,GCA_039834545.1
Sclerotinia sclerotiorum,GCA_039834555.1
Sclerotinia sclerotiorum,GCA_039834565.1
Sclerotinia sclerotiorum,GCA_039834585.1
Sclerotinia sclerotiorum,GCA_039834605.1
Sclerotinia sclerotiorum,GCA_039834615.1
Sclerotinia sclerotiorum,GCA_039834625.1
Sclerotinia sclerotiorum,GCA_039834635.1
Sclerotinia sclerotiorum,GCA_039834685.1
Sclerotinia sclerotiorum,GCA_039836405.1
Sclerotinia sclerotiorum,GCA_039838925.1
Sclerotinia sclerotiorum,GCA_039841415.1
Sclerotinia sclerotiorum,GCA_039931285.1
Sclerotinia sclerotiorum,GCA_046127885.1
Sclerotinia sclerotiorum,GCA_046127935.1
Sclerotinia sclerotiorum 1980 UF-70,GCA_000146945.2
Sclerotinia sclerotiorum 1980 UF-70,GCA_001857865.1
Sclerotinia spermophila,GCA_038090695.1
Sclerotinia subarctica,GCA_025389085.1
Sclerotinia sulcata,GCA_040955895.1
Sclerotiophoma versabilis,GCA_012274445.1
Scolecobasidium constrictum UM 578,GCA_000611715.1
Scolecofusariella peltigerae,GCA_045529505.1
Scolecofusariella peltigerae,GCA_045529535.1
Scopulariopsis brevicaulis,GCA_017657125.1
Scopulariopsis brevicaulis,GCA_030411695.1
Scopulariopsis brevicaulis,GCA_030772195.1
Scopulariopsis brevicaulis,GCA_030779665.1
Scopulariopsis sp.,GCA_054123095.1
Scorias spongiosa,GCA_018467035.1
Scortechinia acanthostroma,GCA_011319215.2
Scytalidium lignicola,GCA_002812745.2
Scytalidium sp. 3C,GCA_000743665.3
Seiridium cardinale,GCA_040143865.1
Seiridium cardinale,GCA_040143875.1
Seiridium cardinale,GCA_052815965.1
Seiridium cupressi,GCA_036674765.1
Seiridium cupressi,GCA_036674775.1
Seiridium kartense,GCA_054990385.1
Seiridium kartense,GCA_054990475.1
Seiridium kartense,GCA_054990505.1
Seiridium kartense,GCA_054990515.1
Seiridium kartense,GCA_054991165.1
Seiridium mearnsii,GCA_054990375.1
Seiridium mearnsii,GCA_054991155.1
Seiridium rouxiae,GCA_054990395.1
Seiridium rouxiae,GCA_054991175.1
Seiridium unicorne,GCA_039778275.1
Seirophora lacunosa,GCA_023645825.1
Seirophora lacunosa,GCA_023646185.1
Seirophora lacunosa,GCA_051942285.1
Seirophora scorigena,GCA_051942365.1
Seirophora villosa,GCA_023645815.1
Seirophora villosa,GCA_051941785.1
Septoria glycines,GCA_047371035.1
Septoria glycines,GCA_055755335.1
Septoria linicola,GCA_024114885.1
Septoria linicola,GCA_024291795.1
Septoria petroselini,GCA_022559915.2
Septoriella neoarundinis,GCA_022813125.1
Serendipita indica DSM 11827,GCA_000313545.1
Serendipita sp. 396,GCA_019616975.1
Serendipita sp. 397,GCA_019623665.1
Serendipita sp. 398,GCA_019623675.1
Serendipita sp. 399,GCA_019627685.1
Serendipita sp. 400,GCA_019627735.1
Serendipita sp. 401,GCA_019627725.1
Serendipita sp. 405,GCA_019627745.1
Serendipita sp. 407,GCA_019633565.1
Serendipita sp. 411,GCA_019627755.1
Serendipita vermifera,GCA_003073295.1
Serendipita vermifera MAFF 305830,GCA_000827415.1
Serpula lacrymans var. lacrymans,GCA_002891375.1
Serpula lacrymans var. lacrymans,GCA_015708795.1
Serpula lacrymans var. lacrymans S7.3,GCA_000218725.1
Serpula lacrymans var. lacrymans S7.9,GCA_000218685.1
Serpula lacrymans var. shastensis,GCA_002891385.1
Setomelanomma holmii,GCA_010015745.1
Shiraia bambusicola,GCA_028220655.1
Shiraia sp. slf14,GCA_000498155.1
Simplicillium aogashimaense,GCA_012273805.1
Simplicillium aogashimaense,GCA_019843555.1
Simplicillium aogashimaense,GCA_028455935.1
Simplicillium lamellicola,GCA_051528535.1
Simplicillium lamellicola,GCA_051528575.1
Simplicillium lamellicola,GCA_051528605.1
Simplicillium lamellicola,GCA_051529215.1
Simplicillium lamellicola,GCA_051529255.1
Simplicillium lanosoniveum,GCA_051528555.1
Simplicillium lanosoniveum,GCA_051529135.1
Simplicillium lanosoniveum,GCA_051529175.1
Simplicillium lanosoniveum,GCA_051529195.1
Simplicillium sp. C3G150-2,GCA_022702485.1
Simplicillium subtropicum,GCA_051528495.1
Singerocomus inundabilis,GCA_038089075.1
Singerocomus rubriflavus,GCA_038088835.1
Sinodiscula camellicola (nom. inval.),GCA_053477585.1
Sinodiscula theae-sinensis,GCA_051027275.1
Siphonaria sp. JEL0065,GCA_027596065.1
Sistotremastrum niveocremeum HHB9708,GCA_001630475.1
Sistotremastrum suecicum HHB10207 ss-3,GCA_001632355.1
Smittium angustum,GCA_003097675.1
Smittium culicis,GCA_001970855.1
Smittium culicis,GCA_001970865.1
Smittium megazygosporum,GCA_003086715.1
Smittium minutisporum,GCA_045269135.1
Smittium mucronatum,GCA_001953115.1
Smittium simulii,GCA_003086735.1
Sodiomyces alcalophilus JCM 7366,GCA_042370955.1
Sodiomyces alkalinus F11,GCA_003711515.1
Solicoccozyma phenolica,GCA_001600015.1
Solicoccozyma terricola,GCA_001600875.1
Solicoccozyma terricola,GCA_001712455.1
Solioccasus polychromus,GCA_038090335.1
Sordaria brevicollis,GCA_033439795.1
Sordaria macrospora,GCA_008692325.1
Sordaria macrospora,GCA_033870435.1
Sordaria macrospora k-hell,GCA_000182805.2
Sordaria sp. MPI-SDFR-AT-0083,GCA_020800285.1
Sordariomycetes sp.,GCA_029294915.1
Sordariomycetes sp.,GCA_029295075.1
Sordariomycetes sp.,GCA_029295175.1
Sordariomycetes sp.,GCA_029295265.1
Sordariomycetes sp. B11D1,GCA_025503055.1
Sordariomycetes sp. M70-01Q,GCA_037040145.1
Sordariomycetes sp. R4601,GCA_023628875.1
Sordariomycetes sp. S4602,GCA_023628835.1
Sordariomycetes sp. S80-01Y,GCA_037042185.1
Sorochytrium milnesiophthora,GCA_051624525.1
Soucietia sequanensis,GCA_030557975.1
Sparassis crispa,GCA_003851025.1
Sparassis latifolia,GCA_002607745.1
Sparassis latifolia,GCA_009812315.1
Sparassis latifolia,GCA_018466975.1
Sparassis latifolia,GCA_050233555.1
Spathaspora arborariae UFMG-19.1A,GCA_000497715.1
Spathaspora girioi,GCA_001657455.1
Spathaspora jeffriesii,GCA_030705235.1
Spathaspora passalidarum,GCA_030579515.1
Spathaspora passalidarum NRRL Y-27907,GCA_000223485.1
Spathaspora passalidarum NRRL Y-27907,GCA_013620965.1
Spathaspora sp. JA1,GCA_003676035.1
Spathaspora sp. P7602,GCA_037040735.1
Spathaspora sp. UFMG-CM-Y285,GCA_002911495.2
Spencermartinsiella cellulosicola,GCA_040208345.1
Spencermartinsiella europaea,GCA_003705305.2
Spencermartinsiella europaea,GCA_030579595.1
Spencermartinsiella ligniputridi,GCA_030583385.1
Spencermartinsiella sp. UFMG-CM-Y3197,GCA_040208335.1
Sphaceloma murrayae,GCA_002895985.1
Sphaerellopsis filum,GCA_041753865.1
Sphaerobolus stellatus SS14,GCA_000827215.1
Sphaerosporella brunnea,GCA_008704415.1
Sphaerulina musiva,GCA_052057135.1
Sphaerulina musiva,GCA_055774015.1
Sphaerulina musiva,GCA_055774035.1
Sphaerulina musiva,GCA_055774055.1
Sphaerulina musiva,GCA_055774075.1
Sphaerulina musiva,GCA_055774095.1
Sphaerulina musiva,GCA_055774115.1
Sphaerulina musiva,GCA_055774135.1
Sphaerulina musiva SO2202,GCA_000320565.2
Sphaerulina populicola P02.02b,GCA_000291705.1
Sphaerulina vaccinii,GCA_022570785.1
Sphaerulina vaccinii,GCA_022570795.1
Sphagnurus paluster,GCA_018282025.1
Spinellus fusiger,GCA_025094145.1
Spiromastix sp. SCSIO F190,GCA_014805645.1
Spiromyces aspiralis,GCA_027478575.1
Spizellomyces punctatus DAOM BR117,GCA_000182565.2
Spizellomyces sp. 'palustris',GCA_006535965.1
Spongiforma cf. squarepantsii,GCA_038094135.1
Spongispora temasekensis,GCA_038094675.1
Sporendonema sp.,GCA_054123415.1
Sporendonema sp.,GCA_054123655.1
Sporidiobolaceae sp.,GCA_029299915.1
Sporisorium graminicola,GCA_005498985.1
Sporisorium graminicola,GCA_023629955.1
Sporisorium iseilematis-ciliati,GCA_001748505.1
Sporisorium reilianum SRZ2,GCA_000230245.1
Sporisorium scitamineum,GCA_000772675.1
Sporisorium scitamineum,GCA_001010845.3
Sporisorium scitamineum,GCA_001243155.1
Sporisorium scitamineum,GCA_023212615.1
Sporisorium scitamineum,GCA_052862845.1
Sporisorium scitamineum,GCA_052862935.1
Sporisorium scitamineum,GCA_053455765.1
Sporisorium sorghi,GCA_023212695.1
Sporobolomyces blumeae,GCA_050403285.1
Sporobolomyces carnicolor,GCA_039545255.1
Sporobolomyces carnicolor,GCA_050403305.1
Sporobolomyces johnsonii,GCA_050403325.1
Sporobolomyces johnsonii,GCA_050403345.1
Sporobolomyces koalae,GCA_050403365.1
Sporobolomyces pararoseus,GCA_010758995.1
Sporobolomyces pararoseus,GCA_046118745.1
Sporobolomyces pararoseus,GCA_049640115.1
Sporobolomyces pararoseus,GCA_050403385.1
Sporobolomyces pararoseus,GCA_050403405.1
Sporobolomyces phaffii,GCA_037042985.1
Sporobolomyces phaffii,GCA_050403425.1
Sporobolomyces roseus,GCA_016617785.1
Sporobolomyces roseus,GCA_022817875.1
Sporobolomyces roseus,GCA_050403445.1
Sporobolomyces ruberrimus,GCA_050403465.1
Sporobolomyces salmoneus,GCA_050403485.1
Sporobolomyces salmonicolor,GCA_001373355.1
Sporobolomyces salmonicolor,GCA_050403505.1
Sporobolomyces salmonicolor,GCA_050403525.1
Sporodiniella umbellata,GCA_025677835.1
Sporopachydermia cereana,GCA_030561065.1
Sporopachydermia lactativora,GCA_003705295.1
Sporopachydermia lactativora,GCA_030579575.1
Sporopachydermia quercuum,GCA_001599295.1
Sporopachydermia quercuum,GCA_030579615.1
Sporormia fimetaria CBS 119925,GCA_010093795.1
Sporothrix brasiliensis 5110,GCA_000820605.1
Sporothrix brunneoviolacea,GCA_021396205.1
Sporothrix cf. nigrograna,GCA_019925305.1
Sporothrix curviconia,GCA_016097085.2
Sporothrix dimorphospora,GCA_021397985.1
Sporothrix euskadiensis,GCA_019925375.1
Sporothrix globosa,GCA_001630435.1
Sporothrix globosa,GCA_001630445.1
Sporothrix globosa,GCA_021396195.1
Sporothrix globosa,GCA_021396275.1
Sporothrix globosa,GCA_021396295.1
Sporothrix globosa,GCA_021396335.1
Sporothrix globosa,GCA_021396345.1
Sporothrix globosa,GCA_021397555.1
Sporothrix globosa,GCA_021398025.1
Sporothrix humicola,GCA_021396245.1
Sporothrix inflata,GCA_021396225.1
Sporothrix luriei,GCA_021398005.1
Sporothrix mexicana,GCA_021396375.1
Sporothrix pallida,GCA_000710705.2
Sporothrix pallida,GCA_021396235.1
Sporothrix phasma,GCA_011037845.1
Sporothrix phasma,GCA_016097075.2
Sporothrix protearum,GCA_016097115.2
Sporothrix pseudoabietina,GCA_019925295.1
Sporothrix schenckii,GCA_002837075.1
Sporothrix schenckii,GCA_002941045.1
Sporothrix schenckii 1099-18,GCA_000961545.1
Sporothrix schenckii ATCC 58251,GCA_000474925.1
Sporothrix sp. FH-2023a,GCA_046114455.1
Sporothrix stenoceras,GCA_042257725.1
Sporothrix stenoceras,GCA_042257735.1
Sporothrix stenoceras,GCA_042257785.1
Sporothrix variecibatus,GCA_016097105.2
Sporothrix variecibatus,GCA_021396255.1
Spraguea lophii,GCA_001887945.1
Spraguea lophii,GCA_001887975.1
Spraguea lophii,GCA_001888035.1
Spraguea lophii,GCA_011074935.1
Spraguea lophii,GCA_011074945.1
Spraguea lophii,GCA_011074965.1
Spraguea lophii,GCA_011074975.1
Spraguea lophii,GCA_011076955.1
Spraguea lophii,GCA_011076965.1
Spraguea lophii,GCA_011076975.1
Spraguea lophii 42_110,GCA_000430065.1
Squamulea sp. 1 TL-2023,GCA_051941405.1
Squamulea squamosa,GCA_051941385.1
Stachybotrys chartarum,GCA_001021365.1
Stachybotrys chartarum IBT 40288,GCA_000732765.1
Stachybotrys chartarum IBT 40293,GCA_000732565.1
Stachybotrys chartarum IBT 7711,GCA_000730325.1
Stachybotrys chlorohalonatus IBT 40285,GCA_000732775.1
Stachybotrys echinatus,GCA_001599555.1
Stachybotrys elegans,GCA_020746835.1
Stachybotrys microspora,GCA_020085135.1
Stagonosporopsis chrysanthemi,GCA_022560025.1
Stagonosporopsis cucurbitacearum,GCA_016920805.1
Stagonosporopsis rhizophila,GCA_016767195.1
Stagonosporopsis tanaceti,GCA_000812845.1
Stagonosporopsis vannaccii,GCA_028584115.1
Staphylotrichum longicolle,GCA_019096155.1
Staphylotrichum tortipilum,GCA_033296695.1
Starmera amethionina,GCA_003708085.1
Starmera amethionina,GCA_030573755.1
Starmera caribaea,GCA_030565045.1
Starmera pachycereana,GCA_030570535.1
Starmera stellimalicola,GCA_003707265.1
Starmera stellimalicola,GCA_030580055.1
Starmera stellimalicola,GCA_050613735.1
Starmerella apicola,GCA_001005415.1
Starmerella apicola,GCA_004124965.1
Starmerella apicola,GCA_030572115.1
Starmerella asiatica,GCA_030572815.1
Starmerella bacillaris,GCA_002024125.1
Starmerella bacillaris,GCA_002094175.1
Starmerella bacillaris,GCA_002270425.1
Starmerella bacillaris,GCA_003033765.1
Starmerella bacillaris,GCA_003260575.1
Starmerella bacillaris,GCA_030020325.1
Starmerella bacillaris,GCA_030573115.1
Starmerella bacillaris,GCA_037102755.1
Starmerella bacillaris,GCA_052575455.1
Starmerella bacillaris,GCA_052575515.1
Starmerella bombi,GCA_030579915.1
Starmerella bombicola,GCA_000950655.1
Starmerella bombicola,GCA_001599315.1
Starmerella bombicola,GCA_003033785.1
Starmerella bombicola,GCA_004124885.1
Starmerella bombicola,GCA_030573795.1
Starmerella bombicola,GCA_048771825.1
Starmerella cellae,GCA_030579775.1
Starmerella davenportii,GCA_004124985.1
Starmerella davenportii,GCA_030579095.1
Starmerella etchellsii,GCA_030490775.1
Starmerella floricola,GCA_030579735.1
Starmerella floris,GCA_030555655.1
Starmerella khaoyaiensis,GCA_030563285.1
Starmerella kuoi,GCA_004124915.1
Starmerella kuoi,GCA_030579695.1
Starmerella lactis-condensi,GCA_030568935.1
Starmerella powellii,GCA_030568915.1
Starmerella ratchasimensis,GCA_004124975.1
Starmerella ratchasimensis,GCA_030562965.1
Starmerella riodocensis,GCA_004124955.1
Starmerella riodocensis,GCA_030557845.1
Starmerella roubikii,GCA_030584945.1
Starmerella scarabaei,GCA_030565305.1
Starmerella sirachaensis,GCA_030578495.1
Starmerella sp. DX6506,GCA_037041025.1
Starmerella stellata,GCA_030674195.1
Starmerella stigmatis (nom. inval.),GCA_030563545.1
Starmerella vitae,GCA_030584925.1
Steccherinum ochraceum,GCA_004332605.1
Stemphylium beticola,GCA_029100465.1
Stemphylium beticola,GCA_029100535.1
Stemphylium lycopersici,GCA_001191545.2
Stemphylium lycopersici,GCA_003268315.2
Stemphylium lycopersici,GCA_003268335.2
Stemphylium sp. Aa22,GCA_052402475.1
Stemphylium vesicarium,GCA_004380135.1
Stemphylium vesicarium,GCA_008271585.1
Stemphylium vesicarium,GCA_008271615.1
Stemphylium vesicarium,GCA_037576235.1
Stemphylium vesicarium,GCA_055672515.1
Stenocarpella maydis,GCA_002270565.1
Stereocaulon alpinum,GCA_018257865.1
Stereocaulon virgatum,GCA_042464655.1
Stereum hirsutum FP-91666 SS1,GCA_000264905.1
Sticta canariensis,GCA_022814045.1
Stictis urceolata,GCA_022814025.1
Stipitochalara longipes BDJ,GCA_009732865.1
Strobilomyces confusus,GCA_038093835.1
Strobilomyces dryophilus,GCA_038089955.1
Strobilomyces echinocephalus,GCA_038090115.1
Strobilomyces sp. TRTC157183,GCA_041722375.1
Strobilurus luchuensis,GCA_019915105.1
Strobilurus orientalis,GCA_019915145.1
Strobilurus pachycystidiatus,GCA_019915135.1
Strobilurus stephanocystis,GCA_019915075.1
Stromatinia cepivora,GCA_002162485.1
Stromatinia cepivora,GCA_014898415.1
Stropharia atroferruginea,GCA_051997315.1
Stropharia lignicola,GCA_051997255.1
Stropharia rugosoannulata,GCA_003314255.1
Stropharia rugosoannulata,GCA_028532985.1
Stropharia rugosoannulata,GCA_036873085.1
Stygiomarasmius scandens,GCA_037954225.1
Stylonectria norvegica,GCA_014621405.1
Stylopage hadra,GCA_005111325.1
Sugiyamaella americana,GCA_030583405.1
Sugiyamaella boreocaroliniensis,GCA_030575195.1
Sugiyamaella castrensis,GCA_030583505.1
Sugiyamaella chiloensis,GCA_030578775.1
Sugiyamaella floridensis,GCA_030556845.1
Sugiyamaella grinbergsii,GCA_030579895.1
Sugiyamaella japonica,GCA_030583365.1
Sugiyamaella lignohabitans,GCA_001640025.2
Sugiyamaella lignohabitans,GCA_030555895.1
Sugiyamaella marilandica,GCA_030563205.1
Sugiyamaella marionensis,GCA_043388925.1
Sugiyamaella mastotermitis,GCA_030572735.1
Sugiyamaella neomexicana,GCA_030555635.1
Sugiyamaella novakii,GCA_030575175.1
Sugiyamaella novakii,GCA_050930895.1
Sugiyamaella paludigena,GCA_030579875.1
Sugiyamaella pinicola,GCA_030565085.1
Sugiyamaella qingdaonensis,GCA_030569235.1
Sugiyamaella smithiae,GCA_030579815.1
Sugiyamaella sp. yHKS617,GCA_030580325.1
Sugiyamaella valdiviana,GCA_030570555.1
Sugiyamaella xylanicola (nom. inval.),GCA_001939105.2
Suhomyces ambrosiae,GCA_030568575.1
Suhomyces ambrosiae,GCA_054643005.1
Suhomyces anneliseae,GCA_030568535.1
Suhomyces atakaporum,GCA_030561405.1
Suhomyces bokatorum,GCA_030568615.1
Suhomyces bolitotheri,GCA_030568555.1
Suhomyces bribrorum,GCA_030561385.1
Suhomyces canberraensis,GCA_003706525.2
Suhomyces caryicola,GCA_030568635.1
Suhomyces chickasaworum,GCA_030568495.1
Suhomyces choctaworum,GCA_030568475.1
Suhomyces coccinellae,GCA_030565345.1
Suhomyces emberorum,GCA_003707835.3
Suhomyces faveliae,GCA_030585145.1
Suhomyces guaymorum,GCA_030568515.1
Suhomyces kilbournensis,GCA_030563685.1
Suhomyces kunorum,GCA_030561465.1
Suhomyces maxii,GCA_030574995.1
Suhomyces panamericanus,GCA_030582475.1
Suhomyces prunicola,GCA_030568655.1
Suhomyces pyralidae,GCA_003706505.3
Suhomyces sp. yHKS641,GCA_030705105.1
Suhomyces sp. yHMH580,GCA_030580235.1
Suhomyces sp. yHQL142,GCA_030582675.1
Suhomyces taliae,GCA_030572155.1
Suhomyces tanzawaensis,GCA_030544465.1
Suhomyces tanzawaensis NRRL Y-17324,GCA_001661415.1
Suhomyces terraborum,GCA_030582495.1
Suhomyces tibetensis,GCA_030570835.1
Suhomyces vadensis,GCA_030575035.1
Suhomyces wounanorum,GCA_030568695.1
Suhomyces xylopsoci,GCA_030568675.1
Suhomyces yuchorum,GCA_030571845.1
Suillus alpinus,GCA_003316505.1
Suillus americanus,GCA_016695465.1
Suillus ampliporus,GCA_016584345.1
Suillus bovinus,GCA_016758785.1
Suillus bovinus,GCA_046055875.1
Suillus brevipes Sb2,GCA_011800875.2
Suillus clintonianus,GCA_016758775.1
Suillus cothurnatus,GCA_016758765.1
Suillus decipiens,GCA_016695475.1
Suillus discolor,GCA_016758755.1
Suillus fuscotomentosus,GCA_016647785.1
Suillus hirtellus,GCA_016695485.1
Suillus lakei,GCA_016628065.1
Suillus luteus UH-Slu-Lm8-n1,GCA_000827255.1
Suillus occidentalis,GCA_016628085.1
Suillus paluster,GCA_016628075.1
Suillus placidus,GCA_003313645.1
Suillus placidus,GCA_016628565.1
Suillus plorans,GCA_016647745.1
Suillus sp. MG131,GCA_003313855.1
Suillus spraguei,GCA_003313085.1
Suillus spraguei,GCA_016800925.1
Suillus subalutaceus,GCA_016647625.1
Suillus subaureus,GCA_016647635.1
Suillus subluteus,GCA_016647755.1
Suillus tomentosus,GCA_016647685.1
Suillus variegatus,GCA_016647645.1
Suillus weaverae,GCA_016767475.1
Sungouiella berkhoutiae,GCA_030578995.1
Sungouiella blattae,GCA_003706955.3
Sungouiella dosseyi,GCA_030573325.1
Sungouiella ecuadorensis,GCA_030579155.1
Sungouiella ezoensis,GCA_030569115.1
Sungouiella flosculorum,GCA_030568875.1
Sungouiella intermedia,GCA_001599135.1
Sungouiella intermedia,GCA_030575135.1
Sungouiella intermedia,GCA_037040545.1
Sungouiella inulinophila,GCA_030562885.1
Sungouiella middelhoveniana,GCA_030557965.1
Sungouiella pseudoflosculorum,GCA_030674735.1
Sungouiella pseudointermedia,GCA_030557285.1
Sungouiella pseudointermedia,GCA_056151365.1
Sungouiella sharkensis,GCA_030567015.1
Sungouiella suratensis,GCA_030566815.1
Sungouiella thailandica,GCA_022023595.1
Sungouiella thailandica,GCA_030563845.1
Sungouiella tsuchiyae,GCA_030566995.1
Sungouiella xylosa,GCA_023158955.1
Sungouiozyma ichnusensis,GCA_030580495.1
Sungouiozyma intestinalis,GCA_003708845.3
Sutorius aff. eximius,GCA_038088915.1
Sutorius australiensis,GCA_038089915.1
Sutorius eximius,GCA_038089815.1
Sutorius sp. TRTC168204,GCA_041721975.1
Suzukiozyma candida,GCA_030557765.1
Suzukiozyma fluviatilis,GCA_030560825.1
Suzukiozyma glaebosa,GCA_030564305.1
Suzukiozyma manassasensis,GCA_030569175.1
Suzukiozyma palmioleophila,GCA_025602875.1
Suzukiozyma palmioleophila,GCA_030560805.1
Suzukiozyma pseudoglaebosa,GCA_030705115.1
Suzukiozyma sphagnicola,GCA_030569075.1
Symbiotaphrina buchneri,GCA_001599915.1
Symmetrospora coprosmae,GCA_008802785.1
Sympodiomycopsis paphiopedili,GCA_040372285.1
Syncephalastrum contaminatum,GCA_013461545.1
Syncephalastrum monosporum,GCA_023630305.1
Syncephalastrum monosporum,GCA_037042155.1
Syncephalastrum monosporum B8922,GCA_000697355.1
Syncephalastrum racemosum,GCA_002105135.1
Syncephalastrum racemosum B6101,GCA_000696955.1
Syncephalastrum sp. PYS2702,GCA_023630325.1
Syncephalastrum sp. PYS2703,GCA_023630315.1
Syncephalis fuscata,GCA_025786725.1
Syncephalis plumigaleata,GCA_025201365.1
Syncephalis pseudoplumigaleata,GCA_003614755.1
Synchytrium endobioticum,GCA_001399855.1
Synchytrium endobioticum,GCA_006535955.1
Synchytrium endobioticum,GCA_006536045.1
Synchytrium microbalum,GCA_006535985.1
Taiozyma bovis,GCA_003707945.3
Taiozyma dajiaensis,GCA_030579075.1
Taiozyma odintsovae,GCA_030557705.1
Taiozyma onychis,GCA_030582435.1
Taiozyma peoriensis,GCA_030574875.1
Taiozyma rabaulensis,GCA_030574855.1
Taiozyma yuanshanica,GCA_030569295.1
Taiwanofungus camphoratus,GCA_000766995.1
Taiwanofungus camphoratus,GCA_003413585.1
Taiwanofungus camphoratus,GCA_003999685.1
Taiwanofungus camphoratus,GCA_022598595.1
Taiwanofungus camphoratus,GCA_022598625.1
Taiwanofungus camphoratus,GCA_022598655.1
Taiwanofungus camphoratus,GCA_022598685.1
Taiwanofungus camphoratus,GCA_036872975.1
Taiwanofungus sp. T-1,GCA_050613545.1
Taiwanofungus sp. YW-2023a,GCA_037127245.1
Takashimella koratensis,GCA_003116875.1
Takashimella tepidaria (nom. inval.),GCA_003116915.1
Talaromyces adpressus,GCA_002775195.1
Talaromyces albobiverticillius,GCA_023721895.2
Talaromyces amestolkiae,GCA_001896365.1
Talaromyces amestolkiae,GCA_023623795.1
Talaromyces amestolkiae,GCA_027569865.1
Talaromyces amestolkiae,GCA_037040795.1
Talaromyces amestolkiae,GCA_037042375.1
Talaromyces atroroseus,GCA_001907595.1
Talaromyces atroroseus,GCA_051125915.1
Talaromyces borbonicus,GCA_002916415.1
Talaromyces funiculosus,GCA_004299765.1
Talaromyces funiculosus,GCA_023623825.1
Talaromyces funiculosus,GCA_023623845.1
Talaromyces funiculosus,GCA_023623855.1
Talaromyces funiculosus,GCA_023623875.1
Talaromyces funiculosus,GCA_023623975.1
Talaromyces funiculosus,GCA_023623985.1
Talaromyces funiculosus,GCA_023623995.1
Talaromyces funiculosus,GCA_023624025.1
Talaromyces funiculosus,GCA_025768105.1
Talaromyces fuscoviridis,GCA_040333115.2
Talaromyces islandicus,GCA_000985935.1
Talaromyces liani,GCA_022814505.1
Talaromyces liani,GCA_022814625.1
Talaromyces marneffei,GCA_003971505.1
Talaromyces marneffei,GCA_006111635.1
Talaromyces marneffei,GCA_009556855.1
Talaromyces marneffei,GCA_009650675.1
Talaromyces marneffei,GCA_011320185.1
Talaromyces marneffei,GCA_013122295.1
Talaromyces marneffei ATCC 18224,GCA_000001985.1
Talaromyces marneffei ATCC 18224,GCA_046127475.1
Talaromyces marneffei PM1,GCA_000227055.2
Talaromyces marneffei PM1,GCA_000750115.2
Talaromyces nanjingensis,GCA_031010415.1
Talaromyces piceae,GCA_001657655.1
Talaromyces pinophilus,GCA_000829775.1
Talaromyces pinophilus,GCA_001571465.2
Talaromyces pinophilus,GCA_003316675.1
Talaromyces pinophilus,GCA_009805475.2
Talaromyces pinophilus,GCA_011392495.1
Talaromyces pinophilus,GCA_023623735.1
Talaromyces pinophilus,GCA_023623755.1
Talaromyces pinophilus,GCA_023623785.1
Talaromyces pinophilus,GCA_027569545.1
Talaromyces pinophilus,GCA_027569565.1
Talaromyces pinophilus,GCA_033439165.1
Talaromyces pinophilus,GCA_048181935.1
Talaromyces proteolyticus,GCA_021365285.1
Talaromyces proteolyticus,GCA_055862385.1
Talaromyces purpureogenus,GCA_001270325.1
Talaromyces purpureogenus,GCA_019022425.1
Talaromyces purpureogenus,GCA_033443225.1
Talaromyces purpureogenus,GCA_037041375.1
Talaromyces purpureogenus,GCA_037041395.1
Talaromyces purpureogenus,GCA_037043785.1
Talaromyces purpureogenus,GCA_048569275.1
Talaromyces ruber,GCA_022813215.1
Talaromyces rugulosus,GCA_013368755.1
Talaromyces sp. B14P1,GCA_023626195.1
Talaromyces sp. DC2,GCA_039119965.1
Talaromyces sp. DSF149,GCA_046115495.1
Talaromyces sp. F31,GCA_037356135.1
Talaromyces sp. F3606,GCA_023625895.1
Talaromyces sp. LRS-407,GCA_051820725.1
Talaromyces sp. P118-02,GCA_037040535.1
Talaromyces sp. P2101,GCA_023626015.1
Talaromyces sp. PB3601,GCA_023625835.1
Talaromyces sp. PB3603,GCA_023625915.1
Talaromyces sp. PF2101,GCA_023626055.1
Talaromyces sp. PF30-10,GCA_023626295.1
Talaromyces sp. PF30-1C,GCA_023626275.1
Talaromyces sp. PF30-1D,GCA_023626315.1
Talaromyces sp. PF30-5,GCA_023626375.1
Talaromyces sp. PF3502,GCA_023625995.1
Talaromyces sp. PG4302,GCA_023626335.1
Talaromyces sp. PH2104,GCA_023625955.1
Talaromyces sp. PL2406,GCA_023626215.1
Talaromyces sp. PM2405,GCA_023626075.1
Talaromyces sp. PT2101,GCA_023626035.1
Talaromyces sp. PT3601,GCA_023626395.1
Talaromyces sp. PX1902,GCA_023626175.1
Talaromyces sp. PX2406,GCA_023626115.1
Talaromyces sp. PX2802,GCA_023626255.1
Talaromyces sp. PYS2103,GCA_023625975.1
Talaromyces sp. PYS2902,GCA_023626235.1
Talaromyces sp. R2405,GCA_023626155.1
Talaromyces sp. R2412,GCA_023626135.1
Talaromyces sp. UPCC 4333,GCA_040669935.1
Talaromyces sp. X2403,GCA_023626095.1
Talaromyces stipitatus ATCC 10500,GCA_000003125.1
Talaromyces stollii,GCA_014065225.1
Talaromyces stollii,GCA_037040825.1
Talaromyces thailandensis,GCA_019828575.1
Talaromyces thailandensis,GCA_037041825.1
Talaromyces trachyspermus,GCA_020137715.1
Talaromyces trachyspermus,GCA_049901525.1
Talaromyces variabilis,GCA_040333175.1
Talaromyces verruculosus,GCA_001305275.1
Talaromyces verruculosus,GCA_038993655.2
Talaromyces wortmannii,GCA_001939245.1
Tanozyma kutaoensis,GCA_030562905.1
Taphrina betulina,GCA_008802775.1
Taphrina communis,GCA_005281525.1
Taphrina confusa,GCA_005281535.1
Taphrina deformans,GCA_005281575.1
Taphrina deformans,GCA_005281805.1
Taphrina deformans JCM 22205,GCA_000836155.1
Taphrina deformans PYCC 5710,GCA_000312925.2
Taphrina flavorubra JCM 22207,GCA_000836175.1
Taphrina populina JCM 22190,GCA_000836195.1
Taphrina pruni,GCA_005281585.1
Taphrina sp. SM11,GCA_004000165.1
Taphrina wiesneri,GCA_005281515.1
Taphrina wiesneri JCM 22204,GCA_000836135.1
Tardiomyces blankii,GCA_024734315.1
Tardiomyces blankii,GCA_030573285.1
Tardiomyces depauwii,GCA_038086965.1
Tardiomyces digboiensis,GCA_030570855.1
Tausonia pamirica,GCA_040368585.1
Tausonia pullulans,GCA_024606485.1
Tausonia pullulans,GCA_040371455.1
Tausonia pullulans,GCA_046867365.1
Taxawa tesnikishii (nom. ined.),GCA_030247885.1
Teloschistes cf. exilis,GCA_051941425.1
Teloschistes chrysophthalmus,GCA_023646055.1
Teloschistes chrysophthalmus,GCA_051940965.1
Teloschistes exilis,GCA_051940905.1
Teloschistes exilis,GCA_052059115.1
Teloschistes flavicans,GCA_023646325.1
Teloschistes flavicans,GCA_051941685.1
Teloschistes hypoglaucus,GCA_052059135.1
Teloschistes peruensis,GCA_023645835.1
Tephrocybe rancida,GCA_018850235.1
Tephrocybe rancida,GCA_018858115.1
Tephrocybe sp. 10521TJB,GCA_018221635.1
Tephrocybe sp. 9174TJB,GCA_018850275.1
Tephrocybe sp. 9980TJB,GCA_018220975.1
Tephrocybe sp. NHM501043,GCA_018855915.1
Terana coerulea,GCA_024811115.1
Teratoramularia rumicicola,GCA_054122135.1
Teratosphaeria destructans,GCA_004009835.2
Teratosphaeria destructans,GCA_010367415.1
Teratosphaeria destructans,GCA_010367425.1
Teratosphaeria epicoccoides,GCA_021401465.1
Teratosphaeria eucalypti,GCA_021028855.1
Teratosphaeria eucalypti,GCA_021028865.1
Teratosphaeria gauchensis,GCA_007113925.1
Teratosphaeria nubilosa,GCA_010093825.1
Teratosphaeria pseudoeucalypti,GCA_013403725.1
Teratosphaeria pseudoeucalypti,GCA_013403735.1
Teratosphaeria pseudoeucalypti,GCA_013403795.1
Teratosphaeria viscida,GCA_020826765.1
Teratosphaeria zuluensis,GCA_007113905.1
Teratosphaeriaceae sp. BF9,GCA_049996275.1
Teratosphaeriaceae sp. CCFEE 6253,GCA_033119285.1
Terfezia boudieri ATCC MYA-4762,GCA_003788615.2
Terfezia claveryi,GCA_015179025.1
Termitomyces bulborhizus,GCA_017580835.1
Termitomyces eurrhizus,GCA_003316525.1
Termitomyces heimii,GCA_003313675.1
Termitomyces sp. 'cryptogamus',GCA_020091625.1
Termitomyces sp. ANC-D,GCA_042240745.1
Termitomyces sp. ANC-H,GCA_042240705.1
Termitomyces sp. ANC-I,GCA_042239905.1
Termitomyces sp. DKA19,GCA_018851325.1
Termitomyces sp. DKA64,GCA_017657295.1
Termitomyces sp. IC0001,GCA_042239125.1
Termitomyces sp. IC0010,GCA_042239935.1
Termitomyces sp. IC0019,GCA_042239085.1
Termitomyces sp. IC0020,GCA_042239825.1
Termitomyces sp. IC0024,GCA_042239105.1
Termitomyces sp. IC0026,GCA_042239065.1
Termitomyces sp. IC0027,GCA_042240725.1
Termitomyces sp. IC0032,GCA_042240685.1
Termitomyces sp. IC0033,GCA_042239865.1
Termitomyces sp. IC0034,GCA_042239855.1
Termitomyces sp. IC0035-1,GCA_042239815.1
Termitomyces sp. IC0038,GCA_042241455.1
Termitomyces sp. J132,GCA_001263195.1
Termitomyces sp. JCM 13351,GCA_001972325.1
Termitomyces sp. K1Aa,GCA_018221735.1
Termitomyces sp. K1Ac,GCA_017657355.1
Termitomyces sp. K1Ag,GCA_017657315.1
Termitomyces sp. MG145,GCA_003313055.1
Termitomyces sp. MG148,GCA_003313785.1
Termitomyces sp. MG16,GCA_003313075.1
Termitomyces sp. Mi166#008,GCA_018857285.1
Termitomyces sp. Micro,GCA_042239845.1
Termitomyces sp. Mn162,GCA_017607575.1
Termitomyces sp. PseudaA,GCA_042241475.1
Termitomyces sp. T108,GCA_017657275.1
Termitomyces sp. T112,GCA_018296085.1
Termitomyces sp. T123_Mx157,GCA_018849495.1
Termitomyces sp. T153,GCA_018296165.2
Termitomyces sp. T159_Od127,GCA_018857305.1
Termitomyces sp. T27,GCA_017657375.1
Termitomyces sp. T32_za158,GCA_018857265.1
Termitomyces sp. T69sscA,GCA_017657225.1
Termitomyces sp. T70a,GCA_017657195.1
Termitomyces sp. T73sscA,GCA_017657235.1
Termitomyces titanicus,GCA_017657335.1
Terramyces sp. JEL0728,GCA_027603945.1
Testicularia cyperi,GCA_003144125.1
Tetracladium marchalianum,GCA_037074945.2
Tetracladium maxilliforme,GCA_037074925.2
Tetracladium setigerum,GCA_031472005.1
Tetracladium sp. T11_2_10C,GCA_017654775.1
Tetrapisispora arboricola,GCA_030557565.1
Tetrapisispora fleetii,GCA_003707605.2
Tetrapisispora iriomotensis,GCA_003705975.2
Tetrapisispora namnaoensis,GCA_003705985.2
Tetrapisispora nanseiensis,GCA_030568035.1
Tetrapisispora phaffii,GCA_030570595.1
Tetrapisispora phaffii CBS 4417,GCA_000236905.1
Tetrapisispora pingtungensis (nom. inval.),GCA_030573885.1
Tetrapisispora taiwanensis (nom. inval.),GCA_030573835.1
Tetrapyrgos nigripes,GCA_013368315.1
Teunia sp. JHT-P17,GCA_054443055.1
Teunomyces aglyptinius,GCA_030581575.1
Teunomyces atbi,GCA_030574975.1
Teunomyces barrocoloradensis,GCA_030568385.1
Teunomyces cretensis,GCA_003706575.2
Teunomyces cretensis,GCA_054122945.1
Teunomyces funiuensis,GCA_030558095.1
Teunomyces gatunensis,GCA_003706565.3
Teunomyces kruisii,GCA_003706535.2
Teunomyces lycoperdinae,GCA_030574955.1
Teunomyces pallodes,GCA_030556435.1
Teunomyces panamensis,GCA_030564025.1
Teunomyces stri,GCA_030563165.1
Teunomyces tritomae,GCA_030568455.1
Thamnidium elegans,GCA_016758935.1
Thamnidium elegans,GCA_025201345.1
Thamnocephalis sphaerospora,GCA_003614735.1
Thecaphora frezii,GCA_026284005.1
Thecaphora frezii,GCA_054907475.1
Thelephora aurantiotincta,GCA_003316405.1
Thelephora ganbajun,GCA_014904855.1
Thelephora terrestris,GCA_015956445.1
Thelocarpon impressellum,GCA_026025805.1
Thelocarpon superellum,GCA_026025795.1
Thelonectria applanata,GCA_045529575.1
Thelonectria blattea,GCA_024115155.1
Thelonectria discophora,GCA_045529525.1
Thelonectria discophora,GCA_045529555.1
Thelonectria olida,GCA_020736575.1
Thelonectria rubi,GCA_013420875.1
Thelotrema lepadinum,GCA_022813995.1
Thermoascus aurantiacus,GCA_049306585.1
Thermoascus aurantiacus ATCC 26904,GCA_042370945.1
Thermoascus crustaceus,GCA_001599835.1
Thermoascus crustaceus,GCA_041956765.1
Thermoascus thermophilus,GCA_041956715.1
Thermocarpiscus australiensis,GCA_041956725.1
Thermochaetoides dissita,GCA_011800035.1
Thermochaetoides thermophila DSM 1495,GCA_000221225.1
Thermomucor indicae-seudaticae,GCA_000787465.1
Thermomyces dupontii,GCA_041956625.1
Thermomyces lanuginosus,GCA_041956635.1
Thermomyces lanuginosus SSBP,GCA_000315935.1
Thermothelomyces fergusii,GCA_041956545.1
Thermothelomyces heterothallicus CBS 202.75,GCA_042370625.1
Thermothelomyces heterothallicus CBS 203.75,GCA_042370755.1
Thermothelomyces hinnuleus,GCA_041956515.1
Thermothelomyces myriococcoides,GCA_041956445.1
Thermothelomyces thermophilus ATCC 42464,GCA_000226095.1
Thermothielavioides terrestris NRRL 8126,GCA_000226115.1
Thielaviopsis cerberus,GCA_016859225.1
Thielaviopsis ethacetica,GCA_001599055.1
Thielaviopsis euricoi,GCA_001599615.1
Thielaviopsis musarum,GCA_001513885.1
Thielaviopsis populi,GCA_017591655.1
Thielaviopsis punctulata,GCA_000968615.1
Thielaviopsis punctulata,GCA_002925815.1
Thielaviopsis punctulata,GCA_036034705.1
Thoreauomyces humboldtii,GCA_027596035.1
Thozetella sp. PMI_491,GCA_021432635.1
Thyridium curvatum,GCA_004353045.1
Tieghemiomyces parasiticus,GCA_027575765.1
Tilletia bromi,GCA_045933375.1
Tilletia bromi,GCA_045933385.1
Tilletia caries,GCA_001645005.2
Tilletia caries,GCA_004334575.1
Tilletia caries,GCA_032718865.1
Tilletia caries,GCA_045931885.1
Tilletia caries,GCA_045931925.1
Tilletia caries,GCA_045932045.1
Tilletia caries,GCA_045932075.1
Tilletia caries,GCA_045932095.1
Tilletia caries,GCA_045932105.1
Tilletia caries,GCA_045932125.1
Tilletia caries,GCA_045932215.1
Tilletia caries,GCA_045934525.1
Tilletia controversa,GCA_001645045.2
Tilletia controversa,GCA_009428265.1
Tilletia controversa,GCA_045932205.1
Tilletia controversa,GCA_045934305.1
Tilletia controversa,GCA_045934345.1
Tilletia controversa,GCA_045934465.1
Tilletia fusca,GCA_045933405.1
Tilletia fusca,GCA_045933415.1
Tilletia goloskokovii,GCA_045931945.1
Tilletia horrida,GCA_001006505.1
Tilletia horrida,GCA_030462655.1
Tilletia horrida,GCA_030462665.1
Tilletia horrida,GCA_030462675.1
Tilletia horrida,GCA_030462685.1
Tilletia horrida,GCA_030462695.1
Tilletia horrida,GCA_030462715.1
Tilletia horrida,GCA_030504495.1
Tilletia horrida,GCA_045934325.1
Tilletia horrida,GCA_045934385.1
Tilletia indica,GCA_001645015.2
Tilletia indica,GCA_001689945.1
Tilletia indica,GCA_001689965.1
Tilletia indica,GCA_001689995.1
Tilletia indica,GCA_002220835.1
Tilletia indica,GCA_002997305.1
Tilletia indica,GCA_003054935.1
Tilletia indica,GCA_009428345.1
Tilletia indica,GCA_009428365.1
Tilletia laevis,GCA_009428275.1
Tilletia laevis,GCA_009428285.1
Tilletia laevis,GCA_045931865.1
Tilletia laevis,GCA_045931905.1
Tilletia laevis,GCA_045933395.1
Tilletia maclaganii,GCA_052422275.1
Tilletia rugispora,GCA_045934365.1
Tilletia setariae,GCA_023634365.1
Tilletia walkeri,GCA_001645055.2
Tilletia walkeri,GCA_009428295.1
Tilletiaria anomala UBC 951,GCA_000711695.1
Tilletiopsis washingtonensis,GCA_003144115.1
Tirmania nivea,GCA_015179035.1
Toensbergia leucococca,GCA_022813965.1
Tolypocladium album,GCA_024340945.1
Tolypocladium album,GCA_024341135.1
Tolypocladium album,GCA_024341155.1
Tolypocladium amazonense,GCA_024340785.1
Tolypocladium amazonense,GCA_024340795.1
Tolypocladium capitatum,GCA_002901185.1
Tolypocladium cylindrosporum,GCA_023972975.1
Tolypocladium cylindrosporum,GCA_024340765.1
Tolypocladium cylindrosporum,GCA_051527655.1
Tolypocladium endophyticum,GCA_024339985.1
Tolypocladium endophyticum,GCA_024339995.1
Tolypocladium geodes,GCA_024340515.1
Tolypocladium guangdongense,GCA_022114105.1
Tolypocladium inflatum,GCA_003945565.1
Tolypocladium inflatum,GCA_003945575.1
Tolypocladium inflatum,GCA_003945635.1
Tolypocladium inflatum,GCA_003945655.1
Tolypocladium inflatum,GCA_003945665.1
Tolypocladium inflatum,GCA_003945705.1
Tolypocladium inflatum,GCA_004195255.1
Tolypocladium inflatum,GCA_051527595.1
Tolypocladium inflatum,GCA_051527615.1
Tolypocladium inflatum,GCA_051527635.1
Tolypocladium inflatum NRRL8044,GCA_000421905.1
Tolypocladium nubicola,GCA_024340505.1
Tolypocladium ophioglossoides,GCA_051528835.1
Tolypocladium ophioglossoides,GCA_051528855.1
Tolypocladium ophioglossoides CBS 100239,GCA_001189435.1
Tolypocladium ovalisporum,GCA_024340015.1
Tolypocladium paradoxum,GCA_002916505.1
Tolypocladium pustulatum,GCA_024340155.1
Tolypocladium sp. Salcha MEA-2,GCA_000750145.2
Tolypocladium sp. Sup5 PDA-1,GCA_000750105.3
Tolypocladium tropicale,GCA_024340005.1
Tolypocladium tundrense,GCA_024340025.1
Toniniopsis dissimilis,GCA_043520055.1
Torrubiellomyces zombiae,GCA_018831705.1
Tortispora agaves,GCA_030462865.1
Tortispora caseinolytica,GCA_030579835.1
Tortispora caseinolytica NRRL Y-17796,GCA_001661475.1
Tortispora ganteri,GCA_003707115.1
Tortispora ganteri,GCA_030573865.1
Tortispora mauiana,GCA_030570615.1
Tortispora phaffii,GCA_030574555.1
Tortispora sangerardonensis,GCA_011751505.1
Tortispora sangerardonensis,GCA_030566855.1
Tortispora starmeri,GCA_003706775.2
Tortispora starmeri,GCA_030574535.1
Torulaspora delbrueckii,GCA_000243375.1
Torulaspora delbrueckii,GCA_001029055.1
Torulaspora delbrueckii,GCA_002214845.1
Torulaspora delbrueckii,GCA_003013175.1
Torulaspora delbrueckii,GCA_012851165.1
Torulaspora delbrueckii,GCA_012851235.1
Torulaspora delbrueckii,GCA_012851245.1
Torulaspora delbrueckii,GCA_012851265.1
Torulaspora delbrueckii,GCA_012851275.1
Torulaspora delbrueckii,GCA_012851295.1
Torulaspora delbrueckii,GCA_012851345.1
Torulaspora delbrueckii,GCA_012851365.1
Torulaspora delbrueckii,GCA_012851405.1
Torulaspora delbrueckii,GCA_012851425.1
Torulaspora delbrueckii,GCA_012851435.1
Torulaspora delbrueckii,GCA_023629075.1
Torulaspora delbrueckii,GCA_030557255.1
Torulaspora delbrueckii,GCA_037039825.1
Torulaspora delbrueckii,GCA_037040955.1
Torulaspora delbrueckii,GCA_037041995.1
Torulaspora delbrueckii,GCA_040114535.1
Torulaspora delbrueckii,GCA_054123245.1
Torulaspora franciscae,GCA_003705175.3
Torulaspora franciscae,GCA_013387355.1
Torulaspora gathmanii,GCA_030580195.1
Torulaspora gathmanii,GCA_048593775.1
Torulaspora globosa,GCA_013694445.1
Torulaspora globosa,GCA_014133895.1
Torulaspora globosa,GCA_030557585.1
Torulaspora globosa,GCA_044646065.1
Torulaspora incommunis,GCA_012851155.1
Torulaspora indica,GCA_044645895.1
Torulaspora indica,GCA_044645905.1
Torulaspora indica,GCA_044645915.1
Torulaspora indica,GCA_044645925.1
Torulaspora indica,GCA_044645935.1
Torulaspora indica,GCA_044646035.1
Torulaspora maleeae,GCA_003708055.3
Torulaspora markjohnstonii,GCA_048593755.1
Torulaspora microellipsoides,GCA_003707085.2
Torulaspora pahokee,GCA_012851095.1
Torulaspora pretoriensis,GCA_003706005.2
Torulaspora pretoriensis,GCA_012851005.1
Torulaspora pretoriensis,GCA_012851035.1
Torulaspora pretoriensis,GCA_012851045.1
Torulaspora pretoriensis,GCA_012851065.1
Torulaspora pretoriensis,GCA_012851105.1
Torulaspora pretoriensis,GCA_012851195.1
Torulaspora pretoriensis,GCA_012851205.1
Torulaspora quercuum,GCA_048593795.1
Torulaspora sp. 2017 36-1,GCA_040114505.1
Torulaspora sp. 2017 38-3,GCA_040114465.1
Toshionella taiwanensis,GCA_055860815.1
Tothia fuscella,GCA_010583015.1
Toxicocladosporium irritans,GCA_019828555.1
Trachipleistophora hominis,GCA_000316135.1
Trametes cingulata,GCA_022385765.1
Trametes cinnabarina,GCA_000765035.1
Trametes cinnabarina,GCA_000787515.1
Trametes coccinea BRFM310,GCA_002092935.1
Trametes cubensis,GCA_029747595.1
Trametes elegans,GCA_022606155.1
Trametes gibbosa,GCA_022606055.1
Trametes gibbosa,GCA_050924215.1
Trametes hirsuta,GCA_001302255.2
Trametes hirsuta,GCA_030411785.1
Trametes maxima,GCA_022606215.1
Trametes meyenii,GCA_022606255.1
Trametes polyzona,GCA_001939255.1
Trametes polyzona,GCA_022606195.1
Trametes pubescens,GCA_001895945.1
Trametes punicea,GCA_025528855.1
Trametes sanguinea,GCA_008973685.1
Trametes sanguinea,GCA_025201895.1
Trametes sanguinea,GCA_027596045.1
Trametes sanguinea,GCA_050630565.1
Trametes sp. AH28-2,GCA_001304625.1
Trametes sp. AH28-2,GCA_037041555.1
Trametes sp. D JY-2026,GCA_054643275.1
Trametes versicolor,GCA_033439235.1
Trametes versicolor,GCA_041956555.1
Trametes versicolor FP-101664 SS1,GCA_000271585.1
Trametes villosa,GCA_002964805.2
Trametopsis cervina,GCA_022385755.1
Tranzscheliella williamsii,GCA_023212725.1
Trapelia coarctata,GCA_022813945.1
Trematosphaeria pertusa,GCA_010094035.1
Tremella fuciformis,GCA_000987905.1
Tremella fuciformis,GCA_024343405.1
Tremella fuciformis,GCA_030708415.1
Tremella fuciformis,GCA_032464415.1
Tremella fuciformis,GCA_032767855.1
Tremella fuciformis,GCA_032768795.1
Tremella fuciformis,GCA_050231025.1
Tremella fuciformis,GCA_053769895.1
Tremella mesenterica,GCA_004117975.1
Tremella mesenterica DSM 1558,GCA_000271645.1
Tremella yokohamensis,GCA_024343385.1
Tremellales sp. FJII-L8-SW-PAB2,GCA_022813505.1
Tremellales sp. Uapishka_1,GCA_035521475.1
Triangularia setosa,GCA_033296915.1
Triangularia verruculosa,GCA_033296885.1
Tricharina praecox,GCA_024521635.1
Trichocladium antarcticum,GCA_033297235.1
Trichocladium uniseriatum,GCA_017139535.1
Trichocomaceae sp. PYS4502,GCA_023625875.1
Trichodelitschia bisporula,GCA_010356995.1
Trichoderma aethiopicum,GCA_051819885.1
Trichoderma afarasin,GCA_051819865.1
Trichoderma afroharzianum,GCA_016490745.1
Trichoderma afroharzianum,GCA_020736905.1
Trichoderma afroharzianum,GCA_026401175.1
Trichoderma afroharzianum,GCA_026401285.1
Trichoderma afroharzianum,GCA_026401295.1
Trichoderma afroharzianum,GCA_037893235.1
Trichoderma aggressivum f. europaeum,GCA_033847375.1
Trichoderma arundinaceum,GCA_003012105.1
Trichoderma arundinaceum,GCA_025919625.1
Trichoderma arundinaceum,GCA_025919645.1
Trichoderma arundinaceum,GCA_025919665.1
Trichoderma arundinaceum,GCA_026401185.1
Trichoderma asperelloides,GCA_021066465.1
Trichoderma asperelloides,GCA_026401225.1
Trichoderma asperelloides,GCA_037041575.1
Trichoderma asperelloides,GCA_052084505.1
Trichoderma asperellum,GCA_000733085.3
Trichoderma asperellum,GCA_004154885.1
Trichoderma asperellum,GCA_013423425.1
Trichoderma asperellum,GCA_014839745.1
Trichoderma asperellum,GCA_017945965.1
Trichoderma asperellum,GCA_019481625.1
Trichoderma asperellum,GCA_019594925.1
Trichoderma asperellum,GCA_019594945.1
Trichoderma asperellum,GCA_020647865.1
Trichoderma asperellum,GCA_020736895.1
Trichoderma asperellum,GCA_022817925.1
Trichoderma asperellum,GCA_023628755.1
Trichoderma asperellum,GCA_026401105.1
Trichoderma asperellum,GCA_034769445.1
Trichoderma asperellum,GCA_036173025.1
Trichoderma asperellum,GCA_037177835.1
Trichoderma asperellum,GCA_037954425.1
Trichoderma asperellum,GCA_039880885.1
Trichoderma asperellum,GCA_048182565.1
Trichoderma asperellum,GCA_049345875.1
Trichoderma asperellum,GCA_051820435.1
Trichoderma asperellum,GCA_052058355.1
Trichoderma asperellum,GCA_054127785.1
Trichoderma asperellum CBS 433.97,GCA_003025105.1
Trichoderma atrobrunneum,GCA_003439915.1
Trichoderma atroviride,GCA_000963795.1
Trichoderma atroviride,GCA_001599035.1
Trichoderma atroviride,GCA_002916895.1
Trichoderma atroviride,GCA_019297715.1
Trichoderma atroviride,GCA_020466355.1
Trichoderma atroviride,GCA_020647795.1
Trichoderma atroviride,GCA_028554805.1
Trichoderma atroviride,GCA_040333345.1
Trichoderma atroviride,GCA_041053265.1
Trichoderma atroviride,GCA_041380925.1
Trichoderma atroviride,GCA_051527675.1
Trichoderma atroviride,GCA_051557965.1
Trichoderma atroviride IMI 206040,GCA_000171015.2
Trichoderma austrokoningii,GCA_051820515.1
Trichoderma barbatum,GCA_051820595.1
Trichoderma breve,GCA_028502605.1
Trichoderma brevicompactum,GCA_003012085.1
Trichoderma brevicrassum,GCA_017311225.1
Trichoderma camerunense,GCA_050948025.1
Trichoderma carraovejensis (nom. inval.),GCA_042257455.1
Trichoderma ceciliae,GCA_051819845.1
Trichoderma cf. simile WF8,GCA_048183105.1
Trichoderma chlorosporum,GCA_051820575.1
Trichoderma citrinoviride,GCA_003025115.1
Trichoderma citrinoviride,GCA_022813565.1
Trichoderma citrinoviride,GCA_022813585.1
Trichoderma citrinoviride,GCA_047301815.1
Trichoderma citrinoviride,GCA_052425715.1
Trichoderma compactum,GCA_051820635.1
Trichoderma cornu-damae,GCA_020631695.1
Trichoderma deliquescens,GCA_053477205.1
Trichoderma endophyticum,GCA_035079495.1
Trichoderma endophyticum,GCA_035079515.1
Trichoderma endophyticum,GCA_035079535.1
Trichoderma endophyticum,GCA_035079625.1
Trichoderma erinaceum,GCA_013365115.1
Trichoderma erinaceum,GCA_026401215.1
Trichoderma evansii,GCA_050947405.1
Trichoderma gamsii,GCA_001481775.2
Trichoderma gamsii,GCA_002894205.1
Trichoderma gamsii,GCA_049996675.1
Trichoderma ghanense,GCA_004382785.1
Trichoderma gracile,GCA_020002365.1
Trichoderma gracile,GCA_051819905.1
Trichoderma guizhouense,GCA_002022785.1
Trichoderma hamatum,GCA_018804165.1
Trichoderma hamatum,GCA_046127165.1
Trichoderma hamatum,GCA_046629995.1
Trichoderma hamatum,GCA_049996655.1
Trichoderma hamatum,GCA_054127445.1
Trichoderma hamatum GD12,GCA_000331835.2
Trichoderma harzianum,GCA_000988865.1
Trichoderma harzianum,GCA_001990665.1
Trichoderma harzianum,GCA_002838845.1
Trichoderma harzianum,GCA_002894145.1
Trichoderma harzianum,GCA_010015525.1
Trichoderma harzianum,GCA_019097725.1
Trichoderma harzianum,GCA_019393575.1
Trichoderma harzianum,GCA_021186515.1
Trichoderma harzianum,GCA_022788495.1
Trichoderma harzianum,GCA_023628795.1
Trichoderma harzianum,GCA_025502635.1
Trichoderma harzianum,GCA_026003955.1
Trichoderma harzianum,GCA_029844195.1
Trichoderma harzianum,GCA_033847385.1
Trichoderma harzianum,GCA_043790325.1
Trichoderma harzianum,GCA_044337915.1
Trichoderma harzianum,GCA_044646125.1
Trichoderma harzianum,GCA_044646135.1
Trichoderma harzianum,GCA_044646215.1
Trichoderma harzianum,GCA_044646245.1
Trichoderma harzianum,GCA_044646275.1
Trichoderma harzianum,GCA_044646315.1
Trichoderma harzianum,GCA_049863215.1
Trichoderma harzianum,GCA_049996715.1
Trichoderma harzianum,GCA_049996735.1
Trichoderma harzianum CBS 226.95,GCA_003025095.1
Trichoderma koningii,GCA_001950475.1
Trichoderma koningiopsis,GCA_002246955.1
Trichoderma koningiopsis,GCA_022984945.1
Trichoderma koningiopsis,GCA_022984975.1
Trichoderma koningiopsis,GCA_022985005.1
Trichoderma koningiopsis,GCA_030247165.1
Trichoderma koningiopsis,GCA_046255345.1
Trichoderma koningiopsis,GCA_048164925.1
Trichoderma koningiopsis,GCA_049996625.1
Trichoderma koningiopsis,GCA_049996695.1
Trichoderma lentiforme,GCA_011066345.1
Trichoderma lixii,GCA_014468695.1
Trichoderma lixii,GCA_040333435.2
Trichoderma longibrachiatum,GCA_023628815.1
Trichoderma longibrachiatum,GCA_026259275.1
Trichoderma longibrachiatum,GCA_026401255.1
Trichoderma longibrachiatum,GCA_030770505.1
Trichoderma longibrachiatum,GCA_037041935.1
Trichoderma longibrachiatum,GCA_046056055.1
Trichoderma longibrachiatum,GCA_050437055.1
Trichoderma longibrachiatum,GCA_050947385.1
Trichoderma longibrachiatum,GCA_055474055.1
Trichoderma longibrachiatum ATCC 18648,GCA_003025155.1
Trichoderma longibrachiatum SMF2,GCA_000332775.1
Trichoderma novae-zelandiae,GCA_050948085.1
Trichoderma oligosporum,GCA_015266385.1
Trichoderma orchidacearum,GCA_023653515.1
Trichoderma parareesei,GCA_001050175.1
Trichoderma parareesei,GCA_033030045.1
Trichoderma pleuroti,GCA_001721665.1
Trichoderma pleuroticola,GCA_050703535.1
Trichoderma polysporum,GCA_030278935.1
Trichoderma reesei,GCA_001999515.1
Trichoderma reesei,GCA_004762065.1
Trichoderma reesei,GCA_009835125.1
Trichoderma reesei,GCA_016806755.1
Trichoderma reesei,GCA_016806775.1
Trichoderma reesei,GCA_016806795.1
Trichoderma reesei,GCA_016806815.1
Trichoderma reesei,GCA_016806875.1
Trichoderma reesei,GCA_026225705.1
Trichoderma reesei,GCA_026225735.1
Trichoderma reesei,GCA_028870645.1
Trichoderma reesei,GCA_028870775.1
Trichoderma reesei,GCA_028870925.1
Trichoderma reesei,GCA_028871095.1
Trichoderma reesei,GCA_028871335.1
Trichoderma reesei,GCA_028871515.1
Trichoderma reesei,GCA_038428105.1
Trichoderma reesei,GCA_042257965.1
Trichoderma reesei,GCA_047716415.1
Trichoderma reesei,GCA_047716435.1
Trichoderma reesei,GCA_047716445.1
Trichoderma reesei,GCA_047716485.1
Trichoderma reesei,GCA_052818895.1
Trichoderma reesei,GCA_054161515.1
Trichoderma reesei,GCA_054161545.1
Trichoderma reesei,GCA_054162035.1
Trichoderma reesei,GCA_054162085.1
Trichoderma reesei QM6a,GCA_000167675.2
Trichoderma reesei QM6a,GCA_002006585.1
Trichoderma reesei RUT C-30,GCA_000513815.1
Trichoderma semiorbis,GCA_020045945.2
Trichoderma simmonsii,GCA_019565615.1
Trichoderma sp. 2475,GCA_038502285.1
Trichoderma sp. 5c.a.2,GCA_055797535.1
Trichoderma sp. AM6,GCA_051624595.1
Trichoderma sp. Al-21,GCA_055797575.1
Trichoderma sp. Al-29,GCA_055797475.1
Trichoderma sp. BMH-0061,GCA_030015385.1
Trichoderma sp. CAU-M14,GCA_046056035.1
Trichoderma sp. CBMAI-0020,GCA_030708095.1
Trichoderma sp. CBMAI-0179,GCA_029844175.1
Trichoderma sp. CBMAI-0711,GCA_030708105.1
Trichoderma sp. IMV 00454,GCA_001931985.1
Trichoderma sp. MLT1J1,GCA_022817935.1
Trichoderma sp. PF4103,GCA_023628735.1
Trichoderma sp. PKRF1,GCA_043381675.1
Trichoderma sp. SK1-7,GCA_050948275.1
Trichoderma sp. SZMC 28011,GCA_054367885.1
Trichoderma sp. SZMC 28012,GCA_050947985.1
Trichoderma sp. SZMC 28013,GCA_050948005.1
Trichoderma sp. SZMC 28014,GCA_051820695.1
Trichoderma sp. SZMC 28015,GCA_050948045.1
Trichoderma sp. T77,GCA_051820545.1
Trichoderma sp. TUCIM 5745,GCA_051820155.1
Trichoderma sp. TW21990_1,GCA_010015515.1
Trichoderma velutinum,GCA_051820675.1
Trichoderma virens,GCA_001835465.2
Trichoderma virens,GCA_013009365.1
Trichoderma virens,GCA_020647635.1
Trichoderma virens,GCA_023634465.1
Trichoderma virens,GCA_026401235.1
Trichoderma virens,GCA_036169685.1
Trichoderma virens FT-333,GCA_000800515.1
Trichoderma virens FT-333,GCA_020647705.1
Trichoderma virens Gv29-8,GCA_000170995.2
Trichoderma viride,GCA_007896495.1
Trichoderma viride,GCA_036169675.1
Trichoderma viride,GCA_037893215.1
Trichoderma viride,GCA_052570025.1
Trichoderma viride,GCA_052570055.1
Trichoderma viride,GCA_052570065.1
Trichoderma viride,GCA_052570145.1
Trichoderma viride,GCA_052571625.1
Trichoderma virilente,GCA_046580765.1
Trichoderma yunnanense,GCA_045838185.1
Trichoglossum hirsutum,GCA_020080795.1
Trichoglossum hirsutum,GCA_025963445.1
Trichoglossum hirsutum,GCA_026026815.1
Tricholoma bakamatsutake,GCA_003313665.1
Tricholoma bakamatsutake,GCA_029959215.1
Tricholoma bakamatsutake,GCA_045514295.1
Tricholoma flavovirens,GCA_003313805.1
Tricholoma furcatifolium,GCA_018854895.1
Tricholoma matsutake,GCA_001652835.1
Tricholoma matsutake,GCA_002939025.2
Tricholoma matsutake,GCA_003314635.1
Tricholoma matsutake,GCA_014904895.1
Tricholoma matsutake,GCA_026075535.2
Tricholoma matsutake,GCA_026213095.1
Tricholoma populinum,GCA_045781145.1
Tricholoma saponaceum,GCA_003313625.1
Tricholoma sp. MG77,GCA_003314665.1
Tricholoma sp. MG99,GCA_003521275.1
Tricholoma terreum,GCA_003316345.1
Tricholomella constricta,GCA_013368375.1
Tricholomella constricta,GCA_018221615.1
Trichomonascaceae sp. B5901,GCA_037040845.1
Trichomonascaceae sp. UFMG-CM-Y2876,GCA_055797495.1
Trichomonascaceae sp. VP_10,GCA_041430575.1
Trichomonascaceae sp. Y4102,GCA_023628915.1
Trichophaea hybrida,GCA_015178995.1
Trichophyton benhamiae CBS 112371,GCA_000151125.2
Trichophyton benhamiae CBS 112371,GCA_001858085.1
Trichophyton concentricum,GCA_050494205.1
Trichophyton concentricum,GCA_050574485.1
Trichophyton concentricum,GCA_050574575.1
Trichophyton concentricum,GCA_050574585.1
Trichophyton concentricum,GCA_050574655.1
Trichophyton concentricum,GCA_050574665.1
Trichophyton concentricum,GCA_050574715.1
Trichophyton concentricum,GCA_050574735.1
Trichophyton concentricum,GCA_050574775.1
Trichophyton concentricum,GCA_050574825.1
Trichophyton concentricum,GCA_051619795.1
Trichophyton concentricum,GCA_051619805.1
Trichophyton concentricum,GCA_051619915.1
Trichophyton concentricum,GCA_051619945.1
Trichophyton concentricum,GCA_051619975.1
Trichophyton concentricum,GCA_051620035.1
Trichophyton concentricum,GCA_051620045.1
Trichophyton concentricum,GCA_051620095.1
Trichophyton concentricum,GCA_051620175.1
Trichophyton concentricum,GCA_051620205.1
Trichophyton concentricum,GCA_051620225.1
Trichophyton concentricum,GCA_051620295.1
Trichophyton concentricum,GCA_051620325.1
Trichophyton concentricum,GCA_051620355.1
Trichophyton concentricum,GCA_051620435.1
Trichophyton concentricum,GCA_051620445.1
Trichophyton concentricum,GCA_051620515.1
Trichophyton concentricum,GCA_051620555.1
Trichophyton concentricum,GCA_051620575.1
Trichophyton concentricum,GCA_051620615.1
Trichophyton concentricum,GCA_051620655.1
Trichophyton concentricum,GCA_051620695.1
Trichophyton concentricum,GCA_051620775.1
Trichophyton concentricum,GCA_051621515.1
Trichophyton concentricum,GCA_051621535.1
Trichophyton concentricum,GCA_051621585.1
Trichophyton concentricum,GCA_051621645.1
Trichophyton concentricum,GCA_051621665.1
Trichophyton concentricum,GCA_051621685.1
Trichophyton concentricum,GCA_051621725.1
Trichophyton concentricum,GCA_051621745.1
Trichophyton concentricum,GCA_051621805.1
Trichophyton concentricum,GCA_051943875.2
Trichophyton concentricum,GCA_051943895.2
Trichophyton equinum CBS 127.97,GCA_000151175.1
Trichophyton indotineae,GCA_023065795.1
Trichophyton indotineae,GCA_023065815.1
Trichophyton indotineae,GCA_023065845.1
Trichophyton indotineae,GCA_023065865.1
Trichophyton indotineae,GCA_023065885.1
Trichophyton indotineae,GCA_023065905.1
Trichophyton indotineae,GCA_032157385.1
Trichophyton indotineae,GCA_032157395.1
Trichophyton indotineae,GCA_032157405.1
Trichophyton indotineae,GCA_046864675.1
Trichophyton indotineae,GCA_046864835.1
Trichophyton indotineae,GCA_046864975.1
Trichophyton indotineae,GCA_046864995.1
Trichophyton indotineae,GCA_046865135.1
Trichophyton indotineae,GCA_046865295.1
Trichophyton indotineae,GCA_046865395.1
Trichophyton indotineae,GCA_046867135.1
Trichophyton indotineae,GCA_051170935.1
Trichophyton indotineae,GCA_052550325.1
Trichophyton indotineae,GCA_056221915.1
Trichophyton indotineae,GCA_056221935.1
Trichophyton indotineae,GCA_056221955.1
Trichophyton indotineae,GCA_056221975.1
Trichophyton indotineae,GCA_056221995.1
Trichophyton indotineae,GCA_056222015.1
Trichophyton indotineae,GCA_056222035.1
Trichophyton indotineae,GCA_056222055.1
Trichophyton indotineae,GCA_056222075.1
Trichophyton indotineae,GCA_056222095.1
Trichophyton indotineae,GCA_056222115.1
Trichophyton indotineae,GCA_056222135.1
Trichophyton indotineae,GCA_056222155.1
Trichophyton indotineae,GCA_056222175.1
Trichophyton indotineae,GCA_056222195.1
Trichophyton indotineae,GCA_056222215.1
Trichophyton indotineae,GCA_056222235.1
Trichophyton indotineae,GCA_056222255.1
Trichophyton indotineae,GCA_056222275.1
Trichophyton interdigitale,GCA_012182645.1
Trichophyton interdigitale,GCA_012182655.1
Trichophyton interdigitale,GCA_019359935.1
Trichophyton interdigitale,GCA_037576225.1
Trichophyton interdigitale,GCA_046865175.1
Trichophyton interdigitale,GCA_046865195.1
Trichophyton interdigitale,GCA_046865205.1
Trichophyton interdigitale,GCA_046865245.1
Trichophyton interdigitale,GCA_046865305.1
Trichophyton interdigitale,GCA_046865425.1
Trichophyton interdigitale,GCA_046865445.1
Trichophyton interdigitale,GCA_046865455.1
Trichophyton interdigitale,GCA_046865615.1
Trichophyton interdigitale,GCA_046865645.1
Trichophyton interdigitale,GCA_046866735.1
Trichophyton interdigitale,GCA_046866825.1
Trichophyton interdigitale,GCA_046866905.1
Trichophyton interdigitale,GCA_046866915.1
Trichophyton interdigitale,GCA_046866955.1
Trichophyton interdigitale,GCA_046867035.1
Trichophyton interdigitale H6,GCA_000616785.1
Trichophyton interdigitale MR816,GCA_000622975.1
Trichophyton kuryangei,GCA_012184535.1
Trichophyton mentagrophytes,GCA_003118255.1
Trichophyton mentagrophytes,GCA_003664385.1
Trichophyton mentagrophytes,GCA_003664425.1
Trichophyton mentagrophytes,GCA_003664455.1
Trichophyton mentagrophytes,GCA_003664465.1
Trichophyton mentagrophytes,GCA_045862495.1
Trichophyton mentagrophytes,GCA_046581125.1
Trichophyton mentagrophytes,GCA_046865585.1
Trichophyton mentagrophytes,GCA_046867055.1
Trichophyton mentagrophytes,GCA_046867115.1
Trichophyton mentagrophytes,GCA_046867275.1
Trichophyton mentagrophytes,GCA_047301425.1
Trichophyton mentagrophytes,GCA_048987505.1
Trichophyton mentagrophytes,GCA_048987705.1
Trichophyton mentagrophytes,GCA_048987745.1
Trichophyton mentagrophytes,GCA_048987915.1
Trichophyton mentagrophytes,GCA_051944135.2
Trichophyton mentagrophytes,GCA_051944165.2
Trichophyton mentagrophytes,GCA_055673515.1
Trichophyton mentagrophytes,GCA_055762105.1
Trichophyton mentagrophytes,GCA_055797555.1
Trichophyton rubrum,GCA_000812105.1
Trichophyton rubrum,GCA_001651445.1
Trichophyton rubrum,GCA_021853085.1
Trichophyton rubrum,GCA_021853495.1
Trichophyton rubrum,GCA_021853505.1
Trichophyton rubrum,GCA_021853515.1
Trichophyton rubrum,GCA_021853525.1
Trichophyton rubrum,GCA_021854105.1
Trichophyton rubrum,GCA_051943795.2
Trichophyton rubrum,GCA_051943815.2
Trichophyton rubrum,GCA_051943835.2
Trichophyton rubrum,GCA_051943855.2
Trichophyton rubrum CBS 100081,GCA_000616805.1
Trichophyton rubrum CBS 118892,GCA_000151425.1
Trichophyton rubrum CBS 202.88,GCA_000616985.1
Trichophyton rubrum CBS 288.86,GCA_000616825.1
Trichophyton rubrum CBS 289.86,GCA_000616845.1
Trichophyton rubrum CBS 735.88,GCA_000616965.1
Trichophyton rubrum D6,GCA_000622995.1
Trichophyton rubrum MR1448,GCA_000616905.1
Trichophyton rubrum MR1459,GCA_000616945.1
Trichophyton rubrum MR850,GCA_000616765.1
Trichophyton schoenleinii,GCA_018357685.2
Trichophyton schoenleinii,GCA_051943755.2
Trichophyton schoenleinii,GCA_051943775.2
Trichophyton simii,GCA_014839955.1
Trichophyton soudanense CBS 452.61,GCA_000616865.1
Trichophyton tonsurans,GCA_047301375.1
Trichophyton tonsurans,GCA_051943695.2
Trichophyton tonsurans,GCA_051943715.2
Trichophyton tonsurans,GCA_051943735.2
Trichophyton tonsurans CBS 112818,GCA_000151455.1
Trichophyton verrucosum HKI 0517,GCA_000151505.1
Trichophyton violaceum,GCA_001651435.1
Trichophyton violaceum,GCA_051943635.2
Trichophyton violaceum,GCA_051943655.1
Trichophyton violaceum,GCA_051943675.1
Trichophyton yaoundei,GCA_012184575.1
Trichosporon asahii,GCA_001972365.1
Trichosporon asahii,GCA_004026345.1
Trichosporon asahii,GCA_023630015.1
Trichosporon asahii,GCA_023630035.1
Trichosporon asahii,GCA_023630075.1
Trichosporon asahii,GCA_023630135.1
Trichosporon asahii,GCA_025529955.1
Trichosporon asahii,GCA_037041105.1
Trichosporon asahii,GCA_037044125.1
Trichosporon asahii,GCA_037177845.1
Trichosporon asahii,GCA_044759035.1
Trichosporon asahii,GCA_055944265.1
Trichosporon asahii var. asahii CBS 2479,GCA_000293215.1
Trichosporon asahii var. asahii CBS 8904,GCA_000299215.2
Trichosporon austroamericanum,GCA_050084555.1
Trichosporon austroamericanum,GCA_051622635.1
Trichosporon austroamericanum,GCA_051622715.1
Trichosporon austroamericanum,GCA_054856935.1
Trichosporon austroamericanum,GCA_054856965.1
Trichosporon austroamericanum,GCA_054857015.1
Trichosporon austroamericanum,GCA_055769365.1
Trichosporon austroamericanum,GCA_055769425.1
Trichosporon austroamericanum,GCA_055769455.1
Trichosporon coremiiforme,GCA_001752605.1
Trichosporon coremiiforme,GCA_039545355.1
Trichosporon faecale,GCA_001752585.1
Trichosporon faecale,GCA_039545375.1
Trichosporon inkin,GCA_001752625.1
Trichosporon inkin,GCA_004011275.1
Trichosporon inkin,GCA_004023515.1
Trichosporon inkin,GCA_040365635.1
Trichosporon ovoides,GCA_001752645.1
Trichosporon ovoides,GCA_009833065.1
Trichosporon ovoides,GCA_023627855.1
Trichosporon ovoides,GCA_023627895.1
Trichosporon ovoides,GCA_025502605.1
Trichosporon ovoides,GCA_025502615.1
Trichosporon ovoides,GCA_040368805.1
Trichosporon ovoides,GCA_051944055.2
Trichosporon ovoides,GCA_052054965.2
Trichosporon ovoides,GCA_052055005.2
Trichosporon sp. DN520,GCA_030347605.1
Trichosporon sp. LN7006B,GCA_025529315.1
Trichosporon sp. P6006,GCA_025529565.1
Trichosporon sp. PB005A,GCA_023630055.1
Trichosporon sp. PG3703,GCA_025529325.1
Trichosporon sp. YK15P-1,GCA_049862715.1
Trichosporon sp. YKP15-1,GCA_049862265.1
Trichothecium ovalisporum,GCA_003012195.1
Trichothecium roseum,GCA_003012095.1
Trichothecium roseum,GCA_003012175.1
Trichothecium roseum,GCA_003012185.1
Trichothecium roseum,GCA_022701375.1
Trichothecium roseum,GCA_026184415.1
Trichothecium sympodiale,GCA_003012115.1
Tricladium varicosporioides,GCA_021365295.1
Trigonopsis californica,GCA_030574475.1
Trigonopsis cantarellii,GCA_030574495.1
Trigonopsis variabilis,GCA_003707065.3
Trigonopsis vinaria,GCA_003706805.2
Trigonopsis vinaria,GCA_030582095.1
Trigonosporomyces sp. YL-2025a,GCA_054471025.1
Trimorphomyces papilionaceus,GCA_040366565.1
Trizodia sp. TS-e1964,GCA_026024425.1
Tropicoporus texanus,GCA_041146235.1
Tropicoporus texanus,GCA_041146245.1
Truncatella angustata,GCA_020726525.1
Truncatella angustata,GCA_021193595.1
Trypethelium eluteriae,GCA_021030925.1
Trypethelium eluteriae,GCA_051942245.1
Trypethelium subeluteriae,GCA_051942145.1
Tuber borchii,GCA_003070745.1
Tuber brumale,GCA_014065205.1
Tuber calosporum,GCA_003316355.1
Tuber indicum,GCA_006112555.1
Tuber indicum,GCA_014065215.1
Tuber magnatum,GCA_003182015.1
Tuber melanosporum,GCA_000151645.1
Tuber microsphaerosporum,GCA_003521225.1
Tuber panzhihuanense,GCA_050495735.1
Tuber umbilicatum,GCA_003313605.1
Tubosaeta aff. alveolata,GCA_038094535.1
Tubosaeta aff. heterosetosa,GCA_038094375.1
Tubosaeta brunneosetosa,GCA_038094275.1
Tubosaeta sp. UT-M0002040,GCA_041721665.1
Tubulinosema ratisbonensis,GCA_004000155.1
Tulasnella calospora MUT 4182,GCA_000827465.1
Tulasnella sp. 330,GCA_019632275.1
Tulasnella sp. 331,GCA_019632265.1
Tulasnella sp. 332,GCA_019632285.1
Tulasnella sp. 403,GCA_019632305.1
Tulasnella sp. 408,GCA_019633405.1
Tulasnella sp. 417,GCA_019633465.1
Tulasnella sp. 418,GCA_019632295.1
Tulasnella sp. 419,GCA_019633455.1
Tulasnella sp. 424,GCA_019633425.1
Tulasnella sp. 425,GCA_019633485.1
Tulasnella sp. 427,GCA_019633495.1
Tulasnella sp. JGI-2019a,GCA_019633535.1
Tulasnella sp. JGI-2019a,GCA_019633545.1
Tulasnella sp. JGI-2019a,GCA_019633555.1
Tulasnella sp. UAMH 9824,GCA_019633595.1
Tumenectria laetidisca,GCA_045529615.1
Tumenectria laetidisca,GCA_045529735.1
Tylopilus aff. balloui,GCA_038088655.1
Tylopilus aff. balloui,GCA_038088855.1
Tylopilus aff. balloui,GCA_038089055.1
Tylopilus aff. balloui,GCA_038093435.1
Tylopilus aff. balloui,GCA_038093495.1
Tylopilus aff. balloui,GCA_038094495.1
Tylopilus aff. beelii,GCA_038094295.1
Tylopilus aff. beelii,GCA_038098575.1
Tylopilus aff. callainus,GCA_038093995.1
Tylopilus aff. striatulus,GCA_038094335.1
Tylopilus alboater,GCA_038090535.1
Tylopilus balloui,GCA_038089995.1
Tylopilus cervinicoccineus,GCA_038094635.1
Tylopilus cervinicoccineus,GCA_038094655.1
Tylopilus cf. leucomycelinus,GCA_038089455.1
Tylopilus cf. pallidocervicolor,GCA_038093935.1
Tylopilus cf. pernanus,GCA_038090575.1
Tylopilus felleus,GCA_038091295.1
Tylopilus felleus,GCA_038093275.1
Tylopilus felleus,GCA_054948845.1
Tylopilus intermedius,GCA_038091255.1
Tylopilus microsporus,GCA_038093755.1
Tylopilus orsonianus,GCA_038089095.1
Tylopilus plumbeoviolaceoides,GCA_003316375.1
Tylopilus rubrobrunneus,GCA_038091235.1
Tylopilus sp. KM206722,GCA_041722095.1
Tylopilus sp. TRTC175187,GCA_041722535.1
Tylopilus sp. UT-M0000018,GCA_041722875.1
Tylopilus sp. UT-M0000054,GCA_041722795.1
Tylopilus sp. UT-M0000335,GCA_041722695.1
Tylopilus sp. UT-M0000375,GCA_041722735.1
Tylopilus sp. UT-M0002033,GCA_041722935.1
Tylopilus subfusipes,GCA_038091275.1
Tylopilus vinaceipallidus,GCA_038089215.1
Tympanopsis confertula,GCA_026745395.1
Udeniomyces megalosporus,GCA_039545415.1
Udeniomyces pyricola,GCA_039545295.1
Umbelopsis isabellina,GCA_016758905.1
Umbelopsis isabellina,GCA_027595865.1
Umbelopsis isabellina B7317,GCA_000697415.1
Umbelopsis isabellina NBRC 7884,GCA_000534915.1
Umbelopsis nana,GCA_054906655.1
Umbelopsis ramanniana AG,GCA_025399195.1
Umbelopsis sp. AD052,GCA_025677805.1
Umbelopsis sp. M5902,GCA_037039815.1
Umbelopsis sp. PMI_123,GCA_021235465.1
Umbelopsis sp. WA50703,GCA_053572175.1
Umbelopsis vinacea,GCA_016758895.1
Umbilicaria crustulosa,GCA_053478165.1
Umbilicaria crustulosa,GCA_053478185.1
Umbilicaria crustulosa,GCA_053478205.1
Umbilicaria deusta,GCA_023184635.1
Umbilicaria deusta,GCA_053478105.1
Umbilicaria deusta,GCA_053478145.1
Umbilicaria freyi,GCA_023184675.1
Umbilicaria freyi,GCA_053478085.1
Umbilicaria freyi,GCA_053478125.1
Umbilicaria grisea,GCA_023184595.1
Umbilicaria grisea,GCA_053477165.1
Umbilicaria grisea,GCA_053478065.1
Umbilicaria hispanica,GCA_003254425.1
Umbilicaria hispanica,GCA_023184715.1
Umbilicaria hispanica,GCA_053478025.1
Umbilicaria hispanica,GCA_053478045.1
Umbilicaria iberica,GCA_053477965.1
Umbilicaria iberica,GCA_053477985.1
Umbilicaria iberica,GCA_053478005.1
Umbilicaria muhlenbergii,GCA_000611775.1
Umbilicaria nylanderiana,GCA_053477925.1
Umbilicaria nylanderiana,GCA_053477945.1
Umbilicaria phaea,GCA_023184695.1
Umbilicaria phaea,GCA_053477885.1
Umbilicaria phaea,GCA_053477905.1
Umbilicaria polyphylla,GCA_053477805.1
Umbilicaria polyphylla,GCA_053477825.1
Umbilicaria polyphylla,GCA_053477845.1
Umbilicaria polyphylla,GCA_053477865.1
Umbilicaria spodochroa,GCA_023184705.1
Umbilicaria spodochroa,GCA_053477155.1
Umbilicaria spodochroa,GCA_053477705.1
Umbilicaria spodochroa,GCA_053477745.1
Umbilicaria subpolyphylla,GCA_023184615.1
Umbilicaria vellea,GCA_023645895.1
Uncinocarpus reesii 1704,GCA_000003515.2
Uromyces transversalis,GCA_002994555.1
Uromyces transversalis,GCA_002994575.1
Uromyces transversalis,GCA_002994595.1
Uromyces viciae-fabae,GCA_000785685.1
Usnea florida,GCA_052784015.1
Usnea hakonensis,GCA_013423325.1
Usnochroma carphineum,GCA_023645975.1
Ustilaginoidea albicans,GCA_038381055.1
Ustilaginoidea virens,GCA_000687475.2
Ustilaginoidea virens,GCA_000965225.2
Ustilaginoidea virens,GCA_002939685.2
Ustilaginoidea virens,GCA_016803955.1
Ustilaginoidea virens,GCA_024397435.1
Ustilaginoidea virens,GCA_032231125.1
Ustilaginoidea virens,GCA_040938205.1
Ustilago crameri,GCA_024271935.1
Ustilago crameri,GCA_033846815.1
Ustilago cynodontis,GCA_001676635.1
Ustilago cynodontis,GCA_001736195.1
Ustilago esculenta,GCA_000819925.1
Ustilago esculenta,GCA_020827535.1
Ustilago hordei,GCA_000286035.1
Ustilago hordei,GCA_002992925.1
Ustilago hordei,GCA_003012045.1
Ustilago hordei,GCA_022749175.1
Ustilago hordei,GCA_023212755.1
Ustilago hordei,GCA_023748715.1
Ustilago hordei,GCA_023748725.1
Ustilago hordei,GCA_023748735.1
Ustilago hordei,GCA_023748765.1
Ustilago hordei,GCA_023748825.1
Ustilago loliicola,GCA_022963135.1
Ustilago nuda,GCA_022963125.1
Ustilago shanxiensis,GCA_019972555.1
Ustilago sp. HFJ311,GCA_044705895.1
Ustilago trichophora,GCA_001654535.1
Ustilago tritici,GCA_002993085.1
Ustilago tritici,GCA_022963115.1
Ustilago tritici,GCA_023213265.1
Ustilago vetiveriae,GCA_001735935.1
Ustilago xerochloae,GCA_001736075.1
Ustulina deusta,GCA_002081935.3
Ustulina deusta,GCA_022496955.1
Ustulina deusta,GCA_023159155.1
Vairimorpha apis BRL 01,GCA_000447185.1
Vairimorpha bombi,GCA_036780745.1
Vairimorpha ceranae,GCA_000988165.1
Vairimorpha ceranae,GCA_004919615.1
Vairimorpha ceranae BRL01,GCA_000182985.1
Vairimorpha necatrix,GCA_036630325.1
Vanderwaltozyma osmotolerans,GCA_054601035.1
Vanderwaltozyma osmotolerans,GCA_054601055.1
Vanderwaltozyma polyspora,GCA_030557625.1
Vanderwaltozyma polyspora DSM 70294,GCA_000150035.1
Vanderwaltozyma sp. UFMG-CM-Y7006,GCA_041380205.1
Vanderwaltozyma tropicalis,GCA_030555675.1
Vanderwaltozyma verrucispora,GCA_030565105.1
Vanderwaltozyma yarrowii,GCA_030568135.1
Vanrija albida,GCA_041260175.1
Vanrija albida,GCA_056149945.1
Vanrija humicola,GCA_001600235.1
Vanrija humicola,GCA_002897395.1
Vanrija humicola,GCA_008065275.1
Vanrija pseudolonga,GCA_020906515.1
Vanrija sp. CR7,GCA_037575445.1
Vanrija sp. TS_01,GCA_026725045.1
Vararia minispora EC-137,GCA_022160365.1
Varicellaria rhodocarpa,GCA_022813925.1
Variospora aurantia,GCA_023645955.1
Variospora cf. flavescens,GCA_051942445.1
Variospora fuerteventurae,GCA_051941765.1
Variospora sp. 1 TL-2023,GCA_051942325.1
Variospora velana,GCA_051941705.1
Vavraia culicis subsp. floridensis,GCA_000192795.1
Veloboletus limbatus,GCA_038088635.1
Veloporphyrellus conicus,GCA_038089715.1
Venturia asperata,GCA_003689065.1
Venturia asperata,GCA_003689335.1
Venturia asperata,GCA_003690305.1
Venturia aucupariae,GCA_003693225.1
Venturia carpophila,GCA_001990985.1
Venturia carpophila,GCA_014858625.1
Venturia effusa,GCA_001901625.1
Venturia effusa,GCA_007735645.1
Venturia inaequalis,GCA_001857725.1
Venturia inaequalis,GCA_002148275.1
Venturia inaequalis,GCA_002148295.1
Venturia inaequalis,GCA_002148305.1
Venturia inaequalis,GCA_003351075.1
Venturia inaequalis,GCA_003689035.1
Venturia inaequalis,GCA_003689055.1
Venturia inaequalis,GCA_003689075.1
Venturia inaequalis,GCA_003689095.1
Venturia inaequalis,GCA_003689115.1
Venturia inaequalis,GCA_003689135.1
Venturia inaequalis,GCA_003689165.1
Venturia inaequalis,GCA_003689185.1
Venturia inaequalis,GCA_003689205.1
Venturia inaequalis,GCA_003689225.1
Venturia inaequalis,GCA_003689245.1
Venturia inaequalis,GCA_003689265.1
Venturia inaequalis,GCA_003689285.1
Venturia inaequalis,GCA_003689305.1
Venturia inaequalis,GCA_003689325.1
Venturia inaequalis,GCA_003689355.1
Venturia inaequalis,GCA_003689395.1
Venturia inaequalis,GCA_003689415.1
Venturia inaequalis,GCA_003689435.1
Venturia inaequalis,GCA_003690195.1
Venturia inaequalis,GCA_003690215.1
Venturia inaequalis,GCA_003690235.1
Venturia inaequalis,GCA_003690255.1
Venturia inaequalis,GCA_003690275.1
Venturia inaequalis,GCA_003690295.1
Venturia inaequalis,GCA_003690315.1
Venturia inaequalis,GCA_003690335.1
Venturia inaequalis,GCA_003690365.1
Venturia inaequalis,GCA_003690385.1
Venturia inaequalis,GCA_003690405.1
Venturia inaequalis,GCA_003690415.1
Venturia inaequalis,GCA_003690435.1
Venturia inaequalis,GCA_003690455.1
Venturia inaequalis,GCA_003690475.1
Venturia inaequalis,GCA_003690505.1
Venturia inaequalis,GCA_003690525.1
Venturia inaequalis,GCA_003690545.1
Venturia inaequalis,GCA_003690565.1
Venturia inaequalis,GCA_003690585.1
Venturia inaequalis,GCA_003690605.1
Venturia inaequalis,GCA_003690625.1
Venturia inaequalis,GCA_003690645.1
Venturia inaequalis,GCA_003690685.1
Venturia inaequalis,GCA_003690705.1
Venturia inaequalis,GCA_003690725.1
Venturia inaequalis,GCA_003690745.1
Venturia inaequalis,GCA_003690765.1
Venturia inaequalis,GCA_003690785.1
Venturia inaequalis,GCA_003690805.1
Venturia inaequalis,GCA_003690815.1
Venturia inaequalis,GCA_003690845.1
Venturia inaequalis,GCA_003690855.1
Venturia inaequalis,GCA_003690865.1
Venturia inaequalis,GCA_003690885.1
Venturia inaequalis,GCA_003690905.1
Venturia inaequalis,GCA_003690925.1
Venturia inaequalis,GCA_003691015.1
Venturia inaequalis,GCA_003691035.1
Venturia inaequalis,GCA_003691055.1
Venturia inaequalis,GCA_003691075.1
Venturia inaequalis,GCA_003691095.1
Venturia inaequalis,GCA_003691115.1
Venturia inaequalis,GCA_003691135.1
Venturia inaequalis,GCA_003691165.1
Venturia inaequalis,GCA_003691185.1
Venturia inaequalis,GCA_003691195.1
Venturia inaequalis,GCA_003691215.1
Venturia inaequalis,GCA_003691235.1
Venturia inaequalis,GCA_003691255.1
Venturia inaequalis,GCA_003691275.1
Venturia inaequalis,GCA_003691295.1
Venturia inaequalis,GCA_003691305.1
Venturia inaequalis,GCA_003693075.1
Venturia inaequalis,GCA_003693105.1
Venturia inaequalis,GCA_003693125.1
Venturia inaequalis,GCA_003693145.1
Venturia inaequalis,GCA_003693165.1
Venturia inaequalis,GCA_003693185.1
Venturia inaequalis,GCA_003693205.1
Venturia inaequalis,GCA_003693245.1
Venturia inaequalis,GCA_009769405.1
Venturia inaequalis,GCA_009769425.1
Venturia inaequalis,GCA_009769445.1
Venturia inaequalis,GCA_040805655.1
Venturia inaequalis,GCA_040805975.1
Venturia nashicola,GCA_004522655.2
Venturia nashicola,GCA_004522665.1
Venturia nashicola,GCA_006232225.1
Venturia oleaginea,GCA_013176395.1
Venturia pyrina,GCA_003690945.1
Venturia pyrina,GCA_003690965.1
Venturia pyrina,GCA_003690985.1
Venturia pyrina,GCA_023079195.1
Venturia pyrina ICMP 11032,GCA_000738655.1
Venturiaceae sp. KMAF11,GCA_023078705.1
Venustampulla echinocandica,GCA_003357145.1
Vermiconidia calcicola,GCA_033675295.1
Vermiconidia calcicola,GCA_035928285.1
Verpa bohemica,GCA_024713585.1
Verpa bohemica,GCA_033030345.1
Verpa bohemica,GCA_033030375.1
Verpa bohemica,GCA_033030385.1
Verpa conica,GCA_033030205.1
Verpa conica,GCA_033030305.1
Verpa conica,GCA_033030425.1
Verruconis gallopava,GCA_000836295.1
Verruconis sp.,GCA_004026245.1
Verticillium albo-atrum,GCA_002851705.1
Verticillium albo-atrum,GCA_024085555.1
Verticillium albo-atrum,GCA_049907295.1
Verticillium albo-atrum,GCA_050229555.1
Verticillium albo-atrum,GCA_052569915.1
Verticillium albo-atrum,GCA_052569925.1
Verticillium alfalfae,GCA_002851655.1
Verticillium alfalfae VaMs.102,GCA_000150825.1
Verticillium dahliae,GCA_002370995.1
Verticillium dahliae,GCA_002892985.1
Verticillium dahliae,GCA_002892995.1
Verticillium dahliae,GCA_002893025.1
Verticillium dahliae,GCA_002893035.1
Verticillium dahliae,GCA_002893045.1
Verticillium dahliae,GCA_003320035.1
Verticillium dahliae,GCA_004109745.1
Verticillium dahliae,GCA_004798885.1
Verticillium dahliae,GCA_004798895.1
Verticillium dahliae,GCA_009663885.1
Verticillium dahliae,GCA_009757105.1
Verticillium dahliae,GCA_011032845.1
Verticillium dahliae,GCA_011032865.1
Verticillium dahliae,GCA_011032905.1
Verticillium dahliae,GCA_011032945.1
Verticillium dahliae,GCA_011032955.1
Verticillium dahliae,GCA_011032965.1
Verticillium dahliae,GCA_011032985.1
Verticillium dahliae,GCA_011033005.1
Verticillium dahliae,GCA_013170945.1
Verticillium dahliae,GCA_018140825.1
Verticillium dahliae,GCA_018140845.1
Verticillium dahliae,GCA_018440605.1
Verticillium dahliae,GCA_018440625.1
Verticillium dahliae,GCA_018440635.1
Verticillium dahliae,GCA_018440645.1
Verticillium dahliae,GCA_018440655.1
Verticillium dahliae,GCA_018440705.1
Verticillium dahliae,GCA_018982765.1
Verticillium dahliae,GCA_018982865.1
Verticillium dahliae,GCA_020726535.1
Verticillium dahliae,GCA_024085535.1
Verticillium dahliae,GCA_026937705.1
Verticillium dahliae,GCA_029607785.1
Verticillium dahliae,GCA_029607795.1
Verticillium dahliae,GCA_029607805.1
Verticillium dahliae,GCA_029607815.1
Verticillium dahliae,GCA_029607825.1
Verticillium dahliae,GCA_029607885.1
Verticillium dahliae,GCA_030450075.1
Verticillium dahliae,GCA_034408665.1
Verticillium dahliae,GCA_050229575.1
Verticillium dahliae,GCA_050229635.1
Verticillium dahliae,GCA_050229655.1
Verticillium dahliae,GCA_050229675.1
Verticillium dahliae,GCA_050229755.1
Verticillium dahliae,GCA_050229775.1
Verticillium dahliae,GCA_050229795.1
Verticillium dahliae,GCA_050229905.1
Verticillium dahliae,GCA_050229925.1
Verticillium dahliae,GCA_051257705.1
Verticillium dahliae,GCA_051257765.1
Verticillium dahliae,GCA_054182925.1
Verticillium dahliae,GCA_054824625.1
Verticillium dahliae,GCA_054858055.1
Verticillium dahliae JR2,GCA_000400815.2
Verticillium dahliae VDG1,GCA_011066465.2
Verticillium dahliae VDG2,GCA_011066485.2
Verticillium dahliae VdLs.17,GCA_000150675.2
Verticillium dahliae VdLs.17,GCA_000952015.1
Verticillium isaacii,GCA_002851775.1
Verticillium isaacii,GCA_050229595.1
Verticillium isaacii,GCA_051257715.1
Verticillium isaacii,GCA_051257725.1
Verticillium klebahnii,GCA_002851715.1
Verticillium klebahnii,GCA_050229475.1
Verticillium longisporum,GCA_001268145.1
Verticillium longisporum,GCA_001268165.1
Verticillium longisporum,GCA_018994065.1
Verticillium longisporum,GCA_018994095.1
Verticillium longisporum,GCA_018994105.1
Verticillium longisporum,GCA_019188255.1
Verticillium longisporum,GCA_019188265.1
Verticillium longisporum,GCA_019188275.1
Verticillium longisporum,GCA_054999325.1
Verticillium longisporum,GCA_054999335.1
Verticillium longisporum,GCA_054999455.1
Verticillium longisporum,GCA_054999505.1
Verticillium longisporum,GCA_054999535.1
Verticillium longisporum,GCA_054999605.1
Verticillium longisporum,GCA_054999695.1
Verticillium longisporum,GCA_054999705.1
Verticillium longisporum,GCA_054999815.1
Verticillium longisporum,GCA_054999845.1
Verticillium longisporum,GCA_054999865.1
Verticillium longisporum,GCA_054999965.1
Verticillium longisporum,GCA_055000015.1
Verticillium nonalfalfae,GCA_002776445.1
Verticillium nonalfalfae,GCA_003724135.2
Verticillium nonalfalfae,GCA_006288515.3
Verticillium nonalfalfae,GCA_009653595.1
Verticillium nonalfalfae,GCA_009653615.2
Verticillium nonalfalfae,GCA_019551875.1
Verticillium nonalfalfae,GCA_019553885.1
Verticillium nonalfalfae,GCA_024085605.1
Verticillium nonalfalfae,GCA_052426695.1
Verticillium nonalfalfae,GCA_052569935.1
Verticillium nonalfalfae,GCA_052571055.1
Verticillium nonalfalfae,GCA_052571105.1
Verticillium nonalfalfae,GCA_052571115.1
Verticillium nonalfalfae,GCA_052571205.1
Verticillium nonalfalfae,GCA_052571225.1
Verticillium nonalfalfae,GCA_052571255.1
Verticillium nonalfalfae,GCA_052571295.1
Verticillium nonalfalfae,GCA_052571305.1
Verticillium nonalfalfae,GCA_052571405.1
Verticillium nonalfalfae,GCA_052571445.1
Verticillium nonalfalfae,GCA_052571455.1
Verticillium nonalfalfae,GCA_052571485.1
Verticillium nonalfalfae,GCA_052571575.1
Verticillium nubilum,GCA_002851675.1
Verticillium nubilum,GCA_050230855.1
Verticillium tricorpus,GCA_002851695.1
Verticillium tricorpus MUCL 9792,GCA_000732205.1
Verticillium zaregamsianum,GCA_002851755.1
Verticillium zaregamsianum,GCA_050229435.1
Verticillium zaregamsianum,GCA_054999315.1
Vezdaea acicularis,GCA_026025075.1
Vezdaea aestivalis,GCA_026055935.1
Villophora microphyllina,GCA_051941605.1
Violaceomyces palustris,GCA_003144235.1
Viridothelium virens,GCA_010094025.1
Vishniacozyma dimennae,GCA_052935135.1
Vishniacozyma victoriae,GCA_017654735.1
Vittaforma corneae ATCC 50505,GCA_000231115.1
Volutella citrinella,GCA_034401135.1
Volvariella volvacea PYd21,GCA_000355865.1
Volvariella volvacea V23,GCA_000349905.1
Volvariella volvacea WC 439,GCA_001691835.3
Waitea zeae,GCA_037855215.1
Waitea zeae,GCA_037855235.1
Waitea zeae,GCA_037855255.1
Waitea zeae,GCA_037855265.1
Waitea zeae,GCA_037855295.1
Wakefieldia striispora,GCA_038090475.1
Wallemia canadensis,GCA_056320075.1
Wallemia hederae,GCA_004918325.1
Wallemia ichthyophaga,GCA_004917845.1
Wallemia ichthyophaga,GCA_004917865.1
Wallemia ichthyophaga,GCA_004917895.1
Wallemia ichthyophaga,GCA_004918015.1
Wallemia ichthyophaga,GCA_004918065.1
Wallemia ichthyophaga,GCA_004918235.1
Wallemia ichthyophaga,GCA_004918305.1
Wallemia ichthyophaga,GCA_004918315.1
Wallemia ichthyophaga,GCA_004918335.1
Wallemia ichthyophaga,GCA_004918345.1
Wallemia ichthyophaga,GCA_004918405.1
Wallemia ichthyophaga,GCA_004918415.1
Wallemia ichthyophaga,GCA_004918445.1
Wallemia ichthyophaga,GCA_004918455.1
Wallemia ichthyophaga,GCA_004918625.1
Wallemia ichthyophaga,GCA_004918655.1
Wallemia ichthyophaga,GCA_004918735.1
Wallemia ichthyophaga,GCA_004918745.1
Wallemia ichthyophaga,GCA_004918755.1
Wallemia ichthyophaga,GCA_004918885.1
Wallemia ichthyophaga,GCA_004918895.1
Wallemia ichthyophaga EXF-994,GCA_000400465.1
Wallemia mellicola,GCA_004917925.1
Wallemia mellicola,GCA_004917935.1
Wallemia mellicola,GCA_004917965.1
Wallemia mellicola,GCA_004917975.1
Wallemia mellicola,GCA_004918005.1
Wallemia mellicola,GCA_004918025.1
Wallemia mellicola,GCA_004918075.1
Wallemia mellicola,GCA_004918155.1
Wallemia mellicola,GCA_004918485.1
Wallemia mellicola,GCA_004918515.1
Wallemia mellicola,GCA_004918525.1
Wallemia mellicola,GCA_004918605.1
Wallemia mellicola,GCA_004918635.1
Wallemia mellicola,GCA_004918645.1
Wallemia mellicola,GCA_004918665.1
Wallemia mellicola,GCA_004918725.1
Wallemia mellicola,GCA_004918795.1
Wallemia mellicola,GCA_004918805.1
Wallemia mellicola,GCA_004918835.1
Wallemia mellicola,GCA_004918905.1
Wallemia mellicola,GCA_004918915.1
Wallemia mellicola,GCA_004918925.1
Wallemia mellicola,GCA_004918985.1
Wallemia mellicola,GCA_004918995.1
Wallemia mellicola,GCA_004919005.1
Wallemia mellicola CBS 633.66,GCA_000263375.1
Waltergamsia citrina,GCA_022814615.1
Waltiozyma chaumierensis,GCA_030566875.1
Waltiozyma mucosa,GCA_020536175.1
Waltiozyma mucosa,GCA_030581415.1
Waltiozyma pijperi,GCA_020536225.1
Waltiozyma pijperi,GCA_030582275.1
Waltiozyma solani,GCA_030462955.1
Waltiozyma xylosica,GCA_030581495.1
Watsoniomyces obsoletus,GCA_026025055.1
Wenyingozyma methanosorbosa,GCA_030570755.1
Wenyingozyma methylovora,GCA_003706205.2
Wenyingozyma methylovora,GCA_030570175.1
Wenyingozyma naganishii,GCA_003706235.2
Wenyingozyma nanaspora,GCA_030557475.1
Wenyingozyma nitratophila,GCA_030567875.1
Wenyingozyma ramenticola,GCA_003706105.3
Wenyingozyma ramenticola,GCA_024271885.1
Wenyingozyma succiphila,GCA_001599255.1
Wenyingozyma succiphila,GCA_030557525.1
Wenyingozyma suzukii,GCA_030568155.1
Westerdykella aurantiaca,GCA_030412805.1
Westerdykella dispersa,GCA_040333465.2
Westerdykella ornata,GCA_010094085.1
Westerdykella sp. P71,GCA_019022765.1
Wetmoreana brouardii,GCA_051941545.1
Wetmoreana sp. 5 TL-2023,GCA_052059095.1
Whalleya microplaca,GCA_022497155.1
Wickerhamia fluorescens,GCA_001599155.1
Wickerhamia fluorescens,GCA_030579855.1
Wickerhamiella allomyrinae,GCA_030581455.1
Wickerhamiella alocasiicola,GCA_022577715.1
Wickerhamiella alocasiicola,GCA_030582215.1
Wickerhamiella australiensis,GCA_030579635.1
Wickerhamiella azyma,GCA_022577855.1
Wickerhamiella azymoides,GCA_030563245.1
Wickerhamiella bombiphila,GCA_030561035.1
Wickerhamiella brachini,GCA_030565285.1
Wickerhamiella cacticola,GCA_003705615.1
Wickerhamiella cacticola,GCA_030564425.1
Wickerhamiella dianesei,GCA_022577725.1
Wickerhamiella domercqiae,GCA_001599275.1
Wickerhamiella domercqiae,GCA_003033705.1
Wickerhamiella domercqiae,GCA_004125175.1
Wickerhamiella domercqiae,GCA_030573935.1
Wickerhamiella galacta,GCA_003045245.1
Wickerhamiella galacta,GCA_030582755.1
Wickerhamiella hasegawae,GCA_004125105.1
Wickerhamiella hasegawae,GCA_030572535.1
Wickerhamiella infanticola,GCA_004125145.1
Wickerhamiella infanticola,GCA_030574435.1
Wickerhamiella kazuoi,GCA_030555755.1
Wickerhamiella kurtzmanii,GCA_022577765.1
Wickerhamiella kurtzmanii,GCA_030572965.1
Wickerhamiella lipophila,GCA_030582055.1
Wickerhamiella musiphila,GCA_030558175.1
Wickerhamiella nectarea,GCA_022577815.1
Wickerhamiella nectarea,GCA_030570915.1
Wickerhamiella occidentalis,GCA_004125095.1
Wickerhamiella occidentalis,GCA_030582035.1
Wickerhamiella pararugosa,GCA_004125235.1
Wickerhamiella pararugosa,GCA_023628955.1
Wickerhamiella pararugosa,GCA_023628975.1
Wickerhamiella pararugosa,GCA_023628995.1
Wickerhamiella pararugosa,GCA_023629015.1
Wickerhamiella pararugosa,GCA_030574655.1
Wickerhamiella pararugosa,GCA_054123235.1
Wickerhamiella parazyma,GCA_022577825.1
Wickerhamiella parazyma,GCA_030562575.1
Wickerhamiella qilinensis,GCA_030556915.1
Wickerhamiella sergipiensis,GCA_030563925.1
Wickerhamiella shivajii,GCA_030585105.1
Wickerhamiella siamensis,GCA_030571815.1
Wickerhamiella slavikovae,GCA_030571795.1
Wickerhamiella sorbophila,GCA_002251995.2
Wickerhamiella sorbophila,GCA_023629035.1
Wickerhamiella sorbophila,GCA_029581845.1
Wickerhamiella sorbophila,GCA_030569535.1
Wickerhamiella sp. F6312,GCA_037041415.1
Wickerhamiella sp. JLY21-1,GCA_049862255.1
Wickerhamiella sp. P97-06A,GCA_037042115.1
Wickerhamiella sp. S6620,GCA_037042455.1
Wickerhamiella spandovensis,GCA_022577695.1
Wickerhamiella spandovensis,GCA_030582135.1
Wickerhamiella vanderwaltii,GCA_022577775.1
Wickerhamiella vanderwaltii,GCA_030582415.1
Wickerhamiella versatilis,GCA_001600375.1
Wickerhamiella versatilis,GCA_001659765.1
Wickerhamiella versatilis,GCA_004125065.1
Wickerhamiella versatilis,GCA_030563025.1
Wickerhamiella versatilis,GCA_030867685.1
Wickerhamomyces alni,GCA_003707985.2
Wickerhamomyces alni,GCA_030582175.1
Wickerhamomyces anomalus,GCA_009707815.1
Wickerhamomyces anomalus,GCA_017654905.1
Wickerhamomyces anomalus,GCA_018344375.1
Wickerhamomyces anomalus,GCA_019321675.1
Wickerhamomyces anomalus,GCA_019321765.1
Wickerhamomyces anomalus,GCA_021014285.1
Wickerhamomyces anomalus,GCA_021020675.1
Wickerhamomyces anomalus,GCA_021208015.1
Wickerhamomyces anomalus,GCA_025531715.1
Wickerhamomyces anomalus,GCA_026544955.1
Wickerhamomyces anomalus,GCA_026545255.1
Wickerhamomyces anomalus,GCA_026545305.1
Wickerhamomyces anomalus,GCA_029581785.1
Wickerhamomyces anomalus,GCA_029620085.1
Wickerhamomyces anomalus,GCA_030574575.1
Wickerhamomyces anomalus,GCA_034641345.1
Wickerhamomyces anomalus,GCA_038087105.1
Wickerhamomyces anomalus,GCA_039877555.1
Wickerhamomyces anomalus,GCA_046457535.1
Wickerhamomyces anomalus,GCA_046457575.1
Wickerhamomyces anomalus,GCA_047495715.1
Wickerhamomyces anomalus,GCA_050059845.1
Wickerhamomyces anomalus,GCA_051991505.1
Wickerhamomyces anomalus,GCA_052576265.1
Wickerhamomyces anomalus,GCA_053455635.1
Wickerhamomyces anomalus NRRL Y-366,GCA_000147375.2
Wickerhamomyces anomalus NRRL Y-366-8,GCA_001661255.1
Wickerhamomyces bisporus,GCA_024271855.1
Wickerhamomyces bisporus,GCA_030574695.1
Wickerhamomyces canadensis,GCA_003707015.3
Wickerhamomyces ciferrii,GCA_000313485.1
Wickerhamomyces ciferrii,GCA_018344405.1
Wickerhamomyces ciferrii,GCA_030574635.1
Wickerhamomyces edaphicus,GCA_054949465.1
Wickerhamomyces jianshihensis,GCA_030562945.1
Wickerhamomyces kurtzmanii,GCA_030572875.1
Wickerhamomyces lynferdii,GCA_030582155.1
Wickerhamomyces quercuum,GCA_030556525.1
Wickerhamomyces silvicola,GCA_030570795.1
Wickerhamomyces sp. DX7706-1,GCA_037041065.1
Wickerhamomyces sp. M8010,GCA_023627765.1
Wickerhamomyces sp. NRRL Y-48258,GCA_030557145.1
Wickerhamomyces sp. NRRL YB-2243,GCA_003706815.2
Wickerhamomyces sp. NRRL YB-2243,GCA_030581995.1
Wickerhamomyces sp. PG4208,GCA_023629715.1
Wickerhamomyces sp. PG92-11,GCA_037041675.1
Wickerhamomyces sp. UFMG-CM-Y6624,GCA_018343995.1
Wickerhamomyces sp. Y91-04,GCA_037042445.1
Wickerhamomyces sp. yHMH26,GCA_030571235.1
Wickerhamomyces sp. yHMH451,GCA_030571095.1
Wickerhamomyces sp. yHMH617,GCA_030571115.1
Wickerhamomyces sp. yHQL14,GCA_030561705.1
Wickerhamomyces subpelliculosus,GCA_030582255.1
Wickerhamomyces subpelliculosus,GCA_046457515.1
Wickerhamomyces subpelliculosus,GCA_046457555.1
Wickerhamomyces sydowiorum,GCA_030574735.1
Wickerhamomyces ulmi,GCA_030569675.1
Wilcoxina mikolae CBS 423.85,GCA_014904905.1
Wilhelminamyces savonicus,GCA_030570115.1
Wilhelminamyces tanticharoeniae,GCA_030558325.1
Williopsis galapagoensis,GCA_030565205.1
Williopsis jadinii,GCA_000328385.1
Williopsis jadinii,GCA_001245095.1
Williopsis jadinii,GCA_001661405.1
Williopsis jadinii,GCA_018344435.1
Williopsis jadinii,GCA_024346625.1
Williopsis jadinii,GCA_025531735.1
Williopsis jadinii,GCA_030581695.1
Williopsis jadinii,GCA_037041225.1
Williopsis jadinii,GCA_037041955.1
Williopsis jadinii,GCA_043521475.1
Williopsis jadinii,GCA_043521495.1
Williopsis lachancei,GCA_030567175.1
Williopsis maclurae,GCA_003708355.3
Williopsis misumaiensis,GCA_003707745.2
Williopsis mrakii,GCA_003706445.3
Williopsis samutprakarnensis,GCA_030569715.1
Williopsis sargentensis,GCA_020995425.1
Williopsis sargentensis,GCA_030557365.1
Williopsis saturnus,GCA_003709245.3
Williopsis suaveolens,GCA_003708225.3
Williopsis subsufficiens,GCA_017948575.1
Williopsis subsufficiens,GCA_030574175.1
Williopsis takata,GCA_030564145.1
Williopsis vartiovaarae,GCA_003708265.3
Wolfgangiella franznegeri,GCA_055471995.1
Wolfiporia cocos,GCA_022575935.1
Wolfiporia cocos,GCA_029448655.1
Wolfiporia cocos,GCA_029449215.1
Wolfiporia cocos,GCA_029449265.1
Wolfiporia cocos,GCA_034769205.1
Wolfiporia cocos MD-104 SS10,GCA_000344635.1
Wolfiporia hoelen,GCA_043792045.1
Wolfiporia hoelen,GCA_043792075.1
Wolfiporia hoelen,GCA_043792165.1
Xanthocarpia lactea,GCA_051941915.1
Xanthocarpia ochracea,GCA_051941935.1
Xanthoconium purpureum,GCA_038090075.1
Xanthoconium separans,GCA_038088675.1
Xanthoconium separans,GCA_038089695.1
Xanthoconium sp. NY2686029,GCA_041721995.1
Xanthoconium stramineum,GCA_038090315.1
Xanthomendoza sp. 1 TL-2023,GCA_051941585.1
Xanthomendoza sp. 2 TL-2023,GCA_051941345.1
Xanthoparmelia taractica,GCA_033085395.1
Xanthoria aureola,GCA_023646375.1
Xanthoria mediterranea,GCA_023645845.1
Xanthoria sp. 1 TBL-2021,GCA_023646395.1
Xanthoria sp. 2 TBL-2021,GCA_023647215.1
Xanthoria steineri,GCA_023646075.1
Xenoacremonium recifei,GCA_012184525.1
Xenopyricularia zizaniicola,GCA_049724125.1
Xenosphaeropsis pyriputrescens,GCA_022609375.1
Xerocomellus amylosporus,GCA_038090735.1
Xerocomellus chrysenteron,GCA_038093415.1
Xerocomellus dryophilus,GCA_038089495.1
Xerocomellus intermedius,GCA_038090955.1
Xerocomus alliaceus,GCA_038094415.1
Xerocomus amazonicus,GCA_038089295.1
Xerocomus brunneocitrinus,GCA_038093375.1
Xerocomus cyaneibrunnescens,GCA_038088975.1
Xerocomus ferrugineus,GCA_038092635.1
Xerocomus minutiporus,GCA_038092995.1
Xerocomus nothofagi,GCA_038090035.1
Xerocomus potaroensis,GCA_038088895.1
Xerocomus sp. UT-M0000078,GCA_041722835.1
Xerocomus sp. UT-M0000266,GCA_041722895.1
Xerocomus sp. UT-M0000400,GCA_041722715.1
Xerocomus spinulosus,GCA_038094075.1
Xerocomus spinulosus,GCA_038094515.1
Xerocomus subilludens,GCA_038092535.1
Xerocomus subpalustris,GCA_038092495.1
Xerocomus subtomentosus,GCA_038092435.1
Xerocomus tenax,GCA_038092415.1
Xingzhongia hampshirensis,GCA_003706765.3
Xingzhongia strasburgensis,GCA_030574715.1
Xiuguozyma insectalens,GCA_030574155.1
Xiuguozyma silvatica,GCA_018344475.1
Xiuguozyma silvatica,GCA_030564685.1
Xylaria acuta,GCA_022495125.1
Xylaria arbuscula,GCA_022385695.1
Xylaria arbuscula,GCA_022578905.1
Xylaria arbuscula,GCA_027627345.1
Xylaria bambusicola,GCA_022495145.1
Xylaria bambusicola,GCA_033171785.1
Xylaria castorea,GCA_022495115.1
Xylaria cf. heliscus,GCA_022539335.1
Xylaria cubensis,GCA_022385715.1
Xylaria curta,GCA_022495235.1
Xylaria curta,GCA_027595895.1
Xylaria digitata,GCA_022495195.1
Xylaria digitata,GCA_051529095.1
Xylaria escharoidea,GCA_048127505.1
Xylaria feejeensis,GCA_051622775.1
Xylaria flabelliformis,GCA_007182795.1
Xylaria flabelliformis,GCA_022453505.1
Xylaria grammica,GCA_004014815.1
Xylaria grammica,GCA_004353285.2
Xylaria grammica,GCA_022495055.1
Xylaria hypoxylon,GCA_004768795.1
Xylaria hypoxylon,GCA_051528475.1
Xylaria intraflava,GCA_022385655.1
Xylaria longipes,GCA_003426265.1
Xylaria longipes,GCA_025201785.1
Xylaria longipes,GCA_051528455.1
Xylaria multiplex,GCA_011057905.1
Xylaria nigripes,GCA_022984845.1
Xylaria palmicola,GCA_022385595.1
Xylaria polymorpha,GCA_003426235.1
Xylaria polymorpha,GCA_051527535.1
Xylaria rogersionigripes,GCA_048127525.1
Xylaria scruposa,GCA_022385635.1
Xylaria sp. 218_066,GCA_019843955.1
Xylaria sp. BCC 1067,GCA_005188305.1
Xylaria sp. CBS 124048,GCA_022385685.1
Xylaria sp. FL0043,GCA_022578865.1
Xylaria sp. FL0064,GCA_022593225.1
Xylaria sp. FL0933,GCA_022578765.1
Xylaria sp. FL1042,GCA_022495085.1
Xylaria sp. FL1777,GCA_022578965.1
Xylaria sp. JS573,GCA_000966885.1
Xylaria sp. KR-3U,GCA_053525395.1
Xylaria sp. L1 SY-2022,GCA_023079495.1
Xylaria sp. MSU_SB201401,GCA_002288965.1
Xylaria sp. P1,GCA_051527575.1
Xylaria sp. RV14508,GCA_056151845.1
Xylaria sp. Z21,GCA_037356095.1
Xylaria sp. Z34,GCA_037356055.1
Xylaria sp. Z50,GCA_037356035.1
Xylaria striata,GCA_002749545.1
Xylaria telfairii,GCA_022495065.1
Xylaria venustula,GCA_022578775.1
Xylariaceae sp. AK1471,GCA_023159215.1
Xylariaceae sp. FL0016,GCA_022578815.1
Xylariaceae sp. FL0255,GCA_022578795.1
Xylariaceae sp. FL0594,GCA_022385605.1
Xylariaceae sp. FL0662B,GCA_022376535.1
Xylariaceae sp. FL0804,GCA_022539325.1
Xylariaceae sp. FL1019,GCA_022578705.1
Xylariaceae sp. FL1272,GCA_022432385.1
Xylariaceae sp. FL1651,GCA_025201745.1
Xylariaceae sp. Mn132,GCA_028637885.1
Xylariaceae sp. Mn153,GCA_028638325.1
Xylariaceae sp. X167,GCA_028637775.1
Xylariaceae sp. X170,GCA_028637755.1
Xylariaceae sp. X187,GCA_028637585.1
Xylariaceae sp. X3-2,GCA_028637685.1
Xylariaceae sp. X802,GCA_028637635.1
Xylariales sp. 2024,GCA_054227815.1
Xylariales sp. AK1849,GCA_022432505.1
Xylariales sp. No.14919,GCA_002003505.1
Xylariales sp. PMI_506,GCA_021365275.1
Xylariomycetidae sp. FL0641,GCA_022376655.1
Xylariomycetidae sp. FL2044,GCA_022376275.1
Xylogone sp. PMI_703,GCA_021399445.1
Xylographa bjoerkii,GCA_022813905.1
Xylographa carneopallida,GCA_022813885.1
Xylographa opegraphella,GCA_022813865.1
Xylographa pallens,GCA_022813845.1
Xylographa parallela,GCA_022813825.1
Xylographa soralifera,GCA_022813805.1
Xylographa trunciseda,GCA_022813785.1
Xylographa vitiligo,GCA_022813765.1
Xylona heveae TC161,GCA_001619985.1
Yamadazyma akitaensis,GCA_030581475.1
Yamadazyma akitaensis,GCA_046867615.1
Yamadazyma andamanensis,GCA_030569055.1
Yamadazyma atlantica,GCA_030561325.1
Yamadazyma atlantica,GCA_054124365.1
Yamadazyma atmosphaerica,GCA_030574775.1
Yamadazyma dushanensis,GCA_030571835.1
Yamadazyma endophytica,GCA_030571075.1
Yamadazyma epiphylla,GCA_030571925.1
Yamadazyma insecticola,GCA_030571995.1
Yamadazyma jaroonii,GCA_030556445.1
Yamadazyma kitorensis,GCA_030572015.1
Yamadazyma laniorum,GCA_002109505.1
Yamadazyma mexicana,GCA_030569415.1
Yamadazyma nakazawae,GCA_003706715.1
Yamadazyma nakazawae,GCA_030582335.1
Yamadazyma oceani,GCA_020281285.1
Yamadazyma oceani,GCA_030569555.1
Yamadazyma olivae,GCA_030571975.1
Yamadazyma paraphyllophila,GCA_030563605.1
Yamadazyma philogaea,GCA_003706995.3
Yamadazyma phyllophila,GCA_030571955.1
Yamadazyma scolyti,GCA_003707025.2
Yamadazyma siamensis,GCA_030581535.1
Yamadazyma songkhlaensis,GCA_030570975.1
Yamadazyma sp. yHKB15,GCA_030555745.1
Yamadazyma sp. yHKS699,GCA_030580295.1
Yamadazyma sp. yHMH393,GCA_030580255.1
Yamadazyma sp. yHMH685,GCA_030571055.1
Yamadazyma takamatsuzukensis,GCA_030572035.1
Yamadazyma tenuis,GCA_029203305.1
Yamadazyma tenuis,GCA_030583005.1
Yamadazyma tenuis ATCC 10573,GCA_000223465.1
Yamadazyma triangularis,GCA_030573955.1
Yamadazyma tumulicola,GCA_030578535.1
Yamadazyma ubonensis,GCA_030572075.1
Yarrowia alimentaria,GCA_030560665.1
Yarrowia brassicae,GCA_030585005.1
Yarrowia bubula,GCA_003707035.1
Yarrowia bubula,GCA_030557725.1
Yarrowia deformans,GCA_001600075.1
Yarrowia deformans,GCA_030407205.1
Yarrowia divulgata,GCA_003708045.1
Yarrowia galli,GCA_007844265.1
Yarrowia galli,GCA_030557735.1
Yarrowia hollandica,GCA_030573975.1
Yarrowia keelungensis,GCA_001600195.1
Yarrowia keelungensis,GCA_030560645.1
Yarrowia lipolytica,GCA_001069125.1
Yarrowia lipolytica,GCA_001307795.1
Yarrowia lipolytica,GCA_001761485.1
Yarrowia lipolytica,GCA_003054305.1
Yarrowia lipolytica,GCA_003054345.1
Yarrowia lipolytica,GCA_003054365.1
Yarrowia lipolytica,GCA_003243785.1
Yarrowia lipolytica,GCA_003367845.1
Yarrowia lipolytica,GCA_003367865.1
Yarrowia lipolytica,GCA_003367925.1
Yarrowia lipolytica,GCA_003367945.1
Yarrowia lipolytica,GCA_003367965.1
Yarrowia lipolytica,GCA_003571375.1
Yarrowia lipolytica,GCA_003571385.1
Yarrowia lipolytica,GCA_003698155.1
Yarrowia lipolytica,GCA_009194645.1
Yarrowia lipolytica,GCA_009372015.1
Yarrowia lipolytica,GCA_012654145.1
Yarrowia lipolytica,GCA_014490615.1
Yarrowia lipolytica,GCA_020826875.1
Yarrowia lipolytica,GCA_023272835.1
Yarrowia lipolytica,GCA_023374015.1
Yarrowia lipolytica,GCA_025503895.1
Yarrowia lipolytica,GCA_026693385.1
Yarrowia lipolytica,GCA_029531965.1
Yarrowia lipolytica,GCA_030581655.1
Yarrowia lipolytica,GCA_031488875.1
Yarrowia lipolytica,GCA_034642105.1
Yarrowia lipolytica,GCA_037039835.1
Yarrowia lipolytica,GCA_040104995.1
Yarrowia lipolytica,GCA_040938755.1
Yarrowia lipolytica,GCA_040938765.1
Yarrowia lipolytica,GCA_040938855.1
Yarrowia lipolytica,GCA_040938865.1
Yarrowia lipolytica,GCA_040938875.1
Yarrowia lipolytica,GCA_040938955.1
Yarrowia lipolytica,GCA_040939005.1
Yarrowia lipolytica,GCA_043709905.1
Yarrowia lipolytica,GCA_043709915.1
Yarrowia lipolytica,GCA_043709925.1
Yarrowia lipolytica,GCA_043709955.1
Yarrowia lipolytica,GCA_044705915.1
Yarrowia lipolytica,GCA_046861985.1
Yarrowia lipolytica,GCA_049307645.1
Yarrowia lipolytica CLIB122,GCA_000002525.1
Yarrowia lipolytica PO1f,GCA_000590845.2
Yarrowia lipolytica PO1f,GCA_037223515.1
Yarrowia lipolytica WSH-Z06,GCA_000613145.2
Yarrowia osloensis,GCA_030573995.1
Yarrowia phangngaensis,GCA_030581735.1
Yarrowia porcina,GCA_030573915.1
Yarrowia sp. B02,GCA_017635955.1
Yarrowia sp. C11,GCA_017639385.1
Yarrowia sp. E02,GCA_017639365.1
Yarrowia sp. JCM 30694,GCA_001600515.1
Yarrowia sp. JCM 30695,GCA_001602355.1
Yarrowia sp. JCM 30696,GCA_001600535.1
Yarrowia yakushimensis,GCA_030560625.1
Yueomyces silvicola,GCA_030179955.1
Yueomyces sinensis,GCA_003707995.1
Yueomyces sinensis,GCA_030581855.1
Yueomyces sp. D-C8-1,GCA_031771845.1
Yueomyces sp. yHKB289,GCA_030580315.1
Zalaria obscura,GCA_022813225.1
Zalaria obscura,GCA_022813265.1
Zalaria obscura,GCA_024184665.2
Zalaria obscura,GCA_054600555.1
Zalaria sp. Him3,GCA_027923365.1
Zalerion maritima,GCA_022664585.2
Zancudomyces culisetae,GCA_001969505.1
Zancudomyces culisetae,GCA_052426225.1
Zangia roseola,GCA_038090095.1
Zarea fungicola,GCA_027595875.1
Zarea fungicola,GCA_051527305.1
Zasmidium angulare,GCA_002786045.1
Zasmidium cellare,GCA_035040045.1
Zasmidium cellare ATCC 36951,GCA_010093935.1
Zasmidium citrigriseum,GCA_002786025.1
Zasmidium fructicola,GCA_052324325.1
Zelopaecilomyces penicillatus,GCA_005765155.1
Zelopaecilomyces penicillatus,GCA_014925865.1
Zhuliangozyma blackwelliae,GCA_030579015.1
Zhuliangozyma boniae,GCA_002094185.1
Zhuliangozyma parablackwelliae,GCA_030585045.1
Zoopage sp. CT-All,GCA_004114245.1
Zoophagus insidians,GCA_004114325.1
Zopfia rhizophila CBS 207.26,GCA_010093925.1
Zopfochytrium polystomum,GCA_025765615.1
Zychaea mexicana,GCA_025766255.1
Zygoascus biomembranicola,GCA_030556875.1
Zygoascus bituminiphila,GCA_030705125.1
Zygoascus flipseniorum,GCA_030565365.1
Zygoascus hellenicus,GCA_030564625.1
Zygoascus meyerae,GCA_003707935.2
Zygoascus meyerae,GCA_030561445.1
Zygoascus polysorbophilus,GCA_030563625.1
Zygoascus sp. AB1278,GCA_048569295.1
Zygoascus sp. PK3305,GCA_023628935.1
Zygophlyctis sp. KS116,GCA_054661495.1
Zygosaccharomyces bailii CLIB 213,GCA_000442885.1
Zygosaccharomyces bailii ISA1307,GCA_000530735.1
Zygosaccharomyces bisporus,GCA_003707595.2
Zygosaccharomyces gambellarensis,GCA_030571545.1
Zygosaccharomyces kombuchaensis,GCA_003033605.1
Zygosaccharomyces kombuchaensis,GCA_003705955.2
Zygosaccharomyces lentus,GCA_030568175.1
Zygosaccharomyces mellis,GCA_005406105.1
Zygosaccharomyces mellis,GCA_007556495.1
Zygosaccharomyces mellis,GCA_020521395.1
Zygosaccharomyces mellis,GCA_030580515.1
Zygosaccharomyces parabailii,GCA_001984395.2
Zygosaccharomyces parabailii,GCA_030572715.1
Zygosaccharomyces pseudobailii,GCA_023629055.1
Zygosaccharomyces pseudobailii,GCA_030574115.1
Zygosaccharomyces pseudorouxii (nom. inval.),GCA_030572675.1
Zygosaccharomyces rouxii,GCA_000026365.1
Zygosaccharomyces rouxii,GCA_001950435.1
Zygosaccharomyces rouxii,GCA_001972345.1
Zygosaccharomyces rouxii,GCA_019775865.1
Zygosaccharomyces rouxii,GCA_020521415.1
Zygosaccharomyces rouxii,GCA_021535285.1
Zygosaccharomyces rouxii,GCA_030557605.1
Zygosaccharomyces rouxii,GCA_052814785.1
Zygosaccharomyces sapae,GCA_020521375.1
Zygosaccharomyces sapae,GCA_030580375.1
Zygosaccharomyces siamensis,GCA_013423405.1
Zygosaccharomyces siamensis,GCA_030574045.1
Zygosaccharomyces siamensis,GCA_040365395.1
Zygosaccharomyces sp. MG101,GCA_042853115.1
Zygosaccharomyces sp. NBRC1877,GCA_042851295.2
Zygotorulaspora chibaensis,GCA_030565665.1
Zygotorulaspora danielsina,GCA_030572985.1
Zygotorulaspora florentina,GCA_003671575.3
Zygotorulaspora florentina,GCA_055471675.1
Zygotorulaspora mrakii,GCA_003671565.1
Zygotorulaspora mrakii,GCA_013402915.1
Zygotorulaspora mrakii,GCA_030570635.1
Zygotorulaspora sp. UFMG-CM-Y6047,GCA_030571275.1
Zymoseptoria ardabiliae,GCA_000983525.1
Zymoseptoria ardabiliae STIR04_1.1.1,GCA_000223745.2
Zymoseptoria ardabiliae STIR04_1.1.2,GCA_000223765.2
Zymoseptoria ardabiliae STIR04_3.13.1,GCA_000223785.2
Zymoseptoria ardabiliae STIR04_3.3.2,GCA_000223805.2
Zymoseptoria brevis,GCA_000966595.1
Zymoseptoria brevis,GCA_000983655.1
Zymoseptoria crescenta,GCA_026122155.1
Zymoseptoria passerinii SP63,GCA_000223825.2
Zymoseptoria pseudotritici,GCA_000983605.1
Zymoseptoria pseudotritici STIR04_2.2.1,GCA_000223665.2
Zymoseptoria pseudotritici STIR04_3.11.1,GCA_000226675.2
Zymoseptoria pseudotritici STIR04_4.3.1,GCA_000223685.2
Zymoseptoria pseudotritici STIR04_5.3,GCA_000223705.2
Zymoseptoria pseudotritici STIR04_5.9.1,GCA_000223725.2
Zymoseptoria tritici,GCA_002937425.1
Zymoseptoria tritici,GCA_003611055.1
Zymoseptoria tritici,GCA_003611065.1
Zymoseptoria tritici,GCA_003611075.1
Zymoseptoria tritici,GCA_003611115.1
Zymoseptoria tritici,GCA_003611125.1
Zymoseptoria tritici,GCA_003611135.1
Zymoseptoria tritici,GCA_003611175.1
Zymoseptoria tritici,GCA_003611185.1
Zymoseptoria tritici,GCA_003613095.1
Zymoseptoria tritici,GCA_017562065.1
Zymoseptoria tritici,GCA_017562105.1
Zymoseptoria tritici,GCA_017766145.1
Zymoseptoria tritici,GCA_017766285.1
Zymoseptoria tritici,GCA_017766425.1
Zymoseptoria tritici,GCA_017766525.1
Zymoseptoria tritici,GCA_017766645.1
Zymoseptoria tritici,GCA_017766725.1
Zymoseptoria tritici,GCA_017766785.1
Zymoseptoria tritici,GCA_017766805.1
Zymoseptoria tritici,GCA_017766825.1
Zymoseptoria tritici,GCA_019443865.1
Zymoseptoria tritici,GCA_019443885.1
Zymoseptoria tritici,GCA_019443905.1
Zymoseptoria tritici,GCA_022702685.1
Zymoseptoria tritici,GCA_022702735.1
Zymoseptoria tritici,GCA_022702755.1
Zymoseptoria tritici,GCA_022702775.1
Zymoseptoria tritici,GCA_022702795.1
Zymoseptoria tritici,GCA_022709285.1
Zymoseptoria tritici,GCA_022709305.1
Zymoseptoria tritici,GCA_029030815.1
Zymoseptoria tritici,GCA_029230265.1
Zymoseptoria tritici,GCA_029230275.1
Zymoseptoria tritici,GCA_029230285.1
Zymoseptoria tritici,GCA_029230295.1
Zymoseptoria tritici,GCA_029230485.1
Zymoseptoria tritici,GCA_029231575.1
Zymoseptoria tritici,GCA_029532665.1
Zymoseptoria tritici,GCA_029532695.1
Zymoseptoria tritici,GCA_029873735.1
Zymoseptoria tritici,GCA_029873765.1
Zymoseptoria tritici,GCA_029873795.1
Zymoseptoria tritici,GCA_029873855.1
Zymoseptoria tritici,GCA_029873885.1
Zymoseptoria tritici,GCA_029873915.1
Zymoseptoria tritici,GCA_029873945.1
Zymoseptoria tritici,GCA_029873975.1
Zymoseptoria tritici,GCA_049393485.1
Zymoseptoria tritici,GCA_049393495.1
Zymoseptoria tritici,GCA_049393625.1
Zymoseptoria tritici,GCA_049393635.1
Zymoseptoria tritici IPO323,GCA_000219625.1
Zymoseptoria tritici STIR04 A48b,GCA_000223625.2
Zymoseptoria tritici STIR04_A26b,GCA_000223645.2
Zymoseptoria tritici STIR04_A26b,GCA_002937415.1
[Ashbya] aceris (nom. inval.),GCA_000412225.2
[Candida] aaseri,GCA_002068075.1
[Candida] aaseri,GCA_023623315.1
[Candida] aaseri,GCA_030582305.1
[Candida] anglica,GCA_019775655.1
[Candida] anglica,GCA_030557785.1
[Candida] anglica,GCA_054123955.1
[Candida] anutae,GCA_030566955.1
[Candida] argentea,GCA_030581555.1
[Candida] ascalaphidarum,GCA_003708745.2
[Candida] ascalaphidarum,GCA_030674335.1
[Candida] blattariae,GCA_030581595.1
[Candida] boidinii,GCA_001442605.1
[Candida] boidinii,GCA_001599335.1
[Candida] boidinii,GCA_002007985.1
[Candida] boidinii,GCA_002007995.1
[Candida] boidinii,GCA_002008015.1
[Candida] boidinii,GCA_002008025.1
[Candida] boidinii,GCA_002008065.1
[Candida] boidinii,GCA_002008075.1
[Candida] boidinii,GCA_002008085.1
[Candida] boidinii,GCA_002008095.1
[Candida] boidinii,GCA_002864065.1
[Candida] boidinii,GCA_003243125.1
[Candida] boidinii,GCA_023629675.1
[Candida] boidinii,GCA_030267585.1
[Candida] boidinii,GCA_030267665.1
[Candida] boidinii,GCA_030267685.1
[Candida] boidinii,GCA_030267825.1
[Candida] boidinii,GCA_030267845.1
[Candida] boidinii,GCA_030267865.1
[Candida] boidinii,GCA_030567695.1
[Candida] boidinii,GCA_037041165.1
[Candida] boidinii,GCA_037935595.1
[Candida] buinensis,GCA_030571035.1
[Candida] cerambycidarum,GCA_030574835.1
[Candida] citri,GCA_030571295.1
[Candida] conglobata,GCA_030572275.1
[Candida] danieliae,GCA_030579135.1
[Candida] dendronema,GCA_030572355.1
[Candida] diddensiae,GCA_030563465.1
[Candida] diospyri,GCA_030579195.1
[Candida] endomychidarum,GCA_030582775.1
[Candida] freyschussii,GCA_003707735.2
[Candida] friedrichii,GCA_030565865.1
[Candida] germanica,GCA_030574815.1
[Candida] glucosophila,GCA_030572315.1
[Candida] golubevii,GCA_003708755.1
[Candida] golubevii,GCA_030582695.1
[Candida] gorgasii,GCA_003708985.3
[Candida] hainanensis,GCA_030561765.1
[Candida] insectorum,GCA_030574895.1
[Candida] ipomoeae,GCA_002370145.1
[Candida] ipomoeae,GCA_002370905.1
[Candida] ipomoeae,GCA_002374715.1
[Candida] ipomoeae,GCA_030566495.1
[Candida] kanchanaburiensis,GCA_030555785.1
[Candida] khao-thaluensis,GCA_030563265.1
[Candida] koratica (nom. ined.),GCA_030572455.1
[Candida] lessepsii,GCA_030563485.1
[Candida] loeiensis,GCA_030563775.1
[Candida] membranifaciens,GCA_030572415.1
[Candida] membranifaciens subsp. flavinogenes,GCA_022457055.1
[Candida] mesenterica,GCA_015708695.1
[Candida] mesenterica,GCA_030559045.1
[Candida] michaelii,GCA_030572395.1
[Candida] pseudoaaseri,GCA_030674785.1
[Candida] pseudocylindracea,GCA_030558265.1
[Candida] sanyiensis,GCA_030569275.1
[Candida] smagusa,GCA_030566775.1
[Candida] sp.,GCA_030557335.1
[Candida] sp.,GCA_030563385.1
[Candida] sp.,GCA_030564165.1
[Candida] sp.,GCA_030567155.1
[Candida] sp.,GCA_030567185.1
[Candida] sp.,GCA_030567895.1
[Candida] sp.,GCA_030567915.1
[Candida] sp.,GCA_030567955.1
[Candida] sp.,GCA_030570575.1
[Candida] sp.,GCA_030571215.1
[Candida] sp.,GCA_030572555.1
[Candida] sp.,GCA_030574675.1
[Candida] sp.,GCA_030579995.1
[Candida] sp.,GCA_030580075.1
[Candida] sp.,GCA_030705185.1
[Candida] spencermartinsiae,GCA_030582355.1
[Candida] tallmaniae,GCA_030569655.1
[Candida] tammaniensis,GCA_003708705.1
[Candida] tammaniensis,GCA_030566005.1
[Candida] taylorii,GCA_030583035.1
[Candida] trypodendri,GCA_030572515.1
[Candida] tunisiensis,GCA_030407195.1
[Candida] vaughaniae,GCA_030569695.1
[Candida] wancherniae,GCA_003708715.3
[Cyberlindnera] hibernica,GCA_049863605.1
[Emmonsia] crescens,GCA_001008285.1
[Emmonsia] crescens,GCA_002572855.1
[Lipomyces] yamanashiensis,GCA_030572775.1
[Neocosmospora] mangrovei,GCA_043643485.1
[Phialemoniopsis] sp. UDSM-2020,GCA_018873225.1
[Setosphaeria] turcica f. sp. sorghi,GCA_024606495.1
[Torrubiella] hemipterigena,GCA_000825705.1
aff. Porphyrellus sp. UT-M0000030,GCA_041722915.1
aff. Porphyrellus sp. UT-M0000367,GCA_041722675.1
cf. Caloplaca sp. 1 TL-2023,GCA_051941525.1
cf. Caloplaca sp. 2 TL-2023,GCA_051941485.1
cf. Caloplaca sp. 3 TL-2023,GCA_052059075.1
cf. Muellerella sp. BF14,GCA_049996195.1
cf. Tylopilus sp. TRTC175157,GCA_041722615.1
fungal sp.,GCA_023347065.1
fungal sp. IPV F-433,GCA_054392365.1
