genus,organism_name,assembly_id
Alternaria,Alternaria alstroemeriae,GCA_037044435.1
Alternaria,Alternaria alstroemeriae,GCA_053542345.1
Alternaria,Alternaria alternarina,GCA_036971565.1
Alternaria,Alternaria alternata,GCA_001443195.1
Alternaria,Alternaria alternata,GCA_001572055.1
Alternaria,Alternaria alternata,GCA_001642055.1
Alternaria,Alternaria alternata,GCA_001696825.1
Alternaria,Alternaria alternata,GCA_004154755.1
Alternaria,Alternaria alternata,GCA_004634295.1
Alternaria,Alternaria alternata,GCA_009650635.1
Alternaria,Alternaria alternata,GCA_009932595.1
Alternaria,Alternaria alternata,GCA_011420255.1
Alternaria,Alternaria alternata,GCA_011420445.1
Alternaria,Alternaria alternata,GCA_011420565.1
Alternaria,Alternaria alternata,GCA_014154925.1
Alternaria,Alternaria alternata,GCA_014751505.1
Alternaria,Alternaria alternata,GCA_016097525.1
Alternaria,Alternaria alternata,GCA_018104255.1
Alternaria,Alternaria alternata,GCA_020085065.1
Alternaria,Alternaria alternata,GCA_020449105.1
Alternaria,Alternaria alternata,GCA_020736535.1
Alternaria,Alternaria alternata,GCA_020736745.1
Alternaria,Alternaria alternata,GCA_020736755.1
Alternaria,Alternaria alternata,GCA_020736765.1
Alternaria,Alternaria alternata,GCA_020736775.1
Alternaria,Alternaria alternata,GCA_022344125.1
Alternaria,Alternaria alternata,GCA_022344135.1
Alternaria,Alternaria alternata,GCA_022344145.1
Alternaria,Alternaria alternata,GCA_022344155.1
Alternaria,Alternaria alternata,GCA_022344165.1
Alternaria,Alternaria alternata,GCA_022344205.1
Alternaria,Alternaria alternata,GCA_022344225.1
Alternaria,Alternaria alternata,GCA_022344235.1
Alternaria,Alternaria alternata,GCA_022344255.1
Alternaria,Alternaria alternata,GCA_022344265.1
Alternaria,Alternaria alternata,GCA_022344295.1
Alternaria,Alternaria alternata,GCA_022344325.1
Alternaria,Alternaria alternata,GCA_022344335.1
Alternaria,Alternaria alternata,GCA_022344355.1
Alternaria,Alternaria alternata,GCA_022344365.1
Alternaria,Alternaria alternata,GCA_022344405.1
Alternaria,Alternaria alternata,GCA_022344415.1
Alternaria,Alternaria alternata,GCA_022344435.1
Alternaria,Alternaria alternata,GCA_022344465.1
Alternaria,Alternaria alternata,GCA_022344485.1
Alternaria,Alternaria alternata,GCA_022344495.1
Alternaria,Alternaria alternata,GCA_022344505.1
Alternaria,Alternaria alternata,GCA_022344545.1
Alternaria,Alternaria alternata,GCA_022344555.1
Alternaria,Alternaria alternata,GCA_022344575.1
Alternaria,Alternaria alternata,GCA_022344615.1
Alternaria,Alternaria alternata,GCA_022344625.1
Alternaria,Alternaria alternata,GCA_022344635.1
Alternaria,Alternaria alternata,GCA_022344655.1
Alternaria,Alternaria alternata,GCA_022344665.1
Alternaria,Alternaria alternata,GCA_022344695.1
Alternaria,Alternaria alternata,GCA_022344705.1
Alternaria,Alternaria alternata,GCA_022344745.1
Alternaria,Alternaria alternata,GCA_022344765.1
Alternaria,Alternaria alternata,GCA_022344775.1
Alternaria,Alternaria alternata,GCA_022344825.1
Alternaria,Alternaria alternata,GCA_022344835.1
Alternaria,Alternaria alternata,GCA_022344855.1
Alternaria,Alternaria alternata,GCA_022344875.1
Alternaria,Alternaria alternata,GCA_022344885.1
Alternaria,Alternaria alternata,GCA_022344895.1
Alternaria,Alternaria alternata,GCA_022344905.1
Alternaria,Alternaria alternata,GCA_022344925.1
Alternaria,Alternaria alternata,GCA_022344955.1
Alternaria,Alternaria alternata,GCA_022344985.1
Alternaria,Alternaria alternata,GCA_022344995.1
Alternaria,Alternaria alternata,GCA_022345075.1
Alternaria,Alternaria alternata,GCA_022345085.1
Alternaria,Alternaria alternata,GCA_022345095.1
Alternaria,Alternaria alternata,GCA_022345105.1
Alternaria,Alternaria alternata,GCA_022345155.1
Alternaria,Alternaria alternata,GCA_022345165.1
Alternaria,Alternaria alternata,GCA_022345175.1
Alternaria,Alternaria alternata,GCA_022345185.1
Alternaria,Alternaria alternata,GCA_022345235.1
Alternaria,Alternaria alternata,GCA_022345245.1
Alternaria,Alternaria alternata,GCA_022345265.1
Alternaria,Alternaria alternata,GCA_022345275.1
Alternaria,Alternaria alternata,GCA_022345285.1
Alternaria,Alternaria alternata,GCA_022345305.1
Alternaria,Alternaria alternata,GCA_022345335.1
Alternaria,Alternaria alternata,GCA_022355435.1
Alternaria,Alternaria alternata,GCA_023079285.1
Alternaria,Alternaria alternata,GCA_029891365.1
Alternaria,Alternaria alternata,GCA_039700775.1
Alternaria,Alternaria alternata,GCA_039700845.1
Alternaria,Alternaria alternata,GCA_040783835.1
Alternaria,Alternaria alternata,GCA_046563045.1
Alternaria,Alternaria alternata,GCA_047716545.1
Alternaria,Alternaria alternata,GCA_049724635.1
Alternaria,Alternaria alternata,GCA_049724695.1
Alternaria,Alternaria alternata,GCA_049859505.1
Alternaria,Alternaria alternata,GCA_050710565.1
Alternaria,Alternaria alternata,GCA_050710675.1
Alternaria,Alternaria alternata,GCA_050710795.1
Alternaria,Alternaria alternata,GCA_050711485.1
Alternaria,Alternaria alternata,GCA_051107835.1
Alternaria,Alternaria alternata,GCA_051107855.1
Alternaria,Alternaria alternata,GCA_051107875.1
Alternaria,Alternaria alternata,GCA_051107895.1
Alternaria,Alternaria alternata,GCA_051107915.1
Alternaria,Alternaria alternata,GCA_051107955.1
Alternaria,Alternaria alternata,GCA_054051525.1
Alternaria,Alternaria alternata,GCA_054126945.1
Alternaria,Alternaria alternata,GCA_055084135.1
Alternaria,Alternaria alternata,GCA_055769695.1
Alternaria,Alternaria alternata,GCA_055769715.1
Alternaria,Alternaria alternata,GCA_055769815.1
Alternaria,Alternaria angustiovoidea,GCA_022814425.1
Alternaria,Alternaria angustiovoidea,GCA_022814545.1
Alternaria,Alternaria arborescens,GCA_004154815.1
Alternaria,Alternaria arborescens,GCA_004154835.1
Alternaria,Alternaria arborescens,GCA_004155955.1
Alternaria,Alternaria arborescens,GCA_004634205.1
Alternaria,Alternaria arborescens,GCA_013282825.1
Alternaria,Alternaria arborescens,GCA_020736785.1
Alternaria,Alternaria arborescens,GCA_025426055.1
Alternaria,Alternaria arborescens,GCA_040783815.1
Alternaria,Alternaria arborescens,GCA_040783855.1
Alternaria,Alternaria arborescens,GCA_052110775.1
Alternaria,Alternaria arborescens EGS 39-128,GCA_000256225.1
Alternaria,Alternaria arbusti,GCA_024043155.1
Alternaria,Alternaria arbusti,GCA_040583865.1
Alternaria,Alternaria atra,GCA_004634305.1
Alternaria,Alternaria brassicae,GCA_004936725.1
Alternaria,Alternaria brassicae,GCA_030704915.1
Alternaria,Alternaria brassicae,GCA_030704925.1
Alternaria,Alternaria brassicae,GCA_036768455.1
Alternaria,Alternaria brassicae,GCA_036768465.1
Alternaria,Alternaria brassicicola,GCA_002796735.1
Alternaria,Alternaria brassicicola,GCA_023079265.1
Alternaria,Alternaria brassicicola,GCA_027569035.1
Alternaria,Alternaria brassicicola,GCA_027569655.1
Alternaria,Alternaria brassicicola ATCC 96836,GCA_000174375.1
Alternaria,Alternaria burnsii,GCA_013036055.1
Alternaria,Alternaria burnsii,GCA_021613345.1
Alternaria,Alternaria cf. alternata,GCA_020284155.1
Alternaria,Alternaria chlamydospora,GCA_047302185.1
Alternaria,Alternaria conjuncta,GCA_024043145.1
Alternaria,Alternaria conjuncta,GCA_040584035.1
Alternaria,Alternaria consortialis,GCA_001950455.1
Alternaria,Alternaria dauci,GCA_025504955.1
Alternaria,Alternaria dauci,GCA_042100115.1
Alternaria,Alternaria destruens,GCA_037044395.1
Alternaria,Alternaria ethzedia,GCA_023757985.1
Alternaria,Alternaria ethzedia,GCA_040583925.1
Alternaria,Alternaria gaisen,GCA_004156025.2
Alternaria,Alternaria gaisen,GCA_022345345.1
Alternaria,Alternaria gaisen,GCA_022345375.1
Alternaria,Alternaria gaisen,GCA_022345385.1
Alternaria,Alternaria gaisen,GCA_022345405.1
Alternaria,Alternaria gaisen,GCA_022345445.1
Alternaria,Alternaria gaisen,GCA_022345455.1
Alternaria,Alternaria gaisen,GCA_022345465.1
Alternaria,Alternaria gaisen,GCA_022345485.1
Alternaria,Alternaria gaisen,GCA_022345505.1
Alternaria,Alternaria gaisen,GCA_022345525.1
Alternaria,Alternaria gaisen,GCA_022345565.1
Alternaria,Alternaria gaisen,GCA_022345575.1
Alternaria,Alternaria gaisen,GCA_022345585.1
Alternaria,Alternaria gaisen,GCA_022345615.1
Alternaria,Alternaria gaisen,GCA_022345635.1
Alternaria,Alternaria gaisen,GCA_022345655.1
Alternaria,Alternaria gaisen,GCA_022345675.1
Alternaria,Alternaria gansuensis,GCA_008973795.1
Alternaria,Alternaria gansuensis,GCA_009289805.1
Alternaria,Alternaria hordeiaustralica,GCA_023758085.1
Alternaria,Alternaria incomplexa,GCA_024043165.1
Alternaria,Alternaria infectoria,GCA_024043175.1
Alternaria,Alternaria linariae,GCA_047834895.1
Alternaria,Alternaria longipes,GCA_019059555.1
Alternaria,Alternaria metachromatica,GCA_023757995.1
Alternaria,Alternaria metachromatica,GCA_040583895.1
Alternaria,Alternaria novae-zelandiae,GCA_023758075.1
Alternaria,Alternaria oregonensis,GCA_040583965.1
Alternaria,Alternaria panax,GCA_019702505.1
Alternaria,Alternaria porri,GCA_029783965.1
Alternaria,Alternaria postmessia,GCA_024291825.1
Alternaria,Alternaria postmessia,GCA_049724655.1
Alternaria,Alternaria postmessia,GCA_050710595.1
Alternaria,Alternaria postmessia,GCA_050710685.1
Alternaria,Alternaria postmessia,GCA_050710805.1
Alternaria,Alternaria postmessia,GCA_050711445.1
Alternaria,Alternaria radicina,GCA_050230835.1
Alternaria,Alternaria rosae,GCA_020736505.1
Alternaria,Alternaria rosae,GCA_024043135.1
Alternaria,Alternaria solani,GCA_002837235.1
Alternaria,Alternaria solani,GCA_002952155.1
Alternaria,Alternaria solani,GCA_036363465.1
Alternaria,Alternaria sp. 'sect. Undifilum',GCA_024321975.1
Alternaria,Alternaria sp. ALMS-2024a,GCA_049307025.1
Alternaria,Alternaria sp. Ai002NY15,GCA_023758125.1
Alternaria,Alternaria sp. BMP 0032,GCA_023758005.1
Alternaria,Alternaria sp. BMP 2799,GCA_023758145.1
Alternaria,Alternaria sp. DAOMC 225332,GCA_040584015.1
Alternaria,Alternaria sp. DET2042,GCA_040583805.1
Alternaria,Alternaria sp. DET2072,GCA_040583825.1
Alternaria,Alternaria sp. DET2103,GCA_040583765.1
Alternaria,Alternaria sp. DET2104,GCA_040583745.1
Alternaria,Alternaria sp. DET2105,GCA_040583725.1
Alternaria,Alternaria sp. DET2106,GCA_040583705.1
Alternaria,Alternaria sp. DET2107,GCA_040583685.1
Alternaria,Alternaria sp. KAS5446,GCA_040583665.1
Alternaria,Alternaria sp. KAS5449,GCA_040583645.1
Alternaria,Alternaria sp. KAS5470,GCA_040583605.1
Alternaria,Alternaria sp. KAS5474,GCA_040583625.1
Alternaria,Alternaria sp. KAS5477,GCA_040583575.1
Alternaria,Alternaria sp. KAS5486,GCA_040583525.1
Alternaria,Alternaria sp. KAS5506,GCA_040583505.1
Alternaria,Alternaria sp. M3903,GCA_023621305.1
Alternaria,Alternaria sp. M3908,GCA_023621335.1
Alternaria,Alternaria sp. MG1,GCA_003574525.1
Alternaria,Alternaria sp. S3601,GCA_023621325.1
Alternaria,Alternaria sp. SPS-2,GCA_024606205.1
Alternaria,Alternaria tenuissima,GCA_004154735.1
Alternaria,Alternaria tenuissima,GCA_004154745.1
Alternaria,Alternaria tenuissima,GCA_004154765.1
Alternaria,Alternaria tenuissima,GCA_004154845.1
Alternaria,Alternaria tenuissima,GCA_004156015.1
Alternaria,Alternaria tenuissima,GCA_004156035.1
Alternaria,Alternaria tenuissima,GCA_004168565.1
Alternaria,Alternaria tenuissima,GCA_017589455.1
Alternaria,Alternaria tenuissima,GCA_041430775.1
Alternaria,Alternaria triticimaculans,GCA_023758025.1
Alternaria,Alternaria triticimaculans,GCA_040583915.1
Alternaria,Alternaria triticina,GCA_022609215.1
Alternaria,Alternaria triticina,GCA_040583995.1
Alternaria,Alternaria ventricosa,GCA_023758065.1
Alternaria,Alternaria viburni,GCA_023758015.1
Anisogramma,Anisogramma anomala,GCA_038502455.1
Apiognomonia,,
Armillaria,Armillaria altimontana,GCA_022818075.1
Armillaria,Armillaria borealis,GCA_013427175.2
Armillaria,Armillaria borealis,GCA_030435635.1
Armillaria,Armillaria calvescens,GCA_043748625.1
Armillaria,Armillaria fumosa,GCA_030407015.1
Armillaria,Armillaria fuscipes,GCA_001679825.1
Armillaria,Armillaria gallica,GCA_002307695.1
Armillaria,Armillaria gallica,GCA_012064365.1
Armillaria,Armillaria gallica,GCA_026212265.1
Armillaria,Armillaria gallica,GCA_037576215.1
Armillaria,Armillaria gallica,GCA_038088205.1
Armillaria,Armillaria luteobubalina,GCA_030435615.1
Armillaria,Armillaria mellea,GCA_030407055.1
Armillaria,Armillaria mexicana,GCA_052426525.1
Armillaria,Armillaria nabsnona,GCA_030407065.1
Armillaria,Armillaria novae-zelandiae,GCA_030435655.1
Armillaria,Armillaria sinapina,GCA_040085025.1
Armillaria,Armillaria solidipes,GCA_002307675.1
Armillaria,Armillaria solidipes,GCA_022818035.1
Armillaria,Armillaria solidipes,GCA_053525415.1
Armillaria,Armillaria sp. CMW 4456,GCA_028551335.1
Arthuriomyces,,
Ascochyta,Ascochyta clinopodiicola,GCA_027946445.1
Ascochyta,Ascochyta fabae,GCA_004335285.1
Ascochyta,Ascochyta fabae,GCA_024372665.1
Ascochyta,Ascochyta fabae,GCA_024372685.1
Ascochyta,Ascochyta koolunga,GCA_004151145.1
Ascochyta,Ascochyta koolunga,GCA_004151165.1
Ascochyta,Ascochyta koolunga,GCA_004151575.1
Ascochyta,Ascochyta koolunga,GCA_026119505.1
Ascochyta,Ascochyta koolunga,GCA_026119515.1
Ascochyta,Ascochyta koolunga,GCA_026119525.1
Ascochyta,Ascochyta koolunga,GCA_026119535.1
Ascochyta,Ascochyta koolunga,GCA_026119565.1
Ascochyta,Ascochyta koolunga,GCA_026547115.1
Ascochyta,Ascochyta lentis,GCA_004011705.1
Ascochyta,Ascochyta lentis,GCA_004335125.1
Ascochyta,Ascochyta lentis,GCA_004335135.1
Ascochyta,Ascochyta lentis,GCA_004335145.1
Ascochyta,Ascochyta lentis,GCA_016097295.1
Ascochyta,Ascochyta lentis,GCA_016097305.1
Ascochyta,Ascochyta lentis,GCA_016097315.1
Ascochyta,Ascochyta lentis,GCA_016097375.2
Ascochyta,Ascochyta lentis,GCA_022606875.1
Ascochyta,Ascochyta lentis,GCA_022606885.1
Ascochyta,Ascochyta lentis,GCA_022607105.2
Ascochyta,Ascochyta pisi,GCA_026119825.1
Ascochyta,Ascochyta pisi,GCA_039634435.1
Ascochyta,Ascochyta rabiei,GCA_001630375.1
Ascochyta,Ascochyta rabiei,GCA_004011695.2
Ascochyta,Ascochyta rabiei,GCA_011037155.1
Ascochyta,Ascochyta rabiei,GCA_056320135.1
Ascochyta,Ascochyta rabiei,GCA_056320165.1
Ascochyta,Ascochyta rabiei,GCA_056320195.1
Ascochyta,Ascochyta viciae,GCA_004335155.1
Ascochyta,Ascochyta viciae-villosae,GCA_004335205.1
Aspergillus,Aspergillus aculeatinus,GCA_016748025.1
Aspergillus,Aspergillus aculeatinus CBS 121060,GCA_003184765.1
Aspergillus,Aspergillus aculeatus,GCA_039111445.1
Aspergillus,Aspergillus aculeatus,GCA_039111485.1
Aspergillus,Aspergillus aculeatus ATCC 16872,GCA_001890905.1
Aspergillus,Aspergillus aff. floccosus IMV 01167,GCA_001931935.1
Aspergillus,Aspergillus affinis,GCA_023601865.2
Aspergillus,Aspergillus aflatoxiformans,GCA_037043995.1
Aspergillus,Aspergillus alliaceus,GCA_009176365.1
Aspergillus,Aspergillus alliaceus,GCA_009193605.1
Aspergillus,Aspergillus alliaceus,GCA_013421405.2
Aspergillus,Aspergillus alliaceus,GCA_029169295.1
Aspergillus,Aspergillus ambiguus,GCA_047715705.1
Aspergillus,Aspergillus amoenus,GCA_009812435.1
Aspergillus,Aspergillus amoenus,GCA_023624915.1
Aspergillus,Aspergillus amstelodami,GCA_027569315.1
Aspergillus,Aspergillus annui,GCA_047496425.1
Aspergillus,Aspergillus arachidicola,GCA_002749805.1
Aspergillus,Aspergillus arachidicola,GCA_009193545.1
Aspergillus,Aspergillus aspearensis,GCA_044706995.1
Aspergillus,Aspergillus asperescens,GCA_027569075.1
Aspergillus,Aspergillus aurantiobrunneus,GCA_047715765.1
Aspergillus,Aspergillus austwickii,GCA_037043805.1
Aspergillus,Aspergillus avenaceus,GCA_009193465.1
Aspergillus,Aspergillus awamori,GCA_003850985.1
Aspergillus,Aspergillus awamori var. piceus,GCA_001599415.1
Aspergillus,Aspergillus baeticus,GCA_027569055.1
Aspergillus,Aspergillus bertholletiae,GCA_009193595.1
Aspergillus,Aspergillus biplanus,GCA_027569045.1
Aspergillus,Aspergillus bombycis,GCA_001792695.1
Aspergillus,Aspergillus brasiliensis,GCA_027924045.1
Aspergillus,Aspergillus brasiliensis,GCA_027924065.1
Aspergillus,Aspergillus brasiliensis,GCA_027924085.1
Aspergillus,Aspergillus brasiliensis,GCA_037892995.1
Aspergillus,Aspergillus brasiliensis CBS 101740,GCA_001889945.1
Aspergillus,Aspergillus bridgeri,GCA_027569665.1
Aspergillus,Aspergillus brunneoviolaceus CBS 621.78,GCA_003184695.1
Aspergillus,Aspergillus brunneus,GCA_020284055.1
Aspergillus,Aspergillus brunneus,GCA_020284075.1
Aspergillus,Aspergillus caelatus,GCA_009193585.1
Aspergillus,Aspergillus calidoustus,GCA_001511075.1
Aspergillus,Aspergillus calidoustus,GCA_022813285.1
Aspergillus,Aspergillus calidoustus,GCA_022814385.1
Aspergillus,Aspergillus calidoustus,GCA_022814395.1
Aspergillus,Aspergillus calidoustus,GCA_022814485.1
Aspergillus,Aspergillus calidoustus,GCA_022814525.1
Aspergillus,Aspergillus californicus,GCA_045785085.1
Aspergillus,Aspergillus campestris,GCA_037044165.1
Aspergillus,Aspergillus campestris IBT 28561,GCA_002847485.1
Aspergillus,Aspergillus candidus,GCA_002847045.1
Aspergillus,Aspergillus carbonarius ITEM 5010,GCA_001990825.1
Aspergillus,Aspergillus carlsbadensis,GCA_025688815.1
Aspergillus,Aspergillus carlsbadensis,GCA_051168675.1
Aspergillus,Aspergillus cavernicola,GCA_027569065.1
Aspergillus,Aspergillus cavernicola,GCA_044048685.1
Aspergillus,Aspergillus cejpii,GCA_004769165.1
Aspergillus,Aspergillus chevalieri,GCA_001599875.1
Aspergillus,Aspergillus chevalieri,GCA_016861735.1
Aspergillus,Aspergillus chevalieri,GCA_023619785.1
Aspergillus,Aspergillus chevalieri,GCA_023619795.1
Aspergillus,Aspergillus chevalieri,GCA_041430515.1
Aspergillus,Aspergillus chevalieri,GCA_041430555.1
Aspergillus,Aspergillus chevalieri,GCA_045514245.1
Aspergillus,Aspergillus chevalieri,GCA_049306625.1
Aspergillus,Aspergillus clavatus,GCA_023620035.1
Aspergillus,Aspergillus clavatus NRRL 1,GCA_000002715.1
Aspergillus,Aspergillus conjunctus,GCA_027569095.1
Aspergillus,Aspergillus coremiiformis,GCA_009193565.1
Aspergillus,Aspergillus costaricaensis CBS 115574,GCA_003184835.1
Aspergillus,Aspergillus costaricensis,GCA_022814465.1
Aspergillus,Aspergillus costaricensis,GCA_037044335.1
Aspergillus,Aspergillus costiformis,GCA_037044115.1
Aspergillus,Aspergillus creber,GCA_021436935.1
Aspergillus,Aspergillus cristatus,GCA_001693355.1
Aspergillus,Aspergillus cristatus,GCA_001717485.1
Aspergillus,Aspergillus cristatus,GCA_020465965.1
Aspergillus,Aspergillus cristatus,GCA_020466005.1
Aspergillus,Aspergillus cristatus,GCA_025766175.1
Aspergillus,Aspergillus cristatus,GCA_025766235.1
Aspergillus,Aspergillus cristatus,GCA_026770215.1
Aspergillus,Aspergillus cristatus,GCA_034509305.1
Aspergillus,Aspergillus cristatus,GCA_044232405.1
Aspergillus,Aspergillus cristatus,GCA_044706195.1
Aspergillus,Aspergillus cristatus,GCA_054135345.1
Aspergillus,Aspergillus cristatus,GCA_054825215.1
Aspergillus,Aspergillus croceus,GCA_019828945.1
Aspergillus,Aspergillus crustosus,GCA_048571495.1
Aspergillus,Aspergillus cvjetkovicii,GCA_027569695.1
Aspergillus,Aspergillus desertorum,GCA_047715865.1
Aspergillus,Aspergillus destruens,GCA_056320525.1
Aspergillus,Aspergillus destruens,GCA_056321185.1
Aspergillus,Aspergillus diversus,GCA_027569885.1
Aspergillus,Aspergillus egyptiacus,GCA_025688805.1
Aspergillus,Aspergillus elegans,GCA_016097275.1
Aspergillus,Aspergillus ellipticus CBS 707.79,GCA_003184645.1
Aspergillus,Aspergillus eucalypticola CBS 122712,GCA_003184535.1
Aspergillus,Aspergillus falconensis,GCA_047715845.1
Aspergillus,Aspergillus felis,GCA_014281895.1
Aspergillus,Aspergillus felis,GCA_014281915.1
Aspergillus,Aspergillus felis,GCA_016413765.1
Aspergillus,Aspergillus felis,GCA_055755405.1
Aspergillus,Aspergillus fijiensis,GCA_030014135.1
Aspergillus,Aspergillus fijiensis CBS 313.89,GCA_003184825.1
Aspergillus,Aspergillus filifer,GCA_047715815.1
Aspergillus,Aspergillus fischeri,GCA_008711165.1
Aspergillus,Aspergillus fischeri,GCA_008711225.1
Aspergillus,Aspergillus fischeri,GCA_014250575.1
Aspergillus,Aspergillus fischeri,GCA_016748045.1
Aspergillus,Aspergillus fischeri NRRL 181,GCA_000149645.4
Aspergillus,Aspergillus flavus,GCA_001576635.1
Aspergillus,Aspergillus flavus,GCA_001576645.1
Aspergillus,Aspergillus flavus,GCA_001576655.1
Aspergillus,Aspergillus flavus,GCA_001576715.1
Aspergillus,Aspergillus flavus,GCA_001576725.1
Aspergillus,Aspergillus flavus,GCA_001576735.1
Aspergillus,Aspergillus flavus,GCA_001576745.1
Aspergillus,Aspergillus flavus,GCA_001576795.1
Aspergillus,Aspergillus flavus,GCA_001695535.1
Aspergillus,Aspergillus flavus,GCA_002217615.1
Aspergillus,Aspergillus flavus,GCA_002217635.1
Aspergillus,Aspergillus flavus,GCA_002443195.2
Aspergillus,Aspergillus flavus,GCA_002443215.2
Aspergillus,Aspergillus flavus,GCA_002456175.2
Aspergillus,Aspergillus flavus,GCA_002864195.1
Aspergillus,Aspergillus flavus,GCA_003709025.1
Aspergillus,Aspergillus flavus,GCA_003711285.1
Aspergillus,Aspergillus flavus,GCA_003711305.1
Aspergillus,Aspergillus flavus,GCA_003711315.1
Aspergillus,Aspergillus flavus,GCA_003711345.1
Aspergillus,Aspergillus flavus,GCA_003711355.1
Aspergillus,Aspergillus flavus,GCA_003711385.1
Aspergillus,Aspergillus flavus,GCA_003953485.1
Aspergillus,Aspergillus flavus,GCA_003953495.1
Aspergillus,Aspergillus flavus,GCA_003953505.1
Aspergillus,Aspergillus flavus,GCA_003953515.1
Aspergillus,Aspergillus flavus,GCA_003953525.1
Aspergillus,Aspergillus flavus,GCA_003953585.1
Aspergillus,Aspergillus flavus,GCA_003953595.1
Aspergillus,Aspergillus flavus,GCA_003953605.1
Aspergillus,Aspergillus flavus,GCA_003953615.1
Aspergillus,Aspergillus flavus,GCA_003953625.1
Aspergillus,Aspergillus flavus,GCA_003953685.1
Aspergillus,Aspergillus flavus,GCA_003953695.1
Aspergillus,Aspergillus flavus,GCA_003953705.1
Aspergillus,Aspergillus flavus,GCA_003953715.1
Aspergillus,Aspergillus flavus,GCA_003953735.1
Aspergillus,Aspergillus flavus,GCA_003953785.1
Aspergillus,Aspergillus flavus,GCA_003953795.1
Aspergillus,Aspergillus flavus,GCA_003953805.1
Aspergillus,Aspergillus flavus,GCA_003953825.1
Aspergillus,Aspergillus flavus,GCA_003953865.1
Aspergillus,Aspergillus flavus,GCA_003967615.1
Aspergillus,Aspergillus flavus,GCA_003967635.1
Aspergillus,Aspergillus flavus,GCA_003967655.1
Aspergillus,Aspergillus flavus,GCA_003967675.1
Aspergillus,Aspergillus flavus,GCA_003967695.1
Aspergillus,Aspergillus flavus,GCA_003967715.1
Aspergillus,Aspergillus flavus,GCA_003967735.1
Aspergillus,Aspergillus flavus,GCA_003967755.1
Aspergillus,Aspergillus flavus,GCA_003967775.1
Aspergillus,Aspergillus flavus,GCA_003967795.1
Aspergillus,Aspergillus flavus,GCA_004150275.1
Aspergillus,Aspergillus flavus,GCA_004329145.1
Aspergillus,Aspergillus flavus,GCA_008694405.1
Aspergillus,Aspergillus flavus,GCA_008694415.1
Aspergillus,Aspergillus flavus,GCA_008694425.1
Aspergillus,Aspergillus flavus,GCA_008694435.1
Aspergillus,Aspergillus flavus,GCA_009017415.1
Aspergillus,Aspergillus flavus,GCA_009176375.1
Aspergillus,Aspergillus flavus,GCA_009856665.1
Aspergillus,Aspergillus flavus,GCA_011420395.1
Aspergillus,Aspergillus flavus,GCA_011420405.1
Aspergillus,Aspergillus flavus,GCA_011420415.1
Aspergillus,Aspergillus flavus,GCA_011420435.1
Aspergillus,Aspergillus flavus,GCA_012895975.1
Aspergillus,Aspergillus flavus,GCA_012896145.1
Aspergillus,Aspergillus flavus,GCA_012896275.1
Aspergillus,Aspergillus flavus,GCA_012896415.1
Aspergillus,Aspergillus flavus,GCA_012896555.1
Aspergillus,Aspergillus flavus,GCA_012896705.1
Aspergillus,Aspergillus flavus,GCA_012896875.1
Aspergillus,Aspergillus flavus,GCA_012896995.1
Aspergillus,Aspergillus flavus,GCA_012897115.1
Aspergillus,Aspergillus flavus,GCA_012897275.1
Aspergillus,Aspergillus flavus,GCA_013145855.1
Aspergillus,Aspergillus flavus,GCA_013145865.1
Aspergillus,Aspergillus flavus,GCA_013145925.1
Aspergillus,Aspergillus flavus,GCA_013146015.1
Aspergillus,Aspergillus flavus,GCA_013146025.1
Aspergillus,Aspergillus flavus,GCA_013146035.1
Aspergillus,Aspergillus flavus,GCA_013146155.1
Aspergillus,Aspergillus flavus,GCA_013146165.1
Aspergillus,Aspergillus flavus,GCA_013435725.1
Aspergillus,Aspergillus flavus,GCA_013435825.1
Aspergillus,Aspergillus flavus,GCA_013435835.1
Aspergillus,Aspergillus flavus,GCA_013435855.1
Aspergillus,Aspergillus flavus,GCA_013435925.1
Aspergillus,Aspergillus flavus,GCA_013436085.1
Aspergillus,Aspergillus flavus,GCA_013436095.1
Aspergillus,Aspergillus flavus,GCA_013436105.1
Aspergillus,Aspergillus flavus,GCA_013436115.1
Aspergillus,Aspergillus flavus,GCA_013436165.1
Aspergillus,Aspergillus flavus,GCA_013436195.1
Aspergillus,Aspergillus flavus,GCA_013436215.1
Aspergillus,Aspergillus flavus,GCA_013436235.1
Aspergillus,Aspergillus flavus,GCA_013436315.1
Aspergillus,Aspergillus flavus,GCA_013436325.1
Aspergillus,Aspergillus flavus,GCA_013436335.1
Aspergillus,Aspergillus flavus,GCA_013436355.1
Aspergillus,Aspergillus flavus,GCA_013436375.1
Aspergillus,Aspergillus flavus,GCA_013436445.1
Aspergillus,Aspergillus flavus,GCA_013436455.1
Aspergillus,Aspergillus flavus,GCA_014117485.1
Aspergillus,Aspergillus flavus,GCA_014784225.2
Aspergillus,Aspergillus flavus,GCA_018140865.1
Aspergillus,Aspergillus flavus,GCA_018140885.1
Aspergillus,Aspergillus flavus,GCA_019880445.1
Aspergillus,Aspergillus flavus,GCA_020091605.1
Aspergillus,Aspergillus flavus,GCA_023653635.1
Aspergillus,Aspergillus flavus,GCA_024665695.1
Aspergillus,Aspergillus flavus,GCA_024665715.1
Aspergillus,Aspergillus flavus,GCA_024666635.1
Aspergillus,Aspergillus flavus,GCA_024666645.1
Aspergillus,Aspergillus flavus,GCA_024667035.1
Aspergillus,Aspergillus flavus,GCA_024667295.1
Aspergillus,Aspergillus flavus,GCA_024667605.1
Aspergillus,Aspergillus flavus,GCA_024667655.1
Aspergillus,Aspergillus flavus,GCA_024667775.1
Aspergillus,Aspergillus flavus,GCA_024667855.1
Aspergillus,Aspergillus flavus,GCA_024668675.1
Aspergillus,Aspergillus flavus,GCA_024668685.1
Aspergillus,Aspergillus flavus,GCA_024668875.1
Aspergillus,Aspergillus flavus,GCA_024668885.1
Aspergillus,Aspergillus flavus,GCA_024668895.1
Aspergillus,Aspergillus flavus,GCA_024669875.1
Aspergillus,Aspergillus flavus,GCA_024670345.1
Aspergillus,Aspergillus flavus,GCA_024670455.1
Aspergillus,Aspergillus flavus,GCA_024671085.1
Aspergillus,Aspergillus flavus,GCA_024671095.1
Aspergillus,Aspergillus flavus,GCA_024671105.1
Aspergillus,Aspergillus flavus,GCA_024671585.1
Aspergillus,Aspergillus flavus,GCA_024672055.1
Aspergillus,Aspergillus flavus,GCA_024672335.1
Aspergillus,Aspergillus flavus,GCA_024672365.1
Aspergillus,Aspergillus flavus,GCA_024672685.1
Aspergillus,Aspergillus flavus,GCA_024673175.1
Aspergillus,Aspergillus flavus,GCA_024673185.1
Aspergillus,Aspergillus flavus,GCA_024673995.1
Aspergillus,Aspergillus flavus,GCA_024674045.1
Aspergillus,Aspergillus flavus,GCA_024674685.1
Aspergillus,Aspergillus flavus,GCA_024674975.1
Aspergillus,Aspergillus flavus,GCA_024675085.1
Aspergillus,Aspergillus flavus,GCA_024675385.1
Aspergillus,Aspergillus flavus,GCA_024675505.1
Aspergillus,Aspergillus flavus,GCA_024676255.1
Aspergillus,Aspergillus flavus,GCA_024676265.1
Aspergillus,Aspergillus flavus,GCA_024676745.1
Aspergillus,Aspergillus flavus,GCA_024676795.1
Aspergillus,Aspergillus flavus,GCA_024676845.1
Aspergillus,Aspergillus flavus,GCA_024676865.1
Aspergillus,Aspergillus flavus,GCA_024676875.1
Aspergillus,Aspergillus flavus,GCA_024676895.1
Aspergillus,Aspergillus flavus,GCA_024676915.1
Aspergillus,Aspergillus flavus,GCA_024676945.1
Aspergillus,Aspergillus flavus,GCA_024676965.1
Aspergillus,Aspergillus flavus,GCA_024676985.1
Aspergillus,Aspergillus flavus,GCA_024677005.1
Aspergillus,Aspergillus flavus,GCA_024677025.1
Aspergillus,Aspergillus flavus,GCA_024677065.1
Aspergillus,Aspergillus flavus,GCA_024677125.1
Aspergillus,Aspergillus flavus,GCA_024677145.1
Aspergillus,Aspergillus flavus,GCA_024678145.1
Aspergillus,Aspergillus flavus,GCA_024678165.1
Aspergillus,Aspergillus flavus,GCA_024678185.1
Aspergillus,Aspergillus flavus,GCA_024678205.1
Aspergillus,Aspergillus flavus,GCA_024678225.1
Aspergillus,Aspergillus flavus,GCA_024678285.1
Aspergillus,Aspergillus flavus,GCA_024678295.1
Aspergillus,Aspergillus flavus,GCA_024678325.1
Aspergillus,Aspergillus flavus,GCA_024678345.1
Aspergillus,Aspergillus flavus,GCA_024678365.1
Aspergillus,Aspergillus flavus,GCA_024678385.1
Aspergillus,Aspergillus flavus,GCA_024678405.1
Aspergillus,Aspergillus flavus,GCA_024678425.1
Aspergillus,Aspergillus flavus,GCA_024678445.1
Aspergillus,Aspergillus flavus,GCA_024678465.1
Aspergillus,Aspergillus flavus,GCA_024678485.1
Aspergillus,Aspergillus flavus,GCA_024678505.1
Aspergillus,Aspergillus flavus,GCA_024678525.1
Aspergillus,Aspergillus flavus,GCA_024678545.1
Aspergillus,Aspergillus flavus,GCA_024678565.1
Aspergillus,Aspergillus flavus,GCA_024678585.1
Aspergillus,Aspergillus flavus,GCA_024678605.1
Aspergillus,Aspergillus flavus,GCA_024678625.1
Aspergillus,Aspergillus flavus,GCA_024678645.1
Aspergillus,Aspergillus flavus,GCA_024678665.1
Aspergillus,Aspergillus flavus,GCA_024678685.1
Aspergillus,Aspergillus flavus,GCA_024678705.1
Aspergillus,Aspergillus flavus,GCA_024678725.1
Aspergillus,Aspergillus flavus,GCA_024678745.1
Aspergillus,Aspergillus flavus,GCA_024678765.1
Aspergillus,Aspergillus flavus,GCA_024678785.1
Aspergillus,Aspergillus flavus,GCA_024678805.1
Aspergillus,Aspergillus flavus,GCA_024678825.1
Aspergillus,Aspergillus flavus,GCA_024678845.1
Aspergillus,Aspergillus flavus,GCA_024678865.1
Aspergillus,Aspergillus flavus,GCA_024678885.1
Aspergillus,Aspergillus flavus,GCA_024678905.1
Aspergillus,Aspergillus flavus,GCA_024678925.1
Aspergillus,Aspergillus flavus,GCA_024678945.1
Aspergillus,Aspergillus flavus,GCA_025765975.1
Aspergillus,Aspergillus flavus,GCA_025769605.1
Aspergillus,Aspergillus flavus,GCA_025769635.1
Aspergillus,Aspergillus flavus,GCA_025769655.1
Aspergillus,Aspergillus flavus,GCA_025769695.1
Aspergillus,Aspergillus flavus,GCA_025769725.1
Aspergillus,Aspergillus flavus,GCA_025769745.1
Aspergillus,Aspergillus flavus,GCA_025769785.1
Aspergillus,Aspergillus flavus,GCA_025769805.1
Aspergillus,Aspergillus flavus,GCA_025769845.1
Aspergillus,Aspergillus flavus,GCA_026743815.1
Aspergillus,Aspergillus flavus,GCA_026743835.1
Aspergillus,Aspergillus flavus,GCA_026743845.1
Aspergillus,Aspergillus flavus,GCA_027574695.1
Aspergillus,Aspergillus flavus,GCA_029582055.1
Aspergillus,Aspergillus flavus,GCA_030515275.1
Aspergillus,Aspergillus flavus,GCA_030770195.1
Aspergillus,Aspergillus flavus,GCA_030770205.1
Aspergillus,Aspergillus flavus,GCA_031304175.1
Aspergillus,Aspergillus flavus,GCA_031304185.1
Aspergillus,Aspergillus flavus,GCA_031304255.1
Aspergillus,Aspergillus flavus,GCA_031304705.1
Aspergillus,Aspergillus flavus,GCA_031304755.1
Aspergillus,Aspergillus flavus,GCA_031304965.1
Aspergillus,Aspergillus flavus,GCA_031304975.1
Aspergillus,Aspergillus flavus,GCA_031305065.1
Aspergillus,Aspergillus flavus,GCA_031305075.1
Aspergillus,Aspergillus flavus,GCA_031305155.1
Aspergillus,Aspergillus flavus,GCA_031471895.1
Aspergillus,Aspergillus flavus,GCA_031471915.1
Aspergillus,Aspergillus flavus,GCA_031471935.1
Aspergillus,Aspergillus flavus,GCA_031471965.1
Aspergillus,Aspergillus flavus,GCA_031471985.1
Aspergillus,Aspergillus flavus,GCA_034621645.1
Aspergillus,Aspergillus flavus,GCA_034621665.1
Aspergillus,Aspergillus flavus,GCA_037040755.1
Aspergillus,Aspergillus flavus,GCA_037044375.1
Aspergillus,Aspergillus flavus,GCA_039267105.1
Aspergillus,Aspergillus flavus,GCA_039267115.1
Aspergillus,Aspergillus flavus,GCA_039267155.1
Aspergillus,Aspergillus flavus,GCA_039267165.1
Aspergillus,Aspergillus flavus,GCA_039267225.1
Aspergillus,Aspergillus flavus,GCA_039267495.1
Aspergillus,Aspergillus flavus,GCA_039267505.1
Aspergillus,Aspergillus flavus,GCA_039267535.1
Aspergillus,Aspergillus flavus,GCA_039267545.1
Aspergillus,Aspergillus flavus,GCA_039267615.1
Aspergillus,Aspergillus flavus,GCA_039267855.1
Aspergillus,Aspergillus flavus,GCA_039267875.1
Aspergillus,Aspergillus flavus,GCA_039267895.1
Aspergillus,Aspergillus flavus,GCA_039267915.1
Aspergillus,Aspergillus flavus,GCA_039268055.1
Aspergillus,Aspergillus flavus,GCA_039268115.1
Aspergillus,Aspergillus flavus,GCA_042608585.1
Aspergillus,Aspergillus flavus,GCA_042608595.1
Aspergillus,Aspergillus flavus,GCA_042608605.1
Aspergillus,Aspergillus flavus,GCA_042608625.1
Aspergillus,Aspergillus flavus,GCA_042608645.1
Aspergillus,Aspergillus flavus,GCA_042608685.1
Aspergillus,Aspergillus flavus,GCA_042608695.1
Aspergillus,Aspergillus flavus,GCA_042608725.1
Aspergillus,Aspergillus flavus,GCA_042608735.1
Aspergillus,Aspergillus flavus,GCA_042608745.1
Aspergillus,Aspergillus flavus,GCA_042608785.1
Aspergillus,Aspergillus flavus,GCA_042608795.1
Aspergillus,Aspergillus flavus,GCA_042608805.1
Aspergillus,Aspergillus flavus,GCA_042608825.1
Aspergillus,Aspergillus flavus,GCA_042608855.1
Aspergillus,Aspergillus flavus,GCA_042608885.1
Aspergillus,Aspergillus flavus,GCA_042608895.1
Aspergillus,Aspergillus flavus,GCA_042608905.1
Aspergillus,Aspergillus flavus,GCA_042608915.1
Aspergillus,Aspergillus flavus,GCA_042608925.1
Aspergillus,Aspergillus flavus,GCA_042608985.1
Aspergillus,Aspergillus flavus,GCA_042608995.1
Aspergillus,Aspergillus flavus,GCA_042609005.1
Aspergillus,Aspergillus flavus,GCA_042609015.1
Aspergillus,Aspergillus flavus,GCA_042609025.1
Aspergillus,Aspergillus flavus,GCA_042609085.1
Aspergillus,Aspergillus flavus,GCA_042609095.1
Aspergillus,Aspergillus flavus,GCA_042609105.1
Aspergillus,Aspergillus flavus,GCA_042609115.1
Aspergillus,Aspergillus flavus,GCA_042609135.1
Aspergillus,Aspergillus flavus,GCA_042609175.1
Aspergillus,Aspergillus flavus,GCA_042609195.1
Aspergillus,Aspergillus flavus,GCA_042609205.1
Aspergillus,Aspergillus flavus,GCA_042609225.1
Aspergillus,Aspergillus flavus,GCA_042609255.1
Aspergillus,Aspergillus flavus,GCA_042609265.1
Aspergillus,Aspergillus flavus,GCA_042609275.1
Aspergillus,Aspergillus flavus,GCA_042609295.1
Aspergillus,Aspergillus flavus,GCA_042609345.1
Aspergillus,Aspergillus flavus,GCA_042609365.1
Aspergillus,Aspergillus flavus,GCA_042931535.1
Aspergillus,Aspergillus flavus,GCA_042931575.1
Aspergillus,Aspergillus flavus,GCA_042931675.1
Aspergillus,Aspergillus flavus,GCA_042931695.1
Aspergillus,Aspergillus flavus,GCA_042931735.1
Aspergillus,Aspergillus flavus,GCA_042931755.1
Aspergillus,Aspergillus flavus,GCA_042931795.1
Aspergillus,Aspergillus flavus,GCA_042931815.1
Aspergillus,Aspergillus flavus,GCA_044589465.1
Aspergillus,Aspergillus flavus,GCA_050947185.1
Aspergillus,Aspergillus flavus,GCA_052814715.1
Aspergillus,Aspergillus flavus,GCA_052814735.1
Aspergillus,Aspergillus flavus,GCA_052814805.1
Aspergillus,Aspergillus flavus,GCA_052815365.1
Aspergillus,Aspergillus flavus,GCA_052815425.1
Aspergillus,Aspergillus flavus,GCA_052815445.1
Aspergillus,Aspergillus flavus,GCA_052815505.1
Aspergillus,Aspergillus flavus,GCA_052815525.1
Aspergillus,Aspergillus flavus,GCA_052815545.1
Aspergillus,Aspergillus flavus,GCA_052815585.1
Aspergillus,Aspergillus flavus,GCA_052815605.1
Aspergillus,Aspergillus flavus,GCA_052815635.1
Aspergillus,Aspergillus flavus,GCA_054134075.1
Aspergillus,Aspergillus flavus,GCA_054134085.1
Aspergillus,Aspergillus flavus,GCA_054134095.1
Aspergillus,Aspergillus flavus,GCA_054134195.1
Aspergillus,Aspergillus flavus,GCA_054134225.1
Aspergillus,Aspergillus flavus,GCA_054134245.1
Aspergillus,Aspergillus flavus,GCA_054771975.1
Aspergillus,Aspergillus flavus,GCA_054771995.1
Aspergillus,Aspergillus flavus,GCA_054772015.1
Aspergillus,Aspergillus flavus,GCA_054772035.1
Aspergillus,Aspergillus flavus,GCA_055672005.1
Aspergillus,Aspergillus flavus,GCA_055672025.1
Aspergillus,Aspergillus flavus,GCA_055697395.1
Aspergillus,Aspergillus flavus,GCA_055697435.1
Aspergillus,Aspergillus flavus AF70,GCA_000952835.1
Aspergillus,Aspergillus flavus NRRL3357,GCA_000006275.3
Aspergillus,Aspergillus flavus NRRL3357,GCA_014117465.1
Aspergillus,Aspergillus floccosus,GCA_048565125.1
Aspergillus,Aspergillus floridensis,GCA_012184565.1
Aspergillus,Aspergillus foetidus,GCA_037044355.1
Aspergillus,Aspergillus foveolatus,GCA_047715535.1
Aspergillus,Aspergillus fructus,GCA_027569115.1
Aspergillus,Aspergillus fruticulosus,GCA_047715895.1
Aspergillus,Aspergillus fumigatiaffinis,GCA_012656225.1
Aspergillus,Aspergillus fumigatiaffinis,GCA_012656285.1
Aspergillus,Aspergillus fumigatiaffinis,GCA_012656295.1
Aspergillus,Aspergillus fumigatiaffinis,GCA_012656325.1
Aspergillus,Aspergillus fumigatus,GCA_000731615.1
Aspergillus,Aspergillus fumigatus,GCA_001643655.1
Aspergillus,Aspergillus fumigatus,GCA_001643665.1
Aspergillus,Aspergillus fumigatus,GCA_001715275.2
Aspergillus,Aspergillus fumigatus,GCA_002234955.1
Aspergillus,Aspergillus fumigatus,GCA_002234985.1
Aspergillus,Aspergillus fumigatus,GCA_003069565.1
Aspergillus,Aspergillus fumigatus,GCA_003116565.1
Aspergillus,Aspergillus fumigatus,GCA_012656115.1
Aspergillus,Aspergillus fumigatus,GCA_012656125.1
Aspergillus,Aspergillus fumigatus,GCA_012656165.1
Aspergillus,Aspergillus fumigatus,GCA_012656185.1
Aspergillus,Aspergillus fumigatus,GCA_012656215.1
Aspergillus,Aspergillus fumigatus,GCA_015571995.1
Aspergillus,Aspergillus fumigatus,GCA_015572005.1
Aspergillus,Aspergillus fumigatus,GCA_015572015.1
Aspergillus,Aspergillus fumigatus,GCA_015572025.1
Aspergillus,Aspergillus fumigatus,GCA_015586125.1
Aspergillus,Aspergillus fumigatus,GCA_018804105.1
Aspergillus,Aspergillus fumigatus,GCA_020498725.1
Aspergillus,Aspergillus fumigatus,GCA_020498735.1
Aspergillus,Aspergillus fumigatus,GCA_020498745.1
Aspergillus,Aspergillus fumigatus,GCA_020498755.1
Aspergillus,Aspergillus fumigatus,GCA_020498765.1
Aspergillus,Aspergillus fumigatus,GCA_020498805.1
Aspergillus,Aspergillus fumigatus,GCA_020498815.1
Aspergillus,Aspergillus fumigatus,GCA_020498865.1
Aspergillus,Aspergillus fumigatus,GCA_020498875.1
Aspergillus,Aspergillus fumigatus,GCA_020498885.1
Aspergillus,Aspergillus fumigatus,GCA_020498895.1
Aspergillus,Aspergillus fumigatus,GCA_020498905.1
Aspergillus,Aspergillus fumigatus,GCA_020498945.1
Aspergillus,Aspergillus fumigatus,GCA_020498965.1
Aspergillus,Aspergillus fumigatus,GCA_020498985.1
Aspergillus,Aspergillus fumigatus,GCA_020499005.1
Aspergillus,Aspergillus fumigatus,GCA_020499015.1
Aspergillus,Aspergillus fumigatus,GCA_020499035.1
Aspergillus,Aspergillus fumigatus,GCA_020499045.1
Aspergillus,Aspergillus fumigatus,GCA_020499075.1
Aspergillus,Aspergillus fumigatus,GCA_020499115.1
Aspergillus,Aspergillus fumigatus,GCA_020499125.1
Aspergillus,Aspergillus fumigatus,GCA_020499135.1
Aspergillus,Aspergillus fumigatus,GCA_020499155.1
Aspergillus,Aspergillus fumigatus,GCA_020499185.1
Aspergillus,Aspergillus fumigatus,GCA_020499195.1
Aspergillus,Aspergillus fumigatus,GCA_020499225.1
Aspergillus,Aspergillus fumigatus,GCA_020499245.1
Aspergillus,Aspergillus fumigatus,GCA_020499255.1
Aspergillus,Aspergillus fumigatus,GCA_020499265.1
Aspergillus,Aspergillus fumigatus,GCA_020499315.1
Aspergillus,Aspergillus fumigatus,GCA_020499325.1
Aspergillus,Aspergillus fumigatus,GCA_020499335.1
Aspergillus,Aspergillus fumigatus,GCA_020499355.1
Aspergillus,Aspergillus fumigatus,GCA_020499395.1
Aspergillus,Aspergillus fumigatus,GCA_020499405.1
Aspergillus,Aspergillus fumigatus,GCA_020499415.1
Aspergillus,Aspergillus fumigatus,GCA_020499455.1
Aspergillus,Aspergillus fumigatus,GCA_020499475.1
Aspergillus,Aspergillus fumigatus,GCA_020499485.1
Aspergillus,Aspergillus fumigatus,GCA_020499495.1
Aspergillus,Aspergillus fumigatus,GCA_020499505.1
Aspergillus,Aspergillus fumigatus,GCA_020499565.1
Aspergillus,Aspergillus fumigatus,GCA_020499575.1
Aspergillus,Aspergillus fumigatus,GCA_020499585.1
Aspergillus,Aspergillus fumigatus,GCA_020499595.1
Aspergillus,Aspergillus fumigatus,GCA_020499605.1
Aspergillus,Aspergillus fumigatus,GCA_020499645.1
Aspergillus,Aspergillus fumigatus,GCA_020499675.1
Aspergillus,Aspergillus fumigatus,GCA_020499685.1
Aspergillus,Aspergillus fumigatus,GCA_020499695.1
Aspergillus,Aspergillus fumigatus,GCA_020499715.1
Aspergillus,Aspergillus fumigatus,GCA_020499755.1
Aspergillus,Aspergillus fumigatus,GCA_020499775.1
Aspergillus,Aspergillus fumigatus,GCA_020499785.1
Aspergillus,Aspergillus fumigatus,GCA_020499805.1
Aspergillus,Aspergillus fumigatus,GCA_020499815.1
Aspergillus,Aspergillus fumigatus,GCA_020499825.1
Aspergillus,Aspergillus fumigatus,GCA_020499865.1
Aspergillus,Aspergillus fumigatus,GCA_020499885.1
Aspergillus,Aspergillus fumigatus,GCA_020499905.1
Aspergillus,Aspergillus fumigatus,GCA_020499915.1
Aspergillus,Aspergillus fumigatus,GCA_020499935.1
Aspergillus,Aspergillus fumigatus,GCA_020499975.1
Aspergillus,Aspergillus fumigatus,GCA_020499985.1
Aspergillus,Aspergillus fumigatus,GCA_020499995.1
Aspergillus,Aspergillus fumigatus,GCA_020500025.1
Aspergillus,Aspergillus fumigatus,GCA_020500065.1
Aspergillus,Aspergillus fumigatus,GCA_020500075.1
Aspergillus,Aspergillus fumigatus,GCA_020500085.1
Aspergillus,Aspergillus fumigatus,GCA_020500105.1
Aspergillus,Aspergillus fumigatus,GCA_020500115.1
Aspergillus,Aspergillus fumigatus,GCA_020500165.1
Aspergillus,Aspergillus fumigatus,GCA_020500185.1
Aspergillus,Aspergillus fumigatus,GCA_020500195.1
Aspergillus,Aspergillus fumigatus,GCA_020500205.1
Aspergillus,Aspergillus fumigatus,GCA_020500215.1
Aspergillus,Aspergillus fumigatus,GCA_020500235.1
Aspergillus,Aspergillus fumigatus,GCA_020500275.1
Aspergillus,Aspergillus fumigatus,GCA_020500285.1
Aspergillus,Aspergillus fumigatus,GCA_020500295.1
Aspergillus,Aspergillus fumigatus,GCA_020500305.1
Aspergillus,Aspergillus fumigatus,GCA_020500355.1
Aspergillus,Aspergillus fumigatus,GCA_020500365.1
Aspergillus,Aspergillus fumigatus,GCA_020500385.1
Aspergillus,Aspergillus fumigatus,GCA_020500395.1
Aspergillus,Aspergillus fumigatus,GCA_020500445.1
Aspergillus,Aspergillus fumigatus,GCA_020500455.1
Aspergillus,Aspergillus fumigatus,GCA_020500465.1
Aspergillus,Aspergillus fumigatus,GCA_020500475.1
Aspergillus,Aspergillus fumigatus,GCA_020500485.1
Aspergillus,Aspergillus fumigatus,GCA_020500535.1
Aspergillus,Aspergillus fumigatus,GCA_020500545.1
Aspergillus,Aspergillus fumigatus,GCA_020500555.1
Aspergillus,Aspergillus fumigatus,GCA_020500565.1
Aspergillus,Aspergillus fumigatus,GCA_020500595.1
Aspergillus,Aspergillus fumigatus,GCA_020500605.1
Aspergillus,Aspergillus fumigatus,GCA_020500645.1
Aspergillus,Aspergillus fumigatus,GCA_020500655.1
Aspergillus,Aspergillus fumigatus,GCA_020500685.1
Aspergillus,Aspergillus fumigatus,GCA_020500695.1
Aspergillus,Aspergillus fumigatus,GCA_020500705.1
Aspergillus,Aspergillus fumigatus,GCA_020500765.1
Aspergillus,Aspergillus fumigatus,GCA_020500775.1
Aspergillus,Aspergillus fumigatus,GCA_020500785.1
Aspergillus,Aspergillus fumigatus,GCA_020500805.1
Aspergillus,Aspergillus fumigatus,GCA_020500815.1
Aspergillus,Aspergillus fumigatus,GCA_020500845.1
Aspergillus,Aspergillus fumigatus,GCA_020500865.1
Aspergillus,Aspergillus fumigatus,GCA_020500875.1
Aspergillus,Aspergillus fumigatus,GCA_020500905.1
Aspergillus,Aspergillus fumigatus,GCA_020500935.1
Aspergillus,Aspergillus fumigatus,GCA_020500945.1
Aspergillus,Aspergillus fumigatus,GCA_020500965.1
Aspergillus,Aspergillus fumigatus,GCA_020500975.1
Aspergillus,Aspergillus fumigatus,GCA_020500995.1
Aspergillus,Aspergillus fumigatus,GCA_020501005.1
Aspergillus,Aspergillus fumigatus,GCA_020501045.1
Aspergillus,Aspergillus fumigatus,GCA_020501075.1
Aspergillus,Aspergillus fumigatus,GCA_020501095.1
Aspergillus,Aspergillus fumigatus,GCA_020501105.1
Aspergillus,Aspergillus fumigatus,GCA_020501115.1
Aspergillus,Aspergillus fumigatus,GCA_020501135.1
Aspergillus,Aspergillus fumigatus,GCA_020501145.1
Aspergillus,Aspergillus fumigatus,GCA_020501175.1
Aspergillus,Aspergillus fumigatus,GCA_020501185.1
Aspergillus,Aspergillus fumigatus,GCA_020501235.1
Aspergillus,Aspergillus fumigatus,GCA_020501245.1
Aspergillus,Aspergillus fumigatus,GCA_020501255.1
Aspergillus,Aspergillus fumigatus,GCA_020501265.1
Aspergillus,Aspergillus fumigatus,GCA_020501325.1
Aspergillus,Aspergillus fumigatus,GCA_020501335.1
Aspergillus,Aspergillus fumigatus,GCA_020501345.1
Aspergillus,Aspergillus fumigatus,GCA_020501355.1
Aspergillus,Aspergillus fumigatus,GCA_020501375.1
Aspergillus,Aspergillus fumigatus,GCA_020501405.1
Aspergillus,Aspergillus fumigatus,GCA_020501425.1
Aspergillus,Aspergillus fumigatus,GCA_020501445.1
Aspergillus,Aspergillus fumigatus,GCA_020501465.1
Aspergillus,Aspergillus fumigatus,GCA_020501475.1
Aspergillus,Aspergillus fumigatus,GCA_020501495.1
Aspergillus,Aspergillus fumigatus,GCA_020501535.1
Aspergillus,Aspergillus fumigatus,GCA_020501545.1
Aspergillus,Aspergillus fumigatus,GCA_020501555.1
Aspergillus,Aspergillus fumigatus,GCA_020501575.1
Aspergillus,Aspergillus fumigatus,GCA_020501605.1
Aspergillus,Aspergillus fumigatus,GCA_020501615.1
Aspergillus,Aspergillus fumigatus,GCA_020501635.1
Aspergillus,Aspergillus fumigatus,GCA_020501645.1
Aspergillus,Aspergillus fumigatus,GCA_020501695.1
Aspergillus,Aspergillus fumigatus,GCA_020501705.1
Aspergillus,Aspergillus fumigatus,GCA_020501715.1
Aspergillus,Aspergillus fumigatus,GCA_020501735.1
Aspergillus,Aspergillus fumigatus,GCA_020501765.1
Aspergillus,Aspergillus fumigatus,GCA_020501785.1
Aspergillus,Aspergillus fumigatus,GCA_020501805.1
Aspergillus,Aspergillus fumigatus,GCA_020501815.1
Aspergillus,Aspergillus fumigatus,GCA_020501835.1
Aspergillus,Aspergillus fumigatus,GCA_020501875.1
Aspergillus,Aspergillus fumigatus,GCA_020501885.1
Aspergillus,Aspergillus fumigatus,GCA_020501895.1
Aspergillus,Aspergillus fumigatus,GCA_020501905.1
Aspergillus,Aspergillus fumigatus,GCA_020501935.1
Aspergillus,Aspergillus fumigatus,GCA_020501985.1
Aspergillus,Aspergillus fumigatus,GCA_020501995.1
Aspergillus,Aspergillus fumigatus,GCA_020502005.1
Aspergillus,Aspergillus fumigatus,GCA_020502025.1
Aspergillus,Aspergillus fumigatus,GCA_020502035.1
Aspergillus,Aspergillus fumigatus,GCA_020502045.1
Aspergillus,Aspergillus fumigatus,GCA_020502095.1
Aspergillus,Aspergillus fumigatus,GCA_020502105.1
Aspergillus,Aspergillus fumigatus,GCA_020502115.1
Aspergillus,Aspergillus fumigatus,GCA_020502125.1
Aspergillus,Aspergillus fumigatus,GCA_020502165.1
Aspergillus,Aspergillus fumigatus,GCA_020502185.1
Aspergillus,Aspergillus fumigatus,GCA_020502215.1
Aspergillus,Aspergillus fumigatus,GCA_020502225.1
Aspergillus,Aspergillus fumigatus,GCA_020502235.1
Aspergillus,Aspergillus fumigatus,GCA_020502245.1
Aspergillus,Aspergillus fumigatus,GCA_020502325.1
Aspergillus,Aspergillus fumigatus,GCA_020502335.1
Aspergillus,Aspergillus fumigatus,GCA_020502365.1
Aspergillus,Aspergillus fumigatus,GCA_020502375.1
Aspergillus,Aspergillus fumigatus,GCA_020502385.1
Aspergillus,Aspergillus fumigatus,GCA_020502425.1
Aspergillus,Aspergillus fumigatus,GCA_020502435.1
Aspergillus,Aspergillus fumigatus,GCA_020502455.1
Aspergillus,Aspergillus fumigatus,GCA_020502485.1
Aspergillus,Aspergillus fumigatus,GCA_020502495.1
Aspergillus,Aspergillus fumigatus,GCA_020502525.1
Aspergillus,Aspergillus fumigatus,GCA_020502545.1
Aspergillus,Aspergillus fumigatus,GCA_020502575.1
Aspergillus,Aspergillus fumigatus,GCA_020502595.1
Aspergillus,Aspergillus fumigatus,GCA_020502605.1
Aspergillus,Aspergillus fumigatus,GCA_020502615.1
Aspergillus,Aspergillus fumigatus,GCA_020502625.1
Aspergillus,Aspergillus fumigatus,GCA_020502675.1
Aspergillus,Aspergillus fumigatus,GCA_020502695.1
Aspergillus,Aspergillus fumigatus,GCA_020502705.1
Aspergillus,Aspergillus fumigatus,GCA_020502715.1
Aspergillus,Aspergillus fumigatus,GCA_020502725.1
Aspergillus,Aspergillus fumigatus,GCA_020502875.1
Aspergillus,Aspergillus fumigatus,GCA_020502985.1
Aspergillus,Aspergillus fumigatus,GCA_020502995.1
Aspergillus,Aspergillus fumigatus,GCA_020503015.1
Aspergillus,Aspergillus fumigatus,GCA_020503055.1
Aspergillus,Aspergillus fumigatus,GCA_020503065.1
Aspergillus,Aspergillus fumigatus,GCA_020503085.1
Aspergillus,Aspergillus fumigatus,GCA_020503095.1
Aspergillus,Aspergillus fumigatus,GCA_020503105.1
Aspergillus,Aspergillus fumigatus,GCA_020503165.1
Aspergillus,Aspergillus fumigatus,GCA_020503175.1
Aspergillus,Aspergillus fumigatus,GCA_020503185.1
Aspergillus,Aspergillus fumigatus,GCA_020503195.1
Aspergillus,Aspergillus fumigatus,GCA_020503205.1
Aspergillus,Aspergillus fumigatus,GCA_020503245.1
Aspergillus,Aspergillus fumigatus,GCA_020503265.1
Aspergillus,Aspergillus fumigatus,GCA_020503275.1
Aspergillus,Aspergillus fumigatus,GCA_020503295.1
Aspergillus,Aspergillus fumigatus,GCA_020503305.1
Aspergillus,Aspergillus fumigatus,GCA_020503345.1
Aspergillus,Aspergillus fumigatus,GCA_020503365.1
Aspergillus,Aspergillus fumigatus,GCA_020503375.1
Aspergillus,Aspergillus fumigatus,GCA_020503395.1
Aspergillus,Aspergillus fumigatus,GCA_020503435.1
Aspergillus,Aspergillus fumigatus,GCA_020503445.1
Aspergillus,Aspergillus fumigatus,GCA_020503455.1
Aspergillus,Aspergillus fumigatus,GCA_020503465.1
Aspergillus,Aspergillus fumigatus,GCA_020503515.1
Aspergillus,Aspergillus fumigatus,GCA_020503535.1
Aspergillus,Aspergillus fumigatus,GCA_020503545.1
Aspergillus,Aspergillus fumigatus,GCA_020503555.1
Aspergillus,Aspergillus fumigatus,GCA_020503565.1
Aspergillus,Aspergillus fumigatus,GCA_020503595.1
Aspergillus,Aspergillus fumigatus,GCA_020503635.1
Aspergillus,Aspergillus fumigatus,GCA_020503645.1
Aspergillus,Aspergillus fumigatus,GCA_020503665.1
Aspergillus,Aspergillus fumigatus,GCA_020503705.1
Aspergillus,Aspergillus fumigatus,GCA_020503715.1
Aspergillus,Aspergillus fumigatus,GCA_020503725.1
Aspergillus,Aspergillus fumigatus,GCA_020503735.1
Aspergillus,Aspergillus fumigatus,GCA_020503745.1
Aspergillus,Aspergillus fumigatus,GCA_020503795.1
Aspergillus,Aspergillus fumigatus,GCA_020503805.1
Aspergillus,Aspergillus fumigatus,GCA_020503815.1
Aspergillus,Aspergillus fumigatus,GCA_020503825.1
Aspergillus,Aspergillus fumigatus,GCA_020503885.1
Aspergillus,Aspergillus fumigatus,GCA_020503895.1
Aspergillus,Aspergillus fumigatus,GCA_020503905.1
Aspergillus,Aspergillus fumigatus,GCA_020503915.1
Aspergillus,Aspergillus fumigatus,GCA_020503935.1
Aspergillus,Aspergillus fumigatus,GCA_020510485.1
Aspergillus,Aspergillus fumigatus,GCA_023620045.1
Aspergillus,Aspergillus fumigatus,GCA_023620055.1
Aspergillus,Aspergillus fumigatus,GCA_023620085.1
Aspergillus,Aspergillus fumigatus,GCA_023620105.1
Aspergillus,Aspergillus fumigatus,GCA_023620135.1
Aspergillus,Aspergillus fumigatus,GCA_023620155.1
Aspergillus,Aspergillus fumigatus,GCA_023620165.1
Aspergillus,Aspergillus fumigatus,GCA_023620175.1
Aspergillus,Aspergillus fumigatus,GCA_023620195.1
Aspergillus,Aspergillus fumigatus,GCA_023620225.1
Aspergillus,Aspergillus fumigatus,GCA_023620235.1
Aspergillus,Aspergillus fumigatus,GCA_023620255.1
Aspergillus,Aspergillus fumigatus,GCA_023620275.1
Aspergillus,Aspergillus fumigatus,GCA_023620295.1
Aspergillus,Aspergillus fumigatus,GCA_023620325.1
Aspergillus,Aspergillus fumigatus,GCA_023620335.1
Aspergillus,Aspergillus fumigatus,GCA_023620365.1
Aspergillus,Aspergillus fumigatus,GCA_023620375.1
Aspergillus,Aspergillus fumigatus,GCA_023620605.1
Aspergillus,Aspergillus fumigatus,GCA_023620755.1
Aspergillus,Aspergillus fumigatus,GCA_023620795.1
Aspergillus,Aspergillus fumigatus,GCA_023620825.1
Aspergillus,Aspergillus fumigatus,GCA_023620835.1
Aspergillus,Aspergillus fumigatus,GCA_023620865.1
Aspergillus,Aspergillus fumigatus,GCA_023620875.1
Aspergillus,Aspergillus fumigatus,GCA_023620895.1
Aspergillus,Aspergillus fumigatus,GCA_023620925.1
Aspergillus,Aspergillus fumigatus,GCA_023620935.1
Aspergillus,Aspergillus fumigatus,GCA_023620975.1
Aspergillus,Aspergillus fumigatus,GCA_023620985.1
Aspergillus,Aspergillus fumigatus,GCA_023620995.1
Aspergillus,Aspergillus fumigatus,GCA_023621025.1
Aspergillus,Aspergillus fumigatus,GCA_023621035.1
Aspergillus,Aspergillus fumigatus,GCA_023621065.1
Aspergillus,Aspergillus fumigatus,GCA_023621075.1
Aspergillus,Aspergillus fumigatus,GCA_024220425.1
Aspergillus,Aspergillus fumigatus,GCA_025118165.1
Aspergillus,Aspergillus fumigatus,GCA_025201645.1
Aspergillus,Aspergillus fumigatus,GCA_025765995.1
Aspergillus,Aspergillus fumigatus,GCA_025766045.1
Aspergillus,Aspergillus fumigatus,GCA_025766085.1
Aspergillus,Aspergillus fumigatus,GCA_025766105.1
Aspergillus,Aspergillus fumigatus,GCA_025766145.1
Aspergillus,Aspergillus fumigatus,GCA_028752175.1
Aspergillus,Aspergillus fumigatus,GCA_028752205.1
Aspergillus,Aspergillus fumigatus,GCA_029618165.1
Aspergillus,Aspergillus fumigatus,GCA_029618175.1
Aspergillus,Aspergillus fumigatus,GCA_029618185.1
Aspergillus,Aspergillus fumigatus,GCA_029618195.1
Aspergillus,Aspergillus fumigatus,GCA_029618205.1
Aspergillus,Aspergillus fumigatus,GCA_029618225.1
Aspergillus,Aspergillus fumigatus,GCA_029618255.1
Aspergillus,Aspergillus fumigatus,GCA_029618275.1
Aspergillus,Aspergillus fumigatus,GCA_029618285.1
Aspergillus,Aspergillus fumigatus,GCA_029618305.1
Aspergillus,Aspergillus fumigatus,GCA_029618335.1
Aspergillus,Aspergillus fumigatus,GCA_032627265.1
Aspergillus,Aspergillus fumigatus,GCA_037040925.1
Aspergillus,Aspergillus fumigatus,GCA_040126065.1
Aspergillus,Aspergillus fumigatus,GCA_040142845.1
Aspergillus,Aspergillus fumigatus,GCA_040142855.1
Aspergillus,Aspergillus fumigatus,GCA_040142865.1
Aspergillus,Aspergillus fumigatus,GCA_040142875.1
Aspergillus,Aspergillus fumigatus,GCA_040142885.1
Aspergillus,Aspergillus fumigatus,GCA_040142945.1
Aspergillus,Aspergillus fumigatus,GCA_040142955.1
Aspergillus,Aspergillus fumigatus,GCA_040142975.1
Aspergillus,Aspergillus fumigatus,GCA_040167795.1
Aspergillus,Aspergillus fumigatus,GCA_040167805.1
Aspergillus,Aspergillus fumigatus,GCA_044589475.1
Aspergillus,Aspergillus fumigatus,GCA_044589545.1
Aspergillus,Aspergillus fumigatus,GCA_045820835.1
Aspergillus,Aspergillus fumigatus,GCA_046867075.2
Aspergillus,Aspergillus fumigatus,GCA_046867235.2
Aspergillus,Aspergillus fumigatus,GCA_046867255.2
Aspergillus,Aspergillus fumigatus,GCA_048595945.2
Aspergillus,Aspergillus fumigatus,GCA_049901915.1
Aspergillus,Aspergillus fumigatus,GCA_051225625.1
Aspergillus,Aspergillus fumigatus,GCA_051911435.1
Aspergillus,Aspergillus fumigatus,GCA_051942955.1
Aspergillus,Aspergillus fumigatus A1163,GCA_000150145.1
Aspergillus,Aspergillus fumigatus AF210,GCA_000225645.2
Aspergillus,Aspergillus fumigatus Af10,GCA_000225625.2
Aspergillus,Aspergillus fumigatus Af293,GCA_000002655.1
Aspergillus,Aspergillus fumigatus Z5,GCA_001029325.1
Aspergillus,Aspergillus fumigatus var. fumigatus,GCA_001599455.1
Aspergillus,Aspergillus funiculosus,GCA_027569145.1
Aspergillus,Aspergillus germanicus,GCA_045785125.1
Aspergillus,Aspergillus glaucus CBS 516.65,GCA_001890805.1
Aspergillus,Aspergillus granulosus,GCA_044048675.1
Aspergillus,Aspergillus haitiensis,GCA_027569155.1
Aspergillus,Aspergillus hancockii,GCA_001696595.2
Aspergillus,Aspergillus heteromorphus CBS 117.55,GCA_003184545.1
Aspergillus,Aspergillus heterothallicus,GCA_045784785.1
Aspergillus,Aspergillus hiratsukae,GCA_014281905.1
Aspergillus,Aspergillus hiratsukae,GCA_014281935.1
Aspergillus,Aspergillus homomorphus CBS 101889,GCA_003184865.1
Aspergillus,Aspergillus hortae,GCA_032158085.1
Aspergillus,Aspergillus hortae,GCA_032158105.1
Aspergillus,Aspergillus hortae,GCA_032158215.1
Aspergillus,Aspergillus ibericus CBS 121593,GCA_003184845.1
Aspergillus,Aspergillus incahuasiensis,GCA_003719405.1
Aspergillus,Aspergillus indologenus CBS 114.80,GCA_003184685.1
Aspergillus,Aspergillus insuetus,GCA_045784725.1
Aspergillus,Aspergillus intermedius,GCA_027569185.1
Aspergillus,Aspergillus intermedius,GCA_039880815.1
Aspergillus,Aspergillus japonicus,GCA_016808025.1
Aspergillus,Aspergillus japonicus,GCA_023625335.1
Aspergillus,Aspergillus japonicus CBS 114.51,GCA_003184785.1
Aspergillus,Aspergillus jensenii,GCA_021437015.1
Aspergillus,Aspergillus jensenii,GCA_037043905.1
Aspergillus,Aspergillus karnatakaensis,GCA_047715665.1
Aspergillus,Aspergillus kassunensis,GCA_027569205.1
Aspergillus,Aspergillus keveii,GCA_044089335.1
Aspergillus,Aspergillus latus,GCA_013305935.1
Aspergillus,Aspergillus latus,GCA_013305975.1
Aspergillus,Aspergillus latus,GCA_013305995.1
Aspergillus,Aspergillus latus,GCA_013306175.1
Aspergillus,Aspergillus latus,GCA_013306195.1
Aspergillus,Aspergillus latus,GCA_013306215.1
Aspergillus,Aspergillus latus,GCA_013306895.1
Aspergillus,Aspergillus latus,GCA_041682755.1
Aspergillus,Aspergillus latus,GCA_041682775.1
Aspergillus,Aspergillus latus,GCA_041682785.1
Aspergillus,Aspergillus latus,GCA_041682805.1
Aspergillus,Aspergillus latus,GCA_041684185.1
Aspergillus,Aspergillus latus,GCA_041684415.1
Aspergillus,Aspergillus latus,GCA_041684435.1
Aspergillus,Aspergillus latus,GCA_041684455.1
Aspergillus,Aspergillus latus,GCA_041684475.1
Aspergillus,Aspergillus latus,GCA_041684495.1
Aspergillus,Aspergillus latus,GCA_041684515.1
Aspergillus,Aspergillus latus,GCA_041684535.1
Aspergillus,Aspergillus latus,GCA_041684555.1
Aspergillus,Aspergillus latus,GCA_041684575.1
Aspergillus,Aspergillus latus,GCA_041684595.1
Aspergillus,Aspergillus latus,GCA_041684615.1
Aspergillus,Aspergillus latus,GCA_041684635.1
Aspergillus,Aspergillus latus,GCA_041684655.1
Aspergillus,Aspergillus latus,GCA_041684675.1
Aspergillus,Aspergillus latus,GCA_041684695.1
Aspergillus,Aspergillus latus,GCA_041684715.1
Aspergillus,Aspergillus latus,GCA_041684755.1
Aspergillus,Aspergillus lentulus,GCA_001445615.2
Aspergillus,Aspergillus lentulus,GCA_010723975.1
Aspergillus,Aspergillus lentulus,GCA_010724455.1
Aspergillus,Aspergillus lentulus,GCA_010724575.1
Aspergillus,Aspergillus lentulus,GCA_010724635.1
Aspergillus,Aspergillus lentulus,GCA_010724915.1
Aspergillus,Aspergillus lentulus,GCA_012656335.1
Aspergillus,Aspergillus lentulus,GCA_012656375.1
Aspergillus,Aspergillus lentulus,GCA_012656395.1
Aspergillus,Aspergillus lentulus,GCA_012656435.1
Aspergillus,Aspergillus lentulus,GCA_012656445.1
Aspergillus,Aspergillus lentulus,GCA_012656455.1
Aspergillus,Aspergillus lentulus,GCA_023625555.1
Aspergillus,Aspergillus leporis,GCA_009176345.1
Aspergillus,Aspergillus luchuensis,GCA_001602395.1
Aspergillus,Aspergillus luchuensis,GCA_016860305.1
Aspergillus,Aspergillus luchuensis,GCA_016860325.1
Aspergillus,Aspergillus luchuensis,GCA_016860345.1
Aspergillus,Aspergillus luchuensis,GCA_016860365.1
Aspergillus,Aspergillus luchuensis,GCA_016860385.1
Aspergillus,Aspergillus luchuensis,GCA_016860405.1
Aspergillus,Aspergillus luchuensis,GCA_016860425.1
Aspergillus,Aspergillus luchuensis,GCA_016860445.1
Aspergillus,Aspergillus luchuensis,GCA_016861625.1
Aspergillus,Aspergillus luchuensis,GCA_016865315.1
Aspergillus,Aspergillus luchuensis,GCA_037074665.1
Aspergillus,Aspergillus luchuensis CBS 106.47,GCA_001890685.1
Aspergillus,Aspergillus luchuensis IFO 4308,GCA_000239835.2
Aspergillus,Aspergillus lucknowensis,GCA_044049455.1
Aspergillus,Aspergillus luteorubrus,GCA_054471235.1
Aspergillus,Aspergillus magnivesiculatus,GCA_056320545.1
Aspergillus,Aspergillus melleus,GCA_016097325.1
Aspergillus,Aspergillus melleus,GCA_030674015.1
Aspergillus,Aspergillus micronesiensis,GCA_039763685.1
Aspergillus,Aspergillus minisclerotigenes,GCA_009176455.1
Aspergillus,Aspergillus minisclerotigenes,GCA_028505775.1
Aspergillus,Aspergillus minisclerotigenes,GCA_028505865.1
Aspergillus,Aspergillus montevidensis,GCA_020826735.1
Aspergillus,Aspergillus multicolor,GCA_047715735.1
Aspergillus,Aspergillus mulundensis,GCA_003369625.1
Aspergillus,Aspergillus nanangensis,GCA_015844325.1
Aspergillus,Aspergillus navahoensis,GCA_048626375.1
Aspergillus,Aspergillus neoniger,GCA_029783945.1
Aspergillus,Aspergillus neoniger CBS 115656,GCA_003184625.1
Aspergillus,Aspergillus neotritici,GCA_009812425.1
Aspergillus,Aspergillus neotritici,GCA_023619815.1
Aspergillus,Aspergillus neotritici,GCA_023619845.1
Aspergillus,Aspergillus neotritici,GCA_037042075.1
Aspergillus,Aspergillus nidulans,GCA_011074995.1
Aspergillus,Aspergillus nidulans,GCA_011075025.1
Aspergillus,Aspergillus nidulans,GCA_025766005.1
Aspergillus,Aspergillus nidulans,GCA_027569745.1
Aspergillus,Aspergillus nidulans,GCA_041682675.1
Aspergillus,Aspergillus nidulans,GCA_041682695.1
Aspergillus,Aspergillus nidulans,GCA_041682705.1
Aspergillus,Aspergillus nidulans,GCA_041682715.1
Aspergillus,Aspergillus nidulans,GCA_041684195.1
Aspergillus,Aspergillus nidulans,GCA_041684235.1
Aspergillus,Aspergillus nidulans,GCA_041684245.1
Aspergillus,Aspergillus nidulans,GCA_041684285.1
Aspergillus,Aspergillus nidulans,GCA_041684315.1
Aspergillus,Aspergillus nidulans,GCA_041684325.1
Aspergillus,Aspergillus nidulans,GCA_041684355.1
Aspergillus,Aspergillus nidulans FGSC A4,GCA_000011425.1
Aspergillus,Aspergillus nidulans FGSC A4,GCA_000149205.2
Aspergillus,Aspergillus nidulans var. acristatus,GCA_047715555.1
Aspergillus,Aspergillus niger,GCA_000002855.2
Aspergillus,Aspergillus niger,GCA_001515345.1
Aspergillus,Aspergillus niger,GCA_001715265.1
Aspergillus,Aspergillus niger,GCA_001741885.1
Aspergillus,Aspergillus niger,GCA_001741905.1
Aspergillus,Aspergillus niger,GCA_001741915.1
Aspergillus,Aspergillus niger,GCA_001931795.1
Aspergillus,Aspergillus niger,GCA_002211485.2
Aspergillus,Aspergillus niger,GCA_002740505.1
Aspergillus,Aspergillus niger,GCA_004634315.1
Aspergillus,Aspergillus niger,GCA_009812365.1
Aspergillus,Aspergillus niger,GCA_011316255.1
Aspergillus,Aspergillus niger,GCA_013618955.1
Aspergillus,Aspergillus niger,GCA_015586215.1
Aspergillus,Aspergillus niger,GCA_015586235.1
Aspergillus,Aspergillus niger,GCA_015586245.1
Aspergillus,Aspergillus niger,GCA_016162265.1
Aspergillus,Aspergillus niger,GCA_019288275.1
Aspergillus,Aspergillus niger,GCA_019843515.1
Aspergillus,Aspergillus niger,GCA_023091205.1
Aspergillus,Aspergillus niger,GCA_023091265.1
Aspergillus,Aspergillus niger,GCA_023134235.1
Aspergillus,Aspergillus niger,GCA_023134265.1
Aspergillus,Aspergillus niger,GCA_023134295.1
Aspergillus,Aspergillus niger,GCA_023134325.1
Aspergillus,Aspergillus niger,GCA_023134355.1
Aspergillus,Aspergillus niger,GCA_023134385.1
Aspergillus,Aspergillus niger,GCA_023134415.1
Aspergillus,Aspergillus niger,GCA_023134445.1
Aspergillus,Aspergillus niger,GCA_023134475.1
Aspergillus,Aspergillus niger,GCA_023134515.1
Aspergillus,Aspergillus niger,GCA_023137675.1
Aspergillus,Aspergillus niger,GCA_023137705.1
Aspergillus,Aspergillus niger,GCA_023137735.1
Aspergillus,Aspergillus niger,GCA_023137765.1
Aspergillus,Aspergillus niger,GCA_023137795.1
Aspergillus,Aspergillus niger,GCA_023137805.1
Aspergillus,Aspergillus niger,GCA_023137835.1
Aspergillus,Aspergillus niger,GCA_023137865.1
Aspergillus,Aspergillus niger,GCA_023137895.1
Aspergillus,Aspergillus niger,GCA_023137925.1
Aspergillus,Aspergillus niger,GCA_023137955.1
Aspergillus,Aspergillus niger,GCA_023137965.1
Aspergillus,Aspergillus niger,GCA_023509725.1
Aspergillus,Aspergillus niger,GCA_023618355.1
Aspergillus,Aspergillus niger,GCA_023618365.1
Aspergillus,Aspergillus niger,GCA_023618375.1
Aspergillus,Aspergillus niger,GCA_023618435.1
Aspergillus,Aspergillus niger,GCA_023618715.1
Aspergillus,Aspergillus niger,GCA_023618895.1
Aspergillus,Aspergillus niger,GCA_023618915.1
Aspergillus,Aspergillus niger,GCA_023625315.1
Aspergillus,Aspergillus niger,GCA_023625355.1
Aspergillus,Aspergillus niger,GCA_023625375.1
Aspergillus,Aspergillus niger,GCA_023625395.1
Aspergillus,Aspergillus niger,GCA_023625415.1
Aspergillus,Aspergillus niger,GCA_023625435.1
Aspergillus,Aspergillus niger,GCA_023625455.1
Aspergillus,Aspergillus niger,GCA_023625475.1
Aspergillus,Aspergillus niger,GCA_023625615.1
Aspergillus,Aspergillus niger,GCA_023625655.1
Aspergillus,Aspergillus niger,GCA_023973435.1
Aspergillus,Aspergillus niger,GCA_023973445.1
Aspergillus,Aspergillus niger,GCA_024862975.1
Aspergillus,Aspergillus niger,GCA_025768885.1
Aspergillus,Aspergillus niger,GCA_025768975.1
Aspergillus,Aspergillus niger,GCA_025769005.1
Aspergillus,Aspergillus niger,GCA_025769035.1
Aspergillus,Aspergillus niger,GCA_025769065.1
Aspergillus,Aspergillus niger,GCA_025769085.1
Aspergillus,Aspergillus niger,GCA_025769125.1
Aspergillus,Aspergillus niger,GCA_025769155.1
Aspergillus,Aspergillus niger,GCA_025769175.1
Aspergillus,Aspergillus niger,GCA_025769215.1
Aspergillus,Aspergillus niger,GCA_025769245.1
Aspergillus,Aspergillus niger,GCA_025769265.1
Aspergillus,Aspergillus niger,GCA_025769305.1
Aspergillus,Aspergillus niger,GCA_025769325.1
Aspergillus,Aspergillus niger,GCA_025769365.1
Aspergillus,Aspergillus niger,GCA_025769395.1
Aspergillus,Aspergillus niger,GCA_025769415.1
Aspergillus,Aspergillus niger,GCA_025769455.1
Aspergillus,Aspergillus niger,GCA_025769485.1
Aspergillus,Aspergillus niger,GCA_025769515.1
Aspergillus,Aspergillus niger,GCA_025769535.1
Aspergillus,Aspergillus niger,GCA_025769575.1
Aspergillus,Aspergillus niger,GCA_026119635.1
Aspergillus,Aspergillus niger,GCA_026119665.1
Aspergillus,Aspergillus niger,GCA_026119675.1
Aspergillus,Aspergillus niger,GCA_026119705.1
Aspergillus,Aspergillus niger,GCA_026119715.1
Aspergillus,Aspergillus niger,GCA_026119745.1
Aspergillus,Aspergillus niger,GCA_026119755.1
Aspergillus,Aspergillus niger,GCA_026119785.1
Aspergillus,Aspergillus niger,GCA_026261755.1
Aspergillus,Aspergillus niger,GCA_026284195.1
Aspergillus,Aspergillus niger,GCA_027923725.1
Aspergillus,Aspergillus niger,GCA_027923745.1
Aspergillus,Aspergillus niger,GCA_027923785.1
Aspergillus,Aspergillus niger,GCA_027923805.1
Aspergillus,Aspergillus niger,GCA_027923825.1
Aspergillus,Aspergillus niger,GCA_027923865.1
Aspergillus,Aspergillus niger,GCA_027923945.1
Aspergillus,Aspergillus niger,GCA_027923985.1
Aspergillus,Aspergillus niger,GCA_027924005.1
Aspergillus,Aspergillus niger,GCA_029582035.1
Aspergillus,Aspergillus niger,GCA_029783905.1
Aspergillus,Aspergillus niger,GCA_029783925.1
Aspergillus,Aspergillus niger,GCA_037044415.1
Aspergillus,Aspergillus niger,GCA_040285385.1
Aspergillus,Aspergillus niger,GCA_045781135.1
Aspergillus,Aspergillus niger,GCA_047651775.1
Aspergillus,Aspergillus niger,GCA_051529875.1
Aspergillus,Aspergillus niger,GCA_055697485.1
Aspergillus,Aspergillus niger,GCA_055944285.1
Aspergillus,Aspergillus niger ATCC 1015,GCA_000230395.2
Aspergillus,Aspergillus niger ATCC 13496,GCA_003344705.1
Aspergillus,Aspergillus niger CBS 101883,GCA_003184595.1
Aspergillus,Aspergillus niger SH-2,GCA_000633045.1
Aspergillus,Aspergillus niger var. macrosporus,GCA_033032185.1
Aspergillus,Aspergillus nomiae,GCA_000531055.1
Aspergillus,Aspergillus nomiae,GCA_029962645.1
Aspergillus,Aspergillus nomiae NRRL 13137,GCA_001204775.2
Aspergillus,Aspergillus novofumigatus IBT 16806,GCA_002847465.1
Aspergillus,Aspergillus novoparasiticus,GCA_009176405.1
Aspergillus,Aspergillus ochraceoroseus,GCA_000986665.1
Aspergillus,Aspergillus ochraceoroseus IBT 24754,GCA_002846915.2
Aspergillus,Aspergillus ochraceus,GCA_004849945.1
Aspergillus,Aspergillus ochraceus,GCA_005784425.1
Aspergillus,Aspergillus ochraceus,GCA_025594125.1
Aspergillus,Aspergillus ochraceus,GCA_026108165.1
Aspergillus,Aspergillus ochraceus,GCA_037127345.1
Aspergillus,Aspergillus oerlinghausenensis,GCA_014250555.1
Aspergillus,Aspergillus oleicola,GCA_047715755.1
Aspergillus,Aspergillus olivimuriae,GCA_003719415.1
Aspergillus,Aspergillus oryzae,GCA_002007945.1
Aspergillus,Aspergillus oryzae,GCA_002214955.1
Aspergillus,Aspergillus oryzae,GCA_002214965.1
Aspergillus,Aspergillus oryzae,GCA_004353305.1
Aspergillus,Aspergillus oryzae,GCA_008032055.1
Aspergillus,Aspergillus oryzae,GCA_008032255.1
Aspergillus,Aspergillus oryzae,GCA_009684795.1
Aspergillus,Aspergillus oryzae,GCA_009684815.1
Aspergillus,Aspergillus oryzae,GCA_009684835.1
Aspergillus,Aspergillus oryzae,GCA_009684855.1
Aspergillus,Aspergillus oryzae,GCA_009684875.1
Aspergillus,Aspergillus oryzae,GCA_009684895.1
Aspergillus,Aspergillus oryzae,GCA_009684915.1
Aspergillus,Aspergillus oryzae,GCA_009684935.1
Aspergillus,Aspergillus oryzae,GCA_009684955.1
Aspergillus,Aspergillus oryzae,GCA_009684975.1
Aspergillus,Aspergillus oryzae,GCA_009684995.1
Aspergillus,Aspergillus oryzae,GCA_009685015.1
Aspergillus,Aspergillus oryzae,GCA_009685035.1
Aspergillus,Aspergillus oryzae,GCA_009685055.1
Aspergillus,Aspergillus oryzae,GCA_009685075.1
Aspergillus,Aspergillus oryzae,GCA_009685095.1
Aspergillus,Aspergillus oryzae,GCA_009685115.1
Aspergillus,Aspergillus oryzae,GCA_009686465.1
Aspergillus,Aspergillus oryzae,GCA_009686485.1
Aspergillus,Aspergillus oryzae,GCA_009686505.1
Aspergillus,Aspergillus oryzae,GCA_009686525.1
Aspergillus,Aspergillus oryzae,GCA_009686545.1
Aspergillus,Aspergillus oryzae,GCA_009686565.1
Aspergillus,Aspergillus oryzae,GCA_009686585.1
Aspergillus,Aspergillus oryzae,GCA_009686605.1
Aspergillus,Aspergillus oryzae,GCA_009686625.1
Aspergillus,Aspergillus oryzae,GCA_009686645.1
Aspergillus,Aspergillus oryzae,GCA_009686665.1
Aspergillus,Aspergillus oryzae,GCA_009686685.1
Aspergillus,Aspergillus oryzae,GCA_009686705.1
Aspergillus,Aspergillus oryzae,GCA_009686725.1
Aspergillus,Aspergillus oryzae,GCA_009686745.1
Aspergillus,Aspergillus oryzae,GCA_009686765.1
Aspergillus,Aspergillus oryzae,GCA_009686785.1
Aspergillus,Aspergillus oryzae,GCA_009686805.1
Aspergillus,Aspergillus oryzae,GCA_009686825.1
Aspergillus,Aspergillus oryzae,GCA_009686845.1
Aspergillus,Aspergillus oryzae,GCA_009686865.1
Aspergillus,Aspergillus oryzae,GCA_009686885.1
Aspergillus,Aspergillus oryzae,GCA_009686905.1
Aspergillus,Aspergillus oryzae,GCA_009686925.1
Aspergillus,Aspergillus oryzae,GCA_009686945.1
Aspergillus,Aspergillus oryzae,GCA_009686965.1
Aspergillus,Aspergillus oryzae,GCA_009686985.1
Aspergillus,Aspergillus oryzae,GCA_009687005.1
Aspergillus,Aspergillus oryzae,GCA_009687025.1
Aspergillus,Aspergillus oryzae,GCA_009687045.1
Aspergillus,Aspergillus oryzae,GCA_009687065.1
Aspergillus,Aspergillus oryzae,GCA_009687085.1
Aspergillus,Aspergillus oryzae,GCA_009687105.1
Aspergillus,Aspergillus oryzae,GCA_009687125.1
Aspergillus,Aspergillus oryzae,GCA_009687145.1
Aspergillus,Aspergillus oryzae,GCA_009687165.1
Aspergillus,Aspergillus oryzae,GCA_009687185.1
Aspergillus,Aspergillus oryzae,GCA_009687205.1
Aspergillus,Aspergillus oryzae,GCA_009687225.1
Aspergillus,Aspergillus oryzae,GCA_009687245.1
Aspergillus,Aspergillus oryzae,GCA_009687265.1
Aspergillus,Aspergillus oryzae,GCA_009687285.1
Aspergillus,Aspergillus oryzae,GCA_009687305.1
Aspergillus,Aspergillus oryzae,GCA_009687325.1
Aspergillus,Aspergillus oryzae,GCA_009687345.1
Aspergillus,Aspergillus oryzae,GCA_009687365.1
Aspergillus,Aspergillus oryzae,GCA_009687385.1
Aspergillus,Aspergillus oryzae,GCA_009687405.1
Aspergillus,Aspergillus oryzae,GCA_009687425.1
Aspergillus,Aspergillus oryzae,GCA_009687445.1
Aspergillus,Aspergillus oryzae,GCA_009687465.1
Aspergillus,Aspergillus oryzae,GCA_009687485.1
Aspergillus,Aspergillus oryzae,GCA_009687505.1
Aspergillus,Aspergillus oryzae,GCA_009687525.1
Aspergillus,Aspergillus oryzae,GCA_009687545.1
Aspergillus,Aspergillus oryzae,GCA_009687565.1
Aspergillus,Aspergillus oryzae,GCA_009687585.1
Aspergillus,Aspergillus oryzae,GCA_009687605.1
Aspergillus,Aspergillus oryzae,GCA_009687625.1
Aspergillus,Aspergillus oryzae,GCA_009687645.1
Aspergillus,Aspergillus oryzae,GCA_009687665.1
Aspergillus,Aspergillus oryzae,GCA_009687685.1
Aspergillus,Aspergillus oryzae,GCA_009687705.1
Aspergillus,Aspergillus oryzae,GCA_009687725.1
Aspergillus,Aspergillus oryzae,GCA_009687745.1
Aspergillus,Aspergillus oryzae,GCA_013407045.2
Aspergillus,Aspergillus oryzae,GCA_018140735.1
Aspergillus,Aspergillus oryzae,GCA_018140755.1
Aspergillus,Aspergillus oryzae,GCA_019097755.1
Aspergillus,Aspergillus oryzae,GCA_022023695.1
Aspergillus,Aspergillus oryzae,GCA_022023705.1
Aspergillus,Aspergillus oryzae,GCA_022023715.1
Aspergillus,Aspergillus oryzae,GCA_025738265.1
Aspergillus,Aspergillus oryzae,GCA_030270465.1
Aspergillus,Aspergillus oryzae,GCA_030270485.1
Aspergillus,Aspergillus oryzae,GCA_030270505.1
Aspergillus,Aspergillus oryzae,GCA_030270525.1
Aspergillus,Aspergillus oryzae,GCA_034767895.1
Aspergillus,Aspergillus oryzae,GCA_034767915.1
Aspergillus,Aspergillus oryzae,GCA_034767935.1
Aspergillus,Aspergillus oryzae,GCA_034767955.1
Aspergillus,Aspergillus oryzae,GCA_034768095.1
Aspergillus,Aspergillus oryzae,GCA_034768115.1
Aspergillus,Aspergillus oryzae,GCA_034768135.1
Aspergillus,Aspergillus oryzae,GCA_039654725.1
Aspergillus,Aspergillus oryzae,GCA_040938235.1
Aspergillus,Aspergillus oryzae,GCA_040938365.1
Aspergillus,Aspergillus oryzae,GCA_040954735.1
Aspergillus,Aspergillus oryzae,GCA_040954775.1
Aspergillus,Aspergillus oryzae,GCA_040954795.1
Aspergillus,Aspergillus oryzae,GCA_043249295.1
Aspergillus,Aspergillus oryzae,GCA_043290115.1
Aspergillus,Aspergillus oryzae,GCA_044231575.1
Aspergillus,Aspergillus oryzae,GCA_054127265.1
Aspergillus,Aspergillus oryzae,GCA_054644345.1
Aspergillus,Aspergillus oryzae 100-8,GCA_000691885.1
Aspergillus,Aspergillus oryzae 3.042,GCA_000269785.2
Aspergillus,Aspergillus oryzae AS 3.863,GCA_000278425.1
Aspergillus,Aspergillus oryzae AS 3.951,GCA_000278405.1
Aspergillus,Aspergillus oryzae RIB326,GCA_000320905.1
Aspergillus,Aspergillus oryzae RIB40,GCA_000184455.3
Aspergillus,Aspergillus oryzae RIB40,GCA_000965245.1
Aspergillus,Aspergillus oryzae var. brunneus,GCA_030270545.1
Aspergillus,Aspergillus oryzae var. oryzae,GCA_052058325.1
Aspergillus,Aspergillus ostianus,GCA_025592935.1
Aspergillus,Aspergillus panamensis,GCA_027569225.1
Aspergillus,Aspergillus parasiticus,GCA_001576805.1
Aspergillus,Aspergillus parasiticus,GCA_009176385.1
Aspergillus,Aspergillus parasiticus,GCA_013145845.1
Aspergillus,Aspergillus parasiticus,GCA_013145875.1
Aspergillus,Aspergillus parasiticus,GCA_013145995.1
Aspergillus,Aspergillus parasiticus,GCA_013146005.1
Aspergillus,Aspergillus parasiticus,GCA_013146145.1
Aspergillus,Aspergillus parasiticus,GCA_019419805.1
Aspergillus,Aspergillus parasiticus,GCA_028505765.1
Aspergillus,Aspergillus parasiticus,GCA_037075405.1
Aspergillus,Aspergillus parasiticus,GCA_051397035.1
Aspergillus,Aspergillus parasiticus,GCA_051397045.1
Aspergillus,Aspergillus parasiticus,GCA_051397075.1
Aspergillus,Aspergillus parasiticus,GCA_051397115.1
Aspergillus,Aspergillus parasiticus,GCA_051397125.1
Aspergillus,Aspergillus parasiticus,GCA_051397155.1
Aspergillus,Aspergillus parasiticus,GCA_051397175.1
Aspergillus,Aspergillus parasiticus,GCA_051397185.1
Aspergillus,Aspergillus parasiticus,GCA_051397215.1
Aspergillus,Aspergillus parasiticus,GCA_051397235.1
Aspergillus,Aspergillus parasiticus,GCA_051397255.1
Aspergillus,Aspergillus parasiticus,GCA_051397275.1
Aspergillus,Aspergillus parasiticus,GCA_051397295.1
Aspergillus,Aspergillus parasiticus,GCA_051397315.1
Aspergillus,Aspergillus parasiticus,GCA_051397335.1
Aspergillus,Aspergillus parasiticus,GCA_051397355.1
Aspergillus,Aspergillus parasiticus,GCA_051397365.1
Aspergillus,Aspergillus parasiticus,GCA_051397395.1
Aspergillus,Aspergillus parasiticus,GCA_051397415.1
Aspergillus,Aspergillus parasiticus,GCA_051397425.1
Aspergillus,Aspergillus parasiticus,GCA_051397455.1
Aspergillus,Aspergillus parasiticus,GCA_051397475.1
Aspergillus,Aspergillus parasiticus,GCA_051397495.1
Aspergillus,Aspergillus parasiticus,GCA_051397515.1
Aspergillus,Aspergillus parasiticus,GCA_051397535.1
Aspergillus,Aspergillus parasiticus,GCA_051397545.1
Aspergillus,Aspergillus parasiticus,GCA_051397575.1
Aspergillus,Aspergillus parasiticus,GCA_051397595.1
Aspergillus,Aspergillus parasiticus,GCA_051397615.1
Aspergillus,Aspergillus parasiticus,GCA_051397635.1
Aspergillus,Aspergillus parasiticus,GCA_051397645.1
Aspergillus,Aspergillus parasiticus,GCA_051397675.1
Aspergillus,Aspergillus parasiticus,GCA_051397695.1
Aspergillus,Aspergillus parasiticus,GCA_051397715.1
Aspergillus,Aspergillus parasiticus,GCA_051397735.1
Aspergillus,Aspergillus parasiticus,GCA_051397755.1
Aspergillus,Aspergillus parasiticus,GCA_051397765.1
Aspergillus,Aspergillus parasiticus,GCA_051397795.1
Aspergillus,Aspergillus parasiticus SU-1,GCA_000731695.1
Aspergillus,Aspergillus parasiticus SU-1,GCA_000956085.1
Aspergillus,Aspergillus persii,GCA_002215965.1
Aspergillus,Aspergillus phoenicis ATCC 13157,GCA_003344505.1
Aspergillus,Aspergillus piperis CBS 112811,GCA_003184755.1
Aspergillus,Aspergillus pragensis,GCA_037044195.1
Aspergillus,Aspergillus proliferans,GCA_039880865.1
Aspergillus,Aspergillus proliferans,GCA_056320485.1
Aspergillus,Aspergillus protuberus,GCA_021436995.1
Aspergillus,Aspergillus pseudocaelatus,GCA_009193665.1
Aspergillus,Aspergillus pseudodeflectus,GCA_044049435.1
Aspergillus,Aspergillus pseudoglaucus,GCA_022813405.1
Aspergillus,Aspergillus pseudoglaucus,GCA_039880875.1
Aspergillus,Aspergillus pseudonomiae,GCA_009176395.1
Aspergillus,Aspergillus pseudonomiae,GCA_009193645.1
Aspergillus,Aspergillus pseudonomiae,GCA_054661555.1
Aspergillus,Aspergillus pseudonomiae,GCA_054661575.1
Aspergillus,Aspergillus pseudotamarii,GCA_009193445.1
Aspergillus,Aspergillus pseudotamarii,GCA_030324235.1
Aspergillus,Aspergillus pseudoterreus,GCA_002927005.1
Aspergillus,Aspergillus pseudoustus,GCA_044049465.1
Aspergillus,Aspergillus pseudoviridinutans,GCA_018340605.1
Aspergillus,Aspergillus puulaauensis,GCA_016861865.1
Aspergillus,Aspergillus puulaauensis,GCA_026319425.1
Aspergillus,Aspergillus puulaauensis,GCA_056320505.1
Aspergillus,Aspergillus quadricinctus,GCA_022814375.1
Aspergillus,Aspergillus quadricinctus,GCA_022814405.1
Aspergillus,Aspergillus quadrilineatus,GCA_013305525.1
Aspergillus,Aspergillus quadrilineatus,GCA_041684375.1
Aspergillus,Aspergillus quadrilineatus,GCA_041684395.1
Aspergillus,Aspergillus rambellii,GCA_000986645.1
Aspergillus,Aspergillus recurvatus,GCA_047715885.1
Aspergillus,Aspergillus ruber,GCA_023621105.1
Aspergillus,Aspergillus ruber,GCA_023621115.1
Aspergillus,Aspergillus ruber,GCA_039880785.1
Aspergillus,Aspergillus ruber CBS 135680,GCA_000600275.1
Aspergillus,Aspergillus saccharicola,GCA_047496445.1
Aspergillus,Aspergillus saccharolyticus JOP 1030-1,GCA_003184585.1
Aspergillus,Aspergillus sclerotialis,GCA_003589665.1
Aspergillus,Aspergillus sclerotiicarbonarius CBS 121057,GCA_003184635.1
Aspergillus,Aspergillus sclerotioniger CBS 115572,GCA_003184525.1
Aspergillus,Aspergillus sclerotiorum,GCA_000530345.1
Aspergillus,Aspergillus sclerotiorum,GCA_025592505.1
Aspergillus,Aspergillus sergii,GCA_009193525.1
Aspergillus,Aspergillus similis,GCA_047715515.1
Aspergillus,Aspergillus sojae,GCA_008274985.1
Aspergillus,Aspergillus sojae,GCA_009687765.1
Aspergillus,Aspergillus sojae,GCA_009687785.1
Aspergillus,Aspergillus sojae,GCA_009687805.1
Aspergillus,Aspergillus sojae,GCA_046127495.1
Aspergillus,Aspergillus sojae NBRC 4239,GCA_000226655.2
Aspergillus,Aspergillus sp. 'subgen. Cremei',GCA_019976455.1
Aspergillus,Aspergillus sp. 2663,GCA_016880755.1
Aspergillus,Aspergillus sp. 2NF922,GCA_023625275.1
Aspergillus,Aspergillus sp. 2NF923,GCA_023625115.1
Aspergillus,Aspergillus sp. 2NF925,GCA_023625195.1
Aspergillus,Aspergillus sp. A31,GCA_016162245.1
Aspergillus,Aspergillus sp. ADI1,GCA_020615375.1
Aspergillus,Aspergillus sp. AS01,GCA_036986335.1
Aspergillus,Aspergillus sp. ATCC 12892,GCA_002894705.1
Aspergillus,Aspergillus sp. B102-05B,GCA_037042565.1
Aspergillus,Aspergillus sp. B3601,GCA_023625155.1
Aspergillus,Aspergillus sp. B3605,GCA_023625035.1
Aspergillus,Aspergillus sp. DX121-18F,GCA_037042555.1
Aspergillus,Aspergillus sp. DX7217,GCA_037042595.1
Aspergillus,Aspergillus sp. F3601,GCA_023619735.1
Aspergillus,Aspergillus sp. F3603,GCA_023627655.1
Aspergillus,Aspergillus sp. F3604,GCA_023619485.1
Aspergillus,Aspergillus sp. F3605,GCA_023619445.1
Aspergillus,Aspergillus sp. GBTC2 WXH,GCA_026119255.1
Aspergillus,Aspergillus sp. GbtcF1,GCA_019176365.1
Aspergillus,Aspergillus sp. GbtcF2,GCA_019176375.1
Aspergillus,Aspergillus sp. HF37,GCA_003698115.1
Aspergillus,Aspergillus sp. JS3-R5,GCA_019775315.1
Aspergillus,Aspergillus sp. M3605,GCA_023619345.1
Aspergillus,Aspergillus sp. M3606,GCA_023619275.1
Aspergillus,Aspergillus sp. MA 6037,GCA_003138035.1
Aspergillus,Aspergillus sp. MA 6038,GCA_003004525.2
Aspergillus,Aspergillus sp. MA 6041,GCA_003138005.1
Aspergillus,Aspergillus sp. MA 6041,GCA_025768905.1
Aspergillus,Aspergillus sp. MA 6041,GCA_025768925.1
Aspergillus,Aspergillus sp. MEXU 27854,GCA_019721355.1
Aspergillus,Aspergillus sp. P7301S-1,GCA_037042525.1
Aspergillus,Aspergillus sp. PA2101,GCA_023619705.1
Aspergillus,Aspergillus sp. PA3604,GCA_023624935.1
Aspergillus,Aspergillus sp. PA40-03,GCA_023618985.1
Aspergillus,Aspergillus sp. PB2407,GCA_023619755.1
Aspergillus,Aspergillus sp. PB4102,GCA_023619575.1
Aspergillus,Aspergillus sp. PB4105,GCA_023618955.1
Aspergillus,Aspergillus sp. PB4106,GCA_023619455.1
Aspergillus,Aspergillus sp. PG119-06,GCA_037042605.1
Aspergillus,Aspergillus sp. PG3603,GCA_023619615.1
Aspergillus,Aspergillus sp. PG3606C,GCA_023625255.1
Aspergillus,Aspergillus sp. PG3606D,GCA_023619545.1
Aspergillus,Aspergillus sp. PG3608,GCA_023619555.1
Aspergillus,Aspergillus sp. PH2503,GCA_023619285.1
Aspergillus,Aspergillus sp. PH3601,GCA_023618865.1
Aspergillus,Aspergillus sp. PK2410,GCA_023619325.1
Aspergillus,Aspergillus sp. PM3601,GCA_023625295.1
Aspergillus,Aspergillus sp. PM3602,GCA_023618995.1
Aspergillus,Aspergillus sp. PM3604,GCA_025768815.1
Aspergillus,Aspergillus sp. PYS2105,GCA_023619375.1
Aspergillus,Aspergillus sp. PYS4201,GCA_023627435.1
Aspergillus,Aspergillus sp. PYS4240,GCA_023627495.1
Aspergillus,Aspergillus sp. PYS4241,GCA_023627515.1
Aspergillus,Aspergillus sp. R109-04A,GCA_037042665.1
Aspergillus,Aspergillus sp. R1430,GCA_023625135.1
Aspergillus,Aspergillus sp. R2302,GCA_023627595.1
Aspergillus,Aspergillus sp. R2305,GCA_023627615.1
Aspergillus,Aspergillus sp. R2407,GCA_023627575.1
Aspergillus,Aspergillus sp. R2504,GCA_023627395.1
Aspergillus,Aspergillus sp. R2506,GCA_023625075.1
Aspergillus,Aspergillus sp. R2804,GCA_023619725.1
Aspergillus,Aspergillus sp. R3602,GCA_023618935.1
Aspergillus,Aspergillus sp. R3607,GCA_023627635.1
Aspergillus,Aspergillus sp. S1107B,GCA_023627455.1
Aspergillus,Aspergillus sp. S1702,GCA_023619415.1
Aspergillus,Aspergillus sp. S1801,GCA_023627555.1
Aspergillus,Aspergillus sp. S1802E,GCA_023627535.1
Aspergillus,Aspergillus sp. S1902Y,GCA_023627675.1
Aspergillus,Aspergillus sp. S1903S,GCA_023619515.1
Aspergillus,Aspergillus sp. S1905,GCA_023619655.1
Aspergillus,Aspergillus sp. S2101G,GCA_023625215.1
Aspergillus,Aspergillus sp. S2103,GCA_023619405.1
Aspergillus,Aspergillus sp. S2105,GCA_023619605.1
Aspergillus,Aspergillus sp. S2109,GCA_023619645.1
Aspergillus,Aspergillus sp. S2111G.1,GCA_023625175.1
Aspergillus,Aspergillus sp. S2111Y,GCA_023625095.1
Aspergillus,Aspergillus sp. S2805,GCA_023627695.1
Aspergillus,Aspergillus sp. S3505,GCA_023627475.1
Aspergillus,Aspergillus sp. S3602,GCA_023625055.1
Aspergillus,Aspergillus sp. S3605,GCA_023625235.1
Aspergillus,Aspergillus sp. S3606,GCA_023619495.1
Aspergillus,Aspergillus sp. S4401N,GCA_023619365.1
Aspergillus,Aspergillus sp. S4402,GCA_023619295.1
Aspergillus,Aspergillus sp. WHUF0304,GCA_042767195.1
Aspergillus,Aspergillus sp. Z5,GCA_001044295.1
Aspergillus,Aspergillus sp. Z5,GCA_025765985.1
Aspergillus,Aspergillus sp. Z5,GCA_025766015.1
Aspergillus,Aspergillus sparsus,GCA_027569235.1
Aspergillus,Aspergillus spectabilis,GCA_047715635.1
Aspergillus,Aspergillus spinulosporus,GCA_003574815.1
Aspergillus,Aspergillus spinulosporus,GCA_013305485.1
Aspergillus,Aspergillus spinulosporus,GCA_041684735.1
Aspergillus,Aspergillus spinulosporus,GCA_041684775.1
Aspergillus,Aspergillus spinulosporus,GCA_041684795.1
Aspergillus,Aspergillus spinulosporus,GCA_041684815.1
Aspergillus,Aspergillus spinulosporus,GCA_041684835.1
Aspergillus,Aspergillus spinulosporus,GCA_041684855.1
Aspergillus,Aspergillus spinulosporus,GCA_041684875.1
Aspergillus,Aspergillus spinulosporus,GCA_041684895.1
Aspergillus,Aspergillus spinulosporus,GCA_041729795.1
Aspergillus,Aspergillus spinulosporus,GCA_047715645.1
Aspergillus,Aspergillus stella-maris,GCA_047715825.1
Aspergillus,Aspergillus steynii IBT 23096,GCA_002849105.1
Aspergillus,Aspergillus subversicolor,GCA_037044295.1
Aspergillus,Aspergillus sydowii,GCA_009193685.1
Aspergillus,Aspergillus sydowii,GCA_009828905.1
Aspergillus,Aspergillus sydowii,GCA_026319385.1
Aspergillus,Aspergillus sydowii,GCA_026319405.1
Aspergillus,Aspergillus sydowii,GCA_034192605.1
Aspergillus,Aspergillus sydowii,GCA_040113305.1
Aspergillus,Aspergillus sydowii,GCA_050948135.1
Aspergillus,Aspergillus sydowii CBS 593.65,GCA_001890705.1
Aspergillus,Aspergillus taichungensis,GCA_002850765.1
Aspergillus,Aspergillus tamarii,GCA_008973505.1
Aspergillus,Aspergillus tamarii,GCA_008973515.1
Aspergillus,Aspergillus tamarii,GCA_009193485.1
Aspergillus,Aspergillus tamarii,GCA_023619855.1
Aspergillus,Aspergillus tamarii,GCA_023619995.1
Aspergillus,Aspergillus tamarii,GCA_023973455.1
Aspergillus,Aspergillus tamarii,GCA_029962655.1
Aspergillus,Aspergillus tamarii,GCA_030556085.1
Aspergillus,Aspergillus tanneri,GCA_003426965.1
Aspergillus,Aspergillus tanneri,GCA_004796565.1
Aspergillus,Aspergillus tanneri,GCA_004798825.1
Aspergillus,Aspergillus tennesseensis,GCA_037043975.1
Aspergillus,Aspergillus terreus,GCA_001630395.1
Aspergillus,Aspergillus terreus,GCA_002749855.1
Aspergillus,Aspergillus terreus,GCA_002930435.1
Aspergillus,Aspergillus terreus,GCA_009014675.2
Aspergillus,Aspergillus terreus,GCA_009834425.1
Aspergillus,Aspergillus terreus,GCA_009932835.1
Aspergillus,Aspergillus terreus,GCA_015266375.1
Aspergillus,Aspergillus terreus,GCA_015333565.1
Aspergillus,Aspergillus terreus,GCA_016808415.1
Aspergillus,Aspergillus terreus,GCA_023625495.1
Aspergillus,Aspergillus terreus,GCA_023625515.1
Aspergillus,Aspergillus terreus,GCA_023625535.1
Aspergillus,Aspergillus terreus,GCA_023625575.1
Aspergillus,Aspergillus terreus,GCA_033632065.1
Aspergillus,Aspergillus terreus,GCA_034642025.1
Aspergillus,Aspergillus terreus,GCA_037041615.1
Aspergillus,Aspergillus terreus,GCA_037041815.1
Aspergillus,Aspergillus terreus,GCA_049862995.1
Aspergillus,Aspergillus terreus,GCA_054661595.1
Aspergillus,Aspergillus terreus ATCC 20542,GCA_000166915.1
Aspergillus,Aspergillus terreus NIH2624,GCA_000149615.1
Aspergillus,Aspergillus terricola var. indicus,GCA_047715525.1
Aspergillus,Aspergillus tetrazonus,GCA_045791975.1
Aspergillus,Aspergillus texensis,GCA_024668715.1
Aspergillus,Aspergillus texensis,GCA_046128075.1
Aspergillus,Aspergillus thermomutatus,GCA_002237265.2
Aspergillus,Aspergillus toxicus (nom. inval.),GCA_046128015.1
Aspergillus,Aspergillus transmontanensis,GCA_009193505.1
Aspergillus,Aspergillus tubingensis,GCA_010614855.1
Aspergillus,Aspergillus tubingensis,GCA_013340325.1
Aspergillus,Aspergillus tubingensis,GCA_019805365.1
Aspergillus,Aspergillus tubingensis,GCA_019827425.1
Aspergillus,Aspergillus tubingensis,GCA_019827445.1
Aspergillus,Aspergillus tubingensis,GCA_019827465.1
Aspergillus,Aspergillus tubingensis,GCA_019827565.1
Aspergillus,Aspergillus tubingensis,GCA_019828785.1
Aspergillus,Aspergillus tubingensis,GCA_027923605.1
Aspergillus,Aspergillus tubingensis,GCA_027923625.1
Aspergillus,Aspergillus tubingensis,GCA_027923665.1
Aspergillus,Aspergillus tubingensis,GCA_027923685.1
Aspergillus,Aspergillus tubingensis,GCA_027923885.1
Aspergillus,Aspergillus tubingensis,GCA_027923925.1
Aspergillus,Aspergillus tubingensis,GCA_030762845.1
Aspergillus,Aspergillus tubingensis,GCA_037044275.1
Aspergillus,Aspergillus tubingensis,GCA_040333235.1
Aspergillus,Aspergillus tubingensis,GCA_044589405.1
Aspergillus,Aspergillus tubingensis,GCA_044592785.1
Aspergillus,Aspergillus tubingensis,GCA_049803905.1
Aspergillus,Aspergillus tubingensis,GCA_050924195.1
Aspergillus,Aspergillus tubingensis CBS 134.48,GCA_001890745.1
Aspergillus,Aspergillus turcosus,GCA_002234965.2
Aspergillus,Aspergillus turcosus,GCA_002234975.2
Aspergillus,Aspergillus udagawae,GCA_001078395.2
Aspergillus,Aspergillus udagawae,GCA_010723835.1
Aspergillus,Aspergillus udagawae,GCA_010724135.1
Aspergillus,Aspergillus udagawae,GCA_010724255.1
Aspergillus,Aspergillus udagawae,GCA_010724335.1
Aspergillus,Aspergillus udagawae,GCA_010724795.1
Aspergillus,Aspergillus undulatus,GCA_047715775.1
Aspergillus,Aspergillus unguis,GCA_003324175.1
Aspergillus,Aspergillus unguis,GCA_015586375.1
Aspergillus,Aspergillus unguis,GCA_018408605.1
Aspergillus,Aspergillus unguis,GCA_018408615.1
Aspergillus,Aspergillus unguis,GCA_023624955.1
Aspergillus,Aspergillus unguis,GCA_023624975.1
Aspergillus,Aspergillus unguis,GCA_023624995.1
Aspergillus,Aspergillus unguis,GCA_023625005.1
Aspergillus,Aspergillus unguis,GCA_047715655.1
Aspergillus,Aspergillus ustus,GCA_000812125.1
Aspergillus,Aspergillus ustus,GCA_040285355.1
Aspergillus,Aspergillus uvarum,GCA_023618385.1
Aspergillus,Aspergillus uvarum,GCA_023625595.1
Aspergillus,Aspergillus uvarum,GCA_048773035.1
Aspergillus,Aspergillus uvarum CBS 121591,GCA_003184745.1
Aspergillus,Aspergillus vadensis CBS 113365,GCA_003184925.1
Aspergillus,Aspergillus varians,GCA_047715575.1
Aspergillus,Aspergillus venezuelensis,GCA_047715615.1
Aspergillus,Aspergillus verrucosus,GCA_039955225.1
Aspergillus,Aspergillus versicolor,GCA_020284045.1
Aspergillus,Aspergillus versicolor,GCA_028828405.1
Aspergillus,Aspergillus versicolor,GCA_037043815.1
Aspergillus,Aspergillus versicolor,GCA_051621845.1
Aspergillus,Aspergillus versicolor CBS 583.65,GCA_001890125.1
Aspergillus,Aspergillus violaceofuscus CBS 115571,GCA_003184705.1
Aspergillus,Aspergillus viridinutans,GCA_004368095.1
Aspergillus,Aspergillus viridinutans,GCA_018404265.1
Aspergillus,Aspergillus vitricola,GCA_056320585.1
Aspergillus,Aspergillus vitricola,GCA_056321165.1
Aspergillus,Aspergillus welwitschiae,GCA_003344945.1
Aspergillus,Aspergillus welwitschiae,GCA_009761105.1
Aspergillus,Aspergillus welwitschiae,GCA_012275225.1
Aspergillus,Aspergillus welwitschiae,GCA_012365075.1
Aspergillus,Aspergillus welwitschiae,GCA_023718355.1
Aspergillus,Aspergillus welwitschiae,GCA_030015405.1
Aspergillus,Aspergillus welwitschiae,GCA_037044315.1
Aspergillus,Aspergillus welwitschiae,GCA_047655695.1
Aspergillus,Aspergillus wentii,GCA_026184555.1
Aspergillus,Aspergillus wentii,GCA_046000195.1
Aspergillus,Aspergillus wentii DTO 134E9,GCA_001890725.1
Aspergillus,Aspergillus westerdijkiae,GCA_001307345.1
Aspergillus,Aspergillus westerdijkiae,GCA_019976475.1
Aspergillus,Aspergillus westerdijkiae,GCA_026259865.1
Bipolaris,Bipolaris bicolor,GCA_026262445.1
Bipolaris,Bipolaris cookei,GCA_002286855.1
Bipolaris,Bipolaris gigantea,GCA_030558545.1
Bipolaris,Bipolaris gigantea,GCA_035078755.1
Bipolaris,Bipolaris gigantea,GCA_035078915.1
Bipolaris,Bipolaris gigantea,GCA_035078935.1
Bipolaris,Bipolaris gigantea,GCA_035078975.1
Bipolaris,Bipolaris gigantea,GCA_035078985.1
Bipolaris,Bipolaris gigantea,GCA_035079505.1
Bipolaris,Bipolaris gigantea,GCA_036172725.1
Bipolaris,Bipolaris gigantea,GCA_040113375.1
Bipolaris,Bipolaris maydis,GCA_019454015.1
Bipolaris,Bipolaris maydis,GCA_023087585.1
Bipolaris,Bipolaris maydis,GCA_028564845.1
Bipolaris,Bipolaris maydis,GCA_028751825.1
Bipolaris,Bipolaris maydis,GCA_028856445.1
Bipolaris,Bipolaris maydis,GCA_028858645.1
Bipolaris,Bipolaris maydis,GCA_028858655.1
Bipolaris,Bipolaris maydis,GCA_028891585.1
Bipolaris,Bipolaris maydis,GCA_034642335.1
Bipolaris,Bipolaris maydis ATCC 48331,GCA_000354255.1
Bipolaris,Bipolaris maydis C5,GCA_000338975.1
Bipolaris,Bipolaris oryzae,GCA_001675385.1
Bipolaris,Bipolaris oryzae,GCA_037177745.1
Bipolaris,Bipolaris oryzae,GCA_051549895.1
Bipolaris,Bipolaris oryzae,GCA_051549915.1
Bipolaris,Bipolaris oryzae,GCA_051549995.1
Bipolaris,Bipolaris oryzae,GCA_051550015.1
Bipolaris,Bipolaris oryzae,GCA_051550035.1
Bipolaris,Bipolaris oryzae,GCA_051550055.1
Bipolaris,Bipolaris oryzae ATCC 44560,GCA_000523455.1
Bipolaris,Bipolaris sivanesaniana,GCA_055773965.2
Bipolaris,Bipolaris sorokiniana,GCA_004329375.1
Bipolaris,Bipolaris sorokiniana,GCA_008452705.1
Bipolaris,Bipolaris sorokiniana,GCA_008452715.1
Bipolaris,Bipolaris sorokiniana,GCA_008452725.1
Bipolaris,Bipolaris sorokiniana,GCA_008452735.1
Bipolaris,Bipolaris sorokiniana,GCA_013416765.1
Bipolaris,Bipolaris sorokiniana,GCA_024722535.1
Bipolaris,Bipolaris sorokiniana,GCA_033006315.1
Bipolaris,Bipolaris sorokiniana,GCA_037974985.1
Bipolaris,Bipolaris sorokiniana,GCA_055473625.1
Bipolaris,Bipolaris sorokiniana,GCA_055473645.1
Bipolaris,Bipolaris sorokiniana,GCA_055473675.1
Bipolaris,Bipolaris sorokiniana,GCA_055473695.1
Bipolaris,Bipolaris sorokiniana,GCA_055473715.1
Bipolaris,Bipolaris sorokiniana,GCA_055473735.1
Bipolaris,Bipolaris sorokiniana,GCA_055473755.1
Bipolaris,Bipolaris sorokiniana,GCA_055473775.1
Bipolaris,Bipolaris sorokiniana,GCA_055473875.1
Bipolaris,Bipolaris sorokiniana ND90Pr,GCA_000338995.1
Bipolaris,Bipolaris sp. L1-2,GCA_036562085.1
Bipolaris,Bipolaris victoriae FI3,GCA_000527765.2
Bipolaris,Bipolaris zeicola,GCA_016906865.1
Bipolaris,Bipolaris zeicola,GCA_023079205.1
Bipolaris,Bipolaris zeicola,GCA_026367875.1
Bipolaris,Bipolaris zeicola 26-R-13,GCA_000523435.1
Blumeriella,Blumeriella jaapii,GCA_009599575.1
Boeremia,Boeremia exigua,GCA_020726555.1
Boeremia,Boeremia exigua,GCA_029590635.1
Boeremia,Boeremia exigua,GCA_047655185.1
Boeremia,Boeremia exigua,GCA_050229455.1
Boeremia,Boeremia foveata,GCA_022560035.1
Boeremia,Boeremia lycopersici,GCA_022609225.1
Botryosphaeria,Botryosphaeria agaves,GCA_022813555.1
Botryosphaeria,Botryosphaeria dothidea,GCA_001717445.1
Botryosphaeria,Botryosphaeria dothidea,GCA_004016265.1
Botryosphaeria,Botryosphaeria dothidea,GCA_011064635.1
Botryosphaeria,Botryosphaeria dothidea,GCA_011503125.2
Botryosphaeria,Botryosphaeria dothidea,GCA_013343905.1
Botryosphaeria,Botryosphaeria dothidea,GCA_015159355.1
Botryosphaeria,Botryosphaeria dothidea,GCA_021436945.2
Botryosphaeria,Botryosphaeria dothidea,GCA_021650725.1
Botryosphaeria,Botryosphaeria dothidea,GCA_023079565.1
Botryosphaeria,Botryosphaeria dothidea,GCA_023079585.1
Botryosphaeria,Botryosphaeria dothidea,GCA_023079615.1
Botryosphaeria,Botryosphaeria dothidea,GCA_023080815.1
Botryosphaeria,Botryosphaeria dothidea,GCA_023082125.1
Botryosphaeria,Botryosphaeria dothidea,GCA_023082145.1
Botryosphaeria,Botryosphaeria dothidea,GCA_023084445.1
Botryosphaeria,Botryosphaeria dothidea,GCA_023084485.1
Botryosphaeria,Botryosphaeria dothidea,GCA_023084505.1
Botryosphaeria,Botryosphaeria dothidea,GCA_023084545.1
Botryosphaeria,Botryosphaeria dothidea,GCA_023084565.1
Botryosphaeria,Botryosphaeria dothidea,GCA_023084585.1
Botryosphaeria,Botryosphaeria dothidea,GCA_023084605.1
Botryosphaeria,Botryosphaeria dothidea,GCA_023084625.1
Botryosphaeria,Botryosphaeria dothidea,GCA_023084645.1
Botryosphaeria,Botryosphaeria dothidea,GCA_023084665.1
Botryosphaeria,Botryosphaeria dothidea,GCA_023084685.1
Botryosphaeria,Botryosphaeria dothidea,GCA_023084705.1
Botryosphaeria,Botryosphaeria dothidea,GCA_023084725.1
Botryosphaeria,Botryosphaeria dothidea,GCA_023084745.1
Botryosphaeria,Botryosphaeria dothidea,GCA_023084765.1
Botryosphaeria,Botryosphaeria dothidea,GCA_023084785.1
Botryosphaeria,Botryosphaeria dothidea,GCA_023084825.1
Botryosphaeria,Botryosphaeria dothidea,GCA_023084845.1
Botryosphaeria,Botryosphaeria dothidea,GCA_023084865.1
Botryosphaeria,Botryosphaeria dothidea,GCA_023084885.1
Botryosphaeria,Botryosphaeria dothidea,GCA_023084905.1
Botryosphaeria,Botryosphaeria dothidea,GCA_023084925.1
Botryosphaeria,Botryosphaeria dothidea,GCA_023084945.1
Botryosphaeria,Botryosphaeria dothidea,GCA_023084965.1
Botryosphaeria,Botryosphaeria dothidea,GCA_023084985.1
Botryosphaeria,Botryosphaeria dothidea,GCA_023085005.1
Botryosphaeria,Botryosphaeria dothidea,GCA_023085025.1
Botryosphaeria,Botryosphaeria dothidea,GCA_023085045.1
Botryosphaeria,Botryosphaeria dothidea,GCA_023085065.1
Botryosphaeria,Botryosphaeria dothidea,GCA_023085085.1
Botryosphaeria,Botryosphaeria dothidea,GCA_023085105.1
Botryosphaeria,Botryosphaeria dothidea,GCA_023085125.1
Botryosphaeria,Botryosphaeria dothidea,GCA_023085145.1
Botryosphaeria,Botryosphaeria dothidea,GCA_023085165.1
Botryosphaeria,Botryosphaeria dothidea,GCA_023085185.1
Botryosphaeria,Botryosphaeria dothidea,GCA_023085205.1
Botryosphaeria,Botryosphaeria dothidea,GCA_023085225.1
Botryosphaeria,Botryosphaeria dothidea,GCA_023085245.1
Botryosphaeria,Botryosphaeria dothidea,GCA_023085265.1
Botryosphaeria,Botryosphaeria dothidea,GCA_023085275.1
Botryosphaeria,Botryosphaeria dothidea,GCA_023085295.1
Botryosphaeria,Botryosphaeria dothidea,GCA_023085315.1
Botryosphaeria,Botryosphaeria dothidea,GCA_023085355.1
Botryosphaeria,Botryosphaeria dothidea,GCA_023085455.1
Botryosphaeria,Botryosphaeria dothidea,GCA_023085465.1
Botryosphaeria,Botryosphaeria dothidea,GCA_023085475.1
Botryosphaeria,Botryosphaeria dothidea,GCA_023085525.1
Botryosphaeria,Botryosphaeria dothidea,GCA_023085745.1
Botryosphaeria,Botryosphaeria dothidea,GCA_023085825.1
Botryosphaeria,Botryosphaeria dothidea,GCA_023086605.1
Botryosphaeria,Botryosphaeria dothidea,GCA_023086915.1
Botryosphaeria,Botryosphaeria dothidea,GCA_023086925.1
Botryosphaeria,Botryosphaeria dothidea,GCA_023086955.1
Botryosphaeria,Botryosphaeria dothidea,GCA_023087025.1
Botryosphaeria,Botryosphaeria dothidea,GCA_023087045.1
Botryosphaeria,Botryosphaeria dothidea,GCA_023087065.1
Botryosphaeria,Botryosphaeria dothidea,GCA_023087085.1
Botryosphaeria,Botryosphaeria dothidea,GCA_023087105.1
Botryosphaeria,Botryosphaeria dothidea,GCA_023087115.1
Botryosphaeria,Botryosphaeria dothidea,GCA_023087145.1
Botryosphaeria,Botryosphaeria dothidea,GCA_023087155.1
Botryosphaeria,Botryosphaeria dothidea,GCA_023087165.1
Botryosphaeria,Botryosphaeria dothidea,GCA_023087175.1
Botryosphaeria,Botryosphaeria dothidea,GCA_023087185.1
Botryosphaeria,Botryosphaeria dothidea,GCA_023087225.1
Botryosphaeria,Botryosphaeria dothidea,GCA_023087285.1
Botryosphaeria,Botryosphaeria dothidea,GCA_023087345.1
Botryosphaeria,Botryosphaeria dothidea,GCA_023087425.1
Botryosphaeria,Botryosphaeria dothidea,GCA_023087465.1
Botryosphaeria,Botryosphaeria dothidea,GCA_023087505.1
Botryosphaeria,Botryosphaeria dothidea,GCA_023087555.1
Botryosphaeria,Botryosphaeria dothidea,GCA_023087565.1
Botryosphaeria,Botryosphaeria dothidea,GCA_023087575.1
Botryosphaeria,Botryosphaeria dothidea,GCA_023087785.1
Botryosphaeria,Botryosphaeria dothidea,GCA_023088125.1
Botryosphaeria,Botryosphaeria dothidea,GCA_023088145.1
Botryosphaeria,Botryosphaeria dothidea,GCA_023088185.1
Botryosphaeria,Botryosphaeria dothidea,GCA_023088205.1
Botryosphaeria,Botryosphaeria dothidea,GCA_023088225.1
Botryosphaeria,Botryosphaeria dothidea,GCA_023088265.1
Botryosphaeria,Botryosphaeria dothidea,GCA_023088285.1
Botryosphaeria,Botryosphaeria dothidea,GCA_023088325.1
Botryosphaeria,Botryosphaeria dothidea,GCA_023088345.1
Botryosphaeria,Botryosphaeria dothidea,GCA_023088355.1
Botryosphaeria,Botryosphaeria dothidea,GCA_023088375.1
Botryosphaeria,Botryosphaeria dothidea,GCA_023088395.1
Botryosphaeria,Botryosphaeria dothidea,GCA_023088405.1
Botryosphaeria,Botryosphaeria dothidea,GCA_023088415.1
Botryosphaeria,Botryosphaeria dothidea,GCA_023088425.1
Botryosphaeria,Botryosphaeria dothidea,GCA_023088695.1
Botryosphaeria,Botryosphaeria dothidea,GCA_023088705.1
Botryosphaeria,Botryosphaeria dothidea,GCA_023088725.1
Botryosphaeria,Botryosphaeria dothidea,GCA_023088745.1
Botryosphaeria,Botryosphaeria dothidea,GCA_023088765.1
Botryosphaeria,Botryosphaeria dothidea,GCA_023088785.1
Botryosphaeria,Botryosphaeria dothidea,GCA_023088805.1
Botryosphaeria,Botryosphaeria dothidea,GCA_023088845.1
Botryosphaeria,Botryosphaeria dothidea,GCA_023088885.1
Botryosphaeria,Botryosphaeria dothidea,GCA_023088905.1
Botryosphaeria,Botryosphaeria dothidea,GCA_023088925.1
Botryosphaeria,Botryosphaeria dothidea,GCA_023088945.1
Botryosphaeria,Botryosphaeria dothidea,GCA_023088965.1
Botryosphaeria,Botryosphaeria dothidea,GCA_023088985.1
Botryosphaeria,Botryosphaeria dothidea,GCA_023089005.1
Botryosphaeria,Botryosphaeria dothidea,GCA_023089025.1
Botryosphaeria,Botryosphaeria dothidea,GCA_023089045.1
Botryosphaeria,Botryosphaeria dothidea,GCA_023089065.1
Botryosphaeria,Botryosphaeria dothidea,GCA_023089085.1
Botryosphaeria,Botryosphaeria dothidea,GCA_023089125.1
Botryosphaeria,Botryosphaeria dothidea,GCA_023089145.1
Botryosphaeria,Botryosphaeria dothidea,GCA_023089165.1
Botryosphaeria,Botryosphaeria dothidea,GCA_023089185.1
Botryosphaeria,Botryosphaeria dothidea,GCA_023089205.1
Botryosphaeria,Botryosphaeria dothidea,GCA_023089225.1
Botryosphaeria,Botryosphaeria dothidea,GCA_023089245.1
Botryosphaeria,Botryosphaeria dothidea,GCA_023089275.1
Botryosphaeria,Botryosphaeria dothidea,GCA_023089445.1
Botryosphaeria,Botryosphaeria dothidea,GCA_023089465.1
Botryosphaeria,Botryosphaeria dothidea,GCA_023089515.1
Botryosphaeria,Botryosphaeria dothidea,GCA_023089535.1
Botryosphaeria,Botryosphaeria dothidea,GCA_023089565.1
Botryosphaeria,Botryosphaeria dothidea,GCA_026401095.1
Botryosphaeria,Botryosphaeria dothidea,GCA_029169205.1
Botryosphaeria,Botryosphaeria dothidea,GCA_029169225.1
Botryosphaeria,Botryosphaeria dothidea,GCA_029169245.1
Botryosphaeria,Botryosphaeria kuwatsukai,GCA_004016305.1
Botryosphaeria,Botryosphaeria kuwatsukai,GCA_023084525.1
Botrytis,Botrytis aclada,GCA_014898285.1
Botrytis,Botrytis byssoidea,GCA_014898295.1
Botrytis,Botrytis cinerea,GCA_015147955.1
Botrytis,Botrytis cinerea,GCA_015147965.1
Botrytis,Botrytis cinerea,GCA_015147975.1
Botrytis,Botrytis cinerea,GCA_015147985.1
Botrytis,Botrytis cinerea,GCA_015148035.1
Botrytis,Botrytis cinerea,GCA_015148055.1
Botrytis,Botrytis cinerea,GCA_015148645.1
Botrytis,Botrytis cinerea,GCA_015148665.1
Botrytis,Botrytis cinerea,GCA_015148675.1
Botrytis,Botrytis cinerea,GCA_015148685.1
Botrytis,Botrytis cinerea,GCA_015148695.1
Botrytis,Botrytis cinerea,GCA_015148715.1
Botrytis,Botrytis cinerea,GCA_015148775.1
Botrytis,Botrytis cinerea,GCA_015148785.1
Botrytis,Botrytis cinerea,GCA_015148795.1
Botrytis,Botrytis cinerea,GCA_015148805.1
Botrytis,Botrytis cinerea,GCA_015148815.1
Botrytis,Botrytis cinerea,GCA_015148845.1
Botrytis,Botrytis cinerea,GCA_015148855.1
Botrytis,Botrytis cinerea,GCA_015148905.1
Botrytis,Botrytis cinerea,GCA_015148915.1
Botrytis,Botrytis cinerea,GCA_015148935.1
Botrytis,Botrytis cinerea,GCA_015148945.1
Botrytis,Botrytis cinerea,GCA_015148965.1
Botrytis,Botrytis cinerea,GCA_015148975.1
Botrytis,Botrytis cinerea,GCA_015149525.1
Botrytis,Botrytis cinerea,GCA_015149565.1
Botrytis,Botrytis cinerea,GCA_015149595.1
Botrytis,Botrytis cinerea,GCA_015149605.1
Botrytis,Botrytis cinerea,GCA_015149615.1
Botrytis,Botrytis cinerea,GCA_015149655.1
Botrytis,Botrytis cinerea,GCA_019186565.1
Botrytis,Botrytis cinerea,GCA_019186575.1
Botrytis,Botrytis cinerea,GCA_022560135.1
Botrytis,Botrytis cinerea,GCA_031205075.2
Botrytis,Botrytis cinerea,GCA_032197365.1
Botrytis,Botrytis cinerea,GCA_032197385.1
Botrytis,Botrytis cinerea,GCA_032197395.1
Botrytis,Botrytis cinerea,GCA_032197465.1
Botrytis,Botrytis cinerea,GCA_032197525.1
Botrytis,Botrytis cinerea,GCA_032197565.1
Botrytis,Botrytis cinerea,GCA_032197585.1
Botrytis,Botrytis cinerea,GCA_037039525.1
Botrytis,Botrytis cinerea,GCA_037039555.1
Botrytis,Botrytis cinerea,GCA_037178645.1
Botrytis,Botrytis cinerea,GCA_039644125.1
Botrytis,Botrytis cinerea,GCA_040571525.1
Botrytis,Botrytis cinerea,GCA_040955425.1
Botrytis,Botrytis cinerea,GCA_040955445.1
Botrytis,Botrytis cinerea,GCA_040955485.1
Botrytis,Botrytis cinerea,GCA_040955505.1
Botrytis,Botrytis cinerea,GCA_043381465.1
Botrytis,Botrytis cinerea,GCA_052569665.1
Botrytis,Botrytis cinerea,GCA_052569675.1
Botrytis,Botrytis cinerea,GCA_052570955.1
Botrytis,Botrytis cinerea,GCA_052570965.1
Botrytis,Botrytis cinerea,GCA_052570975.1
Botrytis,Botrytis cinerea,GCA_052571015.1
Botrytis,Botrytis cinerea,GCA_052571025.1
Botrytis,Botrytis cinerea,GCA_053455415.1
Botrytis,Botrytis cinerea B05.10,GCA_000143535.4
Botrytis,Botrytis cinerea BcDW1,GCA_000349525.1
Botrytis,Botrytis cinerea T4,GCA_000227075.1
Botrytis,Botrytis cinerea T4,GCA_000292645.1
Botrytis,Botrytis deweyae,GCA_014898535.1
Botrytis,Botrytis elliptica,GCA_004786205.1
Botrytis,Botrytis elliptica,GCA_014898555.1
Botrytis,Botrytis elliptica,GCA_024478385.1
Botrytis,Botrytis euroamericana,GCA_052862785.1
Botrytis,Botrytis fabae,GCA_004335035.1
Botrytis,Botrytis fabae,GCA_004335055.1
Botrytis,Botrytis fabae,GCA_015147945.1
Botrytis,Botrytis fabae,GCA_032594075.1
Botrytis,Botrytis fragariae,GCA_013461495.1
Botrytis,Botrytis galanthina,GCA_004916875.1
Botrytis,Botrytis hyacinthi,GCA_004786245.1
Botrytis,Botrytis medusae,GCA_019395255.1
Botrytis,Botrytis paeoniae,GCA_001005785.1
Botrytis,Botrytis paeoniae,GCA_004786145.1
Botrytis,Botrytis porri,GCA_004786265.1
Botrytis,Botrytis porri,GCA_014898465.1
Botrytis,Botrytis pseudocinerea,GCA_019395245.1
Botrytis,Botrytis sinoallii,GCA_014898435.1
Botrytis,Botrytis squamosa,GCA_014898485.2
Botrytis,Botrytis tulipae,GCA_004786125.1
Bremia,Bremia lactucae,GCA_004359215.2
Ceratobasidium,Ceratobasidium cereale,GCA_048999985.1
Ceratobasidium,Ceratobasidium cereale,GCA_049000075.1
Ceratobasidium,Ceratobasidium papillatum,GCA_037042815.1
Ceratobasidium,Ceratobasidium sp. 370,GCA_019677355.1
Ceratobasidium,Ceratobasidium sp. 392,GCA_019677385.1
Ceratobasidium,Ceratobasidium sp. 394,GCA_019616325.1
Ceratobasidium,Ceratobasidium sp. 395,GCA_019616345.1
Ceratobasidium,Ceratobasidium sp. 414,GCA_019616945.1
Ceratobasidium,Ceratobasidium sp. 423,GCA_019616915.1
Ceratobasidium,Ceratobasidium sp. 428,GCA_019623705.1
Ceratobasidium,Ceratobasidium sp. AG-Ba,GCA_016906555.1
Ceratobasidium,Ceratobasidium sp. AG-Ba,GCA_016906575.1
Ceratobasidium,Ceratobasidium sp. AG-Bb,GCA_054856385.1
Ceratobasidium,Ceratobasidium sp. AG-I,GCA_015039395.1
Ceratobasidium,Ceratobasidium sp. AG-K,GCA_037039685.1
Ceratobasidium,Ceratobasidium sp. C01,GCA_025200755.1
Ceratobasidium,Ceratobasidium sp. Cej3,GCA_047651735.1
Ceratobasidium,Ceratobasidium sp. UAMH 11750,GCA_019677335.1
Ceratobasidium,Ceratobasidium theobromae,GCA_009078325.1
Ceratobasidium,Ceratobasidium theobromae,GCA_012932095.1
Ceratobasidium,Ceratobasidium theobromae,GCA_037974915.1
Ceratobasidium,Ceratobasidium theobromae,GCA_054508165.1
Ceratocystis,Ceratocystis albifundus,GCA_000813685.1
Ceratocystis,Ceratocystis albifundus,GCA_002742155.1
Ceratocystis,Ceratocystis albifundus,GCA_002742195.1
Ceratocystis,Ceratocystis albifundus,GCA_002742205.1
Ceratocystis,Ceratocystis albifundus,GCA_002742215.1
Ceratocystis,Ceratocystis albifundus,GCA_002742255.2
Ceratocystis,Ceratocystis albifundus,GCA_012650125.1
Ceratocystis,Ceratocystis alfenasii,GCA_038382165.1
Ceratocystis,Ceratocystis alfenasii,GCA_038382185.1
Ceratocystis,Ceratocystis alfenasii,GCA_038382205.1
Ceratocystis,Ceratocystis atlantica,GCA_038382245.1
Ceratocystis,Ceratocystis atlantica,GCA_038382305.1
Ceratocystis,Ceratocystis atlantica,GCA_038382405.1
Ceratocystis,Ceratocystis cacaofunesta,GCA_002776505.1
Ceratocystis,Ceratocystis cacaofunesta,GCA_038406775.1
Ceratocystis,Ceratocystis colombiana,GCA_026419805.1
Ceratocystis,Ceratocystis colombiana,GCA_038406765.1
Ceratocystis,Ceratocystis costaricensis,GCA_038382365.1
Ceratocystis,Ceratocystis cubensis,GCA_038382285.1
Ceratocystis,Ceratocystis destructans,GCA_038407095.1
Ceratocystis,Ceratocystis diversiconidia,GCA_038406795.1
Ceratocystis,Ceratocystis eucalypticola,GCA_001513815.1
Ceratocystis,Ceratocystis ficicola,GCA_038407015.1
Ceratocystis,Ceratocystis fimbriata,GCA_009914735.1
Ceratocystis,Ceratocystis fimbriata,GCA_012652265.1
Ceratocystis,Ceratocystis fimbriata,GCA_017160715.1
Ceratocystis,Ceratocystis fimbriata,GCA_023525945.1
Ceratocystis,Ceratocystis fimbriata,GCA_032173455.1
Ceratocystis,Ceratocystis fimbriata,GCA_033035045.1
Ceratocystis,Ceratocystis fimbriata,GCA_038406785.1
Ceratocystis,Ceratocystis fimbriata CBS 114723,GCA_000389695.3
Ceratocystis,Ceratocystis fimbriatomima,GCA_038406755.1
Ceratocystis,Ceratocystis fimbriatomima,GCA_038406995.1
Ceratocystis,Ceratocystis harringtonii,GCA_002018265.1
Ceratocystis,Ceratocystis huliohia,GCA_038382825.1
Ceratocystis,Ceratocystis huliohia,GCA_038382885.1
Ceratocystis,Ceratocystis huliohia,GCA_038382965.1
Ceratocystis,Ceratocystis huliohia,GCA_038407075.1
Ceratocystis,Ceratocystis huliohia,GCA_054512535.1
Ceratocystis,Ceratocystis lukuohia,GCA_023509845.1
Ceratocystis,Ceratocystis lukuohia,GCA_038382545.1
Ceratocystis,Ceratocystis lukuohia,GCA_038382585.1
Ceratocystis,Ceratocystis lukuohia,GCA_038382665.1
Ceratocystis,Ceratocystis lukuohia,GCA_038382685.1
Ceratocystis,Ceratocystis lukuohia,GCA_038382705.1
Ceratocystis,Ceratocystis lukuohia,GCA_038382785.1
Ceratocystis,Ceratocystis lukuohia,GCA_038382865.1
Ceratocystis,Ceratocystis lukuohia,GCA_044167205.1
Ceratocystis,Ceratocystis manginecans,GCA_000712455.1
Ceratocystis,Ceratocystis manginecans,GCA_006408425.1
Ceratocystis,Ceratocystis manginecans,GCA_006681795.1
Ceratocystis,Ceratocystis manginecans,GCA_026122545.1
Ceratocystis,Ceratocystis manginecans,GCA_038406855.1
Ceratocystis,Ceratocystis manginecans,GCA_038406875.1
Ceratocystis,Ceratocystis manginecans,GCA_038406895.1
Ceratocystis,Ceratocystis manginecans,GCA_038406905.1
Ceratocystis,Ceratocystis papillata,GCA_038406885.1
Ceratocystis,Ceratocystis pirilliformis,GCA_042258155.1
Ceratocystis,Ceratocystis pirilliformis,GCA_042258205.1
Ceratocystis,Ceratocystis platani,GCA_000978885.1
Ceratocystis,Ceratocystis platani,GCA_038406955.1
Ceratocystis,Ceratocystis platani,GCA_038406975.1
Ceratocystis,Ceratocystis platani,GCA_038407035.1
Ceratocystis,Ceratocystis polychroma,GCA_038407085.1
Ceratocystis,Ceratocystis smalleyi,GCA_003449175.1
Ceratocystis,Ceratocystis sp. C1944,GCA_038407005.1
Ceratocystis,Ceratocystis tiliae,GCA_038407155.1
Ceratocystis,Ceratocystis uchidae,GCA_038381545.1
Ceratocystis,Ceratocystis uchidae,GCA_038407105.1
Ceratocystis,Ceratocystis variospora,GCA_038407165.1
Ceratocystis,Ceratocystis xanthosomatis,GCA_038382385.1
Ceratocystis,Ceratocystis xanthosomatis,GCA_038382465.1
Ceratocystis,Ceratocystis xanthosomatis,GCA_038382525.1
Cercospora,Cercospora americana,GCA_049191245.1
Cercospora,Cercospora apii,GCA_022836995.1
Cercospora,Cercospora apii,GCA_026120055.1
Cercospora,Cercospora berteroae,GCA_002933655.1
Cercospora,Cercospora beticola,GCA_002742065.1
Cercospora,Cercospora beticola,GCA_003370505.1
Cercospora,Cercospora beticola,GCA_003370525.1
Cercospora,Cercospora beticola,GCA_033473495.1
Cercospora,Cercospora beticola,GCA_049191235.1
Cercospora,Cercospora brassicicola,GCA_013365245.1
Cercospora,Cercospora canescens BHU,GCA_000347735.1
Cercospora,Cercospora cf. flagellaris,GCA_005356885.1
Cercospora,Cercospora cf. sigesbeckiae,GCA_002217505.1
Cercospora,Cercospora cf. sigesbeckiae,GCA_005356805.1
Cercospora,Cercospora citrullina,GCA_013365195.1
Cercospora,Cercospora citrullina,GCA_051363195.1
Cercospora,Cercospora janseana,GCA_026725115.1
Cercospora,Cercospora kikuchii,GCA_005356855.1
Cercospora,Cercospora kikuchii,GCA_009193115.1
Cercospora,Cercospora kikuchii,GCA_019650295.1
Cercospora,Cercospora nicotianae,GCA_002994015.1
Cercospora,Cercospora nicotianae,GCA_029490675.1
Cercospora,Cercospora sesami,GCA_013365235.1
Cercospora,Cercospora sojina,GCA_002150695.1
Cercospora,Cercospora sojina,GCA_002534735.1
Cercospora,Cercospora sojina,GCA_003435105.1
Cercospora,Cercospora sojina,GCA_004299825.1
Cercospora,Cercospora sojina,GCA_024499215.1
Cercospora,Cercospora sojina S9,GCA_002084285.1
Cercospora,Cercospora sp. J1 LZ-2022,GCA_022965775.1
Cercospora,Cercospora tecta,GCA_049191215.1
Cercospora,Cercospora zeae-maydis,GCA_023512815.1
Cercospora,Cercospora zeae-maydis SCOH1-5,GCA_010093985.1
Cercospora,Cercospora zeina,GCA_002844615.3
Cercospora,Cercospora zeina,GCA_022702355.1
Ciborinia,Ciborinia camelliae,GCA_001247705.1
Ciborinia,Ciborinia camelliae,GCA_025890175.1
Cladosporium,Cladosporium allicinum,GCA_052576325.1
Cladosporium,Cladosporium antarcticum,GCA_037044025.1
Cladosporium,Cladosporium anthropophilum,GCA_052324165.1
Cladosporium,Cladosporium anthropophilum,GCA_052324185.1
Cladosporium,Cladosporium asperulatum,GCA_052324025.1
Cladosporium,Cladosporium austrohemisphaericum,GCA_022813715.1
Cladosporium,Cladosporium austrohemisphaericum,GCA_022813755.1
Cladosporium,Cladosporium cf. tenuissimum,GCA_052324205.1
Cladosporium,Cladosporium cladosporioides,GCA_002901145.1
Cladosporium,Cladosporium cladosporioides,GCA_018408255.1
Cladosporium,Cladosporium cladosporioides,GCA_018408295.1
Cladosporium,Cladosporium cladosporioides,GCA_018408335.1
Cladosporium,Cladosporium cladosporioides,GCA_022457075.1
Cladosporium,Cladosporium cladosporioides,GCA_046629905.1
Cladosporium,Cladosporium cladosporioides,GCA_052324215.1
Cladosporium,Cladosporium cladosporioides,GCA_056320225.1
Cladosporium,Cladosporium cladosporioides,GCA_056320455.1
Cladosporium,Cladosporium colombiae,GCA_019775475.1
Cladosporium,Cladosporium colombiae,GCA_022814635.1
Cladosporium,Cladosporium colombiae,GCA_026122715.1
Cladosporium,Cladosporium cucumerinum,GCA_021219475.1
Cladosporium,Cladosporium cucumerinum,GCA_022560005.1
Cladosporium,Cladosporium cucumerinum,GCA_023634325.1
Cladosporium,Cladosporium cucumerinum,GCA_046629925.1
Cladosporium,Cladosporium dominicanum,GCA_052323965.1
Cladosporium,Cladosporium endophyticum,GCA_022814475.1
Cladosporium,Cladosporium endophyticum,GCA_037044255.1
Cladosporium,Cladosporium fusiforme,GCA_052576345.1
Cladosporium,Cladosporium halotolerans,GCA_011745625.2
Cladosporium,Cladosporium halotolerans,GCA_052323925.1
Cladosporium,Cladosporium inversicolor,GCA_052576375.1
Cladosporium,Cladosporium lebrasiae,GCA_052323985.1
Cladosporium,Cladosporium oxysporum,GCA_021018855.1
Cladosporium,Cladosporium oxysporum,GCA_035771495.1
Cladosporium,Cladosporium oxysporum,GCA_052324125.1
Cladosporium,Cladosporium phlei,GCA_003614995.1
Cladosporium,Cladosporium pseudocladosporioides,GCA_052324145.1
Cladosporium,Cladosporium ramotenellum,GCA_052324005.1
Cladosporium,Cladosporium rectoides,GCA_046128805.1
Cladosporium,Cladosporium sp. BF-F,GCA_030463185.1
Cladosporium,Cladosporium sp. BSL10,GCA_001553865.1
Cladosporium,Cladosporium sp. D2B6,GCA_023627725.1
Cladosporium,Cladosporium sp. F165,GCA_037042895.2
Cladosporium,Cladosporium sp. F190,GCA_037042825.2
Cladosporium,Cladosporium sp. IMV 00045,GCA_001931905.2
Cladosporium,Cladosporium sp. MBC 237,GCA_030772445.1
Cladosporium,Cladosporium sp. MBC 869,GCA_030787115.1
Cladosporium,Cladosporium sp. NU13,GCA_054600595.1
Cladosporium,Cladosporium sp. SL-16,GCA_002921095.1
Cladosporium,Cladosporium sp. SW67,GCA_018703675.1
Cladosporium,Cladosporium sp. VS III D KN 1,GCA_019775635.1
Cladosporium,Cladosporium sp. ZJUC115,GCA_052324105.1
Cladosporium,Cladosporium sphaerospermum,GCA_019191205.1
Cladosporium,Cladosporium sphaerospermum,GCA_023621355.1
Cladosporium,Cladosporium sphaerospermum,GCA_052323905.1
Cladosporium,Cladosporium sphaerospermum UM 843,GCA_000261425.2
Cladosporium,Cladosporium subtilissimum,GCA_041721165.1
Cladosporium,Cladosporium subuliforme,GCA_052324085.1
Cladosporium,Cladosporium tenuissimum,GCA_046128905.1
Cladosporium,Cladosporium tenuissimum,GCA_046629865.1
Cladosporium,Cladosporium tenuissimum,GCA_052324245.1
Cladosporium,Cladosporium tenuissimum,GCA_052324265.1
Cladosporium,Cladosporium tenuissimum,GCA_052324285.1
Cladosporium,Cladosporium tenuissimum,GCA_052324305.1
Cladosporium,Cladosporium velox,GCA_024604135.1
Cladosporium,Cladosporium velox,GCA_052323945.1
Cladosporium,Cladosporium xanthochromaticum,GCA_052324045.1
Cladosporium,Cladosporium xanthochromaticum,GCA_052324065.1
Clonostachys,Clonostachys chloroleuca,GCA_037952775.1
Clonostachys,Clonostachys chloroleuca,GCA_044120865.1
Clonostachys,Clonostachys chloroleuca,GCA_044120885.1
Clonostachys,Clonostachys chloroleuca,GCA_051020885.1
Clonostachys,Clonostachys rhizophaga,GCA_044120895.1
Clonostachys,Clonostachys rosea,GCA_000963775.2
Clonostachys,Clonostachys rosea,GCA_001640285.1
Clonostachys,Clonostachys rosea,GCA_014925725.1
Clonostachys,Clonostachys rosea,GCA_014925755.1
Clonostachys,Clonostachys rosea,GCA_015832225.1
Clonostachys,Clonostachys rosea,GCA_019843565.1
Clonostachys,Clonostachys rosea,GCA_019843725.1
Clonostachys,Clonostachys rosea,GCA_026769995.1
Clonostachys,Clonostachys rosea,GCA_026958235.1
Clonostachys,Clonostachys rosea,GCA_029618705.1
Clonostachys,Clonostachys rosea,GCA_039877235.1
Clonostachys,Clonostachys rosea,GCA_041380665.1
Clonostachys,Clonostachys rosea,GCA_054828895.1
Clonostachys,Clonostachys sp. FPYF6005,GCA_052938495.1
Clonostachys,Clonostachys sp. G600,GCA_027569955.1
Clonostachys,Clonostachys sp. G952,GCA_027569935.1
Collectotrichum,,
Colletotrichum,Colletotrichum abscissum,GCA_023376855.1
Colletotrichum,Colletotrichum abscissum,GCA_030869225.1
Colletotrichum,Colletotrichum abscissum,GCA_047371005.1
Colletotrichum,Colletotrichum acutatum,GCA_001662755.1
Colletotrichum,Colletotrichum acutatum,GCA_019022555.1
Colletotrichum,Colletotrichum acutatum,GCA_020457905.1
Colletotrichum,Colletotrichum acutatum,GCA_020457915.1
Colletotrichum,Colletotrichum acutatum,GCA_020457925.1
Colletotrichum,Colletotrichum acutatum,GCA_020458275.1
Colletotrichum,Colletotrichum acutatum,GCA_020458295.1
Colletotrichum,Colletotrichum acutatum,GCA_020458395.1
Colletotrichum,Colletotrichum acutatum,GCA_020464265.1
Colletotrichum,Colletotrichum acutatum,GCA_020464275.1
Colletotrichum,Colletotrichum acutatum,GCA_020464295.1
Colletotrichum,Colletotrichum acutatum,GCA_020465715.1
Colletotrichum,Colletotrichum acutatum,GCA_020465735.1
Colletotrichum,Colletotrichum acutatum,GCA_020465745.1
Colletotrichum,Colletotrichum acutatum,GCA_020465775.1
Colletotrichum,Colletotrichum acutatum,GCA_020465795.1
Colletotrichum,Colletotrichum acutatum,GCA_020465815.1
Colletotrichum,Colletotrichum acutatum,GCA_020465835.1
Colletotrichum,Colletotrichum acutatum,GCA_020465855.1
Colletotrichum,Colletotrichum acutatum,GCA_020465875.1
Colletotrichum,Colletotrichum acutatum,GCA_020465895.1
Colletotrichum,Colletotrichum acutatum,GCA_020465915.1
Colletotrichum,Colletotrichum acutatum,GCA_020465945.1
Colletotrichum,Colletotrichum acutatum,GCA_021124905.1
Colletotrichum,Colletotrichum acutatum,GCA_030867785.1
Colletotrichum,Colletotrichum acutatum,GCA_037954465.1
Colletotrichum,Colletotrichum acutatum,GCA_040760105.1
Colletotrichum,Colletotrichum acutatum,GCA_049998925.1
Colletotrichum,Colletotrichum acutatum,GCA_049999025.1
Colletotrichum,Colletotrichum acutatum,GCA_049999045.1
Colletotrichum,Colletotrichum acutatum,GCA_049999125.1
Colletotrichum,Colletotrichum aenigma,GCA_013390185.1
Colletotrichum,Colletotrichum aenigma,GCA_022496045.1
Colletotrichum,Colletotrichum agaves,GCA_036785465.1
Colletotrichum,Colletotrichum asianum,GCA_009806415.1
Colletotrichum,Colletotrichum asianum,GCA_027406305.1
Colletotrichum,Colletotrichum asianum,GCA_027406345.1
Colletotrichum,Colletotrichum asianum,GCA_045514765.1
Colletotrichum,Colletotrichum australisinense (nom. inval.),GCA_014706365.1
Colletotrichum,Colletotrichum brevisporum,GCA_030770045.1
Colletotrichum,Colletotrichum camelliae,GCA_011947485.2
Colletotrichum,Colletotrichum camelliae,GCA_018853505.1
Colletotrichum,Colletotrichum camelliae,GCA_026740055.1
Colletotrichum,Colletotrichum caudatum,GCA_030867225.1
Colletotrichum,Colletotrichum cereale,GCA_030867335.1
Colletotrichum,Colletotrichum cereale,GCA_034509575.1
Colletotrichum,Colletotrichum cereale,GCA_034509595.1
Colletotrichum,Colletotrichum cereale,GCA_034509685.1
Colletotrichum,Colletotrichum cereale,GCA_034509705.1
Colletotrichum,Colletotrichum chlorophyti,GCA_001937105.1
Colletotrichum,Colletotrichum chrysophilum,GCA_026319215.1
Colletotrichum,Colletotrichum chrysophilum,GCA_026319245.1
Colletotrichum,Colletotrichum chrysophilum,GCA_026319265.1
Colletotrichum,Colletotrichum chrysophilum,GCA_031006325.1
Colletotrichum,Colletotrichum cliviicola,GCA_026119605.1
Colletotrichum,Colletotrichum coccodes,GCA_002249775.1
Colletotrichum,Colletotrichum coccodes,GCA_002249805.1
Colletotrichum,Colletotrichum coccodes,GCA_020466075.1
Colletotrichum,Colletotrichum cordylinicola,GCA_027406065.1
Colletotrichum,Colletotrichum costaricense,GCA_030867565.1
Colletotrichum,Colletotrichum cuscutae,GCA_030869315.1
Colletotrichum,Colletotrichum destructivum,GCA_009900065.1
Colletotrichum,Colletotrichum destructivum,GCA_034447905.1
Colletotrichum,Colletotrichum echinochloae,GCA_016618095.1
Colletotrichum,Colletotrichum eleusines,GCA_016807845.1
Colletotrichum,Colletotrichum endophyticum,GCA_027406105.1
Colletotrichum,Colletotrichum endophyticum,GCA_047496665.1
Colletotrichum,Colletotrichum eremochloae,GCA_030867245.1
Colletotrichum,Colletotrichum euphorbiae,GCA_037178605.1
Colletotrichum,Colletotrichum falcatum,GCA_001484525.1
Colletotrichum,Colletotrichum falcatum,GCA_019425465.1
Colletotrichum,Colletotrichum falcatum,GCA_030867235.1
Colletotrichum,Colletotrichum filicis,GCA_023376865.1
Colletotrichum,Colletotrichum filicis,GCA_055672545.1
Colletotrichum,Colletotrichum fioriniae,GCA_002930425.1
Colletotrichum,Colletotrichum fioriniae,GCA_002930455.1
Colletotrichum,Colletotrichum fioriniae,GCA_014705115.1
Colletotrichum,Colletotrichum fioriniae,GCA_014705205.1
Colletotrichum,Colletotrichum fioriniae,GCA_014705245.1
Colletotrichum,Colletotrichum fioriniae,GCA_014705265.1
Colletotrichum,Colletotrichum fioriniae,GCA_014705275.1
Colletotrichum,Colletotrichum fioriniae,GCA_014705285.1
Colletotrichum,Colletotrichum fioriniae,GCA_014705335.1
Colletotrichum,Colletotrichum fioriniae,GCA_014705365.1
Colletotrichum,Colletotrichum fioriniae,GCA_014705545.1
Colletotrichum,Colletotrichum fioriniae,GCA_014705555.1
Colletotrichum,Colletotrichum fioriniae,GCA_020464245.1
Colletotrichum,Colletotrichum fioriniae,GCA_020466255.1
Colletotrichum,Colletotrichum fioriniae,GCA_026319145.1
Colletotrichum,Colletotrichum fioriniae,GCA_026319165.1
Colletotrichum,Colletotrichum fioriniae,GCA_027942845.1
Colletotrichum,Colletotrichum fioriniae PJ7,GCA_000582985.1
Colletotrichum,Colletotrichum fructicola,GCA_002314275.2
Colletotrichum,Colletotrichum fructicola,GCA_002887685.1
Colletotrichum,Colletotrichum fructicola,GCA_009771025.1
Colletotrichum,Colletotrichum fructicola,GCA_012932255.1
Colletotrichum,Colletotrichum fructicola,GCA_013201875.1
Colletotrichum,Colletotrichum fructicola,GCA_013201905.1
Colletotrichum,Colletotrichum fructicola,GCA_013201925.1
Colletotrichum,Colletotrichum fructicola,GCA_013390205.1
Colletotrichum,Colletotrichum fructicola,GCA_014705485.1
Colletotrichum,Colletotrichum fructicola,GCA_017589655.1
Colletotrichum,Colletotrichum fructicola,GCA_024000835.1
Colletotrichum,Colletotrichum fructicola,GCA_025558505.1
Colletotrichum,Colletotrichum fructicola,GCA_027406145.1
Colletotrichum,Colletotrichum fructicola,GCA_027406265.1
Colletotrichum,Colletotrichum fructicola,GCA_027406285.1
Colletotrichum,Colletotrichum fructicola,GCA_039271565.1
Colletotrichum,Colletotrichum fructicola,GCA_040869005.1
Colletotrichum,Colletotrichum fructicola,GCA_046120875.1
Colletotrichum,Colletotrichum fructicola,GCA_048771815.1
Colletotrichum,Colletotrichum fructicola,GCA_051380545.1
Colletotrichum,Colletotrichum fructicola Nara gc5,GCA_000319635.2
Colletotrichum,Colletotrichum gardeniae,GCA_047496645.1
Colletotrichum,Colletotrichum gigasporum,GCA_024584535.1
Colletotrichum,Colletotrichum gigasporum,GCA_027406085.1
Colletotrichum,Colletotrichum gloeosporioides,GCA_002189585.1
Colletotrichum,Colletotrichum gloeosporioides,GCA_002901105.1
Colletotrichum,Colletotrichum gloeosporioides,GCA_003243855.1
Colletotrichum,Colletotrichum gloeosporioides,GCA_003568745.1
Colletotrichum,Colletotrichum gloeosporioides,GCA_003666125.1
Colletotrichum,Colletotrichum gloeosporioides,GCA_011428055.1
Colletotrichum,Colletotrichum gloeosporioides,GCA_011800055.1
Colletotrichum,Colletotrichum gloeosporioides,GCA_011947415.1
Colletotrichum,Colletotrichum gloeosporioides,GCA_014705165.1
Colletotrichum,Colletotrichum gloeosporioides,GCA_019022565.1
Colletotrichum,Colletotrichum gloeosporioides,GCA_021650765.1
Colletotrichum,Colletotrichum gloeosporioides,GCA_027406185.1
Colletotrichum,Colletotrichum gloeosporioides,GCA_029169055.1
Colletotrichum,Colletotrichum gloeosporioides,GCA_040955525.1
Colletotrichum,Colletotrichum gloeosporioides,GCA_040955545.1
Colletotrichum,Colletotrichum gloeosporioides,GCA_040955925.1
Colletotrichum,Colletotrichum gloeosporioides,GCA_046563635.1
Colletotrichum,Colletotrichum gloeosporioides,GCA_049998905.1
Colletotrichum,Colletotrichum gloeosporioides 23,GCA_021432615.1
Colletotrichum,Colletotrichum gloeosporioides Cg-14,GCA_000446055.1
Colletotrichum,Colletotrichum godetiae,GCA_001663355.1
Colletotrichum,Colletotrichum godetiae,GCA_030913485.1
Colletotrichum,Colletotrichum graminicola,GCA_001951205.1
Colletotrichum,Colletotrichum graminicola,GCA_026652225.1
Colletotrichum,Colletotrichum graminicola,GCA_026652245.1
Colletotrichum,Colletotrichum graminicola,GCA_026652265.1
Colletotrichum,Colletotrichum graminicola,GCA_026652275.1
Colletotrichum,Colletotrichum graminicola,GCA_026652285.1
Colletotrichum,Colletotrichum graminicola,GCA_026652305.1
Colletotrichum,Colletotrichum graminicola,GCA_026652315.1
Colletotrichum,Colletotrichum graminicola,GCA_026652355.1
Colletotrichum,Colletotrichum graminicola,GCA_026652695.1
Colletotrichum,Colletotrichum graminicola,GCA_026652705.1
Colletotrichum,Colletotrichum graminicola,GCA_026652995.1
Colletotrichum,Colletotrichum graminicola,GCA_026653275.1
Colletotrichum,Colletotrichum graminicola,GCA_026653375.1
Colletotrichum,Colletotrichum graminicola,GCA_026653475.1
Colletotrichum,Colletotrichum graminicola,GCA_026653595.1
Colletotrichum,Colletotrichum graminicola,GCA_026653705.1
Colletotrichum,Colletotrichum graminicola,GCA_026654635.1
Colletotrichum,Colletotrichum graminicola,GCA_026656465.1
Colletotrichum,Colletotrichum graminicola,GCA_029226625.1
Colletotrichum,Colletotrichum graminicola,GCA_030463195.1
Colletotrichum,Colletotrichum graminicola M1.001,GCA_000149035.1
Colletotrichum,Colletotrichum higginsianum,GCA_000313795.2
Colletotrichum,Colletotrichum higginsianum,GCA_004920355.1
Colletotrichum,Colletotrichum higginsianum,GCA_023705605.1
Colletotrichum,Colletotrichum higginsianum IMI 349063,GCA_001672515.1
Colletotrichum,Colletotrichum horii,GCA_019693695.1
Colletotrichum,Colletotrichum horii,GCA_027406005.1
Colletotrichum,Colletotrichum horii,GCA_049996515.1
Colletotrichum,Colletotrichum incanum,GCA_001625285.1
Colletotrichum,Colletotrichum incanum,GCA_001855235.1
Colletotrichum,Colletotrichum jiangxiense,GCA_047496555.1
Colletotrichum,Colletotrichum jinshuiense,GCA_051148585.1
Colletotrichum,Colletotrichum kahawae,GCA_032988895.1
Colletotrichum,Colletotrichum karsti,GCA_011947395.2
Colletotrichum,Colletotrichum karsti,GCA_038051215.1
Colletotrichum,Colletotrichum ledebouriae,GCA_036785755.1
Colletotrichum,Colletotrichum lentis,GCA_003386485.1
Colletotrichum,Colletotrichum liaoningense,GCA_027406045.1
Colletotrichum,Colletotrichum limetticola,GCA_030413865.1
Colletotrichum,Colletotrichum limetticola,GCA_054857455.1
Colletotrichum,Colletotrichum lindemuthianum,GCA_001693015.2
Colletotrichum,Colletotrichum lindemuthianum,GCA_001693025.3
Colletotrichum,Colletotrichum lindemuthianum,GCA_041941805.1
Colletotrichum,Colletotrichum lindemuthianum,GCA_041941825.1
Colletotrichum,Colletotrichum lindemuthianum,GCA_041941845.1
Colletotrichum,Colletotrichum lindemuthianum,GCA_041941875.1
Colletotrichum,Colletotrichum lini,GCA_034638215.1
Colletotrichum,Colletotrichum lini,GCA_034638235.1
Colletotrichum,Colletotrichum lini,GCA_034638275.1
Colletotrichum,Colletotrichum lini,GCA_043790985.1
Colletotrichum,Colletotrichum liriopes,GCA_015832465.1
Colletotrichum,Colletotrichum liriopes,GCA_022179045.1
Colletotrichum,Colletotrichum liriopes,GCA_029034635.1
Colletotrichum,Colletotrichum liriopes,GCA_029034655.1
Colletotrichum,Colletotrichum liriopes,GCA_029035315.1
Colletotrichum,Colletotrichum lupini,GCA_023278565.1
Colletotrichum,Colletotrichum lupini,GCA_030913515.1
Colletotrichum,Colletotrichum lupini,GCA_045682545.1
Colletotrichum,Colletotrichum lupini,GCA_045682565.1
Colletotrichum,Colletotrichum lupini,GCA_045682585.1
Colletotrichum,Colletotrichum lupini,GCA_045682595.1
Colletotrichum,Colletotrichum lupini,GCA_045682605.1
Colletotrichum,Colletotrichum lupini,GCA_045682645.1
Colletotrichum,Colletotrichum lupini,GCA_045682665.1
Colletotrichum,Colletotrichum lupini,GCA_045682685.1
Colletotrichum,Colletotrichum lupini,GCA_045682715.1
Colletotrichum,Colletotrichum lupini,GCA_045682785.1
Colletotrichum,Colletotrichum lupini,GCA_045682845.1
Colletotrichum,Colletotrichum lupini,GCA_045682895.1
Colletotrichum,Colletotrichum lupini,GCA_045682915.1
Colletotrichum,Colletotrichum lupini,GCA_045682935.1
Colletotrichum,Colletotrichum lupini,GCA_054857575.1
Colletotrichum,Colletotrichum lupini,GCA_054857585.1
Colletotrichum,Colletotrichum lupini,GCA_054857605.1
Colletotrichum,Colletotrichum lupini,GCA_054857695.1
Colletotrichum,Colletotrichum lupini,GCA_054857745.1
Colletotrichum,Colletotrichum lupini,GCA_054858265.1
Colletotrichum,Colletotrichum lupini,GCA_054858345.1
Colletotrichum,Colletotrichum lupini,GCA_054858365.1
Colletotrichum,Colletotrichum lupini,GCA_054858375.1
Colletotrichum,Colletotrichum lupini,GCA_054858455.1
Colletotrichum,Colletotrichum lupini,GCA_054858485.1
Colletotrichum,Colletotrichum lupini,GCA_054858555.1
Colletotrichum,Colletotrichum lupini,GCA_054858635.1
Colletotrichum,Colletotrichum lupini,GCA_054858645.1
Colletotrichum,Colletotrichum lupini,GCA_054858695.1
Colletotrichum,Colletotrichum lupini,GCA_054858815.1
Colletotrichum,Colletotrichum magnum,GCA_022457145.1
Colletotrichum,Colletotrichum melonis,GCA_030868995.1
Colletotrichum,Colletotrichum musae,GCA_002814275.1
Colletotrichum,Colletotrichum musae,GCA_027406025.1
Colletotrichum,Colletotrichum musicola,GCA_014235935.1
Colletotrichum,Colletotrichum navitas,GCA_030913465.1
Colletotrichum,Colletotrichum neosansevieriae,GCA_036785495.1
Colletotrichum,Colletotrichum noveboracense,GCA_026319125.1
Colletotrichum,Colletotrichum noveboracense,GCA_026319155.1
Colletotrichum,Colletotrichum nupharicola,GCA_026319135.1
Colletotrichum,Colletotrichum nupharicola,GCA_026319225.1
Colletotrichum,Colletotrichum nymphaeae,GCA_014705085.1
Colletotrichum,Colletotrichum nymphaeae,GCA_014705095.1
Colletotrichum,Colletotrichum nymphaeae,GCA_014705125.1
Colletotrichum,Colletotrichum nymphaeae,GCA_014705155.1
Colletotrichum,Colletotrichum nymphaeae,GCA_014705455.1
Colletotrichum,Colletotrichum nymphaeae,GCA_029169025.1
Colletotrichum,Colletotrichum nymphaeae SA-01,GCA_001563115.1
Colletotrichum,Colletotrichum orbiculare MAFF 240422,GCA_000350065.2
Colletotrichum,Colletotrichum orchidophilum,GCA_001831195.1
Colletotrichum,Colletotrichum paranaense,GCA_030867605.1
Colletotrichum,Colletotrichum phormii,GCA_030913505.1
Colletotrichum,Colletotrichum plurivorum,GCA_014235945.1
Colletotrichum,Colletotrichum salicis,GCA_001563125.1
Colletotrichum,Colletotrichum sansevieriae,GCA_002749775.1
Colletotrichum,Colletotrichum sansevieriae,GCA_026260285.1
Colletotrichum,Colletotrichum scovillei,GCA_001593745.2
Colletotrichum,Colletotrichum scovillei,GCA_011075155.1
Colletotrichum,Colletotrichum scovillei,GCA_018906675.1
Colletotrichum,Colletotrichum scovillei,GCA_018906765.1
Colletotrichum,Colletotrichum scovillei,GCA_018907675.1
Colletotrichum,Colletotrichum scovillei,GCA_026540245.1
Colletotrichum,Colletotrichum scovillei,GCA_054857355.1
Colletotrichum,Colletotrichum shisoi,GCA_006783085.1
Colletotrichum,Colletotrichum siamense,GCA_008520285.1
Colletotrichum,Colletotrichum siamense,GCA_011426375.1
Colletotrichum,Colletotrichum siamense,GCA_011426385.1
Colletotrichum,Colletotrichum siamense,GCA_011428095.1
Colletotrichum,Colletotrichum siamense,GCA_011428115.1
Colletotrichum,Colletotrichum siamense,GCA_011445115.1
Colletotrichum,Colletotrichum siamense,GCA_011947465.1
Colletotrichum,Colletotrichum siamense,GCA_013201745.1
Colletotrichum,Colletotrichum siamense,GCA_013201755.1
Colletotrichum,Colletotrichum siamense,GCA_013201795.1
Colletotrichum,Colletotrichum siamense,GCA_013201865.1
Colletotrichum,Colletotrichum siamense,GCA_013390195.1
Colletotrichum,Colletotrichum siamense,GCA_014705055.1
Colletotrichum,Colletotrichum siamense,GCA_014705105.1
Colletotrichum,Colletotrichum siamense,GCA_014705195.1
Colletotrichum,Colletotrichum siamense,GCA_014705345.1
Colletotrichum,Colletotrichum siamense,GCA_014705385.1
Colletotrichum,Colletotrichum siamense,GCA_014705405.1
Colletotrichum,Colletotrichum siamense,GCA_014705435.1
Colletotrichum,Colletotrichum siamense,GCA_014706345.1
Colletotrichum,Colletotrichum siamense,GCA_027406165.1
Colletotrichum,Colletotrichum siamense,GCA_027406245.1
Colletotrichum,Colletotrichum siamense,GCA_031009615.1
Colletotrichum,Colletotrichum siamense,GCA_038023885.1
Colletotrichum,Colletotrichum siamense,GCA_047496625.1
Colletotrichum,Colletotrichum sidae,GCA_004367935.1
Colletotrichum,Colletotrichum simmondsii,GCA_001563135.1
Colletotrichum,Colletotrichum simmondsii,GCA_020457885.1
Colletotrichum,Colletotrichum sojae,GCA_014235955.1
Colletotrichum,Colletotrichum somersetense,GCA_030867255.1
Colletotrichum,Colletotrichum sp. CLE4,GCA_044063575.1
Colletotrichum,Colletotrichum sp. COLG25,GCA_009801095.1
Colletotrichum,Colletotrichum sp. COLG31,GCA_009800995.1
Colletotrichum,Colletotrichum sp. HC278,GCA_014705495.1
Colletotrichum,Colletotrichum sp. HC292,GCA_014705525.1
Colletotrichum,Colletotrichum sp. JS-367,GCA_003122705.1
Colletotrichum,Colletotrichum sp. SAR 10_65,GCA_025328335.1
Colletotrichum,Colletotrichum sp. SAR 10_66,GCA_028639655.1
Colletotrichum,Colletotrichum sp. SAR 10_70,GCA_025327165.1
Colletotrichum,Colletotrichum sp. SAR 10_71,GCA_025327135.1
Colletotrichum,Colletotrichum sp. SAR 10_75,GCA_025327155.1
Colletotrichum,Colletotrichum sp. SAR 10_76,GCA_025327145.1
Colletotrichum,Colletotrichum sp. SAR 10_77,GCA_025330015.1
Colletotrichum,Colletotrichum sp. SAR 10_86,GCA_025327125.1
Colletotrichum,Colletotrichum sp. SAR 10_96,GCA_025329375.1
Colletotrichum,Colletotrichum sp. SAR 10_98,GCA_025329385.1
Colletotrichum,Colletotrichum sp. SAR 10_99,GCA_028654355.1
Colletotrichum,Colletotrichum sp. SAR11_239,GCA_025328985.1
Colletotrichum,Colletotrichum sp. SAR11_240,GCA_025328625.1
Colletotrichum,Colletotrichum sp. SAR11_57,GCA_025328355.1
Colletotrichum,Colletotrichum sp. SAR11_59,GCA_025328345.1
Colletotrichum,Colletotrichum spaethianum,GCA_022836535.1
Colletotrichum,Colletotrichum spinosum,GCA_004366825.1
Colletotrichum,Colletotrichum sublineola,GCA_000696135.1
Colletotrichum,Colletotrichum sublineola,GCA_001951195.1
Colletotrichum,Colletotrichum sublineola,GCA_020631755.1
Colletotrichum,Colletotrichum sublineola,GCA_030867325.1
Colletotrichum,Colletotrichum tabaci,GCA_036851105.1
Colletotrichum,Colletotrichum tamarilloi,GCA_030869305.1
Colletotrichum,Colletotrichum tamarilloi,GCA_054857445.1
Colletotrichum,Colletotrichum tanaceti,GCA_005350895.1
Colletotrichum,Colletotrichum tanaceti,GCA_026229895.1
Colletotrichum,Colletotrichum theobromicola,GCA_014705045.1
Colletotrichum,Colletotrichum theobromicola,GCA_014705415.1
Colletotrichum,Colletotrichum tofieldiae,GCA_001618705.1
Colletotrichum,Colletotrichum tofieldiae,GCA_001618715.1
Colletotrichum,Colletotrichum tofieldiae,GCA_001618725.1
Colletotrichum,Colletotrichum tofieldiae,GCA_001618735.1
Colletotrichum,Colletotrichum tofieldiae,GCA_001625265.1
Colletotrichum,Colletotrichum tofieldiae,GCA_022836555.1
Colletotrichum,Colletotrichum tofieldiae,GCA_022836575.1
Colletotrichum,Colletotrichum tofieldiae,GCA_022836595.1
Colletotrichum,Colletotrichum trifolii,GCA_004367215.1
Colletotrichum,Colletotrichum tropicale,GCA_013201785.1
Colletotrichum,Colletotrichum tropicale,GCA_027406125.1
Colletotrichum,Colletotrichum tropicale,GCA_027942835.1
Colletotrichum,Colletotrichum tropicicola,GCA_025962755.1
Colletotrichum,Colletotrichum truncatum,GCA_002632455.2
Colletotrichum,Colletotrichum truncatum,GCA_008131165.1
Colletotrichum,Colletotrichum truncatum,GCA_011947275.1
Colletotrichum,Colletotrichum truncatum,GCA_014235925.2
Colletotrichum,Colletotrichum truncatum,GCA_031008025.1
Colletotrichum,Colletotrichum viniferum,GCA_013201765.1
Colletotrichum,Colletotrichum viniferum,GCA_020226115.1
Colletotrichum,Colletotrichum zoysiae,GCA_030867305.1
Cryptocline,,
Curvularia,Curvularia clavata,GCA_023920165.1
Curvularia,Curvularia eragrostidis,GCA_020744315.1
Curvularia,Curvularia geniculata,GCA_002982235.1
Curvularia,Curvularia geniculata,GCA_016162275.1
Curvularia,Curvularia hawaiiensis,GCA_026262405.1
Curvularia,Curvularia kusanoi,GCA_011058905.1
Curvularia,Curvularia lunata,GCA_005212705.1
Curvularia,Curvularia lunata CX-3,GCA_000743335.1
Curvularia,Curvularia papendorfii,GCA_000817285.1
Curvularia,Curvularia sp. IFB-Z10,GCA_002161795.1
Curvularia,Curvularia sp. ZM96,GCA_022457065.1
Curvularia,Curvularia spicifera,GCA_026262435.1
Curvularia,Curvularia verruculosa,GCA_036172615.1
Cylindrocladium,,
Cytospora,Cytospora chrysosperma,GCA_003795275.1
Cytospora,Cytospora chrysosperma,GCA_016808195.1
Cytospora,Cytospora leucostoma,GCA_003795295.1
Cytospora,Cytospora mali,GCA_000813385.1
Cytospora,Cytospora mali,GCA_000818155.1
Cytospora,Cytospora mali,GCA_023079475.1
Cytospora,Cytospora mali,GCA_025426655.1
Cytospora,Cytospora paraplurivora,GCA_021272945.2
Cytospora,Cytospora piceae,GCA_016508685.1
Cytospora,Cytospora piceae,GCA_023375665.1
Cytospora,Cytospora piceicola,GCA_023375675.1
Cytospora,Cytospora schulzeri,GCA_003795315.1
Dematophora,,
Diaporthe,Diaporthe ampelina,GCA_001006365.1
Diaporthe,Diaporthe ampelina,GCA_001630405.1
Diaporthe,Diaporthe ampelina,GCA_023522825.1
Diaporthe,Diaporthe amygdali,GCA_021655905.1
Diaporthe,Diaporthe amygdali,GCA_026229845.1
Diaporthe,Diaporthe amygdali,GCA_032191545.1
Diaporthe,Diaporthe amygdali,GCA_032433605.1
Diaporthe,Diaporthe amygdali,GCA_052862945.1
Diaporthe,Diaporthe aspalathi,GCA_001447215.1
Diaporthe,Diaporthe australafricana,GCA_039880735.1
Diaporthe,Diaporthe australafricana,GCA_042257625.1
Diaporthe,Diaporthe australafricana,GCA_042258035.1
Diaporthe,Diaporthe batatas,GCA_019321695.1
Diaporthe,Diaporthe caatingaensis,GCA_040209105.1
Diaporthe,Diaporthe capsici,GCA_013364905.1
Diaporthe,Diaporthe caulivora,GCA_023703485.1
Diaporthe,Diaporthe caulivora,GCA_024586255.1
Diaporthe,Diaporthe caulivora,GCA_055944425.1
Diaporthe,Diaporthe citri,GCA_014595645.1
Diaporthe,Diaporthe citri,GCA_014872965.1
Diaporthe,Diaporthe citri,GCA_014872985.1
Diaporthe,Diaporthe citri,GCA_014873005.1
Diaporthe,Diaporthe citriasiana,GCA_014872975.1
Diaporthe,Diaporthe citriasiana,GCA_016432825.1
Diaporthe,Diaporthe citrichinensis,GCA_014872995.1
Diaporthe,Diaporthe destruens,GCA_016859255.1
Diaporthe,Diaporthe destruens,GCA_036986855.1
Diaporthe,Diaporthe eres,GCA_022225955.2
Diaporthe,Diaporthe eres,GCA_022225975.1
Diaporthe,Diaporthe eres,GCA_022570775.2
Diaporthe,Diaporthe eres,GCA_022570805.2
Diaporthe,Diaporthe eres,GCA_024867555.1
Diaporthe,Diaporthe eres,GCA_040285485.1
Diaporthe,Diaporthe helianthi,GCA_001702395.2
Diaporthe,Diaporthe helianthi,GCA_040209025.1
Diaporthe,Diaporthe helianthi,GCA_040209045.1
Diaporthe,Diaporthe helianthi,GCA_040209115.1
Diaporthe,Diaporthe humulicola,GCA_038088545.1
Diaporthe,Diaporthe humulicola,GCA_040209125.1
Diaporthe,Diaporthe humulicola,GCA_049920735.1
Diaporthe,Diaporthe ilicicola,GCA_023242295.1
Diaporthe,Diaporthe kyushuensis,GCA_051362445.1
Diaporthe,Diaporthe longicolla,GCA_000800745.1
Diaporthe,Diaporthe longicolla,GCA_043874435.1
Diaporthe,Diaporthe longicolla,GCA_055944385.1
Diaporthe,Diaporthe longicolla MSPL 10-6,GCA_000498855.2
Diaporthe,Diaporthe macadamiae,GCA_038088425.1
Diaporthe,Diaporthe macadamiae,GCA_038088465.1
Diaporthe,Diaporthe macadamiae,GCA_038088555.1
Diaporthe,Diaporthe nobilis,GCA_023078575.1
Diaporthe,Diaporthe sojae,GCA_055672655.1
Diaporthe,Diaporthe sojae,GCA_055944445.1
Diaporthe,Diaporthe sp. CK15,GCA_040955565.1
Diaporthe,Diaporthe sp. DP-2020a,GCA_018137895.1
Diaporthe,Diaporthe sp. DP-UAU-01,GCA_044757325.1
Diaporthe,Diaporthe sp. HANT25,GCA_013435955.1
Diaporthe,Diaporthe sp. K33,GCA_040955605.1
Diaporthe,Diaporthe sp. NJD1,GCA_013842865.1
Diaporthe,Diaporthe sp. P23,GCA_040209035.1
Diaporthe,Diaporthe sp. P3_1W,GCA_037177825.1
Diaporthe,Diaporthe sp. P46,GCA_040209015.1
Diaporthe,Diaporthe sp. PMI_573,GCA_021399435.1
Diaporthe,Diaporthe sp. X43,GCA_040209005.1
Diaporthe,Diaporthe ueckeri,GCA_043874415.1
Diaporthe,Diaporthe ueckeri,GCA_043875055.1
Diaporthe,Diaporthe ueckeri,GCA_043875075.1
Diaporthe,Diaporthe unshiuensis,GCA_055944395.1
Diaporthe,Diaporthe vaccinii,GCA_039880775.1
Diaporthe,Diaporthe vaccinii,GCA_042826995.1
Diaporthe,Diaporthe velutina,GCA_038088455.1
Diaporthe,Diaporthe velutina,GCA_038088495.1
Diaporthe,Diaporthe velutina,GCA_038088505.1
Diaporthe,Diaporthe vexans,GCA_021188095.1
Didymella,Didymella arachidicola,GCA_016630955.3
Didymella,Didymella exigua,GCA_026119975.1
Didymella,Didymella exigua CBS 183.55,GCA_010094145.1
Didymella,Didymella glomerata,GCA_022559905.1
Didymella,Didymella glomerata,GCA_027946415.1
Didymella,Didymella glomerata,GCA_030271015.1
Didymella,Didymella heteroderae,GCA_011058895.1
Didymella,Didymella keratinophila,GCA_011058865.1
Didymella,Didymella lethalis,GCA_004335245.1
Didymella,Didymella lethalis,GCA_004335255.1
Didymella,Didymella pinodella,GCA_022609545.1
Didymella,Didymella pinodella,GCA_026119375.1
Didymella,Didymella pinodella,GCA_026119385.1
Didymella,Didymella pinodella,GCA_026119435.1
Didymella,Didymella pinodella,GCA_026119445.1
Didymella,Didymella pinodella,GCA_026119455.1
Didymella,Didymella pinodella,GCA_026547135.1
Didymella,Didymella pinodella,GCA_039634465.1
Didymella,Didymella pinodes,GCA_004151185.1
Didymella,Didymella pinodes,GCA_004151295.1
Didymella,Didymella pinodes,GCA_004151305.1
Didymella,Didymella pinodes,GCA_004151515.1
Didymella,Didymella pinodes,GCA_004151525.1
Didymella,Didymella pinodes,GCA_026119235.1
Didymella,Didymella pinodes,GCA_026119245.1
Didymella,Didymella pinodes,GCA_026119265.1
Didymella,Didymella pinodes,GCA_026119355.1
Didymella,Didymella pinodes,GCA_026119365.1
Didymella,Didymella pinodes,GCA_026119395.1
Didymella,Didymella pomorum,GCA_022225945.2
Didymella,Didymella pomorum,GCA_027946535.1
Didymella,Didymella segeticola,GCA_004522025.1
Didymella,Didymella sp. IMI 355093,GCA_027946495.1
Diplocarpon,Diplocarpon coronariae,GCA_002204255.1
Diplocarpon,Diplocarpon coronariae,GCA_026108285.1
Diplocarpon,Diplocarpon coronariae,GCA_037039515.2
Diplocarpon,Diplocarpon mali,GCA_024741835.1
Diplocarpon,Diplocarpon rosae,GCA_002317995.1
Diplocarpon,Diplocarpon rosae,GCA_011320175.1
Diplocarpon,Diplocarpon rosae,GCA_011320215.1
Diplocarpon,Diplocarpon rosae,GCA_011750715.2
Diplocarpon,Diplocarpon rosae,GCA_032760415.1
Diplodia,Diplodia corticola,GCA_001883845.1
Diplodia,Diplodia intermedia,GCA_021495925.2
Diplodia,Diplodia mutila,GCA_022560015.1
Diplodia,Diplodia mutila,GCA_023079605.1
Diplodia,Diplodia mutila,GCA_023089405.1
Diplodia,Diplodia sapinea,GCA_000729945.1
Diplodia,Diplodia sapinea,GCA_023085605.1
Diplodia,Diplodia sapinea,GCA_023087305.1
Diplodia,Diplodia sapinea,GCA_023087385.1
Diplodia,Diplodia sapinea,GCA_048593915.1
Diplodia,Diplodia sapinea CMW 190,GCA_000671355.1
Diplodia,Diplodia scrobiculata,GCA_001455585.1
Diplodia,Diplodia seriata,GCA_001006355.1
Diplodia,Diplodia seriata,GCA_001975905.1
Diplodia,Diplodia seriata,GCA_021436955.3
Diplodia,Diplodia seriata,GCA_021436965.2
Diplodia,Diplodia seriata,GCA_023086045.1
Discula,,
Drechslera,Drechslera avenae,GCA_034508535.1
Drechslera,Drechslera avenae,GCA_034620375.1
Drechslera,Drechslera avenae,GCA_034621625.1
Drechslera,Drechslera avenae,GCA_034640345.1
Elsinoe,Elsinoe ampelina,GCA_005959805.1
Elsinoe,Elsinoe ampelina,GCA_010093995.1
Elsinoe,Elsinoe arachidis,GCA_013372555.1
Elsinoe,Elsinoe australis,GCA_003013795.1
Elsinoe,Elsinoe australis,GCA_004761955.1
Elsinoe,Elsinoe australis,GCA_004761985.1
Elsinoe,Elsinoe australis,GCA_004761995.1
Elsinoe,Elsinoe australis,GCA_004764485.1
Elsinoe,Elsinoe australis,GCA_005382375.1
Elsinoe,Elsinoe australis,GCA_005382395.1
Elsinoe,Elsinoe australis,GCA_005382405.1
Elsinoe,Elsinoe australis,GCA_005382415.1
Elsinoe,Elsinoe australis,GCA_007556505.1
Elsinoe,Elsinoe australis,GCA_016625675.1
Elsinoe,Elsinoe batatas,GCA_017309325.2
Elsinoe,Elsinoe fawcettii,GCA_007556535.1
Elsinoe,Elsinoe fawcettii,GCA_007556565.1
Elsinoe,Elsinoe fawcettii,GCA_012977835.1
Elsinoe,Elsinoe fawcettii,GCA_016625505.1
Elsinoe,Elsinoe fawcettii,GCA_016625515.1
Elsinoe,Elsinoe fawcettii,GCA_016625525.1
Elsinoe,Elsinoe necatrix,GCA_032393115.1
Elsinoe,Elsinoe necatrix,GCA_033846785.1
Elsinoe,Elsinoe perseae,GCA_029448695.1
Entomosporium,,
Eremothecium,Eremothecium coryli CBS 5749,GCA_000710315.1
Eremothecium,Eremothecium cymbalariae DBVPG#7215,GCA_000235365.1
Eremothecium,Eremothecium gossypii ATCC 10895,GCA_000091025.4
Eremothecium,Eremothecium gossypii FDAG1,GCA_000968835.1
Eremothecium,Eremothecium sinecaudum,GCA_001548555.1
Erysiphe,Erysiphe necator,GCA_000798715.1
Erysiphe,Erysiphe necator,GCA_000798735.1
Erysiphe,Erysiphe necator,GCA_000798755.1
Erysiphe,Erysiphe necator,GCA_000798775.1
Erysiphe,Erysiphe necator,GCA_000798795.1
Erysiphe,Erysiphe necator,GCA_016906895.2
Erysiphe,Erysiphe necator,GCA_024703715.1
Erysiphe,Erysiphe neolycopersici,GCA_003610855.1
Erysiphe,Erysiphe pisi,GCA_000208805.1
Erysiphe,Erysiphe pisi,GCA_000214055.1
Erysiphe,Erysiphe pulchra,GCA_002918395.1
Eutypa,Eutypa lata,GCA_022660915.1
Eutypa,Eutypa lata,GCA_022660925.1
Eutypa,Eutypa lata,GCA_022660935.1
Eutypa,Eutypa lata,GCA_022660945.1
Eutypa,Eutypa lata,GCA_022661075.1
Eutypa,Eutypa lata,GCA_022661185.1
Eutypa,Eutypa lata,GCA_022661205.1
Eutypa,Eutypa lata,GCA_022661235.1
Eutypa,Eutypa lata,GCA_022661245.1
Eutypa,Eutypa lata,GCA_022661255.1
Eutypa,Eutypa lata,GCA_022661275.1
Eutypa,Eutypa lata,GCA_022661325.1
Eutypa,Eutypa lata,GCA_022661335.1
Eutypa,Eutypa lata,GCA_022661345.1
Eutypa,Eutypa lata,GCA_022661355.1
Eutypa,Eutypa lata,GCA_022661375.1
Eutypa,Eutypa lata,GCA_022661395.1
Eutypa,Eutypa lata,GCA_022661435.1
Eutypa,Eutypa lata,GCA_022661445.1
Eutypa,Eutypa lata,GCA_022661455.1
Eutypa,Eutypa lata,GCA_022661475.1
Eutypa,Eutypa lata,GCA_022661515.1
Eutypa,Eutypa lata,GCA_022661525.1
Eutypa,Eutypa lata,GCA_022661535.1
Eutypa,Eutypa lata,GCA_022661565.1
Eutypa,Eutypa lata,GCA_022661575.1
Eutypa,Eutypa lata,GCA_022661605.1
Eutypa,Eutypa lata,GCA_022661615.1
Eutypa,Eutypa lata,GCA_022661635.1
Eutypa,Eutypa lata,GCA_022661665.1
Eutypa,Eutypa lata,GCA_022661675.1
Eutypa,Eutypa lata,GCA_022661705.1
Eutypa,Eutypa lata,GCA_022661715.1
Eutypa,Eutypa lata,GCA_022661735.1
Eutypa,Eutypa lata,GCA_022661755.1
Eutypa,Eutypa lata,GCA_022661775.1
Eutypa,Eutypa lata,GCA_022661805.1
Eutypa,Eutypa lata,GCA_022661825.1
Eutypa,Eutypa lata,GCA_022661835.1
Eutypa,Eutypa lata,GCA_022712995.1
Eutypa,Eutypa lata UCREL1,GCA_000349385.1
Exobasidium,Exobasidium cylindrosporum,GCA_023273805.1
Exobasidium,Exobasidium rhododendri,GCA_026210745.1
Fomes,Fomes fomentarius,GCA_022606135.1
Fomes,Fomes fomentarius,GCA_037954145.1
Fusarium,Fusarium abutilonis,GCA_021655885.1
Fusarium,Fusarium acaciae-mearnsii,GCA_014822065.1
Fusarium,Fusarium acaciae-mearnsii,GCA_017657105.1
Fusarium,Fusarium acaciae-mearnsii,GCA_017657115.1
Fusarium,Fusarium acaciae-mearnsii,GCA_017657135.1
Fusarium,Fusarium acuminatum,GCA_013363215.1
Fusarium,Fusarium acuminatum,GCA_027247665.1
Fusarium,Fusarium acuminatum,GCA_038181435.1
Fusarium,Fusarium acutatum,GCA_012932015.1
Fusarium,Fusarium aethiopicum,GCA_017657045.1
Fusarium,Fusarium aethiopicum,GCA_053895105.1
Fusarium,Fusarium aethiopicum,GCA_053895145.1
Fusarium,Fusarium agapanthi,GCA_001654545.1
Fusarium,Fusarium agapanthi,GCA_001654555.2
Fusarium,Fusarium albidum,GCA_013618265.1
Fusarium,Fusarium albosuccineum,GCA_012931995.1
Fusarium,Fusarium algeriense,GCA_002982035.1
Fusarium,Fusarium algeriense,GCA_002982055.1
Fusarium,Fusarium ambrosium,GCA_003947045.1
Fusarium,Fusarium andiyazi,GCA_044706615.1
Fusarium,Fusarium anguioides,GCA_012977745.1
Fusarium,Fusarium annulatum,GCA_019189555.1
Fusarium,Fusarium annulatum,GCA_019189625.1
Fusarium,Fusarium annulatum,GCA_019189685.1
Fusarium,Fusarium annulatum,GCA_019189765.1
Fusarium,Fusarium annulatum,GCA_019189775.1
Fusarium,Fusarium annulatum,GCA_022627115.1
Fusarium,Fusarium annulatum,GCA_044647055.1
Fusarium,Fusarium anthophilum,GCA_013364935.1
Fusarium,Fusarium arcuatisporum,GCA_049901675.1
Fusarium,Fusarium armeniacum,GCA_013618295.1
Fusarium,Fusarium armeniacum,GCA_051942675.1
Fusarium,Fusarium asiaticum,GCA_001717835.1
Fusarium,Fusarium asiaticum,GCA_001717845.1
Fusarium,Fusarium asiaticum,GCA_013618305.1
Fusarium,Fusarium asiaticum,GCA_017657095.1
Fusarium,Fusarium asiaticum,GCA_025258505.1
Fusarium,Fusarium asiaticum,GCA_025427435.1
Fusarium,Fusarium asiaticum,GCA_025427455.1
Fusarium,Fusarium asiaticum,GCA_025427465.1
Fusarium,Fusarium asiaticum,GCA_025427475.1
Fusarium,Fusarium asiaticum,GCA_025427855.1
Fusarium,Fusarium asiaticum,GCA_025427995.1
Fusarium,Fusarium asiaticum,GCA_025428385.1
Fusarium,Fusarium asiaticum,GCA_025428395.1
Fusarium,Fusarium asiaticum,GCA_043174495.1
Fusarium,Fusarium asiaticum,GCA_043174505.1
Fusarium,Fusarium asiaticum,GCA_043174575.1
Fusarium,Fusarium asiaticum,GCA_043174585.1
Fusarium,Fusarium asiaticum,GCA_043174615.1
Fusarium,Fusarium asiaticum,GCA_043174715.1
Fusarium,Fusarium asiaticum,GCA_043174735.1
Fusarium,Fusarium asiaticum,GCA_043174785.1
Fusarium,Fusarium asiaticum,GCA_043174795.1
Fusarium,Fusarium asiaticum,GCA_043174815.1
Fusarium,Fusarium asiaticum,GCA_043174825.1
Fusarium,Fusarium asiaticum,GCA_043174905.1
Fusarium,Fusarium asiaticum,GCA_043175015.1
Fusarium,Fusarium asiaticum,GCA_043175025.1
Fusarium,Fusarium asiaticum,GCA_043175045.1
Fusarium,Fusarium asiaticum,GCA_043175055.1
Fusarium,Fusarium asiaticum,GCA_043175085.1
Fusarium,Fusarium asiaticum,GCA_043175195.1
Fusarium,Fusarium asiaticum,GCA_043175245.1
Fusarium,Fusarium asiaticum,GCA_043175265.1
Fusarium,Fusarium asiaticum,GCA_043175295.1
Fusarium,Fusarium asiaticum,GCA_043175355.1
Fusarium,Fusarium asiaticum,GCA_043175385.1
Fusarium,Fusarium asiaticum,GCA_043175395.1
Fusarium,Fusarium asiaticum,GCA_043175415.1
Fusarium,Fusarium asiaticum,GCA_043175495.1
Fusarium,Fusarium asiaticum,GCA_043175505.1
Fusarium,Fusarium asiaticum,GCA_043175535.1
Fusarium,Fusarium asiaticum,GCA_043175545.1
Fusarium,Fusarium asiaticum,GCA_043175635.1
Fusarium,Fusarium asiaticum,GCA_043175715.1
Fusarium,Fusarium asiaticum,GCA_043175725.1
Fusarium,Fusarium asiaticum,GCA_043175735.1
Fusarium,Fusarium asiaticum,GCA_043175755.1
Fusarium,Fusarium asiaticum,GCA_043175795.1
Fusarium,Fusarium asiaticum,GCA_043175845.1
Fusarium,Fusarium asiaticum,GCA_043175875.1
Fusarium,Fusarium asiaticum,GCA_043175975.1
Fusarium,Fusarium asiaticum,GCA_043175985.1
Fusarium,Fusarium asiaticum,GCA_043176045.1
Fusarium,Fusarium asiaticum,GCA_043176075.1
Fusarium,Fusarium asiaticum,GCA_043176115.1
Fusarium,Fusarium asiaticum,GCA_043176135.1
Fusarium,Fusarium asiaticum,GCA_043176165.1
Fusarium,Fusarium asiaticum,GCA_043176185.1
Fusarium,Fusarium asiaticum,GCA_043176255.1
Fusarium,Fusarium asiaticum,GCA_043176275.1
Fusarium,Fusarium asiaticum,GCA_043176295.1
Fusarium,Fusarium asiaticum,GCA_043176325.1
Fusarium,Fusarium asiaticum,GCA_043176385.1
Fusarium,Fusarium asiaticum,GCA_043176435.1
Fusarium,Fusarium asiaticum,GCA_043176515.1
Fusarium,Fusarium asiaticum,GCA_043176525.1
Fusarium,Fusarium asiaticum,GCA_043176535.1
Fusarium,Fusarium asiaticum,GCA_043176545.1
Fusarium,Fusarium asiaticum,GCA_043176555.1
Fusarium,Fusarium asiaticum,GCA_043176695.1
Fusarium,Fusarium asiaticum,GCA_043176725.1
Fusarium,Fusarium asiaticum,GCA_043176735.1
Fusarium,Fusarium asiaticum,GCA_043176755.1
Fusarium,Fusarium asiaticum,GCA_043176765.1
Fusarium,Fusarium asiaticum,GCA_043252065.1
Fusarium,Fusarium asiaticum,GCA_043252085.1
Fusarium,Fusarium asiaticum,GCA_043252105.1
Fusarium,Fusarium asiaticum,GCA_043252125.1
Fusarium,Fusarium asiaticum,GCA_043252145.1
Fusarium,Fusarium asiaticum,GCA_043252265.1
Fusarium,Fusarium asiaticum,GCA_043252325.1
Fusarium,Fusarium asiaticum,GCA_043252345.1
Fusarium,Fusarium asiaticum,GCA_043252385.1
Fusarium,Fusarium asiaticum,GCA_043252405.1
Fusarium,Fusarium asiaticum,GCA_043252445.1
Fusarium,Fusarium asiaticum,GCA_043252505.1
Fusarium,Fusarium asiaticum,GCA_043252525.1
Fusarium,Fusarium asiaticum,GCA_043252585.1
Fusarium,Fusarium asiaticum,GCA_043252605.1
Fusarium,Fusarium asiaticum,GCA_043252645.1
Fusarium,Fusarium asiaticum,GCA_043252685.1
Fusarium,Fusarium asiaticum,GCA_043252725.1
Fusarium,Fusarium asiaticum,GCA_043252785.1
Fusarium,Fusarium asiaticum,GCA_043252805.1
Fusarium,Fusarium asiaticum,GCA_043252825.1
Fusarium,Fusarium asiaticum,GCA_043252865.1
Fusarium,Fusarium asiaticum,GCA_043252925.1
Fusarium,Fusarium asiaticum,GCA_043252945.1
Fusarium,Fusarium asiaticum,GCA_043252985.1
Fusarium,Fusarium asiaticum,GCA_043252995.1
Fusarium,Fusarium asiaticum,GCA_043253045.1
Fusarium,Fusarium asiaticum,GCA_043253105.1
Fusarium,Fusarium asiaticum,GCA_043253145.1
Fusarium,Fusarium asiaticum,GCA_043253165.1
Fusarium,Fusarium asiaticum,GCA_043253205.1
Fusarium,Fusarium asiaticum,GCA_043253225.1
Fusarium,Fusarium asiaticum,GCA_043253305.1
Fusarium,Fusarium asiaticum,GCA_043253325.1
Fusarium,Fusarium asiaticum,GCA_043253345.1
Fusarium,Fusarium asiaticum,GCA_043253365.1
Fusarium,Fusarium asiaticum,GCA_043253405.1
Fusarium,Fusarium asiaticum,GCA_043253465.1
Fusarium,Fusarium asiaticum,GCA_043253485.1
Fusarium,Fusarium asiaticum,GCA_043253505.1
Fusarium,Fusarium asiaticum,GCA_043253545.1
Fusarium,Fusarium asiaticum,GCA_043253565.1
Fusarium,Fusarium asiaticum,GCA_043253585.1
Fusarium,Fusarium asiaticum,GCA_043253665.1
Fusarium,Fusarium asiaticum,GCA_043253705.1
Fusarium,Fusarium asiaticum,GCA_043253725.1
Fusarium,Fusarium asiaticum,GCA_043253745.1
Fusarium,Fusarium asiaticum,GCA_043253785.1
Fusarium,Fusarium asiaticum,GCA_043253805.1
Fusarium,Fusarium asiaticum,GCA_043253865.1
Fusarium,Fusarium asiaticum,GCA_043253885.1
Fusarium,Fusarium asiaticum,GCA_043253905.1
Fusarium,Fusarium asiaticum,GCA_043253945.1
Fusarium,Fusarium asiaticum,GCA_043253965.1
Fusarium,Fusarium asiaticum,GCA_043254035.1
Fusarium,Fusarium asiaticum,GCA_043254065.1
Fusarium,Fusarium asiaticum,GCA_043254085.1
Fusarium,Fusarium asiaticum,GCA_043254125.1
Fusarium,Fusarium asiaticum,GCA_043254135.1
Fusarium,Fusarium asiaticum,GCA_043254185.1
Fusarium,Fusarium asiaticum,GCA_043254245.1
Fusarium,Fusarium asiaticum,GCA_043254285.1
Fusarium,Fusarium asiaticum,GCA_043254325.1
Fusarium,Fusarium asiaticum,GCA_043254345.1
Fusarium,Fusarium asiaticum,GCA_043254365.1
Fusarium,Fusarium asiaticum,GCA_043254405.1
Fusarium,Fusarium asiaticum,GCA_043254425.1
Fusarium,Fusarium asiaticum,GCA_043254465.1
Fusarium,Fusarium asiaticum,GCA_043254505.1
Fusarium,Fusarium asiaticum,GCA_043254525.1
Fusarium,Fusarium asiaticum,GCA_043254545.1
Fusarium,Fusarium asiaticum,GCA_043254565.1
Fusarium,Fusarium asiaticum,GCA_043254595.1
Fusarium,Fusarium asiaticum,GCA_043254645.1
Fusarium,Fusarium asiaticum,GCA_043254705.1
Fusarium,Fusarium asiaticum,GCA_043254745.1
Fusarium,Fusarium asiaticum,GCA_043254765.1
Fusarium,Fusarium asiaticum,GCA_043254805.1
Fusarium,Fusarium asiaticum,GCA_043254825.1
Fusarium,Fusarium asiaticum,GCA_043254865.1
Fusarium,Fusarium asiaticum,GCA_043254885.1
Fusarium,Fusarium asiaticum,GCA_043254945.1
Fusarium,Fusarium asiaticum,GCA_043254965.1
Fusarium,Fusarium asiaticum,GCA_043254985.1
Fusarium,Fusarium asiaticum,GCA_043255045.1
Fusarium,Fusarium asiaticum,GCA_043255065.1
Fusarium,Fusarium asiaticum,GCA_043255105.1
Fusarium,Fusarium asiaticum,GCA_043255125.1
Fusarium,Fusarium asiaticum,GCA_043255185.1
Fusarium,Fusarium asiaticum,GCA_043255205.1
Fusarium,Fusarium asiaticum,GCA_043255245.1
Fusarium,Fusarium asiaticum,GCA_043255285.1
Fusarium,Fusarium asiaticum,GCA_043255305.1
Fusarium,Fusarium asiaticum,GCA_043255315.1
Fusarium,Fusarium asiaticum,GCA_043255345.1
Fusarium,Fusarium asiaticum,GCA_043255365.1
Fusarium,Fusarium asiaticum,GCA_043255445.1
Fusarium,Fusarium asiaticum,GCA_043255465.1
Fusarium,Fusarium asiaticum,GCA_043255485.1
Fusarium,Fusarium asiaticum,GCA_043255505.1
Fusarium,Fusarium asiaticum,GCA_043255565.1
Fusarium,Fusarium asiaticum,GCA_043255585.1
Fusarium,Fusarium asiaticum,GCA_043255645.1
Fusarium,Fusarium asiaticum,GCA_043255665.1
Fusarium,Fusarium asiaticum,GCA_043255705.1
Fusarium,Fusarium asiaticum,GCA_043255725.1
Fusarium,Fusarium asiaticum,GCA_043255745.1
Fusarium,Fusarium asiaticum,GCA_043255785.1
Fusarium,Fusarium asiaticum,GCA_043255825.1
Fusarium,Fusarium asiaticum,GCA_043255845.1
Fusarium,Fusarium asiaticum,GCA_043255865.1
Fusarium,Fusarium asiaticum,GCA_043255885.1
Fusarium,Fusarium asiaticum,GCA_043255965.1
Fusarium,Fusarium asiaticum,GCA_043255985.1
Fusarium,Fusarium asiaticum,GCA_043256025.1
Fusarium,Fusarium asiaticum,GCA_043256035.1
Fusarium,Fusarium asiaticum,GCA_043256085.1
Fusarium,Fusarium asiaticum,GCA_043256125.1
Fusarium,Fusarium asiaticum,GCA_043256145.1
Fusarium,Fusarium asiaticum,GCA_043256185.1
Fusarium,Fusarium asiaticum,GCA_043256205.1
Fusarium,Fusarium asiaticum,GCA_043256225.1
Fusarium,Fusarium asiaticum,GCA_043256235.1
Fusarium,Fusarium asiaticum,GCA_043256285.1
Fusarium,Fusarium asiaticum,GCA_043256345.1
Fusarium,Fusarium asiaticum,GCA_043256385.1
Fusarium,Fusarium asiaticum,GCA_043256405.1
Fusarium,Fusarium asiaticum,GCA_043256425.1
Fusarium,Fusarium asiaticum,GCA_043256465.1
Fusarium,Fusarium asiaticum,GCA_043256485.1
Fusarium,Fusarium asiaticum,GCA_043256505.1
Fusarium,Fusarium asiaticum,GCA_043256525.1
Fusarium,Fusarium asiaticum,GCA_043256585.1
Fusarium,Fusarium asiaticum,GCA_043256625.1
Fusarium,Fusarium asiaticum,GCA_043256645.1
Fusarium,Fusarium asiaticum,GCA_043256685.1
Fusarium,Fusarium asiaticum,GCA_043256725.1
Fusarium,Fusarium asiaticum,GCA_043256745.1
Fusarium,Fusarium asiaticum,GCA_043256765.1
Fusarium,Fusarium asiaticum,GCA_043256785.1
Fusarium,Fusarium asiaticum,GCA_043256805.1
Fusarium,Fusarium asiaticum,GCA_043256905.1
Fusarium,Fusarium asiaticum,GCA_043256925.1
Fusarium,Fusarium asiaticum,GCA_043256965.1
Fusarium,Fusarium asiaticum,GCA_043256985.1
Fusarium,Fusarium asiaticum,GCA_043257005.1
Fusarium,Fusarium asiaticum,GCA_043257085.1
Fusarium,Fusarium asiaticum,GCA_043257105.1
Fusarium,Fusarium asiaticum,GCA_043257125.1
Fusarium,Fusarium asiaticum,GCA_043257145.1
Fusarium,Fusarium asiaticum,GCA_043257155.1
Fusarium,Fusarium asiaticum,GCA_043257205.1
Fusarium,Fusarium asiaticum,GCA_043257245.1
Fusarium,Fusarium asiaticum,GCA_043257265.1
Fusarium,Fusarium asiaticum,GCA_043257305.1
Fusarium,Fusarium asiaticum,GCA_043257335.1
Fusarium,Fusarium asiaticum,GCA_043257385.1
Fusarium,Fusarium asiaticum,GCA_043257405.1
Fusarium,Fusarium asiaticum,GCA_043257425.1
Fusarium,Fusarium asiaticum,GCA_043257465.1
Fusarium,Fusarium asiaticum,GCA_043257485.1
Fusarium,Fusarium asiaticum,GCA_043257505.1
Fusarium,Fusarium asiaticum,GCA_043257545.1
Fusarium,Fusarium asiaticum,GCA_043257625.1
Fusarium,Fusarium asiaticum,GCA_043257645.1
Fusarium,Fusarium asiaticum,GCA_043257685.1
Fusarium,Fusarium asiaticum,GCA_043257705.1
Fusarium,Fusarium asiaticum,GCA_043257725.1
Fusarium,Fusarium asiaticum,GCA_043257745.1
Fusarium,Fusarium asiaticum,GCA_043257785.1
Fusarium,Fusarium asiaticum,GCA_043257815.1
Fusarium,Fusarium asiaticum,GCA_043257845.1
Fusarium,Fusarium asiaticum,GCA_043257885.1
Fusarium,Fusarium asiaticum,GCA_043257925.1
Fusarium,Fusarium asiaticum,GCA_043257945.1
Fusarium,Fusarium asiaticum,GCA_043257985.1
Fusarium,Fusarium asiaticum,GCA_043258005.1
Fusarium,Fusarium asiaticum,GCA_043258025.1
Fusarium,Fusarium asiaticum,GCA_043258135.1
Fusarium,Fusarium asiaticum,GCA_048987485.1
Fusarium,Fusarium asiaticum,GCA_050916195.1
Fusarium,Fusarium asiaticum,GCA_051362595.1
Fusarium,Fusarium asiaticum,GCA_051942695.1
Fusarium,Fusarium austroafricanum,GCA_012932025.1
Fusarium,Fusarium austroamericanum,GCA_009617505.1
Fusarium,Fusarium austroamericanum,GCA_009617525.1
Fusarium,Fusarium austroamericanum,GCA_013364965.1
Fusarium,Fusarium austroamericanum,GCA_017657025.1
Fusarium,Fusarium austroamericanum,GCA_017657035.1
Fusarium,Fusarium avenaceum,GCA_000769215.1
Fusarium,Fusarium avenaceum,GCA_000769295.1
Fusarium,Fusarium avenaceum,GCA_000769305.1
Fusarium,Fusarium avenaceum,GCA_012959155.1
Fusarium,Fusarium avenaceum,GCA_013753855.1
Fusarium,Fusarium avenaceum,GCA_018282135.1
Fusarium,Fusarium avenaceum,GCA_019055275.1
Fusarium,Fusarium avenaceum,GCA_019055285.1
Fusarium,Fusarium avenaceum,GCA_019055295.1
Fusarium,Fusarium avenaceum,GCA_019055315.1
Fusarium,Fusarium avenaceum,GCA_019055345.1
Fusarium,Fusarium avenaceum,GCA_020744115.1
Fusarium,Fusarium avenaceum,GCA_025948275.1
Fusarium,Fusarium avenaceum,GCA_044646885.1
Fusarium,Fusarium avenaceum,GCA_054643395.1
Fusarium,Fusarium aywerte,GCA_013186375.1
Fusarium,Fusarium azukiicola,GCA_001680625.1
Fusarium,Fusarium babinda,GCA_012977765.1
Fusarium,Fusarium babinda,GCA_013184435.1
Fusarium,Fusarium bactridioides,GCA_013623355.1
Fusarium,Fusarium begoniae,GCA_013186755.1
Fusarium,Fusarium beomiforme,GCA_002980475.2
Fusarium,Fusarium boothii,GCA_017656945.1
Fusarium,Fusarium boothii,GCA_017656985.1
Fusarium,Fusarium boothii,GCA_017656995.1
Fusarium,Fusarium boothii,GCA_052058405.1
Fusarium,Fusarium boothii,GCA_052058495.1
Fusarium,Fusarium boothii,GCA_053895125.1
Fusarium,Fusarium boothii,GCA_053895185.1
Fusarium,Fusarium boothii,GCA_053895245.1
Fusarium,Fusarium brachygibbosum,GCA_018886245.1
Fusarium,Fusarium brachygibbosum,GCA_052814595.1
Fusarium,Fusarium brasilicum,GCA_013184295.1
Fusarium,Fusarium brasilicum,GCA_017656955.1
Fusarium,Fusarium brasiliense,GCA_001680685.1
Fusarium,Fusarium brevicatenulatum,GCA_013363135.1
Fusarium,Fusarium buharicum,GCA_014822075.1
Fusarium,Fusarium bulbicola,GCA_013186765.1
Fusarium,Fusarium bulbicola,GCA_013758895.1
Fusarium,Fusarium burgessii,GCA_002980515.1
Fusarium,Fusarium buxicola,GCA_014899095.1
Fusarium,Fusarium buxicola,GCA_045528865.1
Fusarium,Fusarium caatingaense,GCA_013624355.1
Fusarium,Fusarium camptoceras,GCA_004367475.1
Fusarium,Fusarium celtis-occidentalis,GCA_045529095.1
Fusarium,Fusarium cerealis,GCA_012600195.1
Fusarium,Fusarium cerealis,GCA_019055205.1
Fusarium,Fusarium cerealis,GCA_054553065.1
Fusarium,Fusarium cerealis,GCA_054574715.1
Fusarium,Fusarium cf. aywerte,GCA_011034095.1
Fusarium,Fusarium cf. falciforme,GCA_011033525.1
Fusarium,Fusarium cf. falciforme,GCA_011033595.1
Fusarium,Fusarium cf. falciforme,GCA_011033705.1
Fusarium,Fusarium cf. falciforme,GCA_011033785.1
Fusarium,Fusarium cf. falciforme,GCA_011034735.1
Fusarium,Fusarium cf. falciforme,GCA_011036285.1
Fusarium,Fusarium cf. falciforme,GCA_011036445.1
Fusarium,Fusarium cf. falciforme,GCA_011036565.1
Fusarium,Fusarium cf. falciforme,GCA_011036775.1
Fusarium,Fusarium cf. falciforme,GCA_011036815.1
Fusarium,Fusarium cf. hostae,GCA_011034235.1
Fusarium,Fusarium cf. hostae,GCA_011035825.1
Fusarium,Fusarium cf. hostae,GCA_011035845.1
Fusarium,Fusarium cf. nygamai,GCA_011035525.1
Fusarium,Fusarium cf. nygamai,GCA_011036685.1
Fusarium,Fusarium cf. solani,GCA_011033385.1
Fusarium,Fusarium cf. solani,GCA_011033625.1
Fusarium,Fusarium cf. solani,GCA_011033925.1
Fusarium,Fusarium cf. solani,GCA_011033945.1
Fusarium,Fusarium cf. solani,GCA_011034825.1
Fusarium,Fusarium cf. solani,GCA_011036165.1
Fusarium,Fusarium cf. solani,GCA_011036515.1
Fusarium,Fusarium cf. solani,GCA_011036725.1
Fusarium,Fusarium cf. solani,GCA_011036745.1
Fusarium,Fusarium cf. solani,GCA_011421325.1
Fusarium,Fusarium cf. verticillioides,GCA_011035275.1
Fusarium,Fusarium cf. verticillioides,GCA_011036015.1
Fusarium,Fusarium cf. verticillioides,GCA_011036225.1
Fusarium,Fusarium cf. verticillioides,GCA_011036905.1
Fusarium,Fusarium chaquense,GCA_020137375.1
Fusarium,Fusarium chaquense,GCA_020137435.1
Fusarium,Fusarium chaquense,GCA_020137885.1
Fusarium,Fusarium chlamydosporum,GCA_014898915.1
Fusarium,Fusarium chlamydosporum,GCA_047716405.1
Fusarium,Fusarium chuoi,GCA_022627105.1
Fusarium,Fusarium chuoi,GCA_022627125.1
Fusarium,Fusarium cicatricum,GCA_021730345.1
Fusarium,Fusarium circinatum,GCA_000497325.4
Fusarium,Fusarium circinatum,GCA_000876485.1
Fusarium,Fusarium circinatum,GCA_002894005.2
Fusarium,Fusarium circinatum,GCA_013168815.2
Fusarium,Fusarium circinatum,GCA_013168825.2
Fusarium,Fusarium circinatum,GCA_013168835.2
Fusarium,Fusarium circinatum,GCA_013396185.1
Fusarium,Fusarium circinatum,GCA_018163655.1
Fusarium,Fusarium circinatum,GCA_019364515.1
Fusarium,Fusarium circinatum,GCA_019364535.1
Fusarium,Fusarium circinatum,GCA_021436885.1
Fusarium,Fusarium circinatum,GCA_021436905.1
Fusarium,Fusarium circinatum,GCA_021513745.1
Fusarium,Fusarium circinatum,GCA_021513755.1
Fusarium,Fusarium circinatum,GCA_024047395.1
Fusarium,Fusarium circinatum,GCA_024056715.1
Fusarium,Fusarium circinatum,GCA_024514935.1
Fusarium,Fusarium circinatum,GCA_037043895.1
Fusarium,Fusarium circinatum,GCA_040114195.1
Fusarium,Fusarium citri,GCA_004367485.1
Fusarium,Fusarium clavum,GCA_004367155.1
Fusarium,Fusarium clavum,GCA_044646745.1
Fusarium,Fusarium coffeatum,GCA_003316985.1
Fusarium,Fusarium coffeatum,GCA_004367465.1
Fusarium,Fusarium coicis,GCA_013781345.1
Fusarium,Fusarium commune,GCA_001599515.1
Fusarium,Fusarium commune,GCA_013618355.1
Fusarium,Fusarium commune,GCA_023065405.1
Fusarium,Fusarium commune,GCA_033782975.1
Fusarium,Fusarium commune,GCA_033782995.1
Fusarium,Fusarium commune,GCA_034642005.1
Fusarium,Fusarium commune,GCA_044646975.1
Fusarium,Fusarium commune,GCA_044647265.1
Fusarium,Fusarium commune,GCA_044647275.1
Fusarium,Fusarium commune,GCA_044647375.1
Fusarium,Fusarium commune,GCA_044647445.1
Fusarium,Fusarium commune,GCA_052058685.1
Fusarium,Fusarium compactum,GCA_037577415.1
Fusarium,Fusarium concentricum,GCA_014824425.1
Fusarium,Fusarium concolor,GCA_013184415.1
Fusarium,Fusarium continuum,GCA_013184455.1
Fusarium,Fusarium cortaderiae,GCA_009617495.1
Fusarium,Fusarium cortaderiae,GCA_013184305.1
Fusarium,Fusarium cortaderiae,GCA_017656885.1
Fusarium,Fusarium cortaderiae,GCA_017656915.1
Fusarium,Fusarium cortaderiae,GCA_017656935.1
Fusarium,Fusarium cortaderiae,GCA_051942735.1
Fusarium,Fusarium culmorum,GCA_003033665.1
Fusarium,Fusarium culmorum,GCA_013618375.1
Fusarium,Fusarium culmorum,GCA_016952355.1
Fusarium,Fusarium culmorum,GCA_019055245.1
Fusarium,Fusarium culmorum,GCA_041380385.1
Fusarium,Fusarium culmorum,GCA_050516595.1
Fusarium,Fusarium culmorum,GCA_052570695.1
Fusarium,Fusarium culmorum,GCA_052570705.1
Fusarium,Fusarium culmorum,GCA_052570715.1
Fusarium,Fusarium culmorum,GCA_052570805.1
Fusarium,Fusarium culmorum,GCA_052570815.1
Fusarium,Fusarium culmorum,GCA_052570865.1
Fusarium,Fusarium culmorum,GCA_052571695.1
Fusarium,Fusarium cuneirostrum,GCA_001680505.1
Fusarium,Fusarium cyanostomum,GCA_014824385.1
Fusarium,Fusarium cyanostomum,GCA_045528825.1
Fusarium,Fusarium decemcellulare,GCA_013266205.1
Fusarium,Fusarium decemcellulare,GCA_027627305.1
Fusarium,Fusarium delphinoides,GCA_045526855.1
Fusarium,Fusarium denticulatum,GCA_013396175.1
Fusarium,Fusarium devonianum,GCA_017140155.1
Fusarium,Fusarium dimerum,GCA_013623525.1
Fusarium,Fusarium dimerum,GCA_045526845.1
Fusarium,Fusarium dlaminii,GCA_013186775.1
Fusarium,Fusarium domesticum,GCA_013618395.1
Fusarium,Fusarium drepaniforme,GCA_012978555.1
Fusarium,Fusarium duplospermum,GCA_003946985.1
Fusarium,Fusarium equiseti,GCA_002894235.1
Fusarium,Fusarium equiseti,GCA_003313175.1
Fusarium,Fusarium equiseti,GCA_003316835.1
Fusarium,Fusarium equiseti,GCA_004367125.1
Fusarium,Fusarium equiseti,GCA_019054785.1
Fusarium,Fusarium equiseti,GCA_019054855.1
Fusarium,Fusarium equiseti,GCA_019054885.1
Fusarium,Fusarium equiseti,GCA_019054915.1
Fusarium,Fusarium equiseti,GCA_019054925.1
Fusarium,Fusarium equiseti,GCA_019054965.1
Fusarium,Fusarium equiseti,GCA_019055005.1
Fusarium,Fusarium equiseti,GCA_019055015.1
Fusarium,Fusarium equiseti,GCA_019055045.1
Fusarium,Fusarium equiseti,GCA_019055055.1
Fusarium,Fusarium equiseti,GCA_019055085.1
Fusarium,Fusarium equiseti,GCA_019055105.1
Fusarium,Fusarium equiseti,GCA_019055125.1
Fusarium,Fusarium equiseti,GCA_019055145.1
Fusarium,Fusarium equiseti,GCA_019055165.1
Fusarium,Fusarium equiseti,GCA_019055195.1
Fusarium,Fusarium equiseti,GCA_019055215.1
Fusarium,Fusarium equiseti,GCA_027945365.1
Fusarium,Fusarium equiseti,GCA_038501615.1
Fusarium,Fusarium equiseti,GCA_041438275.1
Fusarium,Fusarium equiseti,GCA_052857265.1
Fusarium,Fusarium euwallaceae,GCA_002168265.2
Fusarium,Fusarium euwallaceae,GCA_003957675.1
Fusarium,Fusarium euwallaceae,GCA_050613635.1
Fusarium,Fusarium falciforme,GCA_013363125.1
Fusarium,Fusarium falciforme,GCA_024500265.1
Fusarium,Fusarium falciforme,GCA_026873545.1
Fusarium,Fusarium falciforme,GCA_027945395.1
Fusarium,Fusarium falciforme,GCA_027945495.1
Fusarium,Fusarium falciforme,GCA_027945505.1
Fusarium,Fusarium falciforme,GCA_027945515.1
Fusarium,Fusarium falciforme,GCA_044646555.1
Fusarium,Fusarium falciforme,GCA_049863005.1
Fusarium,Fusarium falciforme,GCA_051403455.1
Fusarium,Fusarium falciforme,GCA_054370115.1
Fusarium,Fusarium flagelliforme,GCA_003012295.1
Fusarium,Fusarium flagelliforme,GCA_004367175.1
Fusarium,Fusarium flagelliforme,GCA_020744385.1
Fusarium,Fusarium flocciferum,GCA_044592905.1
Fusarium,Fusarium floridanum,GCA_003947005.1
Fusarium,Fusarium foetens,GCA_013623845.1
Fusarium,Fusarium fracticaudum,GCA_003353625.1
Fusarium,Fusarium fredkrugeri,GCA_044646565.1
Fusarium,Fusarium fujikuroi,GCA_001023035.1
Fusarium,Fusarium fujikuroi,GCA_001023045.1
Fusarium,Fusarium fujikuroi,GCA_001023065.1
Fusarium,Fusarium fujikuroi,GCA_002196585.2
Fusarium,Fusarium fujikuroi,GCA_002864135.1
Fusarium,Fusarium fujikuroi,GCA_009663055.1
Fusarium,Fusarium fujikuroi,GCA_009663095.1
Fusarium,Fusarium fujikuroi,GCA_009663115.1
Fusarium,Fusarium fujikuroi,GCA_009800985.1
Fusarium,Fusarium fujikuroi,GCA_013759025.1
Fusarium,Fusarium fujikuroi,GCA_044646505.1
Fusarium,Fusarium fujikuroi B14,GCA_000315255.1
Fusarium,Fusarium gaditjirri,GCA_013266175.1
Fusarium,Fusarium gerlachii,GCA_017656835.1
Fusarium,Fusarium gerlachii,GCA_017656845.1
Fusarium,Fusarium globosum,GCA_013396165.1
Fusarium,Fusarium goolgardi,GCA_014899075.1
Fusarium,Fusarium graminearum,GCA_000599445.1
Fusarium,Fusarium graminearum,GCA_000966635.1
Fusarium,Fusarium graminearum,GCA_000966645.2
Fusarium,Fusarium graminearum,GCA_001717905.1
Fusarium,Fusarium graminearum,GCA_001717915.1
Fusarium,Fusarium graminearum,GCA_002352725.1
Fusarium,Fusarium graminearum,GCA_006942295.1
Fusarium,Fusarium graminearum,GCA_012959185.1
Fusarium,Fusarium graminearum,GCA_018219475.1
Fusarium,Fusarium graminearum,GCA_018219485.1
Fusarium,Fusarium graminearum,GCA_018219515.1
Fusarium,Fusarium graminearum,GCA_018219525.1
Fusarium,Fusarium graminearum,GCA_018219555.1
Fusarium,Fusarium graminearum,GCA_018219565.1
Fusarium,Fusarium graminearum,GCA_018219575.1
Fusarium,Fusarium graminearum,GCA_018219615.1
Fusarium,Fusarium graminearum,GCA_018219625.1
Fusarium,Fusarium graminearum,GCA_018219635.1
Fusarium,Fusarium graminearum,GCA_018219645.1
Fusarium,Fusarium graminearum,GCA_018219675.1
Fusarium,Fusarium graminearum,GCA_018219705.1
Fusarium,Fusarium graminearum,GCA_018219715.1
Fusarium,Fusarium graminearum,GCA_018219745.1
Fusarium,Fusarium graminearum,GCA_018219765.1
Fusarium,Fusarium graminearum,GCA_018219795.1
Fusarium,Fusarium graminearum,GCA_018345295.1
Fusarium,Fusarium graminearum,GCA_018345315.1
Fusarium,Fusarium graminearum,GCA_018345325.1
Fusarium,Fusarium graminearum,GCA_018345335.1
Fusarium,Fusarium graminearum,GCA_018345365.1
Fusarium,Fusarium graminearum,GCA_018345395.1
Fusarium,Fusarium graminearum,GCA_018345415.1
Fusarium,Fusarium graminearum,GCA_018345435.1
Fusarium,Fusarium graminearum,GCA_018345455.1
Fusarium,Fusarium graminearum,GCA_018345475.1
Fusarium,Fusarium graminearum,GCA_018345485.1
Fusarium,Fusarium graminearum,GCA_018345515.1
Fusarium,Fusarium graminearum,GCA_018345545.1
Fusarium,Fusarium graminearum,GCA_018345575.1
Fusarium,Fusarium graminearum,GCA_018345585.1
Fusarium,Fusarium graminearum,GCA_018345615.1
Fusarium,Fusarium graminearum,GCA_018345635.1
Fusarium,Fusarium graminearum,GCA_018345645.1
Fusarium,Fusarium graminearum,GCA_018345655.1
Fusarium,Fusarium graminearum,GCA_018345675.1
Fusarium,Fusarium graminearum,GCA_018345715.1
Fusarium,Fusarium graminearum,GCA_018345725.1
Fusarium,Fusarium graminearum,GCA_018345735.1
Fusarium,Fusarium graminearum,GCA_018345745.1
Fusarium,Fusarium graminearum,GCA_018345795.1
Fusarium,Fusarium graminearum,GCA_018345815.1
Fusarium,Fusarium graminearum,GCA_018345835.1
Fusarium,Fusarium graminearum,GCA_018345845.1
Fusarium,Fusarium graminearum,GCA_018345865.1
Fusarium,Fusarium graminearum,GCA_018345885.1
Fusarium,Fusarium graminearum,GCA_018345915.1
Fusarium,Fusarium graminearum,GCA_018345925.1
Fusarium,Fusarium graminearum,GCA_018345945.1
Fusarium,Fusarium graminearum,GCA_018345975.1
Fusarium,Fusarium graminearum,GCA_018345995.1
Fusarium,Fusarium graminearum,GCA_018346005.1
Fusarium,Fusarium graminearum,GCA_018346015.1
Fusarium,Fusarium graminearum,GCA_018346035.1
Fusarium,Fusarium graminearum,GCA_018346045.1
Fusarium,Fusarium graminearum,GCA_018346095.1
Fusarium,Fusarium graminearum,GCA_018346115.1
Fusarium,Fusarium graminearum,GCA_018346145.1
Fusarium,Fusarium graminearum,GCA_018346155.1
Fusarium,Fusarium graminearum,GCA_018346165.1
Fusarium,Fusarium graminearum,GCA_018346185.1
Fusarium,Fusarium graminearum,GCA_018346225.1
Fusarium,Fusarium graminearum,GCA_018346245.1
Fusarium,Fusarium graminearum,GCA_018346255.1
Fusarium,Fusarium graminearum,GCA_018346265.1
Fusarium,Fusarium graminearum,GCA_018346305.1
Fusarium,Fusarium graminearum,GCA_018346325.1
Fusarium,Fusarium graminearum,GCA_018346345.1
Fusarium,Fusarium graminearum,GCA_018346355.1
Fusarium,Fusarium graminearum,GCA_018346365.1
Fusarium,Fusarium graminearum,GCA_018346405.1
Fusarium,Fusarium graminearum,GCA_018346425.1
Fusarium,Fusarium graminearum,GCA_018346445.1
Fusarium,Fusarium graminearum,GCA_018346455.1
Fusarium,Fusarium graminearum,GCA_018346485.1
Fusarium,Fusarium graminearum,GCA_018346495.1
Fusarium,Fusarium graminearum,GCA_018346505.1
Fusarium,Fusarium graminearum,GCA_018346545.1
Fusarium,Fusarium graminearum,GCA_018346565.1
Fusarium,Fusarium graminearum,GCA_018346575.1
Fusarium,Fusarium graminearum,GCA_018346585.1
Fusarium,Fusarium graminearum,GCA_018346625.1
Fusarium,Fusarium graminearum,GCA_018346635.1
Fusarium,Fusarium graminearum,GCA_018346665.1
Fusarium,Fusarium graminearum,GCA_018346685.1
Fusarium,Fusarium graminearum,GCA_018346695.1
Fusarium,Fusarium graminearum,GCA_018346705.1
Fusarium,Fusarium graminearum,GCA_018346715.1
Fusarium,Fusarium graminearum,GCA_018346765.1
Fusarium,Fusarium graminearum,GCA_018346775.1
Fusarium,Fusarium graminearum,GCA_018346795.1
Fusarium,Fusarium graminearum,GCA_018346805.1
Fusarium,Fusarium graminearum,GCA_018346815.1
Fusarium,Fusarium graminearum,GCA_019343145.1
Fusarium,Fusarium graminearum,GCA_020991245.1
Fusarium,Fusarium graminearum,GCA_023242275.1
Fusarium,Fusarium graminearum,GCA_025427445.1
Fusarium,Fusarium graminearum,GCA_025427495.1
Fusarium,Fusarium graminearum,GCA_025427885.1
Fusarium,Fusarium graminearum,GCA_025428525.1
Fusarium,Fusarium graminearum,GCA_025428825.1
Fusarium,Fusarium graminearum,GCA_025428875.1
Fusarium,Fusarium graminearum,GCA_025434025.1
Fusarium,Fusarium graminearum,GCA_037074405.1
Fusarium,Fusarium graminearum,GCA_037074415.1
Fusarium,Fusarium graminearum,GCA_037213105.1
Fusarium,Fusarium graminearum,GCA_037255895.1
Fusarium,Fusarium graminearum,GCA_041380495.1
Fusarium,Fusarium graminearum,GCA_051903665.1
Fusarium,Fusarium graminearum,GCA_053895165.1
Fusarium,Fusarium graminearum,GCA_053895205.1
Fusarium,Fusarium graminearum,GCA_053895225.1
Fusarium,Fusarium graminearum,GCA_053895265.1
Fusarium,Fusarium graminearum,GCA_054643435.1
Fusarium,Fusarium graminearum,GCA_055476185.1
Fusarium,Fusarium graminearum PH-1,GCA_000240135.3
Fusarium,Fusarium graminum,GCA_013266165.1
Fusarium,Fusarium guadeloupense,GCA_021655865.1
Fusarium,Fusarium guadeloupense,GCA_021655875.1
Fusarium,Fusarium guttiforme,GCA_013186795.1
Fusarium,Fusarium guttiforme,GCA_037044015.1
Fusarium,Fusarium haematococcum,GCA_004026335.1
Fusarium,Fusarium haematococcum,GCA_004026385.1
Fusarium,Fusarium haematococcum,GCA_010015875.1
Fusarium,Fusarium hainanense,GCA_013618405.1
Fusarium,Fusarium heterosporum,GCA_013396295.1
Fusarium,Fusarium hostae,GCA_002234205.1
Fusarium,Fusarium hostae,GCA_002234235.1
Fusarium,Fusarium hostae,GCA_013184365.1
Fusarium,Fusarium humuli,GCA_004366955.1
Fusarium,Fusarium humuli,GCA_013753835.1
Fusarium,Fusarium illudens,GCA_013623515.1
Fusarium,Fusarium incarnatum,GCA_003704985.1
Fusarium,Fusarium incarnatum,GCA_003709435.1
Fusarium,Fusarium incarnatum,GCA_004367075.1
Fusarium,Fusarium inflexum,GCA_044647245.1
Fusarium,Fusarium ipomoeae,GCA_044646535.1
Fusarium,Fusarium ipomoeae,GCA_056248065.1
Fusarium,Fusarium irregulare,GCA_004367085.1
Fusarium,Fusarium irregulare,GCA_027945235.1
Fusarium,Fusarium irregulare,GCA_027945245.1
Fusarium,Fusarium keratoplasticum,GCA_025433545.1
Fusarium,Fusarium keratoplasticum,GCA_025433555.1
Fusarium,Fusarium kistleri,GCA_053895085.1
Fusarium,Fusarium kuroshium,GCA_003698175.1
Fusarium,Fusarium kyushuense,GCA_013184315.1
Fusarium,Fusarium kyushuense,GCA_034753255.1
Fusarium,Fusarium lactis,GCA_044647025.1
Fusarium,Fusarium langsethiae,GCA_001292635.1
Fusarium,Fusarium langsethiae,GCA_018104275.1
Fusarium,Fusarium langsethiae,GCA_022180325.1
Fusarium,Fusarium langsethiae,GCA_022180345.1
Fusarium,Fusarium lateritium,GCA_014898835.1
Fusarium,Fusarium lateritium,GCA_052570155.1
Fusarium,Fusarium lateritium,GCA_052570225.1
Fusarium,Fusarium lateritium,GCA_052570285.1
Fusarium,Fusarium lateritium,GCA_052570295.1
Fusarium,Fusarium lateritium,GCA_052570305.1
Fusarium,Fusarium lateritium,GCA_052570355.1
Fusarium,Fusarium lateritium,GCA_052570365.1
Fusarium,Fusarium lateritium,GCA_052570435.1
Fusarium,Fusarium lateritium,GCA_052570455.1
Fusarium,Fusarium lateritium,GCA_052570465.1
Fusarium,Fusarium lateritium,GCA_052570515.1
Fusarium,Fusarium lateritium,GCA_052570605.1
Fusarium,Fusarium lateritium,GCA_052570615.1
Fusarium,Fusarium lateritium,GCA_052570645.1
Fusarium,Fusarium lateritium,GCA_052571635.1
Fusarium,Fusarium liriodendri,GCA_023509735.1
Fusarium,Fusarium longipes,GCA_003012285.1
Fusarium,Fusarium longipes,GCA_013618485.1
Fusarium,Fusarium longipes,GCA_013618495.1
Fusarium,Fusarium longipes,GCA_013623335.1
Fusarium,Fusarium louisianense,GCA_017656775.1
Fusarium,Fusarium louisianense,GCA_017656825.1
Fusarium,Fusarium luffae,GCA_013184325.1
Fusarium,Fusarium luffae,GCA_044647525.1
Fusarium,Fusarium luffae,GCA_054821325.1
Fusarium,Fusarium lyarnte (nom. inval.),GCA_014898885.1
Fusarium,Fusarium mangiferae,GCA_013758935.1
Fusarium,Fusarium marasasianum,GCA_022833035.1
Fusarium,Fusarium meridionale,GCA_001717825.1
Fusarium,Fusarium meridionale,GCA_001717855.1
Fusarium,Fusarium meridionale,GCA_009617515.1
Fusarium,Fusarium meridionale,GCA_017656785.1
Fusarium,Fusarium meridionale,GCA_032355295.1
Fusarium,Fusarium meridionale x Fusarium asiaticum,GCA_017656815.1
Fusarium,Fusarium mesoamericanum,GCA_017656745.1
Fusarium,Fusarium metavorans,GCA_001633045.1
Fusarium,Fusarium mexicanum,GCA_013396015.1
Fusarium,Fusarium miscanthi,GCA_014898875.1
Fusarium,Fusarium multiceps,GCA_028416715.1
Fusarium,Fusarium mundagurra,GCA_013396205.1
Fusarium,Fusarium musae,GCA_013623345.1
Fusarium,Fusarium musae,GCA_019915245.1
Fusarium,Fusarium nanum,GCA_004367095.1
Fusarium,Fusarium napiforme,GCA_013396005.1
Fusarium,Fusarium nelsonii,GCA_014898925.1
Fusarium,Fusarium nematophilum,GCA_013623595.1
Fusarium,Fusarium nematophilum,GCA_033030565.1
Fusarium,Fusarium nematophilum,GCA_054098485.1
Fusarium,Fusarium nematophilum,GCA_054098565.1
Fusarium,Fusarium neocosmosporiellum,GCA_006518225.1
Fusarium,Fusarium neocosmosporiellum,GCA_021655985.1
Fusarium,Fusarium neocosmosporiellum,GCA_041296245.1
Fusarium,Fusarium nepalense,GCA_017656675.1
Fusarium,Fusarium nepalense,GCA_017656735.1
Fusarium,Fusarium newnesense,GCA_013184375.1
Fusarium,Fusarium nirenbergiae,GCA_051107415.1
Fusarium,Fusarium nisikadoi,GCA_013623555.1
Fusarium,Fusarium nodosum,GCA_014898975.1
Fusarium,Fusarium nurragi,GCA_012977755.1
Fusarium,Fusarium nygamai,GCA_001262555.1
Fusarium,Fusarium nygamai,GCA_002894225.1
Fusarium,Fusarium nygamai,GCA_013186815.1
Fusarium,Fusarium nygamai,GCA_022813395.1
Fusarium,Fusarium obliquiseptatum,GCA_047371145.1
Fusarium,Fusarium odoratissimum,GCA_000350365.1
Fusarium,Fusarium odoratissimum,GCA_026745415.1
Fusarium,Fusarium odoratissimum,GCA_026745425.1
Fusarium,Fusarium odoratissimum,GCA_040822185.1
Fusarium,Fusarium odoratissimum,GCA_040822265.1
Fusarium,Fusarium odoratissimum,GCA_040822295.1
Fusarium,Fusarium odoratissimum,GCA_052550365.1
Fusarium,Fusarium odoratissimum NRRL 54006,GCA_000260195.2
Fusarium,Fusarium oligoseptatum,GCA_003946995.1
Fusarium,Fusarium ophioides,GCA_042257825.1
Fusarium,Fusarium ophioides,GCA_042257875.1
Fusarium,Fusarium ophioides,GCA_042257945.1
Fusarium,Fusarium oxysporum,GCA_000733055.3
Fusarium,Fusarium oxysporum,GCA_001703125.1
Fusarium,Fusarium oxysporum,GCA_001931975.2
Fusarium,Fusarium oxysporum,GCA_002233935.2
Fusarium,Fusarium oxysporum,GCA_002233955.2
Fusarium,Fusarium oxysporum,GCA_002233985.2
Fusarium,Fusarium oxysporum,GCA_002233995.2
Fusarium,Fusarium oxysporum,GCA_002894245.1
Fusarium,Fusarium oxysporum,GCA_003025205.1
Fusarium,Fusarium oxysporum,GCA_003025235.1
Fusarium,Fusarium oxysporum,GCA_003615115.1
Fusarium,Fusarium oxysporum,GCA_003615155.1
Fusarium,Fusarium oxysporum,GCA_003615165.1
Fusarium,Fusarium oxysporum,GCA_003615185.1
Fusarium,Fusarium oxysporum,GCA_003704975.1
Fusarium,Fusarium oxysporum,GCA_003705035.1
Fusarium,Fusarium oxysporum,GCA_003705045.1
Fusarium,Fusarium oxysporum,GCA_003709395.1
Fusarium,Fusarium oxysporum,GCA_004291455.1
Fusarium,Fusarium oxysporum,GCA_004292535.1
Fusarium,Fusarium oxysporum,GCA_009297365.1
Fusarium,Fusarium oxysporum,GCA_009297385.1
Fusarium,Fusarium oxysporum,GCA_009297405.1
Fusarium,Fusarium oxysporum,GCA_009297425.1
Fusarium,Fusarium oxysporum,GCA_009297445.1
Fusarium,Fusarium oxysporum,GCA_009297465.1
Fusarium,Fusarium oxysporum,GCA_009297485.1
Fusarium,Fusarium oxysporum,GCA_009297495.1
Fusarium,Fusarium oxysporum,GCA_009297505.1
Fusarium,Fusarium oxysporum,GCA_009297515.1
Fusarium,Fusarium oxysporum,GCA_009297555.1
Fusarium,Fusarium oxysporum,GCA_009297575.1
Fusarium,Fusarium oxysporum,GCA_009297605.1
Fusarium,Fusarium oxysporum,GCA_009297625.1
Fusarium,Fusarium oxysporum,GCA_009297635.1
Fusarium,Fusarium oxysporum,GCA_009297655.1
Fusarium,Fusarium oxysporum,GCA_009297675.1
Fusarium,Fusarium oxysporum,GCA_009297695.1
Fusarium,Fusarium oxysporum,GCA_009297715.1
Fusarium,Fusarium oxysporum,GCA_009297725.1
Fusarium,Fusarium oxysporum,GCA_009297735.1
Fusarium,Fusarium oxysporum,GCA_009297755.1
Fusarium,Fusarium oxysporum,GCA_009297785.1
Fusarium,Fusarium oxysporum,GCA_009297825.1
Fusarium,Fusarium oxysporum,GCA_009297835.1
Fusarium,Fusarium oxysporum,GCA_009297855.1
Fusarium,Fusarium oxysporum,GCA_009297885.1
Fusarium,Fusarium oxysporum,GCA_009297915.1
Fusarium,Fusarium oxysporum,GCA_009297925.1
Fusarium,Fusarium oxysporum,GCA_009297935.1
Fusarium,Fusarium oxysporum,GCA_009297945.1
Fusarium,Fusarium oxysporum,GCA_009297985.1
Fusarium,Fusarium oxysporum,GCA_009297995.1
Fusarium,Fusarium oxysporum,GCA_009298035.1
Fusarium,Fusarium oxysporum,GCA_009298045.1
Fusarium,Fusarium oxysporum,GCA_009298065.1
Fusarium,Fusarium oxysporum,GCA_009298075.1
Fusarium,Fusarium oxysporum,GCA_009298085.1
Fusarium,Fusarium oxysporum,GCA_009298125.1
Fusarium,Fusarium oxysporum,GCA_009298145.1
Fusarium,Fusarium oxysporum,GCA_009298175.1
Fusarium,Fusarium oxysporum,GCA_009298195.1
Fusarium,Fusarium oxysporum,GCA_009298205.1
Fusarium,Fusarium oxysporum,GCA_009298235.1
Fusarium,Fusarium oxysporum,GCA_009298245.1
Fusarium,Fusarium oxysporum,GCA_009298275.1
Fusarium,Fusarium oxysporum,GCA_009298285.1
Fusarium,Fusarium oxysporum,GCA_009298295.1
Fusarium,Fusarium oxysporum,GCA_009298305.1
Fusarium,Fusarium oxysporum,GCA_009298315.1
Fusarium,Fusarium oxysporum,GCA_009298335.1
Fusarium,Fusarium oxysporum,GCA_009298395.1
Fusarium,Fusarium oxysporum,GCA_009298405.1
Fusarium,Fusarium oxysporum,GCA_009298435.1
Fusarium,Fusarium oxysporum,GCA_009298455.1
Fusarium,Fusarium oxysporum,GCA_009298465.1
Fusarium,Fusarium oxysporum,GCA_009298475.1
Fusarium,Fusarium oxysporum,GCA_009298495.1
Fusarium,Fusarium oxysporum,GCA_009298505.1
Fusarium,Fusarium oxysporum,GCA_009298515.1
Fusarium,Fusarium oxysporum,GCA_009298545.1
Fusarium,Fusarium oxysporum,GCA_009298555.1
Fusarium,Fusarium oxysporum,GCA_009298615.1
Fusarium,Fusarium oxysporum,GCA_009298635.1
Fusarium,Fusarium oxysporum,GCA_009298645.1
Fusarium,Fusarium oxysporum,GCA_009298655.1
Fusarium,Fusarium oxysporum,GCA_009298675.1
Fusarium,Fusarium oxysporum,GCA_009298685.1
Fusarium,Fusarium oxysporum,GCA_009298705.1
Fusarium,Fusarium oxysporum,GCA_009298715.1
Fusarium,Fusarium oxysporum,GCA_009298745.1
Fusarium,Fusarium oxysporum,GCA_009298755.1
Fusarium,Fusarium oxysporum,GCA_009298805.1
Fusarium,Fusarium oxysporum,GCA_009298825.1
Fusarium,Fusarium oxysporum,GCA_009298845.1
Fusarium,Fusarium oxysporum,GCA_009298855.1
Fusarium,Fusarium oxysporum,GCA_009298875.1
Fusarium,Fusarium oxysporum,GCA_009298915.1
Fusarium,Fusarium oxysporum,GCA_009298925.1
Fusarium,Fusarium oxysporum,GCA_009298935.1
Fusarium,Fusarium oxysporum,GCA_009298945.1
Fusarium,Fusarium oxysporum,GCA_009298955.1
Fusarium,Fusarium oxysporum,GCA_009298985.1
Fusarium,Fusarium oxysporum,GCA_009299005.1
Fusarium,Fusarium oxysporum,GCA_009299025.1
Fusarium,Fusarium oxysporum,GCA_009299045.1
Fusarium,Fusarium oxysporum,GCA_009299075.1
Fusarium,Fusarium oxysporum,GCA_009299095.1
Fusarium,Fusarium oxysporum,GCA_009299115.1
Fusarium,Fusarium oxysporum,GCA_009299125.1
Fusarium,Fusarium oxysporum,GCA_009299135.1
Fusarium,Fusarium oxysporum,GCA_009299155.1
Fusarium,Fusarium oxysporum,GCA_009299175.1
Fusarium,Fusarium oxysporum,GCA_009299195.1
Fusarium,Fusarium oxysporum,GCA_009299215.1
Fusarium,Fusarium oxysporum,GCA_009299235.1
Fusarium,Fusarium oxysporum,GCA_009299255.1
Fusarium,Fusarium oxysporum,GCA_009299295.1
Fusarium,Fusarium oxysporum,GCA_009299335.1
Fusarium,Fusarium oxysporum,GCA_009746015.1
Fusarium,Fusarium oxysporum,GCA_011032855.1
Fusarium,Fusarium oxysporum,GCA_011032885.1
Fusarium,Fusarium oxysporum,GCA_011033375.1
Fusarium,Fusarium oxysporum,GCA_011033455.1
Fusarium,Fusarium oxysporum,GCA_011033475.1
Fusarium,Fusarium oxysporum,GCA_011033485.1
Fusarium,Fusarium oxysporum,GCA_011033505.1
Fusarium,Fusarium oxysporum,GCA_011033535.1
Fusarium,Fusarium oxysporum,GCA_011033555.1
Fusarium,Fusarium oxysporum,GCA_011033575.1
Fusarium,Fusarium oxysporum,GCA_011033645.1
Fusarium,Fusarium oxysporum,GCA_011033665.1
Fusarium,Fusarium oxysporum,GCA_011033685.1
Fusarium,Fusarium oxysporum,GCA_011033715.1
Fusarium,Fusarium oxysporum,GCA_011033745.1
Fusarium,Fusarium oxysporum,GCA_011033765.1
Fusarium,Fusarium oxysporum,GCA_011033805.1
Fusarium,Fusarium oxysporum,GCA_011033815.1
Fusarium,Fusarium oxysporum,GCA_011033835.1
Fusarium,Fusarium oxysporum,GCA_011033875.1
Fusarium,Fusarium oxysporum,GCA_011033885.1
Fusarium,Fusarium oxysporum,GCA_011033895.1
Fusarium,Fusarium oxysporum,GCA_011033955.1
Fusarium,Fusarium oxysporum,GCA_011033985.1
Fusarium,Fusarium oxysporum,GCA_011033995.1
Fusarium,Fusarium oxysporum,GCA_011034025.1
Fusarium,Fusarium oxysporum,GCA_011034045.1
Fusarium,Fusarium oxysporum,GCA_011034075.1
Fusarium,Fusarium oxysporum,GCA_011034105.1
Fusarium,Fusarium oxysporum,GCA_011034125.1
Fusarium,Fusarium oxysporum,GCA_011034135.1
Fusarium,Fusarium oxysporum,GCA_011034155.1
Fusarium,Fusarium oxysporum,GCA_011034195.1
Fusarium,Fusarium oxysporum,GCA_011034205.1
Fusarium,Fusarium oxysporum,GCA_011034225.1
Fusarium,Fusarium oxysporum,GCA_011034265.1
Fusarium,Fusarium oxysporum,GCA_011034275.1
Fusarium,Fusarium oxysporum,GCA_011034375.1
Fusarium,Fusarium oxysporum,GCA_011034395.1
Fusarium,Fusarium oxysporum,GCA_011034415.1
Fusarium,Fusarium oxysporum,GCA_011034445.1
Fusarium,Fusarium oxysporum,GCA_011034455.1
Fusarium,Fusarium oxysporum,GCA_011034475.1
Fusarium,Fusarium oxysporum,GCA_011034485.1
Fusarium,Fusarium oxysporum,GCA_011034515.1
Fusarium,Fusarium oxysporum,GCA_011034545.1
Fusarium,Fusarium oxysporum,GCA_011034565.1
Fusarium,Fusarium oxysporum,GCA_011034575.1
Fusarium,Fusarium oxysporum,GCA_011034615.1
Fusarium,Fusarium oxysporum,GCA_011034625.1
Fusarium,Fusarium oxysporum,GCA_011034635.1
Fusarium,Fusarium oxysporum,GCA_011034645.1
Fusarium,Fusarium oxysporum,GCA_011034655.1
Fusarium,Fusarium oxysporum,GCA_011034675.1
Fusarium,Fusarium oxysporum,GCA_011034745.1
Fusarium,Fusarium oxysporum,GCA_011034775.1
Fusarium,Fusarium oxysporum,GCA_011034785.1
Fusarium,Fusarium oxysporum,GCA_011034805.1
Fusarium,Fusarium oxysporum,GCA_011034815.1
Fusarium,Fusarium oxysporum,GCA_011034845.1
Fusarium,Fusarium oxysporum,GCA_011034875.1
Fusarium,Fusarium oxysporum,GCA_011034915.1
Fusarium,Fusarium oxysporum,GCA_011034925.1
Fusarium,Fusarium oxysporum,GCA_011034935.1
Fusarium,Fusarium oxysporum,GCA_011034945.1
Fusarium,Fusarium oxysporum,GCA_011034965.1
Fusarium,Fusarium oxysporum,GCA_011035015.1
Fusarium,Fusarium oxysporum,GCA_011035035.1
Fusarium,Fusarium oxysporum,GCA_011035045.1
Fusarium,Fusarium oxysporum,GCA_011035055.1
Fusarium,Fusarium oxysporum,GCA_011035065.1
Fusarium,Fusarium oxysporum,GCA_011035075.1
Fusarium,Fusarium oxysporum,GCA_011035135.1
Fusarium,Fusarium oxysporum,GCA_011035185.1
Fusarium,Fusarium oxysporum,GCA_011035205.1
Fusarium,Fusarium oxysporum,GCA_011035235.1
Fusarium,Fusarium oxysporum,GCA_011035245.1
Fusarium,Fusarium oxysporum,GCA_011035255.1
Fusarium,Fusarium oxysporum,GCA_011035265.1
Fusarium,Fusarium oxysporum,GCA_011035335.1
Fusarium,Fusarium oxysporum,GCA_011035345.1
Fusarium,Fusarium oxysporum,GCA_011035355.1
Fusarium,Fusarium oxysporum,GCA_011035375.1
Fusarium,Fusarium oxysporum,GCA_011035385.1
Fusarium,Fusarium oxysporum,GCA_011035415.1
Fusarium,Fusarium oxysporum,GCA_011035435.1
Fusarium,Fusarium oxysporum,GCA_011035455.1
Fusarium,Fusarium oxysporum,GCA_011035485.1
Fusarium,Fusarium oxysporum,GCA_011035495.1
Fusarium,Fusarium oxysporum,GCA_011035505.1
Fusarium,Fusarium oxysporum,GCA_011035555.1
Fusarium,Fusarium oxysporum,GCA_011035595.1
Fusarium,Fusarium oxysporum,GCA_011035615.1
Fusarium,Fusarium oxysporum,GCA_011035625.1
Fusarium,Fusarium oxysporum,GCA_011035645.1
Fusarium,Fusarium oxysporum,GCA_011035665.1
Fusarium,Fusarium oxysporum,GCA_011035695.1
Fusarium,Fusarium oxysporum,GCA_011035725.1
Fusarium,Fusarium oxysporum,GCA_011035745.1
Fusarium,Fusarium oxysporum,GCA_011035755.1
Fusarium,Fusarium oxysporum,GCA_011035765.1
Fusarium,Fusarium oxysporum,GCA_011035785.1
Fusarium,Fusarium oxysporum,GCA_011035835.1
Fusarium,Fusarium oxysporum,GCA_011035855.1
Fusarium,Fusarium oxysporum,GCA_011035875.1
Fusarium,Fusarium oxysporum,GCA_011035895.1
Fusarium,Fusarium oxysporum,GCA_011035955.1
Fusarium,Fusarium oxysporum,GCA_011035965.1
Fusarium,Fusarium oxysporum,GCA_011035975.1
Fusarium,Fusarium oxysporum,GCA_011035995.1
Fusarium,Fusarium oxysporum,GCA_011036045.1
Fusarium,Fusarium oxysporum,GCA_011036055.1
Fusarium,Fusarium oxysporum,GCA_011036065.1
Fusarium,Fusarium oxysporum,GCA_011036075.1
Fusarium,Fusarium oxysporum,GCA_011036115.1
Fusarium,Fusarium oxysporum,GCA_011036125.1
Fusarium,Fusarium oxysporum,GCA_011036135.1
Fusarium,Fusarium oxysporum,GCA_011036205.1
Fusarium,Fusarium oxysporum,GCA_011036215.1
Fusarium,Fusarium oxysporum,GCA_011036235.1
Fusarium,Fusarium oxysporum,GCA_011036275.1
Fusarium,Fusarium oxysporum,GCA_011036305.1
Fusarium,Fusarium oxysporum,GCA_011036325.1
Fusarium,Fusarium oxysporum,GCA_011036345.1
Fusarium,Fusarium oxysporum,GCA_011036365.1
Fusarium,Fusarium oxysporum,GCA_011036385.1
Fusarium,Fusarium oxysporum,GCA_011036395.1
Fusarium,Fusarium oxysporum,GCA_011036425.1
Fusarium,Fusarium oxysporum,GCA_011036455.1
Fusarium,Fusarium oxysporum,GCA_011036475.1
Fusarium,Fusarium oxysporum,GCA_011036505.1
Fusarium,Fusarium oxysporum,GCA_011036545.1
Fusarium,Fusarium oxysporum,GCA_011036575.1
Fusarium,Fusarium oxysporum,GCA_011036595.1
Fusarium,Fusarium oxysporum,GCA_011036615.1
Fusarium,Fusarium oxysporum,GCA_011036635.1
Fusarium,Fusarium oxysporum,GCA_011036655.1
Fusarium,Fusarium oxysporum,GCA_011036705.1
Fusarium,Fusarium oxysporum,GCA_011036765.1
Fusarium,Fusarium oxysporum,GCA_011036795.1
Fusarium,Fusarium oxysporum,GCA_011036835.1
Fusarium,Fusarium oxysporum,GCA_011036855.1
Fusarium,Fusarium oxysporum,GCA_011036875.1
Fusarium,Fusarium oxysporum,GCA_011036925.1
Fusarium,Fusarium oxysporum,GCA_011036945.1
Fusarium,Fusarium oxysporum,GCA_011036965.1
Fusarium,Fusarium oxysporum,GCA_011036985.1
Fusarium,Fusarium oxysporum,GCA_011037005.1
Fusarium,Fusarium oxysporum,GCA_011037075.1
Fusarium,Fusarium oxysporum,GCA_011037105.1
Fusarium,Fusarium oxysporum,GCA_011037135.1
Fusarium,Fusarium oxysporum,GCA_011037735.1
Fusarium,Fusarium oxysporum,GCA_011037795.1
Fusarium,Fusarium oxysporum,GCA_011421275.1
Fusarium,Fusarium oxysporum,GCA_011421285.1
Fusarium,Fusarium oxysporum,GCA_011421305.1
Fusarium,Fusarium oxysporum,GCA_011421335.1
Fusarium,Fusarium oxysporum,GCA_011421355.1
Fusarium,Fusarium oxysporum,GCA_011421365.1
Fusarium,Fusarium oxysporum,GCA_011421375.1
Fusarium,Fusarium oxysporum,GCA_011424605.1
Fusarium,Fusarium oxysporum,GCA_011424625.1
Fusarium,Fusarium oxysporum,GCA_011426335.1
Fusarium,Fusarium oxysporum,GCA_011426355.1
Fusarium,Fusarium oxysporum,GCA_011428085.1
Fusarium,Fusarium oxysporum,GCA_013347355.2
Fusarium,Fusarium oxysporum,GCA_013347365.1
Fusarium,Fusarium oxysporum,GCA_013347375.1
Fusarium,Fusarium oxysporum,GCA_013347385.1
Fusarium,Fusarium oxysporum,GCA_013347595.1
Fusarium,Fusarium oxysporum,GCA_013363075.1
Fusarium,Fusarium oxysporum,GCA_014324425.1
Fusarium,Fusarium oxysporum,GCA_014324435.1
Fusarium,Fusarium oxysporum,GCA_014324445.1
Fusarium,Fusarium oxysporum,GCA_014324455.1
Fusarium,Fusarium oxysporum,GCA_014324465.1
Fusarium,Fusarium oxysporum,GCA_014324495.1
Fusarium,Fusarium oxysporum,GCA_014324505.1
Fusarium,Fusarium oxysporum,GCA_014324555.1
Fusarium,Fusarium oxysporum,GCA_014324575.1
Fusarium,Fusarium oxysporum,GCA_014324585.1
Fusarium,Fusarium oxysporum,GCA_014324595.1
Fusarium,Fusarium oxysporum,GCA_014324625.1
Fusarium,Fusarium oxysporum,GCA_014324645.1
Fusarium,Fusarium oxysporum,GCA_014324665.1
Fusarium,Fusarium oxysporum,GCA_014324675.1
Fusarium,Fusarium oxysporum,GCA_014324715.1
Fusarium,Fusarium oxysporum,GCA_014324745.1
Fusarium,Fusarium oxysporum,GCA_014324755.1
Fusarium,Fusarium oxysporum,GCA_014324765.1
Fusarium,Fusarium oxysporum,GCA_014324775.1
Fusarium,Fusarium oxysporum,GCA_014324795.1
Fusarium,Fusarium oxysporum,GCA_014324805.1
Fusarium,Fusarium oxysporum,GCA_014324835.1
Fusarium,Fusarium oxysporum,GCA_014324865.1
Fusarium,Fusarium oxysporum,GCA_014324895.1
Fusarium,Fusarium oxysporum,GCA_014324905.1
Fusarium,Fusarium oxysporum,GCA_014324935.1
Fusarium,Fusarium oxysporum,GCA_014324955.1
Fusarium,Fusarium oxysporum,GCA_014324975.1
Fusarium,Fusarium oxysporum,GCA_014324985.1
Fusarium,Fusarium oxysporum,GCA_014325015.1
Fusarium,Fusarium oxysporum,GCA_014325035.1
Fusarium,Fusarium oxysporum,GCA_014325045.1
Fusarium,Fusarium oxysporum,GCA_014325065.1
Fusarium,Fusarium oxysporum,GCA_014325095.1
Fusarium,Fusarium oxysporum,GCA_014325125.1
Fusarium,Fusarium oxysporum,GCA_014325135.1
Fusarium,Fusarium oxysporum,GCA_014325185.1
Fusarium,Fusarium oxysporum,GCA_014325205.1
Fusarium,Fusarium oxysporum,GCA_014325215.1
Fusarium,Fusarium oxysporum,GCA_014325225.1
Fusarium,Fusarium oxysporum,GCA_014325235.1
Fusarium,Fusarium oxysporum,GCA_014325295.1
Fusarium,Fusarium oxysporum,GCA_014325315.1
Fusarium,Fusarium oxysporum,GCA_014337855.1
Fusarium,Fusarium oxysporum,GCA_014857085.1
Fusarium,Fusarium oxysporum,GCA_015345885.1
Fusarium,Fusarium oxysporum,GCA_015345895.1
Fusarium,Fusarium oxysporum,GCA_016163925.1
Fusarium,Fusarium oxysporum,GCA_016163985.1
Fusarium,Fusarium oxysporum,GCA_016163995.1
Fusarium,Fusarium oxysporum,GCA_016164055.1
Fusarium,Fusarium oxysporum,GCA_016164075.1
Fusarium,Fusarium oxysporum,GCA_016164085.1
Fusarium,Fusarium oxysporum,GCA_016165925.1
Fusarium,Fusarium oxysporum,GCA_016165995.1
Fusarium,Fusarium oxysporum,GCA_016166015.1
Fusarium,Fusarium oxysporum,GCA_016166025.1
Fusarium,Fusarium oxysporum,GCA_016166045.1
Fusarium,Fusarium oxysporum,GCA_016166205.1
Fusarium,Fusarium oxysporum,GCA_016859205.1
Fusarium,Fusarium oxysporum,GCA_019054625.1
Fusarium,Fusarium oxysporum,GCA_019054655.1
Fusarium,Fusarium oxysporum,GCA_019054755.1
Fusarium,Fusarium oxysporum,GCA_019054795.1
Fusarium,Fusarium oxysporum,GCA_019055395.1
Fusarium,Fusarium oxysporum,GCA_019843925.1
Fusarium,Fusarium oxysporum,GCA_020744355.1
Fusarium,Fusarium oxysporum,GCA_020744455.1
Fusarium,Fusarium oxysporum,GCA_020976335.1
Fusarium,Fusarium oxysporum,GCA_020976685.1
Fusarium,Fusarium oxysporum,GCA_020976715.1
Fusarium,Fusarium oxysporum,GCA_020976725.1
Fusarium,Fusarium oxysporum,GCA_023628715.1
Fusarium,Fusarium oxysporum,GCA_024343375.1
Fusarium,Fusarium oxysporum,GCA_024865645.1
Fusarium,Fusarium oxysporum,GCA_025176795.1
Fusarium,Fusarium oxysporum,GCA_025177585.1
Fusarium,Fusarium oxysporum,GCA_025177805.1
Fusarium,Fusarium oxysporum,GCA_025201435.1
Fusarium,Fusarium oxysporum,GCA_025201465.1
Fusarium,Fusarium oxysporum,GCA_025201475.1
Fusarium,Fusarium oxysporum,GCA_025201495.1
Fusarium,Fusarium oxysporum,GCA_025201995.1
Fusarium,Fusarium oxysporum,GCA_025215195.1
Fusarium,Fusarium oxysporum,GCA_025215215.1
Fusarium,Fusarium oxysporum,GCA_025215475.1
Fusarium,Fusarium oxysporum,GCA_025215805.1
Fusarium,Fusarium oxysporum,GCA_025215825.1
Fusarium,Fusarium oxysporum,GCA_025215845.1
Fusarium,Fusarium oxysporum,GCA_025215865.1
Fusarium,Fusarium oxysporum,GCA_025215885.1
Fusarium,Fusarium oxysporum,GCA_025215895.1
Fusarium,Fusarium oxysporum,GCA_025215925.1
Fusarium,Fusarium oxysporum,GCA_025215945.1
Fusarium,Fusarium oxysporum,GCA_025215965.1
Fusarium,Fusarium oxysporum,GCA_025215985.1
Fusarium,Fusarium oxysporum,GCA_025216005.1
Fusarium,Fusarium oxysporum,GCA_025216025.1
Fusarium,Fusarium oxysporum,GCA_025216045.1
Fusarium,Fusarium oxysporum,GCA_025216065.1
Fusarium,Fusarium oxysporum,GCA_025216085.1
Fusarium,Fusarium oxysporum,GCA_025216105.1
Fusarium,Fusarium oxysporum,GCA_025216165.1
Fusarium,Fusarium oxysporum,GCA_025216205.1
Fusarium,Fusarium oxysporum,GCA_025331925.1
Fusarium,Fusarium oxysporum,GCA_027945255.1
Fusarium,Fusarium oxysporum,GCA_027945265.1
Fusarium,Fusarium oxysporum,GCA_027945275.1
Fusarium,Fusarium oxysporum,GCA_027945305.1
Fusarium,Fusarium oxysporum,GCA_027945315.1
Fusarium,Fusarium oxysporum,GCA_027945335.1
Fusarium,Fusarium oxysporum,GCA_027945405.1
Fusarium,Fusarium oxysporum,GCA_027945535.1
Fusarium,Fusarium oxysporum,GCA_027945555.1
Fusarium,Fusarium oxysporum,GCA_030020275.1
Fusarium,Fusarium oxysporum,GCA_030064525.1
Fusarium,Fusarium oxysporum,GCA_030272305.1
Fusarium,Fusarium oxysporum,GCA_030345115.2
Fusarium,Fusarium oxysporum,GCA_030578155.1
Fusarium,Fusarium oxysporum,GCA_032173435.1
Fusarium,Fusarium oxysporum,GCA_032884055.1
Fusarium,Fusarium oxysporum,GCA_034400335.1
Fusarium,Fusarium oxysporum,GCA_034641985.1
Fusarium,Fusarium oxysporum,GCA_035772935.1
Fusarium,Fusarium oxysporum,GCA_038502765.1
Fusarium,Fusarium oxysporum,GCA_040285555.1
Fusarium,Fusarium oxysporum,GCA_040285575.1
Fusarium,Fusarium oxysporum,GCA_040436745.1
Fusarium,Fusarium oxysporum,GCA_040938085.1
Fusarium,Fusarium oxysporum,GCA_041380545.1
Fusarium,Fusarium oxysporum,GCA_041682635.1
Fusarium,Fusarium oxysporum,GCA_041682655.1
Fusarium,Fusarium oxysporum,GCA_044647035.1
Fusarium,Fusarium oxysporum,GCA_045838135.1
Fusarium,Fusarium oxysporum,GCA_047370965.1
Fusarium,Fusarium oxysporum,GCA_049000225.1
Fusarium,Fusarium oxysporum,GCA_050613755.1
Fusarium,Fusarium oxysporum,GCA_050883565.1
Fusarium,Fusarium oxysporum,GCA_051529645.1
Fusarium,Fusarium oxysporum,GCA_051529745.1
Fusarium,Fusarium oxysporum,GCA_051529765.1
Fusarium,Fusarium oxysporum,GCA_051529785.1
Fusarium,Fusarium oxysporum,GCA_054098455.1
Fusarium,Fusarium oxysporum,GCA_054643155.1
Fusarium,Fusarium oxysporum,GCA_054857735.1
Fusarium,Fusarium oxysporum,GCA_054857835.1
Fusarium,Fusarium oxysporum,GCA_054857865.1
Fusarium,Fusarium oxysporum,GCA_054857885.1
Fusarium,Fusarium oxysporum,GCA_054857935.1
Fusarium,Fusarium oxysporum,GCA_054857995.1
Fusarium,Fusarium oxysporum,GCA_055681515.1
Fusarium,Fusarium oxysporum,GCA_055681535.1
Fusarium,Fusarium oxysporum,GCA_055681575.1
Fusarium,Fusarium oxysporum,GCA_055682425.1
Fusarium,Fusarium oxysporum,GCA_055682485.1
Fusarium,Fusarium oxysporum,GCA_055682525.1
Fusarium,Fusarium oxysporum,GCA_055682585.1
Fusarium,Fusarium oxysporum,GCA_055682605.1
Fusarium,Fusarium oxysporum,GCA_055682865.1
Fusarium,Fusarium oxysporum,GCA_055853645.1
Fusarium,Fusarium oxysporum,GCA_055878565.1
Fusarium,Fusarium oxysporum Fo47,GCA_000271705.2
Fusarium,Fusarium oxysporum Fo47,GCA_013085055.1
Fusarium,Fusarium oxysporum II5,GCA_031834405.1
Fusarium,Fusarium oxysporum NRRL 32931,GCA_000271745.2
Fusarium,Fusarium oxysporum f. sp. albedinis,GCA_012922595.1
Fusarium,Fusarium oxysporum f. sp. albedinis,GCA_023509805.1
Fusarium,Fusarium oxysporum f. sp. albedinis,GCA_026229875.1
Fusarium,Fusarium oxysporum f. sp. albedinis,GCA_032206225.1
Fusarium,Fusarium oxysporum f. sp. apii,GCA_014843455.1
Fusarium,Fusarium oxysporum f. sp. apii,GCA_014843555.1
Fusarium,Fusarium oxysporum f. sp. apii,GCA_014843565.1
Fusarium,Fusarium oxysporum f. sp. basilici,GCA_025203065.1
Fusarium,Fusarium oxysporum f. sp. basilici,GCA_025203075.1
Fusarium,Fusarium oxysporum f. sp. basilici,GCA_025203115.1
Fusarium,Fusarium oxysporum f. sp. basilici,GCA_025203125.1
Fusarium,Fusarium oxysporum f. sp. basilici,GCA_025267675.1
Fusarium,Fusarium oxysporum f. sp. bulbigenum,GCA_050947165.1
Fusarium,Fusarium oxysporum f. sp. bulbigenum,GCA_050947235.1
Fusarium,Fusarium oxysporum f. sp. capsici,GCA_014770115.1
Fusarium,Fusarium oxysporum f. sp. capsici,GCA_016801315.1
Fusarium,Fusarium oxysporum f. sp. cepae,GCA_003615075.1
Fusarium,Fusarium oxysporum f. sp. cepae,GCA_003615085.1
Fusarium,Fusarium oxysporum f. sp. cepae,GCA_003615095.1
Fusarium,Fusarium oxysporum f. sp. ciceris,GCA_001757345.1
Fusarium,Fusarium oxysporum f. sp. ciceris,GCA_054991275.1
Fusarium,Fusarium oxysporum f. sp. conglutinans,GCA_001519035.1
Fusarium,Fusarium oxysporum f. sp. conglutinans,GCA_002711385.1
Fusarium,Fusarium oxysporum f. sp. conglutinans,GCA_002711405.2
Fusarium,Fusarium oxysporum f. sp. conglutinans,GCA_014154955.1
Fusarium,Fusarium oxysporum f. sp. conglutinans,GCA_014839635.1
Fusarium,Fusarium oxysporum f. sp. conglutinans,GCA_018894095.1
Fusarium,Fusarium oxysporum f. sp. conglutinans,GCA_025267625.1
Fusarium,Fusarium oxysporum f. sp. conglutinans,GCA_036785135.1
Fusarium,Fusarium oxysporum f. sp. conglutinans Fo5176,GCA_000222805.1
Fusarium,Fusarium oxysporum f. sp. conglutinans race 2 54008,GCA_000260215.2
Fusarium,Fusarium oxysporum f. sp. coriandrii,GCA_014843415.1
Fusarium,Fusarium oxysporum f. sp. coriandrii,GCA_014843445.1
Fusarium,Fusarium oxysporum f. sp. cubense,GCA_001696625.1
Fusarium,Fusarium oxysporum f. sp. cubense,GCA_005930515.1
Fusarium,Fusarium oxysporum f. sp. cubense,GCA_007994515.1
Fusarium,Fusarium oxysporum f. sp. cubense,GCA_011316005.3
Fusarium,Fusarium oxysporum f. sp. cubense,GCA_014282265.3
Fusarium,Fusarium oxysporum f. sp. cubense,GCA_016802195.1
Fusarium,Fusarium oxysporum f. sp. cubense,GCA_016802205.1
Fusarium,Fusarium oxysporum f. sp. cubense,GCA_021237285.1
Fusarium,Fusarium oxysporum f. sp. cubense,GCA_025216845.1
Fusarium,Fusarium oxysporum f. sp. cubense,GCA_025216865.1
Fusarium,Fusarium oxysporum f. sp. cubense,GCA_025216905.1
Fusarium,Fusarium oxysporum f. sp. cubense,GCA_025216935.1
Fusarium,Fusarium oxysporum f. sp. cubense,GCA_025216985.1
Fusarium,Fusarium oxysporum f. sp. cubense,GCA_027920445.1
Fusarium,Fusarium oxysporum f. sp. cubense,GCA_034509825.1
Fusarium,Fusarium oxysporum f. sp. cubense,GCA_045838155.1
Fusarium,Fusarium oxysporum f. sp. cubense,GCA_045838205.1
Fusarium,Fusarium oxysporum f. sp. cubense,GCA_052818615.1
Fusarium,Fusarium oxysporum f. sp. cubense,GCA_053754955.1
Fusarium,Fusarium oxysporum f. sp. cubense,GCA_053754965.1
Fusarium,Fusarium oxysporum f. sp. cubense race 1,GCA_000350345.1
Fusarium,Fusarium oxysporum f. sp. cubense race 1,GCA_016802225.1
Fusarium,Fusarium oxysporum f. sp. cucumerinum,GCA_001702495.1
Fusarium,Fusarium oxysporum f. sp. cucumerinum,GCA_001702515.1
Fusarium,Fusarium oxysporum f. sp. cucumerinum,GCA_001702545.1
Fusarium,Fusarium oxysporum f. sp. cucumerinum,GCA_001702555.1
Fusarium,Fusarium oxysporum f. sp. cucumerinum,GCA_001702575.1
Fusarium,Fusarium oxysporum f. sp. cucumerinum,GCA_001702615.1
Fusarium,Fusarium oxysporum f. sp. cucumerinum,GCA_001702635.1
Fusarium,Fusarium oxysporum f. sp. cucumerinum,GCA_001702655.1
Fusarium,Fusarium oxysporum f. sp. cucumerinum,GCA_001703455.1
Fusarium,Fusarium oxysporum f. sp. cyclaminis,GCA_037126525.1
Fusarium,Fusarium oxysporum f. sp. dianthi,GCA_025216825.1
Fusarium,Fusarium oxysporum f. sp. fragariae,GCA_016163805.1
Fusarium,Fusarium oxysporum f. sp. fragariae,GCA_016163825.1
Fusarium,Fusarium oxysporum f. sp. fragariae,GCA_016163845.1
Fusarium,Fusarium oxysporum f. sp. fragariae,GCA_016163855.1
Fusarium,Fusarium oxysporum f. sp. fragariae,GCA_016163875.1
Fusarium,Fusarium oxysporum f. sp. fragariae,GCA_016163905.1
Fusarium,Fusarium oxysporum f. sp. fragariae,GCA_016163965.1
Fusarium,Fusarium oxysporum f. sp. fragariae,GCA_016163975.1
Fusarium,Fusarium oxysporum f. sp. fragariae,GCA_016164105.1
Fusarium,Fusarium oxysporum f. sp. fragariae,GCA_016164135.1
Fusarium,Fusarium oxysporum f. sp. fragariae,GCA_016164145.2
Fusarium,Fusarium oxysporum f. sp. fragariae,GCA_016165865.1
Fusarium,Fusarium oxysporum f. sp. fragariae,GCA_016165915.1
Fusarium,Fusarium oxysporum f. sp. fragariae,GCA_016165935.1
Fusarium,Fusarium oxysporum f. sp. fragariae,GCA_016166065.1
Fusarium,Fusarium oxysporum f. sp. fragariae,GCA_016166085.1
Fusarium,Fusarium oxysporum f. sp. fragariae,GCA_016166095.2
Fusarium,Fusarium oxysporum f. sp. fragariae,GCA_016166105.1
Fusarium,Fusarium oxysporum f. sp. fragariae,GCA_016166135.1
Fusarium,Fusarium oxysporum f. sp. fragariae,GCA_016166175.1
Fusarium,Fusarium oxysporum f. sp. fragariae,GCA_016166195.1
Fusarium,Fusarium oxysporum f. sp. fragariae,GCA_016166215.1
Fusarium,Fusarium oxysporum f. sp. fragariae,GCA_016166225.1
Fusarium,Fusarium oxysporum f. sp. fragariae,GCA_016166245.1
Fusarium,Fusarium oxysporum f. sp. fragariae,GCA_016166285.1
Fusarium,Fusarium oxysporum f. sp. fragariae,GCA_016166325.2
Fusarium,Fusarium oxysporum f. sp. fragariae,GCA_016166335.1
Fusarium,Fusarium oxysporum f. sp. fragariae,GCA_016166345.1
Fusarium,Fusarium oxysporum f. sp. fragariae,GCA_016166365.1
Fusarium,Fusarium oxysporum f. sp. fragariae,GCA_016166385.1
Fusarium,Fusarium oxysporum f. sp. fragariae,GCA_016166395.1
Fusarium,Fusarium oxysporum f. sp. fragariae,GCA_016166415.1
Fusarium,Fusarium oxysporum f. sp. fragariae,GCA_016167825.1
Fusarium,Fusarium oxysporum f. sp. fragariae,GCA_016170085.2
Fusarium,Fusarium oxysporum f. sp. fragariae,GCA_016170095.2
Fusarium,Fusarium oxysporum f. sp. fragariae,GCA_025217145.1
Fusarium,Fusarium oxysporum f. sp. fragariae,GCA_025267615.1
Fusarium,Fusarium oxysporum f. sp. fragariae,GCA_025267655.1
Fusarium,Fusarium oxysporum f. sp. fragariae,GCA_055682665.1
Fusarium,Fusarium oxysporum f. sp. fragariae,GCA_055682725.1
Fusarium,Fusarium oxysporum f. sp. fragariae,GCA_055682765.1
Fusarium,Fusarium oxysporum f. sp. fragariae,GCA_055682805.1
Fusarium,Fusarium oxysporum f. sp. gladioli,GCA_002233895.1
Fusarium,Fusarium oxysporum f. sp. gladioli,GCA_002233915.1
Fusarium,Fusarium oxysporum f. sp. gladioli,GCA_002234195.1
Fusarium,Fusarium oxysporum f. sp. koae,GCA_014857105.1
Fusarium,Fusarium oxysporum f. sp. lactucae,GCA_045786735.1
Fusarium,Fusarium oxysporum f. sp. lactucae,GCA_045786885.1
Fusarium,Fusarium oxysporum f. sp. lactucae,GCA_045786925.1
Fusarium,Fusarium oxysporum f. sp. lactucae,GCA_045786945.1
Fusarium,Fusarium oxysporum f. sp. lactucae,GCA_045786965.1
Fusarium,Fusarium oxysporum f. sp. lactucae,GCA_045837815.1
Fusarium,Fusarium oxysporum f. sp. lactucae,GCA_045837925.1
Fusarium,Fusarium oxysporum f. sp. lactucae,GCA_045837975.1
Fusarium,Fusarium oxysporum f. sp. lactucae,GCA_045838035.1
Fusarium,Fusarium oxysporum f. sp. lactucae,GCA_045838055.1
Fusarium,Fusarium oxysporum f. sp. lactucae,GCA_045838095.1
Fusarium,Fusarium oxysporum f. sp. lactucae,GCA_055944325.1
Fusarium,Fusarium oxysporum f. sp. lactucae,GCA_055944345.1
Fusarium,Fusarium oxysporum f. sp. lagenariae,GCA_002233875.1
Fusarium,Fusarium oxysporum f. sp. lagenariae,GCA_002234135.1
Fusarium,Fusarium oxysporum f. sp. lagenariae,GCA_002234165.1
Fusarium,Fusarium oxysporum f. sp. lagenariae,GCA_002234185.1
Fusarium,Fusarium oxysporum f. sp. lilii,GCA_002234115.1
Fusarium,Fusarium oxysporum f. sp. lini,GCA_012026625.1
Fusarium,Fusarium oxysporum f. sp. lini,GCA_013423225.1
Fusarium,Fusarium oxysporum f. sp. lini,GCA_013423235.1
Fusarium,Fusarium oxysporum f. sp. lini,GCA_013423245.1
Fusarium,Fusarium oxysporum f. sp. lini,GCA_013423255.1
Fusarium,Fusarium oxysporum f. sp. lini,GCA_013423265.1
Fusarium,Fusarium oxysporum f. sp. lini,GCA_019670925.1
Fusarium,Fusarium oxysporum f. sp. lini,GCA_019670985.1
Fusarium,Fusarium oxysporum f. sp. lini,GCA_019671045.1
Fusarium,Fusarium oxysporum f. sp. lini,GCA_019671085.1
Fusarium,Fusarium oxysporum f. sp. lini,GCA_019671095.1
Fusarium,Fusarium oxysporum f. sp. luffae,GCA_002233855.1
Fusarium,Fusarium oxysporum f. sp. luffae,GCA_002234105.1
Fusarium,Fusarium oxysporum f. sp. lycopersici,GCA_001702875.1
Fusarium,Fusarium oxysporum f. sp. lycopersici,GCA_001702905.1
Fusarium,Fusarium oxysporum f. sp. lycopersici,GCA_001702935.1
Fusarium,Fusarium oxysporum f. sp. lycopersici,GCA_001702945.1
Fusarium,Fusarium oxysporum f. sp. lycopersici,GCA_001702955.1
Fusarium,Fusarium oxysporum f. sp. lycopersici,GCA_001702995.1
Fusarium,Fusarium oxysporum f. sp. lycopersici,GCA_001703015.1
Fusarium,Fusarium oxysporum f. sp. lycopersici,GCA_001703025.2
Fusarium,Fusarium oxysporum f. sp. lycopersici,GCA_001703035.1
Fusarium,Fusarium oxysporum f. sp. lycopersici,GCA_001703065.1
Fusarium,Fusarium oxysporum f. sp. lycopersici,GCA_001703085.1
Fusarium,Fusarium oxysporum f. sp. lycopersici,GCA_001703105.1
Fusarium,Fusarium oxysporum f. sp. lycopersici,GCA_001703135.1
Fusarium,Fusarium oxysporum f. sp. lycopersici,GCA_001703355.1
Fusarium,Fusarium oxysporum f. sp. lycopersici,GCA_003977725.1
Fusarium,Fusarium oxysporum f. sp. lycopersici,GCA_021018635.1
Fusarium,Fusarium oxysporum f. sp. lycopersici,GCA_025216745.1
Fusarium,Fusarium oxysporum f. sp. lycopersici,GCA_025216765.1
Fusarium,Fusarium oxysporum f. sp. lycopersici,GCA_025216785.1
Fusarium,Fusarium oxysporum f. sp. lycopersici,GCA_025217025.1
Fusarium,Fusarium oxysporum f. sp. lycopersici,GCA_025217065.1
Fusarium,Fusarium oxysporum f. sp. lycopersici,GCA_025217085.1
Fusarium,Fusarium oxysporum f. sp. lycopersici,GCA_025217105.1
Fusarium,Fusarium oxysporum f. sp. lycopersici,GCA_025217125.1
Fusarium,Fusarium oxysporum f. sp. lycopersici,GCA_025217165.1
Fusarium,Fusarium oxysporum f. sp. lycopersici,GCA_051107395.1
Fusarium,Fusarium oxysporum f. sp. lycopersici 4287,GCA_000149955.2
Fusarium,Fusarium oxysporum f. sp. lycopersici 4287,GCA_001703175.2
Fusarium,Fusarium oxysporum f. sp. lycopersici 4287,GCA_001703185.1
Fusarium,Fusarium oxysporum f. sp. lycopersici 4287,GCA_003315725.1
Fusarium,Fusarium oxysporum f. sp. lycopersici MN25,GCA_000259975.2
Fusarium,Fusarium oxysporum f. sp. matthiolae,GCA_009755825.1
Fusarium,Fusarium oxysporum f. sp. matthiolae,GCA_020796175.1
Fusarium,Fusarium oxysporum f. sp. medicaginis,GCA_001652425.1
Fusarium,Fusarium oxysporum f. sp. medicaginis,GCA_025266925.1
Fusarium,Fusarium oxysporum f. sp. medicaginis,GCA_025266945.1
Fusarium,Fusarium oxysporum f. sp. melongenae,GCA_001888865.1
Fusarium,Fusarium oxysporum f. sp. melongenae,GCA_002234085.1
Fusarium,Fusarium oxysporum f. sp. melonis,GCA_001703205.2
Fusarium,Fusarium oxysporum f. sp. melonis,GCA_001703215.1
Fusarium,Fusarium oxysporum f. sp. melonis,GCA_001703255.1
Fusarium,Fusarium oxysporum f. sp. melonis,GCA_001703265.1
Fusarium,Fusarium oxysporum f. sp. melonis,GCA_001703295.1
Fusarium,Fusarium oxysporum f. sp. melonis,GCA_001703305.1
Fusarium,Fusarium oxysporum f. sp. melonis,GCA_001703335.1
Fusarium,Fusarium oxysporum f. sp. melonis,GCA_001703345.1
Fusarium,Fusarium oxysporum f. sp. melonis,GCA_001703365.1
Fusarium,Fusarium oxysporum f. sp. melonis,GCA_020975805.1
Fusarium,Fusarium oxysporum f. sp. melonis,GCA_020975825.1
Fusarium,Fusarium oxysporum f. sp. melonis,GCA_020975845.1
Fusarium,Fusarium oxysporum f. sp. melonis,GCA_020975875.1
Fusarium,Fusarium oxysporum f. sp. melonis,GCA_020975915.1
Fusarium,Fusarium oxysporum f. sp. melonis,GCA_020975975.1
Fusarium,Fusarium oxysporum f. sp. melonis,GCA_020975985.1
Fusarium,Fusarium oxysporum f. sp. melonis,GCA_020975995.1
Fusarium,Fusarium oxysporum f. sp. melonis,GCA_020976025.1
Fusarium,Fusarium oxysporum f. sp. melonis,GCA_020976035.1
Fusarium,Fusarium oxysporum f. sp. melonis,GCA_020976075.1
Fusarium,Fusarium oxysporum f. sp. melonis,GCA_020976085.1
Fusarium,Fusarium oxysporum f. sp. melonis,GCA_020976095.1
Fusarium,Fusarium oxysporum f. sp. melonis,GCA_020976115.1
Fusarium,Fusarium oxysporum f. sp. melonis,GCA_020976145.1
Fusarium,Fusarium oxysporum f. sp. melonis,GCA_020976165.1
Fusarium,Fusarium oxysporum f. sp. melonis,GCA_020976175.1
Fusarium,Fusarium oxysporum f. sp. melonis,GCA_020976195.1
Fusarium,Fusarium oxysporum f. sp. melonis,GCA_020976235.1
Fusarium,Fusarium oxysporum f. sp. melonis,GCA_020976245.1
Fusarium,Fusarium oxysporum f. sp. melonis,GCA_020976255.1
Fusarium,Fusarium oxysporum f. sp. melonis,GCA_020976275.1
Fusarium,Fusarium oxysporum f. sp. melonis,GCA_020976345.1
Fusarium,Fusarium oxysporum f. sp. melonis,GCA_020976355.1
Fusarium,Fusarium oxysporum f. sp. melonis,GCA_020976365.1
Fusarium,Fusarium oxysporum f. sp. melonis,GCA_020976375.1
Fusarium,Fusarium oxysporum f. sp. melonis,GCA_020976425.1
Fusarium,Fusarium oxysporum f. sp. melonis,GCA_020976435.1
Fusarium,Fusarium oxysporum f. sp. melonis,GCA_020976445.1
Fusarium,Fusarium oxysporum f. sp. melonis,GCA_020976455.1
Fusarium,Fusarium oxysporum f. sp. melonis,GCA_020976485.1
Fusarium,Fusarium oxysporum f. sp. melonis,GCA_020976505.1
Fusarium,Fusarium oxysporum f. sp. melonis,GCA_020976525.1
Fusarium,Fusarium oxysporum f. sp. melonis,GCA_025216565.1
Fusarium,Fusarium oxysporum f. sp. melonis,GCA_025216605.1
Fusarium,Fusarium oxysporum f. sp. melonis,GCA_025216625.1
Fusarium,Fusarium oxysporum f. sp. melonis,GCA_025216645.1
Fusarium,Fusarium oxysporum f. sp. melonis,GCA_025216665.1
Fusarium,Fusarium oxysporum f. sp. melonis,GCA_025216685.1
Fusarium,Fusarium oxysporum f. sp. melonis,GCA_025216705.1
Fusarium,Fusarium oxysporum f. sp. melonis,GCA_025216725.1
Fusarium,Fusarium oxysporum f. sp. melonis,GCA_025216805.1
Fusarium,Fusarium oxysporum f. sp. melonis 26406,GCA_000260495.2
Fusarium,Fusarium oxysporum f. sp. melonis 26406,GCA_002318975.1
Fusarium,Fusarium oxysporum f. sp. momordicae,GCA_002233795.1
Fusarium,Fusarium oxysporum f. sp. momordicae,GCA_002233865.1
Fusarium,Fusarium oxysporum f. sp. mori,GCA_016165945.1
Fusarium,Fusarium oxysporum f. sp. mori,GCA_051622415.1
Fusarium,Fusarium oxysporum f. sp. mori,GCA_051622495.1
Fusarium,Fusarium oxysporum f. sp. mori,GCA_051622515.1
Fusarium,Fusarium oxysporum f. sp. mori,GCA_051622595.1
Fusarium,Fusarium oxysporum f. sp. narcissi,GCA_002233775.1
Fusarium,Fusarium oxysporum f. sp. narcissi,GCA_004141715.1
Fusarium,Fusarium oxysporum f. sp. narcissi,GCA_045837865.1
Fusarium,Fusarium oxysporum f. sp. nicotianae,GCA_002233785.1
Fusarium,Fusarium oxysporum f. sp. nicotianae,GCA_002234015.1
Fusarium,Fusarium oxysporum f. sp. nicotianae,GCA_002234045.1
Fusarium,Fusarium oxysporum f. sp. nicotianae,GCA_002234055.1
Fusarium,Fusarium oxysporum f. sp. niveum,GCA_001702505.1
Fusarium,Fusarium oxysporum f. sp. niveum,GCA_001702715.1
Fusarium,Fusarium oxysporum f. sp. niveum,GCA_001702745.1
Fusarium,Fusarium oxysporum f. sp. niveum,GCA_001702775.1
Fusarium,Fusarium oxysporum f. sp. niveum,GCA_001702785.1
Fusarium,Fusarium oxysporum f. sp. niveum,GCA_001702795.1
Fusarium,Fusarium oxysporum f. sp. niveum,GCA_001702805.1
Fusarium,Fusarium oxysporum f. sp. niveum,GCA_001702845.1
Fusarium,Fusarium oxysporum f. sp. niveum,GCA_001702865.1
Fusarium,Fusarium oxysporum f. sp. niveum,GCA_014602775.1
Fusarium,Fusarium oxysporum f. sp. niveum,GCA_014602795.1
Fusarium,Fusarium oxysporum f. sp. niveum,GCA_014602815.1
Fusarium,Fusarium oxysporum f. sp. niveum,GCA_019593445.1
Fusarium,Fusarium oxysporum f. sp. niveum,GCA_019593455.1
Fusarium,Fusarium oxysporum f. sp. niveum,GCA_019593485.1
Fusarium,Fusarium oxysporum f. sp. niveum,GCA_019593505.1
Fusarium,Fusarium oxysporum f. sp. niveum,GCA_019721145.1
Fusarium,Fusarium oxysporum f. sp. niveum,GCA_019721165.1
Fusarium,Fusarium oxysporum f. sp. niveum,GCA_019721175.1
Fusarium,Fusarium oxysporum f. sp. niveum,GCA_025216225.1
Fusarium,Fusarium oxysporum f. sp. niveum,GCA_025216245.1
Fusarium,Fusarium oxysporum f. sp. niveum,GCA_025216265.1
Fusarium,Fusarium oxysporum f. sp. niveum,GCA_025216285.1
Fusarium,Fusarium oxysporum f. sp. niveum,GCA_025216305.1
Fusarium,Fusarium oxysporum f. sp. niveum,GCA_025216325.1
Fusarium,Fusarium oxysporum f. sp. niveum,GCA_025216585.1
Fusarium,Fusarium oxysporum f. sp. niveum,GCA_025266885.1
Fusarium,Fusarium oxysporum f. sp. niveum,GCA_025266905.1
Fusarium,Fusarium oxysporum f. sp. niveum,GCA_026212305.1
Fusarium,Fusarium oxysporum f. sp. niveum,GCA_026260275.1
Fusarium,Fusarium oxysporum f. sp. niveum,GCA_026260535.1
Fusarium,Fusarium oxysporum f. sp. niveum,GCA_027475055.1
Fusarium,Fusarium oxysporum f. sp. niveum,GCA_027475405.1
Fusarium,Fusarium oxysporum f. sp. passiflorae,GCA_025176785.1
Fusarium,Fusarium oxysporum f. sp. passiflorae,GCA_025216365.1
Fusarium,Fusarium oxysporum f. sp. passiflorae,GCA_025217185.1
Fusarium,Fusarium oxysporum f. sp. passiflorae,GCA_025267645.1
Fusarium,Fusarium oxysporum f. sp. phaseoli,GCA_054130785.1
Fusarium,Fusarium oxysporum f. sp. phaseoli,GCA_054643655.1
Fusarium,Fusarium oxysporum f. sp. physali,GCA_016906485.1
Fusarium,Fusarium oxysporum f. sp. physali,GCA_017654635.1
Fusarium,Fusarium oxysporum f. sp. physali,GCA_017654645.1
Fusarium,Fusarium oxysporum f. sp. physali,GCA_017654655.1
Fusarium,Fusarium oxysporum f. sp. physali,GCA_017654665.1
Fusarium,Fusarium oxysporum f. sp. pisi HDV247,GCA_000260075.2
Fusarium,Fusarium oxysporum f. sp. radicis-cucumerinum,GCA_001702645.1
Fusarium,Fusarium oxysporum f. sp. radicis-cucumerinum,GCA_001702695.2
Fusarium,Fusarium oxysporum f. sp. radicis-cucumerinum,GCA_001702725.1
Fusarium,Fusarium oxysporum f. sp. radicis-cucumerinum,GCA_048164945.1
Fusarium,Fusarium oxysporum f. sp. radicis-lycopersici,GCA_048165035.1
Fusarium,Fusarium oxysporum f. sp. radicis-lycopersici 26381,GCA_000260155.3
Fusarium,Fusarium oxysporum f. sp. rapae,GCA_019157295.1
Fusarium,Fusarium oxysporum f. sp. raphani,GCA_019157275.1
Fusarium,Fusarium oxysporum f. sp. raphani 54005,GCA_000260235.2
Fusarium,Fusarium oxysporum f. sp. sesami,GCA_017979615.1
Fusarium,Fusarium oxysporum f. sp. spinaciae,GCA_013347345.2
Fusarium,Fusarium oxysporum f. sp. spinaciae,GCA_013347495.1
Fusarium,Fusarium oxysporum f. sp. spinaciae,GCA_013347505.1
Fusarium,Fusarium oxysporum f. sp. spinaciae,GCA_013347515.1
Fusarium,Fusarium oxysporum f. sp. spinaciae,GCA_013347525.1
Fusarium,Fusarium oxysporum f. sp. spinaciae,GCA_013347535.2
Fusarium,Fusarium oxysporum f. sp. spinaciae,GCA_013347635.1
Fusarium,Fusarium oxysporum f. sp. spinaciae,GCA_015227905.1
Fusarium,Fusarium oxysporum f. sp. spinaciae,GCA_015228045.1
Fusarium,Fusarium oxysporum f. sp. spinaciae,GCA_015228055.1
Fusarium,Fusarium oxysporum f. sp. spinaciae,GCA_025216545.1
Fusarium,Fusarium oxysporum f. sp. tracheiphilum,GCA_025203105.1
Fusarium,Fusarium oxysporum f. sp. tulipae,GCA_002233805.1
Fusarium,Fusarium oxysporum f. sp. tulipae,GCA_025203025.1
Fusarium,Fusarium oxysporum f. sp. tulipae,GCA_025203045.1
Fusarium,Fusarium oxysporum f. sp. tulipae,GCA_025203085.1
Fusarium,Fusarium oxysporum f. sp. tulipae,GCA_025217225.1
Fusarium,Fusarium oxysporum f. sp. vanillae,GCA_052324365.1
Fusarium,Fusarium oxysporum f. sp. vanillae,GCA_052324385.1
Fusarium,Fusarium oxysporum f. sp. vanillae,GCA_052324405.1
Fusarium,Fusarium oxysporum f. sp. vanillae,GCA_052324425.1
Fusarium,Fusarium oxysporum f. sp. vanillae,GCA_052324445.1
Fusarium,Fusarium oxysporum f. sp. vasinfectum,GCA_009602505.1
Fusarium,Fusarium oxysporum f. sp. vasinfectum,GCA_009602545.1
Fusarium,Fusarium oxysporum f. sp. vasinfectum,GCA_009602615.1
Fusarium,Fusarium oxysporum f. sp. vasinfectum,GCA_009602625.1
Fusarium,Fusarium oxysporum f. sp. vasinfectum,GCA_009602635.1
Fusarium,Fusarium oxysporum f. sp. vasinfectum,GCA_012610785.1
Fusarium,Fusarium oxysporum f. sp. vasinfectum,GCA_012610815.1
Fusarium,Fusarium oxysporum f. sp. vasinfectum,GCA_012610825.1
Fusarium,Fusarium oxysporum f. sp. vasinfectum,GCA_012610835.1
Fusarium,Fusarium oxysporum f. sp. vasinfectum,GCA_025216125.1
Fusarium,Fusarium oxysporum f. sp. vasinfectum,GCA_025216145.1
Fusarium,Fusarium oxysporum f. sp. vasinfectum,GCA_025216185.1
Fusarium,Fusarium oxysporum f. sp. vasinfectum,GCA_025216345.1
Fusarium,Fusarium oxysporum f. sp. vasinfectum,GCA_025216385.1
Fusarium,Fusarium oxysporum f. sp. vasinfectum,GCA_025216405.1
Fusarium,Fusarium oxysporum f. sp. vasinfectum,GCA_025216425.1
Fusarium,Fusarium oxysporum f. sp. vasinfectum,GCA_025216445.1
Fusarium,Fusarium oxysporum f. sp. vasinfectum,GCA_025216465.1
Fusarium,Fusarium oxysporum f. sp. vasinfectum,GCA_025216485.1
Fusarium,Fusarium oxysporum f. sp. vasinfectum,GCA_025216505.1
Fusarium,Fusarium oxysporum f. sp. vasinfectum,GCA_025216525.1
Fusarium,Fusarium oxysporum f. sp. vasinfectum,GCA_025217205.1
Fusarium,Fusarium oxysporum f. sp. vasinfectum,GCA_025217245.1
Fusarium,Fusarium oxysporum f. sp. vasinfectum,GCA_025267595.1
Fusarium,Fusarium oxysporum f. sp. vasinfectum,GCA_025267685.1
Fusarium,Fusarium oxysporum f. sp. vasinfectum,GCA_025267705.1
Fusarium,Fusarium oxysporum f. sp. vasinfectum,GCA_030719095.1
Fusarium,Fusarium oxysporum f. sp. vasinfectum,GCA_032878545.1
Fusarium,Fusarium oxysporum f. sp. vasinfectum,GCA_032991405.1
Fusarium,Fusarium oxysporum f. sp. vasinfectum,GCA_038050555.1
Fusarium,Fusarium oxysporum f. sp. vasinfectum,GCA_049000195.1
Fusarium,Fusarium oxysporum f. sp. vasinfectum,GCA_049306905.1
Fusarium,Fusarium oxysporum f. sp. vasinfectum,GCA_049307005.1
Fusarium,Fusarium oxysporum f. sp. vasinfectum,GCA_051943205.1
Fusarium,Fusarium oxysporum f. sp. vasinfectum,GCA_051943225.1
Fusarium,Fusarium oxysporum f. sp. vasinfectum,GCA_051943265.1
Fusarium,Fusarium oxysporum f. sp. vasinfectum,GCA_051943285.1
Fusarium,Fusarium oxysporum f. sp. vasinfectum,GCA_051943305.1
Fusarium,Fusarium oxysporum f. sp. vasinfectum,GCA_052056925.1
Fusarium,Fusarium oxysporum f. sp. vasinfectum,GCA_052056945.1
Fusarium,Fusarium oxysporum f. sp. vasinfectum,GCA_052056995.1
Fusarium,Fusarium oxysporum f. sp. vasinfectum 25433,GCA_000260175.2
Fusarium,Fusarium oxysporum f. sp. zingiberi,GCA_025203755.1
Fusarium,Fusarium oxysporum f. sp. zingiberi,GCA_025216965.1
Fusarium,Fusarium oxysporum f. sp. zingiberi,GCA_025217005.1
Fusarium,Fusarium oxysporum f. sp. zingiberi,GCA_025217045.1
Fusarium,Fusarium oxysporum f. sp. zingiberi,GCA_051624415.1
Fusarium,Fusarium palustre,GCA_014899045.1
Fusarium,Fusarium papillatum,GCA_013186395.1
Fusarium,Fusarium parabolicum,GCA_013623825.1
Fusarium,Fusarium paranaense,GCA_027886155.1
Fusarium,Fusarium penzigii,GCA_013623535.1
Fusarium,Fusarium phalaenopsidis,GCA_050370095.1
Fusarium,Fusarium phaseoli,GCA_001680515.1
Fusarium,Fusarium phialophorum,GCA_040822225.1
Fusarium,Fusarium phyllophilum,GCA_013396025.1
Fusarium,Fusarium pilosicola,GCA_020615335.1
Fusarium,Fusarium pininemorale,GCA_002165215.1
Fusarium,Fusarium piperis,GCA_027886205.1
Fusarium,Fusarium piperis,GCA_027946385.1
Fusarium,Fusarium poae,GCA_001675295.1
Fusarium,Fusarium poae,GCA_013623615.1
Fusarium,Fusarium poae,GCA_019609905.1
Fusarium,Fusarium poae,GCA_030719115.1
Fusarium,Fusarium poae,GCA_030719125.1
Fusarium,Fusarium poae,GCA_030719135.1
Fusarium,Fusarium poae,GCA_030719145.1
Fusarium,Fusarium poae,GCA_030719155.1
Fusarium,Fusarium poae,GCA_046056315.1
Fusarium,Fusarium poae,GCA_051942535.1
Fusarium,Fusarium praegraminearum,GCA_002093855.1
Fusarium,Fusarium proliferatum,GCA_001705295.1
Fusarium,Fusarium proliferatum,GCA_002234285.1
Fusarium,Fusarium proliferatum,GCA_003123625.1
Fusarium,Fusarium proliferatum,GCA_003290285.1
Fusarium,Fusarium proliferatum,GCA_003615215.1
Fusarium,Fusarium proliferatum,GCA_003704875.1
Fusarium,Fusarium proliferatum,GCA_003704885.1
Fusarium,Fusarium proliferatum,GCA_003704895.1
Fusarium,Fusarium proliferatum,GCA_003704965.1
Fusarium,Fusarium proliferatum,GCA_003705095.1
Fusarium,Fusarium proliferatum,GCA_003709405.1
Fusarium,Fusarium proliferatum,GCA_013758875.1
Fusarium,Fusarium proliferatum,GCA_013758985.1
Fusarium,Fusarium proliferatum,GCA_013759065.1
Fusarium,Fusarium proliferatum,GCA_017309865.1
Fusarium,Fusarium proliferatum,GCA_017309875.1
Fusarium,Fusarium proliferatum,GCA_017309895.1
Fusarium,Fusarium proliferatum,GCA_018350245.1
Fusarium,Fusarium proliferatum,GCA_019022535.1
Fusarium,Fusarium proliferatum,GCA_019843625.1
Fusarium,Fusarium proliferatum,GCA_022627135.1
Fusarium,Fusarium proliferatum,GCA_033822135.1
Fusarium,Fusarium proliferatum,GCA_036288945.1
Fusarium,Fusarium proliferatum,GCA_040114135.1
Fusarium,Fusarium proliferatum,GCA_040114165.1
Fusarium,Fusarium proliferatum,GCA_040114185.1
Fusarium,Fusarium proliferatum,GCA_041380525.1
Fusarium,Fusarium proliferatum,GCA_047651765.1
Fusarium,Fusarium proliferatum,GCA_048414745.1
Fusarium,Fusarium proliferatum,GCA_051380515.1
Fusarium,Fusarium proliferatum,GCA_051529665.1
Fusarium,Fusarium proliferatum,GCA_051529685.1
Fusarium,Fusarium proliferatum,GCA_051529705.1
Fusarium,Fusarium proliferatum,GCA_051529725.1
Fusarium,Fusarium proliferatum,GCA_055473395.1
Fusarium,Fusarium protoensiforme,GCA_011320165.1
Fusarium,Fusarium pseudoanthophilum,GCA_013395995.1
Fusarium,Fusarium pseudocircinatum,GCA_013396035.1
Fusarium,Fusarium pseudograminearum,GCA_000974265.2
Fusarium,Fusarium pseudograminearum,GCA_001703955.2
Fusarium,Fusarium pseudograminearum,GCA_016952305.1
Fusarium,Fusarium pseudograminearum,GCA_024752415.1
Fusarium,Fusarium pseudograminearum,GCA_050516575.1
Fusarium,Fusarium pseudograminearum CS3096,GCA_000303195.2
Fusarium,Fusarium pseudonygamai,GCA_013186785.1
Fusarium,Fusarium purpurascens,GCA_040822135.1
Fusarium,Fusarium ramigenum,GCA_013186855.1
Fusarium,Fusarium redolens,GCA_014899085.1
Fusarium,Fusarium redolens,GCA_017562085.1
Fusarium,Fusarium redolens,GCA_019843785.1
Fusarium,Fusarium redolens,GCA_020744475.1
Fusarium,Fusarium redolens,GCA_035773055.1
Fusarium,Fusarium robinianum,GCA_013623725.1
Fusarium,Fusarium robinianum,GCA_024115165.1
Fusarium,Fusarium sacchari,GCA_013759005.1
Fusarium,Fusarium sacchari,GCA_017165645.1
Fusarium,Fusarium sacchari,GCA_033675115.1
Fusarium,Fusarium sacchari,GCA_048414715.1
Fusarium,Fusarium sacchari,GCA_054858035.1
Fusarium,Fusarium sacchari,GCA_055255615.1
Fusarium,Fusarium sambucinum,GCA_001567575.1
Fusarium,Fusarium sambucinum,GCA_014899025.1
Fusarium,Fusarium sambucinum,GCA_041870755.1
Fusarium,Fusarium sambucinum,GCA_047301595.1
Fusarium,Fusarium sambucinum,GCA_050947815.1
Fusarium,Fusarium sarcochroum,GCA_013266185.1
Fusarium,Fusarium scirpi,GCA_004367495.1
Fusarium,Fusarium secorum,GCA_013363185.1
Fusarium,Fusarium secorum,GCA_024112715.1
Fusarium,Fusarium setosum,GCA_013623625.1
Fusarium,Fusarium sibiricum,GCA_014898995.1
Fusarium,Fusarium siculi,GCA_019843635.1
Fusarium,Fusarium solani,GCA_002215905.1
Fusarium,Fusarium solani,GCA_013168735.1
Fusarium,Fusarium solani,GCA_019320015.1
Fusarium,Fusarium solani,GCA_020744495.1
Fusarium,Fusarium solani,GCA_023522795.1
Fusarium,Fusarium solani,GCA_024220475.1
Fusarium,Fusarium solani,GCA_027574645.1
Fusarium,Fusarium solani,GCA_027945525.1
Fusarium,Fusarium solani,GCA_029603225.1
Fusarium,Fusarium solani,GCA_030014125.1
Fusarium,Fusarium solani,GCA_033085375.1
Fusarium,Fusarium solani,GCA_035772955.1
Fusarium,Fusarium solani,GCA_040436825.1
Fusarium,Fusarium solani,GCA_044510215.1
Fusarium,Fusarium solani,GCA_044646775.1
Fusarium,Fusarium solani,GCA_045529305.1
Fusarium,Fusarium solani,GCA_046630125.1
Fusarium,Fusarium solani,GCA_046630155.1
Fusarium,Fusarium solani,GCA_049901755.1
Fusarium,Fusarium solani,GCA_050613615.1
Fusarium,Fusarium solani,GCA_051943245.1
Fusarium,Fusarium solani,GCA_053771435.1
Fusarium,Fusarium solani,GCA_054370135.1
Fusarium,Fusarium solani,GCA_055801755.1
Fusarium,Fusarium solani-melongenae,GCA_023101225.1
Fusarium,Fusarium solani-melongenae,GCA_027886225.1
Fusarium,Fusarium sororula,GCA_017579625.1
Fusarium,Fusarium sp. 'flavolapis',GCA_014885045.1
Fusarium,Fusarium sp. 190-020-2,GCA_014884825.1
Fusarium,Fusarium sp. AF-6,GCA_003947015.1
Fusarium,Fusarium sp. BWC1,GCA_013416785.2
Fusarium,Fusarium sp. Barmshour,GCA_020976545.1
Fusarium,Fusarium sp. C39,GCA_021533815.1
Fusarium,Fusarium sp. CBS 123663,GCA_017656595.1
Fusarium,Fusarium sp. DN689,GCA_052814685.1
Fusarium,Fusarium sp. DS 682,GCA_014764975.2
Fusarium,Fusarium sp. FIESC RH6,GCA_022627095.1
Fusarium,Fusarium sp. FL617,GCA_030142105.1
Fusarium,Fusarium sp. FSAMSC_23,GCA_013618385.1
Fusarium,Fusarium sp. FV-FL-02,GCA_040114085.1
Fusarium,Fusarium sp. FV32968,GCA_040114105.1
Fusarium,Fusarium sp. FW16.1,GCA_017654865.1
Fusarium,Fusarium sp. G73,GCA_051527795.1
Fusarium,Fusarium sp. G74,GCA_051527775.1
Fusarium,Fusarium sp. HKF-74,GCA_021223625.1
Fusarium,Fusarium sp. IMII-1,GCA_056098845.1
Fusarium,Fusarium sp. JS1030,GCA_000966855.1
Fusarium,Fusarium sp. JS626,GCA_000966865.1
Fusarium,Fusarium sp. KOD 1611,GCA_013624395.1
Fusarium,Fusarium sp. LHS14.1,GCA_025433615.1
Fusarium,Fusarium sp. M34D1,GCA_052814515.1
Fusarium,Fusarium sp. M6JPR69,GCA_037576055.1
Fusarium,Fusarium sp. MBC 101,GCA_030777545.1
Fusarium,Fusarium sp. MBC 119,GCA_030411635.1
Fusarium,Fusarium sp. MBC 181,GCA_030772735.1
Fusarium,Fusarium sp. MBC 364,GCA_030777805.1
Fusarium,Fusarium sp. MBC 438,GCA_030779245.1
Fusarium,Fusarium sp. MBC 441,GCA_030779165.1
Fusarium,Fusarium sp. MPI-SDFR-AT-0072,GCA_020744335.1
Fusarium,Fusarium sp. NFCCI 5145,GCA_033439405.1
Fusarium,Fusarium sp. NRRL 22101,GCA_013010345.1
Fusarium,Fusarium sp. NRRL 25184,GCA_013755755.1
Fusarium,Fusarium sp. NRRL 25303,GCA_013396255.1
Fusarium,Fusarium sp. NRRL 29148,GCA_013759095.1
Fusarium,Fusarium sp. NRRL 47473,GCA_013759115.1
Fusarium,Fusarium sp. NRRL 52700,GCA_013396095.1
Fusarium,Fusarium sp. NRRL 53293,GCA_013759125.1
Fusarium,Fusarium sp. NRRL 53497,GCA_013184445.1
Fusarium,Fusarium sp. NRRL 62610,GCA_013186425.2
Fusarium,Fusarium sp. NRRL 62957,GCA_012978535.1
Fusarium,Fusarium sp. NRRL 66088,GCA_013186415.1
Fusarium,Fusarium sp. NRRL 66182,GCA_013266265.1
Fusarium,Fusarium sp. NRRL 66335,GCA_004367055.1
Fusarium,Fusarium sp. NRRL 66739,GCA_021655895.1
Fusarium,Fusarium sp. NRRL 66894,GCA_014824365.1
Fusarium,Fusarium sp. NRRL 66896,GCA_014824405.1
Fusarium,Fusarium sp. Na10,GCA_002234255.1
Fusarium,Fusarium sp. PT,GCA_021020635.1
Fusarium,Fusarium sp. Ph1,GCA_025433565.1
Fusarium,Fusarium sp. QHM,GCA_013416755.1
Fusarium,Fusarium sp. R1,GCA_042608555.1
Fusarium,Fusarium sp. S18/2,GCA_019054865.1
Fusarium,Fusarium sp. S18/39,GCA_019054735.1
Fusarium,Fusarium sp. S18/7,GCA_019054775.1
Fusarium,Fusarium sp. S19/10,GCA_019054715.1
Fusarium,Fusarium sp. TH15,GCA_019192225.1
Fusarium,Fusarium sporotrichioides,GCA_003012315.1
Fusarium,Fusarium sporotrichioides,GCA_019054615.1
Fusarium,Fusarium sporotrichioides,GCA_019054645.1
Fusarium,Fusarium sporotrichioides,GCA_019054675.1
Fusarium,Fusarium sporotrichioides,GCA_041380485.1
Fusarium,Fusarium staphyleae,GCA_017140175.1
Fusarium,Fusarium sterilihyphosum,GCA_013186845.1
Fusarium,Fusarium stilboides,GCA_014822085.1
Fusarium,Fusarium subglutinans,GCA_012070385.1
Fusarium,Fusarium subglutinans,GCA_012071885.1
Fusarium,Fusarium subglutinans,GCA_013396075.1
Fusarium,Fusarium subglutinans,GCA_040114065.1
Fusarium,Fusarium subglutinans,GCA_040114075.1
Fusarium,Fusarium sublunatum,GCA_013623665.1
Fusarium,Fusarium subtropicale,GCA_003670145.1
Fusarium,Fusarium succisae,GCA_013186925.1
Fusarium,Fusarium sulawesiense,GCA_037577435.1
Fusarium,Fusarium tanahbumbuense,GCA_012977735.1
Fusarium,Fusarium tardichlamydosporum,GCA_040822145.1
Fusarium,Fusarium tardichlamydosporum,GCA_040822215.1
Fusarium,Fusarium temperatum,GCA_001513835.1
Fusarium,Fusarium temperatum,GCA_012070365.1
Fusarium,Fusarium temperatum,GCA_014706205.1
Fusarium,Fusarium temperatum,GCA_014706235.1
Fusarium,Fusarium temperatum,GCA_040114055.1
Fusarium,Fusarium thapsinum,GCA_013186935.1
Fusarium,Fusarium thapsinum,GCA_046463835.1
Fusarium,Fusarium tjaetaba,GCA_013396195.1
Fusarium,Fusarium tjaetaba,GCA_050710735.1
Fusarium,Fusarium tjaetaba,GCA_050711465.1
Fusarium,Fusarium torreyae,GCA_014824505.1
Fusarium,Fusarium torreyae,GCA_027945595.1
Fusarium,Fusarium torulosum,GCA_013623875.1
Fusarium,Fusarium torulosum,GCA_044647435.1
Fusarium,Fusarium transvaalense,GCA_013623685.1
Fusarium,Fusarium tricinctum,GCA_003045085.1
Fusarium,Fusarium tricinctum,GCA_003149365.1
Fusarium,Fusarium tricinctum,GCA_012977725.1
Fusarium,Fusarium tricinctum,GCA_020744515.1
Fusarium,Fusarium tricinctum,GCA_044647115.1
Fusarium,Fusarium tricinctum,GCA_050859235.1
Fusarium,Fusarium tuaranense,GCA_013363205.1
Fusarium,Fusarium tucumaniae,GCA_001680535.1
Fusarium,Fusarium tucumaniae,GCA_001680595.1
Fusarium,Fusarium tucumaniae,GCA_001680725.1
Fusarium,Fusarium tucumaniae,GCA_021730365.1
Fusarium,Fusarium tupiense,GCA_013364945.1
Fusarium,Fusarium udum,GCA_002194535.1
Fusarium,Fusarium udum,GCA_013186905.1
Fusarium,Fusarium ussurianum,GCA_017656585.1
Fusarium,Fusarium ussurianum,GCA_017656605.1
Fusarium,Fusarium ussurianum,GCA_017656685.1
Fusarium,Fusarium ussurianum,GCA_017656695.1
Fusarium,Fusarium vanettenii,GCA_025433535.2
Fusarium,Fusarium vanettenii,GCA_046127705.1
Fusarium,Fusarium vanettenii 77-13-4,GCA_000151355.1
Fusarium,Fusarium venenatum,GCA_013623635.1
Fusarium,Fusarium venenatum,GCA_019425555.1
Fusarium,Fusarium venenatum,GCA_020744135.1
Fusarium,Fusarium ventricosum,GCA_045529425.1
Fusarium,Fusarium verrucosum,GCA_013623715.1
Fusarium,Fusarium verticillioides,GCA_003316975.2
Fusarium,Fusarium verticillioides,GCA_003316995.2
Fusarium,Fusarium verticillioides,GCA_003317015.2
Fusarium,Fusarium verticillioides,GCA_013759275.1
Fusarium,Fusarium verticillioides,GCA_020882315.1
Fusarium,Fusarium verticillioides,GCA_025503005.1
Fusarium,Fusarium verticillioides,GCA_026119585.1
Fusarium,Fusarium verticillioides,GCA_027571605.1
Fusarium,Fusarium verticillioides,GCA_031360185.1
Fusarium,Fusarium verticillioides,GCA_031841155.1
Fusarium,Fusarium verticillioides,GCA_033110985.1
Fusarium,Fusarium verticillioides,GCA_033807555.1
Fusarium,Fusarium verticillioides,GCA_037043915.1
Fusarium,Fusarium verticillioides,GCA_037214365.1
Fusarium,Fusarium verticillioides,GCA_037954515.1
Fusarium,Fusarium verticillioides,GCA_040112765.1
Fusarium,Fusarium verticillioides,GCA_040112835.1
Fusarium,Fusarium verticillioides,GCA_040112855.1
Fusarium,Fusarium verticillioides,GCA_040112915.1
Fusarium,Fusarium verticillioides,GCA_040112925.1
Fusarium,Fusarium verticillioides,GCA_040112935.1
Fusarium,Fusarium verticillioides,GCA_040112945.1
Fusarium,Fusarium verticillioides,GCA_040113015.1
Fusarium,Fusarium verticillioides,GCA_040113345.1
Fusarium,Fusarium verticillioides,GCA_040113355.1
Fusarium,Fusarium verticillioides,GCA_040113415.1
Fusarium,Fusarium verticillioides,GCA_040113445.1
Fusarium,Fusarium verticillioides,GCA_040113455.1
Fusarium,Fusarium verticillioides,GCA_040113465.1
Fusarium,Fusarium verticillioides,GCA_040113475.1
Fusarium,Fusarium verticillioides,GCA_040113485.1
Fusarium,Fusarium verticillioides,GCA_040113545.1
Fusarium,Fusarium verticillioides,GCA_040113555.1
Fusarium,Fusarium verticillioides,GCA_040113565.1
Fusarium,Fusarium verticillioides,GCA_040113575.1
Fusarium,Fusarium verticillioides,GCA_040113585.1
Fusarium,Fusarium verticillioides,GCA_040113655.1
Fusarium,Fusarium verticillioides,GCA_040113665.1
Fusarium,Fusarium verticillioides,GCA_040113675.1
Fusarium,Fusarium verticillioides,GCA_040113685.1
Fusarium,Fusarium verticillioides,GCA_040113695.1
Fusarium,Fusarium verticillioides,GCA_040113755.1
Fusarium,Fusarium verticillioides,GCA_040113765.1
Fusarium,Fusarium verticillioides,GCA_040113775.1
Fusarium,Fusarium verticillioides,GCA_040113785.1
Fusarium,Fusarium verticillioides,GCA_040113795.1
Fusarium,Fusarium verticillioides,GCA_040113855.1
Fusarium,Fusarium verticillioides,GCA_040113865.1
Fusarium,Fusarium verticillioides,GCA_040113875.1
Fusarium,Fusarium verticillioides,GCA_040113885.1
Fusarium,Fusarium verticillioides,GCA_040113895.1
Fusarium,Fusarium verticillioides,GCA_040113955.1
Fusarium,Fusarium verticillioides,GCA_040113965.1
Fusarium,Fusarium verticillioides,GCA_040113975.1
Fusarium,Fusarium verticillioides,GCA_040113985.1
Fusarium,Fusarium verticillioides,GCA_040113995.1
Fusarium,Fusarium verticillioides,GCA_041430675.1
Fusarium,Fusarium verticillioides,GCA_044646845.1
Fusarium,Fusarium verticillioides,GCA_051167505.1
Fusarium,Fusarium verticillioides,GCA_053843395.1
Fusarium,Fusarium verticillioides 7600,GCA_000149555.1
Fusarium,Fusarium veterinarium,GCA_019191165.1
Fusarium,Fusarium veterinarium,GCA_019191175.1
Fusarium,Fusarium veterinarium,GCA_041380375.1
Fusarium,Fusarium virguliforme,GCA_001680525.1
Fusarium,Fusarium virguliforme,GCA_001680605.1
Fusarium,Fusarium virguliforme,GCA_001680665.1
Fusarium,Fusarium virguliforme,GCA_013363175.1
Fusarium,Fusarium virguliforme,GCA_020883595.1
Fusarium,Fusarium virguliforme,GCA_020883605.1
Fusarium,Fusarium virguliforme,GCA_020883615.1
Fusarium,Fusarium virguliforme,GCA_020883625.1
Fusarium,Fusarium virguliforme Mont-1,GCA_000585705.1
Fusarium,Fusarium vorosii,GCA_017656575.1
Fusarium,Fusarium vorosii,GCA_017656615.1
Fusarium,Fusarium vorosii,GCA_037179535.1
Fusarium,Fusarium vorosii,GCA_037179565.1
Fusarium,Fusarium xylarioides,GCA_004329255.1
Fusarium,Fusarium xylarioides,GCA_013183765.1
Fusarium,Fusarium xylarioides,GCA_013623735.1
Fusarium,Fusarium xylarioides,GCA_018296245.1
Fusarium,Fusarium xylarioides,GCA_018296265.1
Fusarium,Fusarium xylarioides,GCA_018296285.1
Fusarium,Fusarium xylarioides,GCA_018296305.1
Fusarium,Fusarium xylarioides,GCA_018296325.1
Fusarium,Fusarium xylarioides,GCA_018296345.1
Fusarium,Fusarium xyrophilum,GCA_008711575.1
Fusarium,Fusarium xyrophilum,GCA_008711595.1
Fusarium,Fusarium xyrophilum,GCA_008711615.1
Fusarium,Fusarium zanthoxyli,GCA_013623745.1
Fusarium,Fusarium zanthoxyli,GCA_025919635.1
Fusarium,Fusarium zealandicum,GCA_013266195.1
Fusicladium,,
Gaeumannomyces,Gaeumannomyces avenae,GCA_051938825.1
Gaeumannomyces,Gaeumannomyces avenae,GCA_051938895.1
Gaeumannomyces,Gaeumannomyces hyphopodioides,GCA_051938805.1
Gaeumannomyces,Gaeumannomyces hyphopodioides,GCA_051938815.1
Gaeumannomyces,Gaeumannomyces sp. JS-464,GCA_002197995.1
Gaeumannomyces,Gaeumannomyces tritici,GCA_016080095.1
Gaeumannomyces,Gaeumannomyces tritici,GCA_051938625.1
Gaeumannomyces,Gaeumannomyces tritici,GCA_051938685.1
Gaeumannomyces,Gaeumannomyces tritici,GCA_051938715.1
Gaeumannomyces,Gaeumannomyces tritici,GCA_051938735.1
Gaeumannomyces,Gaeumannomyces tritici,GCA_051938765.1
Gaeumannomyces,Gaeumannomyces tritici R3-111a-1,GCA_000145635.1
Ganoderma,Ganoderma adspersum,GCA_054130505.1
Ganoderma,Ganoderma boninense,GCA_001855635.1
Ganoderma,Ganoderma boninense,GCA_002900995.3
Ganoderma,Ganoderma boninense,GCA_020976605.1
Ganoderma,Ganoderma boninense,GCA_022836635.1
Ganoderma,Ganoderma leucocontextum,GCA_020736865.1
Ganoderma,Ganoderma leucocontextum,GCA_022813035.1
Ganoderma,Ganoderma lingzhi,GCA_026283605.1
Ganoderma,Ganoderma lingzhi,GCA_047651895.1
Ganoderma,Ganoderma lucidum,GCA_012655175.1
Ganoderma,Ganoderma lucidum,GCA_019426095.1
Ganoderma,Ganoderma lucidum,GCA_033032785.1
Ganoderma,Ganoderma lucidum BCRC 37177,GCA_000338035.1
Ganoderma,Ganoderma lucidum G.260125-1,GCA_000271565.1
Ganoderma,Ganoderma lucidum Xiangnong No.1,GCA_000262775.1
Ganoderma,Ganoderma meredithae,GCA_022814645.1
Ganoderma,Ganoderma multipileum BCRC 37180,GCA_000338015.2
Ganoderma,Ganoderma sinense ZZ0214-1,GCA_002760635.1
Ganoderma,Ganoderma sp. BRIUMSc,GCA_008694245.1
Geotrichum,Geotrichum armillariae,GCA_030674515.1
Geotrichum,Geotrichum bryndzae,GCA_025605225.1
Geotrichum,Geotrichum candidum,GCA_001402995.1
Geotrichum,Geotrichum candidum,GCA_011420275.1
Geotrichum,Geotrichum candidum,GCA_013305595.1
Geotrichum,Geotrichum candidum,GCA_013365045.1
Geotrichum,Geotrichum candidum,GCA_013365065.1
Geotrichum,Geotrichum candidum,GCA_013365075.1
Geotrichum,Geotrichum candidum,GCA_013365125.1
Geotrichum,Geotrichum candidum,GCA_014596635.1
Geotrichum,Geotrichum candidum,GCA_019450175.1
Geotrichum,Geotrichum candidum,GCA_020466465.1
Geotrichum,Geotrichum candidum,GCA_020466505.1
Geotrichum,Geotrichum candidum,GCA_020466515.1
Geotrichum,Geotrichum candidum,GCA_023627875.1
Geotrichum,Geotrichum candidum,GCA_023627915.1
Geotrichum,Geotrichum candidum,GCA_023629735.1
Geotrichum,Geotrichum candidum,GCA_023629795.1
Geotrichum,Geotrichum candidum,GCA_025234805.1
Geotrichum,Geotrichum candidum,GCA_025504325.1
Geotrichum,Geotrichum candidum,GCA_025504335.1
Geotrichum,Geotrichum candidum,GCA_025504395.1
Geotrichum,Geotrichum candidum,GCA_025504415.1
Geotrichum,Geotrichum candidum,GCA_025504425.1
Geotrichum,Geotrichum candidum,GCA_025504455.1
Geotrichum,Geotrichum candidum,GCA_030564105.1
Geotrichum,Geotrichum candidum,GCA_054122405.1
Geotrichum,Geotrichum candidum,GCA_054122455.1
Geotrichum,Geotrichum candidum,GCA_054122495.1
Geotrichum,Geotrichum candidum,GCA_054122575.1
Geotrichum,Geotrichum candidum,GCA_054122595.1
Geotrichum,Geotrichum candidum,GCA_054122635.1
Geotrichum,Geotrichum candidum,GCA_054122695.1
Geotrichum,Geotrichum candidum,GCA_054122715.1
Geotrichum,Geotrichum candidum,GCA_054122775.1
Geotrichum,Geotrichum candidum,GCA_054122835.1
Geotrichum,Geotrichum candidum,GCA_054123755.1
Geotrichum,Geotrichum candidum,GCA_054123815.1
Geotrichum,Geotrichum candidum,GCA_054123895.1
Geotrichum,Geotrichum candidum,GCA_054123935.1
Geotrichum,Geotrichum candidum,GCA_054123975.1
Geotrichum,Geotrichum candidum,GCA_054123995.1
Geotrichum,Geotrichum candidum,GCA_054124005.1
Geotrichum,Geotrichum candidum,GCA_054124035.1
Geotrichum,Geotrichum candidum,GCA_054124495.1
Geotrichum,Geotrichum candidum,GCA_054124535.1
Geotrichum,Geotrichum candidum,GCA_054124595.1
Geotrichum,Geotrichum candidum,GCA_054124605.1
Geotrichum,Geotrichum candidum,GCA_054124675.1
Geotrichum,Geotrichum candidum,GCA_054124715.1
Geotrichum,Geotrichum candidum,GCA_054124725.1
Geotrichum,Geotrichum candidum,GCA_054124735.1
Geotrichum,Geotrichum candidum,GCA_054124775.1
Geotrichum,Geotrichum candidum,GCA_054124795.1
Geotrichum,Geotrichum candidum,GCA_054124835.1
Geotrichum,Geotrichum candidum,GCA_054125125.1
Geotrichum,Geotrichum candidum,GCA_054125155.1
Geotrichum,Geotrichum candidum,GCA_054125175.1
Geotrichum,Geotrichum candidum,GCA_054125385.1
Geotrichum,Geotrichum candidum,GCA_054125395.1
Geotrichum,Geotrichum candidum,GCA_054125425.1
Geotrichum,Geotrichum candidum,GCA_054125445.1
Geotrichum,Geotrichum candidum,GCA_054125525.1
Geotrichum,Geotrichum candidum,GCA_054125535.1
Geotrichum,Geotrichum candidum,GCA_054125585.1
Geotrichum,Geotrichum candidum,GCA_054125645.1
Geotrichum,Geotrichum candidum,GCA_054125655.1
Geotrichum,Geotrichum candidum,GCA_054125715.1
Geotrichum,Geotrichum candidum,GCA_054125745.1
Geotrichum,Geotrichum carabidarum,GCA_030556585.1
Geotrichum,Geotrichum citri-aurantii,GCA_025134825.1
Geotrichum,Geotrichum citri-aurantii,GCA_030463015.1
Geotrichum,Geotrichum cucujoidarum,GCA_030566025.1
Geotrichum,Geotrichum europaeum,GCA_030567025.1
Geotrichum,Geotrichum fermentans,GCA_002233575.1
Geotrichum,Geotrichum fermentans,GCA_030564905.1
Geotrichum,Geotrichum galactomycetum,GCA_013305805.1
Geotrichum,Geotrichum galactomycetum,GCA_030558905.1
Geotrichum,Geotrichum ghanense,GCA_022023575.1
Geotrichum,Geotrichum ghanense,GCA_030569335.1
Geotrichum,Geotrichum histeridarum,GCA_030566085.1
Geotrichum,Geotrichum klebahnii,GCA_030570935.1
Geotrichum,Geotrichum macrosporum,GCA_030463045.1
Geotrichum,Geotrichum phurueaensis,GCA_030558065.1
Geotrichum,Geotrichum reessii,GCA_013305925.1
Geotrichum,Geotrichum reessii,GCA_030570815.1
Geotrichum,Geotrichum restrictum,GCA_030563985.1
Gloesporium,,
Glomerella,,
Gnomonia,,
Golovinomyces,Golovinomyces cichoracearum,GCA_003611195.1
Golovinomyces,Golovinomyces cichoracearum,GCA_003611215.1
Golovinomyces,Golovinomyces cichoracearum,GCA_003611235.1
Golovinomyces,Golovinomyces magnicellulatus,GCA_006912115.1
Gymnoconia,,
Gymnosporangium,,
Hendersonula,,
Heterobasidion,Heterobasidion annosum,GCA_001457895.1
Heterobasidion,Heterobasidion annosum,GCA_001457955.1
Heterobasidion,Heterobasidion annosum,GCA_001457995.1
Heterobasidion,Heterobasidion annosum 03012,GCA_000633895.1
Heterobasidion,Heterobasidion irregulare,GCA_001457915.1
Heterobasidion,Heterobasidion irregulare,GCA_001457935.1
Heterobasidion,Heterobasidion irregulare,GCA_001458015.1
Heterobasidion,Heterobasidion irregulare TC 32-1,GCA_000320585.2
Heterobasidion,Heterobasidion occidentale,GCA_039111635.1
Heterobasidion,Heterobasidion parviporum,GCA_002994785.1
Heterosporium,,
Kabatina,,
Laetiporus,Laetiporus sulphureus,GCA_003521245.1
Laetiporus,Laetiporus sulphureus,GCA_016068325.1
Laetiporus,Laetiporus sulphureus,GCA_024321985.1
Laetiporus,Laetiporus sulphureus 93-53,GCA_001632365.1
Laetisaria,,
Lasiodiplodia,Lasiodiplodia citricola,GCA_023089105.1
Lasiodiplodia,Lasiodiplodia gonubiensis,GCA_009829795.1
Lasiodiplodia,Lasiodiplodia hormozganensis,GCA_030512325.1
Lasiodiplodia,Lasiodiplodia iranensis,GCA_030270915.1
Lasiodiplodia,Lasiodiplodia iranensis,GCA_049997375.1
Lasiodiplodia,Lasiodiplodia mahajangana,GCA_029590625.1
Lasiodiplodia,Lasiodiplodia pseudotheobromae,GCA_009829805.1
Lasiodiplodia,Lasiodiplodia pseudotheobromae,GCA_023087545.1
Lasiodiplodia,Lasiodiplodia pseudotheobromae,GCA_029169085.1
Lasiodiplodia,Lasiodiplodia pseudotheobromae,GCA_029931825.1
Lasiodiplodia,Lasiodiplodia pseudotheobromae,GCA_033954995.1
Lasiodiplodia,Lasiodiplodia pseudotheobromae,GCA_033955005.1
Lasiodiplodia,Lasiodiplodia pseudotheobromae,GCA_033955075.1
Lasiodiplodia,Lasiodiplodia pseudotheobromae,GCA_033955085.1
Lasiodiplodia,Lasiodiplodia pseudotheobromae,GCA_033955225.1
Lasiodiplodia,Lasiodiplodia sp. COLG20,GCA_009801085.1
Lasiodiplodia,Lasiodiplodia sp. COLG96,GCA_009801105.1
Lasiodiplodia,Lasiodiplodia sp. KE8368,GCA_023087525.1
Lasiodiplodia,Lasiodiplodia sp. KE8409,GCA_023079305.1
Lasiodiplodia,Lasiodiplodia theobromae,GCA_002111425.1
Lasiodiplodia,Lasiodiplodia theobromae,GCA_008079295.1
Lasiodiplodia,Lasiodiplodia theobromae,GCA_008931885.1
Lasiodiplodia,Lasiodiplodia theobromae,GCA_009829825.1
Lasiodiplodia,Lasiodiplodia theobromae,GCA_012971845.1
Lasiodiplodia,Lasiodiplodia theobromae,GCA_018153875.1
Lasiodiplodia,Lasiodiplodia theobromae,GCA_023086975.1
Lasiodiplodia,Lasiodiplodia theobromae,GCA_023087325.1
Lasiodiplodia,Lasiodiplodia theobromae,GCA_023087365.1
Lasiodiplodia,Lasiodiplodia theobromae,GCA_023087405.1
Lasiodiplodia,Lasiodiplodia theobromae,GCA_023373445.1
Lasiodiplodia,Lasiodiplodia theobromae,GCA_029169105.1
Lasiodiplodia,Lasiodiplodia theobromae,GCA_029169125.1
Lasiodiplodia,Lasiodiplodia theobromae,GCA_035621335.1
Lasiodiplodia,Lasiodiplodia theobromae,GCA_044508825.1
Lasiodiplodia,Lasiodiplodia theobromae,GCA_049997415.1
Lasiodiplodia,Lasiodiplodia theobromae,GCA_052857205.1
Leveillula,,
Macrophomina,Macrophomina euphorbiicola,GCA_047667015.1
Macrophomina,Macrophomina euphorbiicola,GCA_047667025.1
Macrophomina,Macrophomina phaseolina,GCA_001051165.1
Macrophomina,Macrophomina phaseolina,GCA_001307885.1
Macrophomina,Macrophomina phaseolina,GCA_001307925.1
Macrophomina,Macrophomina phaseolina,GCA_001307935.1
Macrophomina,Macrophomina phaseolina,GCA_001307945.1
Macrophomina,Macrophomina phaseolina,GCA_001307955.1
Macrophomina,Macrophomina phaseolina,GCA_008729065.1
Macrophomina,Macrophomina phaseolina,GCA_008729105.1
Macrophomina,Macrophomina phaseolina,GCA_011634645.1
Macrophomina,Macrophomina phaseolina,GCA_020744275.1
Macrophomina,Macrophomina phaseolina,GCA_020875235.1
Macrophomina,Macrophomina phaseolina,GCA_020875245.1
Macrophomina,Macrophomina phaseolina,GCA_020875255.1
Macrophomina,Macrophomina phaseolina,GCA_020875265.1
Macrophomina,Macrophomina phaseolina,GCA_020875275.1
Macrophomina,Macrophomina phaseolina,GCA_020875295.1
Macrophomina,Macrophomina phaseolina,GCA_020875535.1
Macrophomina,Macrophomina phaseolina,GCA_020875675.1
Macrophomina,Macrophomina phaseolina,GCA_020875715.1
Macrophomina,Macrophomina phaseolina,GCA_020875825.1
Macrophomina,Macrophomina phaseolina,GCA_020875845.1
Macrophomina,Macrophomina phaseolina,GCA_020875865.1
Macrophomina,Macrophomina phaseolina,GCA_022204945.1
Macrophomina,Macrophomina phaseolina,GCA_023089285.1
Macrophomina,Macrophomina phaseolina,GCA_023089295.1
Macrophomina,Macrophomina phaseolina,GCA_047663495.1
Macrophomina,Macrophomina phaseolina,GCA_047664975.1
Macrophomina,Macrophomina phaseolina,GCA_047664985.1
Macrophomina,Macrophomina phaseolina,GCA_047665005.1
Macrophomina,Macrophomina phaseolina,GCA_047665035.1
Macrophomina,Macrophomina phaseolina,GCA_047665085.1
Macrophomina,Macrophomina phaseolina,GCA_047665155.1
Macrophomina,Macrophomina phaseolina,GCA_047665195.1
Macrophomina,Macrophomina phaseolina,GCA_047665205.1
Macrophomina,Macrophomina phaseolina,GCA_047665225.1
Macrophomina,Macrophomina phaseolina,GCA_047665325.1
Macrophomina,Macrophomina phaseolina,GCA_047665345.1
Macrophomina,Macrophomina phaseolina,GCA_047665365.1
Macrophomina,Macrophomina phaseolina,GCA_047665415.1
Macrophomina,Macrophomina phaseolina,GCA_047665475.1
Macrophomina,Macrophomina phaseolina,GCA_047665495.1
Macrophomina,Macrophomina phaseolina,GCA_047665525.1
Macrophomina,Macrophomina phaseolina,GCA_047665565.1
Macrophomina,Macrophomina phaseolina,GCA_047665615.1
Macrophomina,Macrophomina phaseolina,GCA_047665645.1
Macrophomina,Macrophomina phaseolina,GCA_047665695.1
Macrophomina,Macrophomina phaseolina,GCA_047665775.1
Macrophomina,Macrophomina phaseolina,GCA_047666295.1
Macrophomina,Macrophomina phaseolina,GCA_047666305.1
Macrophomina,Macrophomina phaseolina,GCA_047666315.1
Macrophomina,Macrophomina phaseolina,GCA_047666425.1
Macrophomina,Macrophomina phaseolina,GCA_047666445.1
Macrophomina,Macrophomina phaseolina,GCA_047666475.1
Macrophomina,Macrophomina phaseolina,GCA_047666535.1
Macrophomina,Macrophomina phaseolina,GCA_047666545.1
Macrophomina,Macrophomina phaseolina,GCA_047666675.1
Macrophomina,Macrophomina phaseolina,GCA_047666705.1
Macrophomina,Macrophomina phaseolina,GCA_047666715.1
Macrophomina,Macrophomina phaseolina,GCA_047666735.1
Macrophomina,Macrophomina phaseolina,GCA_047666805.1
Macrophomina,Macrophomina phaseolina,GCA_047666925.1
Macrophomina,Macrophomina phaseolina,GCA_047667095.1
Macrophomina,Macrophomina phaseolina,GCA_047667155.1
Macrophomina,Macrophomina phaseolina,GCA_047667255.1
Macrophomina,Macrophomina phaseolina,GCA_047667265.1
Macrophomina,Macrophomina phaseolina,GCA_047667285.1
Macrophomina,Macrophomina phaseolina,GCA_047667775.1
Macrophomina,Macrophomina phaseolina,GCA_047667795.1
Macrophomina,Macrophomina phaseolina,GCA_047667815.1
Macrophomina,Macrophomina phaseolina,GCA_047667835.1
Macrophomina,Macrophomina phaseolina,GCA_047667855.1
Macrophomina,Macrophomina phaseolina,GCA_047667875.1
Macrophomina,Macrophomina phaseolina,GCA_047667895.1
Macrophomina,Macrophomina phaseolina,GCA_047667915.1
Macrophomina,Macrophomina phaseolina,GCA_047667935.1
Macrophomina,Macrophomina phaseolina,GCA_047667975.1
Macrophomina,Macrophomina phaseolina,GCA_047668035.1
Macrophomina,Macrophomina phaseolina,GCA_047668055.1
Macrophomina,Macrophomina phaseolina,GCA_047668075.1
Macrophomina,Macrophomina phaseolina,GCA_047668115.1
Macrophomina,Macrophomina phaseolina,GCA_047668915.1
Macrophomina,Macrophomina phaseolina,GCA_047668925.1
Macrophomina,Macrophomina phaseolina,GCA_047668945.1
Macrophomina,Macrophomina phaseolina,GCA_047668955.1
Macrophomina,Macrophomina phaseolina,GCA_047668975.1
Macrophomina,Macrophomina phaseolina,GCA_047668985.1
Macrophomina,Macrophomina phaseolina,GCA_047669005.1
Macrophomina,Macrophomina phaseolina,GCA_047669155.1
Macrophomina,Macrophomina phaseolina,GCA_047669175.1
Macrophomina,Macrophomina phaseolina,GCA_047669255.1
Macrophomina,Macrophomina phaseolina,GCA_047669275.1
Macrophomina,Macrophomina phaseolina,GCA_047669295.1
Macrophomina,Macrophomina phaseolina,GCA_047669355.1
Macrophomina,Macrophomina phaseolina,GCA_047669795.1
Macrophomina,Macrophomina phaseolina,GCA_047669815.1
Macrophomina,Macrophomina phaseolina,GCA_047669835.1
Macrophomina,Macrophomina phaseolina,GCA_047669845.1
Macrophomina,Macrophomina phaseolina,GCA_047669875.1
Macrophomina,Macrophomina phaseolina,GCA_047669895.1
Macrophomina,Macrophomina phaseolina,GCA_047669915.1
Macrophomina,Macrophomina phaseolina,GCA_047669935.1
Macrophomina,Macrophomina phaseolina,GCA_047669985.1
Macrophomina,Macrophomina phaseolina,GCA_047670015.1
Macrophomina,Macrophomina phaseolina,GCA_047670075.1
Macrophomina,Macrophomina phaseolina,GCA_047670115.1
Macrophomina,Macrophomina phaseolina,GCA_047670135.1
Macrophomina,Macrophomina phaseolina,GCA_047671175.1
Macrophomina,Macrophomina phaseolina,GCA_047671195.1
Macrophomina,Macrophomina phaseolina,GCA_047671215.1
Macrophomina,Macrophomina phaseolina,GCA_047671235.1
Macrophomina,Macrophomina phaseolina,GCA_047671345.1
Macrophomina,Macrophomina phaseolina,GCA_047671365.1
Macrophomina,Macrophomina phaseolina,GCA_047671385.1
Macrophomina,Macrophomina phaseolina,GCA_047671435.1
Macrophomina,Macrophomina phaseolina,GCA_047716905.1
Macrophomina,Macrophomina phaseolina,GCA_047716915.1
Macrophomina,Macrophomina phaseolina,GCA_047716925.1
Macrophomina,Macrophomina phaseolina,GCA_047716935.1
Macrophomina,Macrophomina phaseolina,GCA_047716965.1
Macrophomina,Macrophomina phaseolina,GCA_047717015.1
Macrophomina,Macrophomina phaseolina,GCA_047717045.1
Macrophomina,Macrophomina phaseolina,GCA_047717055.1
Macrophomina,Macrophomina phaseolina,GCA_047717085.1
Macrophomina,Macrophomina phaseolina,GCA_047717105.1
Macrophomina,Macrophomina phaseolina,GCA_047717125.1
Macrophomina,Macrophomina phaseolina,GCA_047717145.1
Macrophomina,Macrophomina phaseolina,GCA_047717165.1
Macrophomina,Macrophomina phaseolina,GCA_047717185.1
Macrophomina,Macrophomina phaseolina,GCA_047717205.1
Macrophomina,Macrophomina phaseolina,GCA_047717225.1
Macrophomina,Macrophomina phaseolina,GCA_047717245.1
Macrophomina,Macrophomina phaseolina,GCA_047717255.1
Macrophomina,Macrophomina phaseolina,GCA_047717285.1
Macrophomina,Macrophomina phaseolina,GCA_047717305.1
Macrophomina,Macrophomina phaseolina,GCA_047717325.1
Macrophomina,Macrophomina phaseolina,GCA_047717345.1
Macrophomina,Macrophomina phaseolina,GCA_047717365.1
Macrophomina,Macrophomina phaseolina,GCA_047717405.1
Macrophomina,Macrophomina phaseolina,GCA_047717425.1
Macrophomina,Macrophomina phaseolina,GCA_047717465.1
Macrophomina,Macrophomina phaseolina,GCA_047717485.1
Macrophomina,Macrophomina phaseolina,GCA_047724275.1
Macrophomina,Macrophomina phaseolina,GCA_047724315.1
Macrophomina,Macrophomina phaseolina,GCA_047724335.1
Macrophomina,Macrophomina phaseolina,GCA_047724355.1
Macrophomina,Macrophomina phaseolina,GCA_047724375.1
Macrophomina,Macrophomina phaseolina,GCA_047724395.1
Macrophomina,Macrophomina phaseolina,GCA_047724415.1
Macrophomina,Macrophomina phaseolina,GCA_047724435.1
Macrophomina,Macrophomina phaseolina,GCA_047724455.1
Macrophomina,Macrophomina phaseolina,GCA_047724475.1
Macrophomina,Macrophomina phaseolina,GCA_047724495.1
Macrophomina,Macrophomina phaseolina,GCA_047724515.1
Macrophomina,Macrophomina phaseolina,GCA_047724535.1
Macrophomina,Macrophomina phaseolina,GCA_047724555.1
Macrophomina,Macrophomina phaseolina,GCA_047724565.1
Macrophomina,Macrophomina phaseolina,GCA_047724595.1
Macrophomina,Macrophomina phaseolina,GCA_047724615.1
Macrophomina,Macrophomina phaseolina,GCA_047724635.1
Macrophomina,Macrophomina phaseolina,GCA_047724655.1
Macrophomina,Macrophomina phaseolina,GCA_047724695.1
Macrophomina,Macrophomina phaseolina,GCA_047727735.1
Macrophomina,Macrophomina phaseolina,GCA_047727755.1
Macrophomina,Macrophomina phaseolina,GCA_047727775.1
Macrophomina,Macrophomina phaseolina,GCA_047727795.1
Macrophomina,Macrophomina phaseolina,GCA_047727815.1
Macrophomina,Macrophomina phaseolina,GCA_047727835.1
Macrophomina,Macrophomina phaseolina,GCA_047727855.1
Macrophomina,Macrophomina phaseolina,GCA_047727875.1
Macrophomina,Macrophomina phaseolina,GCA_047727895.1
Macrophomina,Macrophomina phaseolina,GCA_047727915.1
Macrophomina,Macrophomina phaseolina,GCA_047727955.1
Macrophomina,Macrophomina phaseolina,GCA_047727975.1
Macrophomina,Macrophomina phaseolina,GCA_047727995.1
Macrophomina,Macrophomina phaseolina,GCA_047728015.1
Macrophomina,Macrophomina phaseolina,GCA_047728035.1
Macrophomina,Macrophomina phaseolina,GCA_047728055.1
Macrophomina,Macrophomina phaseolina,GCA_047728075.1
Macrophomina,Macrophomina phaseolina,GCA_047728095.1
Macrophomina,Macrophomina phaseolina,GCA_047728115.1
Macrophomina,Macrophomina phaseolina,GCA_047728135.1
Macrophomina,Macrophomina phaseolina,GCA_047728155.1
Macrophomina,Macrophomina phaseolina,GCA_047728175.1
Macrophomina,Macrophomina phaseolina,GCA_047728195.1
Macrophomina,Macrophomina phaseolina,GCA_047728215.1
Macrophomina,Macrophomina phaseolina,GCA_047728235.1
Macrophomina,Macrophomina phaseolina,GCA_047728255.1
Macrophomina,Macrophomina phaseolina,GCA_047728275.1
Macrophomina,Macrophomina phaseolina,GCA_047728295.1
Macrophomina,Macrophomina phaseolina,GCA_047728315.1
Macrophomina,Macrophomina phaseolina,GCA_047728335.1
Macrophomina,Macrophomina phaseolina,GCA_047728345.1
Macrophomina,Macrophomina phaseolina,GCA_047728375.1
Macrophomina,Macrophomina phaseolina,GCA_047728395.1
Macrophomina,Macrophomina phaseolina,GCA_047728415.1
Macrophomina,Macrophomina phaseolina,GCA_047728425.1
Macrophomina,Macrophomina phaseolina,GCA_047728455.1
Macrophomina,Macrophomina phaseolina,GCA_047728475.1
Macrophomina,Macrophomina phaseolina,GCA_047728495.1
Macrophomina,Macrophomina phaseolina,GCA_047728515.1
Macrophomina,Macrophomina phaseolina,GCA_047728535.1
Macrophomina,Macrophomina phaseolina,GCA_047728555.1
Macrophomina,Macrophomina phaseolina,GCA_047728575.1
Macrophomina,Macrophomina phaseolina,GCA_047728595.1
Macrophomina,Macrophomina phaseolina,GCA_047728615.1
Macrophomina,Macrophomina phaseolina,GCA_047728635.1
Macrophomina,Macrophomina phaseolina,GCA_047728655.1
Macrophomina,Macrophomina phaseolina,GCA_047728675.1
Macrophomina,Macrophomina phaseolina,GCA_047728695.1
Macrophomina,Macrophomina phaseolina,GCA_047728715.1
Macrophomina,Macrophomina phaseolina,GCA_047728735.1
Macrophomina,Macrophomina phaseolina,GCA_047728755.1
Macrophomina,Macrophomina phaseolina,GCA_047728775.1
Macrophomina,Macrophomina phaseolina,GCA_047728795.1
Macrophomina,Macrophomina phaseolina,GCA_047728815.1
Macrophomina,Macrophomina phaseolina,GCA_047728825.1
Macrophomina,Macrophomina phaseolina,GCA_047728875.1
Macrophomina,Macrophomina phaseolina,GCA_047728895.1
Macrophomina,Macrophomina phaseolina,GCA_047728915.1
Macrophomina,Macrophomina phaseolina,GCA_047728935.1
Macrophomina,Macrophomina phaseolina,GCA_047728955.1
Macrophomina,Macrophomina phaseolina,GCA_047728965.1
Macrophomina,Macrophomina phaseolina,GCA_047728995.1
Macrophomina,Macrophomina phaseolina,GCA_047729015.1
Macrophomina,Macrophomina phaseolina,GCA_047729035.1
Macrophomina,Macrophomina phaseolina,GCA_047729055.1
Macrophomina,Macrophomina phaseolina,GCA_047729075.1
Macrophomina,Macrophomina phaseolina,GCA_047729095.1
Macrophomina,Macrophomina phaseolina,GCA_047729115.1
Macrophomina,Macrophomina phaseolina,GCA_047729135.1
Macrophomina,Macrophomina phaseolina,GCA_047729155.1
Macrophomina,Macrophomina phaseolina,GCA_047729175.1
Macrophomina,Macrophomina phaseolina,GCA_047729195.1
Macrophomina,Macrophomina phaseolina,GCA_047729215.1
Macrophomina,Macrophomina phaseolina,GCA_047729235.1
Macrophomina,Macrophomina phaseolina,GCA_047729255.1
Macrophomina,Macrophomina phaseolina,GCA_047729275.1
Macrophomina,Macrophomina phaseolina,GCA_047729315.1
Macrophomina,Macrophomina phaseolina,GCA_047729375.1
Macrophomina,Macrophomina phaseolina,GCA_047729395.1
Macrophomina,Macrophomina phaseolina,GCA_047729415.1
Macrophomina,Macrophomina phaseolina,GCA_047729435.1
Macrophomina,Macrophomina phaseolina,GCA_047729455.1
Macrophomina,Macrophomina phaseolina,GCA_047729465.1
Macrophomina,Macrophomina phaseolina,GCA_047729485.1
Macrophomina,Macrophomina phaseolina,GCA_047729505.1
Macrophomina,Macrophomina phaseolina,GCA_047729565.1
Macrophomina,Macrophomina phaseolina,GCA_047729585.1
Macrophomina,Macrophomina phaseolina,GCA_047729605.1
Macrophomina,Macrophomina phaseolina,GCA_047729625.1
Macrophomina,Macrophomina phaseolina,GCA_047729645.1
Macrophomina,Macrophomina phaseolina,GCA_047729665.1
Macrophomina,Macrophomina phaseolina,GCA_047729675.1
Macrophomina,Macrophomina phaseolina,GCA_047729695.1
Macrophomina,Macrophomina phaseolina,GCA_047729715.1
Macrophomina,Macrophomina phaseolina,GCA_047729755.1
Macrophomina,Macrophomina phaseolina,GCA_047729785.1
Macrophomina,Macrophomina phaseolina,GCA_047729795.1
Macrophomina,Macrophomina phaseolina,GCA_047729825.1
Macrophomina,Macrophomina phaseolina,GCA_047835495.1
Macrophomina,Macrophomina phaseolina,GCA_047835505.1
Macrophomina,Macrophomina phaseolina,GCA_047835515.1
Macrophomina,Macrophomina phaseolina,GCA_047835535.1
Macrophomina,Macrophomina phaseolina,GCA_047835555.1
Macrophomina,Macrophomina phaseolina,GCA_047835595.1
Macrophomina,Macrophomina phaseolina,GCA_047835625.1
Macrophomina,Macrophomina phaseolina,GCA_047835635.1
Macrophomina,Macrophomina phaseolina,GCA_047835645.1
Macrophomina,Macrophomina phaseolina,GCA_047835655.1
Macrophomina,Macrophomina phaseolina,GCA_047835815.1
Macrophomina,Macrophomina phaseolina,GCA_047835895.1
Macrophomina,Macrophomina phaseolina,GCA_047835955.1
Macrophomina,Macrophomina phaseolina,GCA_047835965.1
Macrophomina,Macrophomina phaseolina,GCA_047835975.1
Macrophomina,Macrophomina phaseolina,GCA_047836745.1
Macrophomina,Macrophomina phaseolina,GCA_047836765.1
Macrophomina,Macrophomina phaseolina,GCA_047836785.1
Macrophomina,Macrophomina phaseolina,GCA_047836805.1
Macrophomina,Macrophomina phaseolina,GCA_047836825.1
Macrophomina,Macrophomina phaseolina,GCA_047836845.1
Macrophomina,Macrophomina phaseolina,GCA_047836885.1
Macrophomina,Macrophomina phaseolina,GCA_047836905.1
Macrophomina,Macrophomina phaseolina,GCA_047836985.1
Macrophomina,Macrophomina phaseolina,GCA_047837025.1
Macrophomina,Macrophomina phaseolina,GCA_047837045.1
Macrophomina,Macrophomina phaseolina,GCA_047837185.1
Macrophomina,Macrophomina phaseolina,GCA_047837265.1
Macrophomina,Macrophomina phaseolina,GCA_047837305.1
Macrophomina,Macrophomina phaseolina,GCA_047838035.1
Macrophomina,Macrophomina phaseolina,GCA_047838045.1
Macrophomina,Macrophomina phaseolina,GCA_047838055.1
Macrophomina,Macrophomina phaseolina,GCA_047838065.1
Macrophomina,Macrophomina phaseolina,GCA_047838075.1
Macrophomina,Macrophomina phaseolina,GCA_047838235.1
Macrophomina,Macrophomina phaseolina,GCA_047838245.1
Macrophomina,Macrophomina phaseolina,GCA_047838255.1
Macrophomina,Macrophomina phaseolina,GCA_047838275.1
Macrophomina,Macrophomina phaseolina,GCA_047838295.1
Macrophomina,Macrophomina phaseolina,GCA_047838375.1
Macrophomina,Macrophomina phaseolina,GCA_047838445.1
Macrophomina,Macrophomina phaseolina,GCA_047838455.1
Macrophomina,Macrophomina phaseolina,GCA_047838485.1
Macrophomina,Macrophomina phaseolina,GCA_047838525.1
Macrophomina,Macrophomina phaseolina,GCA_047839265.1
Macrophomina,Macrophomina phaseolina,GCA_047839285.1
Macrophomina,Macrophomina phaseolina,GCA_047839305.1
Macrophomina,Macrophomina phaseolina,GCA_047839325.1
Macrophomina,Macrophomina phaseolina,GCA_047839345.1
Macrophomina,Macrophomina phaseolina,GCA_047839365.1
Macrophomina,Macrophomina phaseolina,GCA_047839385.1
Macrophomina,Macrophomina phaseolina,GCA_047839415.1
Macrophomina,Macrophomina phaseolina,GCA_047839435.1
Macrophomina,Macrophomina phaseolina,GCA_047839725.1
Macrophomina,Macrophomina phaseolina,GCA_047839745.1
Macrophomina,Macrophomina phaseolina,GCA_047839765.1
Macrophomina,Macrophomina phaseolina,GCA_047839785.1
Macrophomina,Macrophomina phaseolina,GCA_047839805.1
Macrophomina,Macrophomina phaseolina,GCA_047839825.1
Macrophomina,Macrophomina phaseolina,GCA_047839845.1
Macrophomina,Macrophomina phaseolina,GCA_047839865.1
Macrophomina,Macrophomina phaseolina,GCA_047839875.1
Macrophomina,Macrophomina phaseolina,GCA_047839895.1
Macrophomina,Macrophomina phaseolina,GCA_047839925.1
Macrophomina,Macrophomina phaseolina,GCA_047839945.1
Macrophomina,Macrophomina phaseolina,GCA_047839965.1
Macrophomina,Macrophomina phaseolina,GCA_047839985.1
Macrophomina,Macrophomina phaseolina,GCA_047840005.1
Macrophomina,Macrophomina phaseolina,GCA_047840015.1
Macrophomina,Macrophomina phaseolina,GCA_047840035.1
Macrophomina,Macrophomina phaseolina,GCA_047840045.1
Macrophomina,Macrophomina phaseolina,GCA_047840065.1
Macrophomina,Macrophomina phaseolina,GCA_047840075.1
Macrophomina,Macrophomina phaseolina,GCA_047840095.1
Macrophomina,Macrophomina phaseolina,GCA_047840125.1
Macrophomina,Macrophomina phaseolina,GCA_047840165.1
Macrophomina,Macrophomina phaseolina,GCA_047840185.1
Macrophomina,Macrophomina phaseolina,GCA_047840205.1
Macrophomina,Macrophomina phaseolina,GCA_047840215.1
Macrophomina,Macrophomina phaseolina,GCA_047840245.1
Macrophomina,Macrophomina phaseolina,GCA_047840275.1
Macrophomina,Macrophomina phaseolina,GCA_047840295.1
Macrophomina,Macrophomina phaseolina,GCA_047840305.1
Macrophomina,Macrophomina phaseolina,GCA_047840345.1
Macrophomina,Macrophomina phaseolina,GCA_047840355.1
Macrophomina,Macrophomina phaseolina,GCA_047840375.1
Macrophomina,Macrophomina phaseolina,GCA_047840395.1
Macrophomina,Macrophomina phaseolina,GCA_047840415.1
Macrophomina,Macrophomina phaseolina,GCA_047840435.1
Macrophomina,Macrophomina phaseolina,GCA_047840445.1
Macrophomina,Macrophomina phaseolina,GCA_047840485.1
Macrophomina,Macrophomina phaseolina,GCA_047840495.1
Macrophomina,Macrophomina phaseolina,GCA_047840525.1
Macrophomina,Macrophomina phaseolina,GCA_047840545.1
Macrophomina,Macrophomina phaseolina,GCA_047840565.1
Macrophomina,Macrophomina phaseolina,GCA_047840585.1
Macrophomina,Macrophomina phaseolina,GCA_047840605.1
Macrophomina,Macrophomina phaseolina,GCA_047840625.1
Macrophomina,Macrophomina phaseolina,GCA_047840645.1
Macrophomina,Macrophomina phaseolina,GCA_047840665.1
Macrophomina,Macrophomina phaseolina,GCA_047840685.1
Macrophomina,Macrophomina phaseolina,GCA_047840705.1
Macrophomina,Macrophomina phaseolina,GCA_047840725.1
Macrophomina,Macrophomina phaseolina,GCA_047840745.1
Macrophomina,Macrophomina phaseolina,GCA_047840785.1
Macrophomina,Macrophomina phaseolina,GCA_047840795.1
Macrophomina,Macrophomina phaseolina,GCA_047840815.1
Macrophomina,Macrophomina phaseolina,GCA_047840835.1
Macrophomina,Macrophomina phaseolina,GCA_047840855.1
Macrophomina,Macrophomina phaseolina,GCA_047840865.1
Macrophomina,Macrophomina phaseolina,GCA_047840875.1
Macrophomina,Macrophomina phaseolina,GCA_047840905.1
Macrophomina,Macrophomina phaseolina,GCA_047840945.1
Macrophomina,Macrophomina phaseolina,GCA_047840965.1
Macrophomina,Macrophomina phaseolina,GCA_047840985.1
Macrophomina,Macrophomina phaseolina,GCA_047841005.1
Macrophomina,Macrophomina phaseolina,GCA_047841025.1
Macrophomina,Macrophomina phaseolina,GCA_047841045.1
Macrophomina,Macrophomina phaseolina,GCA_047841055.1
Macrophomina,Macrophomina phaseolina,GCA_047841075.1
Macrophomina,Macrophomina phaseolina,GCA_047841085.1
Macrophomina,Macrophomina phaseolina,GCA_047841105.1
Macrophomina,Macrophomina phaseolina,GCA_047841115.1
Macrophomina,Macrophomina phaseolina,GCA_047841125.1
Macrophomina,Macrophomina phaseolina,GCA_047841185.1
Macrophomina,Macrophomina phaseolina,GCA_047841205.1
Macrophomina,Macrophomina phaseolina,GCA_047841225.1
Macrophomina,Macrophomina phaseolina,GCA_047841245.1
Macrophomina,Macrophomina phaseolina,GCA_047841255.1
Macrophomina,Macrophomina phaseolina,GCA_047841265.1
Macrophomina,Macrophomina phaseolina,GCA_047841305.1
Macrophomina,Macrophomina phaseolina,GCA_047841325.1
Macrophomina,Macrophomina phaseolina,GCA_047841345.1
Macrophomina,Macrophomina phaseolina,GCA_047841365.1
Macrophomina,Macrophomina phaseolina,GCA_047841385.1
Macrophomina,Macrophomina phaseolina,GCA_047841405.1
Macrophomina,Macrophomina phaseolina,GCA_047841425.1
Macrophomina,Macrophomina phaseolina,GCA_047841445.1
Macrophomina,Macrophomina phaseolina,GCA_047841465.1
Macrophomina,Macrophomina phaseolina,GCA_047841485.1
Macrophomina,Macrophomina phaseolina,GCA_047841505.1
Macrophomina,Macrophomina phaseolina,GCA_047841525.1
Macrophomina,Macrophomina phaseolina,GCA_047841545.1
Macrophomina,Macrophomina phaseolina,GCA_047841565.1
Macrophomina,Macrophomina phaseolina,GCA_047841585.1
Macrophomina,Macrophomina phaseolina,GCA_047841605.1
Macrophomina,Macrophomina phaseolina,GCA_047841625.1
Macrophomina,Macrophomina phaseolina,GCA_047841645.1
Macrophomina,Macrophomina phaseolina,GCA_047841665.1
Macrophomina,Macrophomina phaseolina,GCA_047841705.1
Macrophomina,Macrophomina phaseolina,GCA_047841715.1
Macrophomina,Macrophomina phaseolina,GCA_047841725.1
Macrophomina,Macrophomina phaseolina,GCA_047841745.1
Macrophomina,Macrophomina phaseolina,GCA_047841755.1
Macrophomina,Macrophomina phaseolina,GCA_047841795.1
Macrophomina,Macrophomina phaseolina,GCA_047841825.1
Macrophomina,Macrophomina phaseolina,GCA_047841845.1
Macrophomina,Macrophomina phaseolina,GCA_047841865.1
Macrophomina,Macrophomina phaseolina,GCA_047841885.1
Macrophomina,Macrophomina phaseolina,GCA_047841905.1
Macrophomina,Macrophomina phaseolina,GCA_047841925.1
Macrophomina,Macrophomina phaseolina,GCA_047841945.1
Macrophomina,Macrophomina phaseolina,GCA_047841955.1
Macrophomina,Macrophomina phaseolina,GCA_047841975.1
Macrophomina,Macrophomina phaseolina,GCA_047841985.1
Macrophomina,Macrophomina phaseolina,GCA_047842025.1
Macrophomina,Macrophomina phaseolina,GCA_047842165.1
Macrophomina,Macrophomina phaseolina,GCA_047842285.1
Macrophomina,Macrophomina phaseolina,GCA_047842305.1
Macrophomina,Macrophomina phaseolina,GCA_047842345.1
Macrophomina,Macrophomina phaseolina,GCA_047842385.1
Macrophomina,Macrophomina phaseolina,GCA_047842405.1
Macrophomina,Macrophomina phaseolina,GCA_047842425.1
Macrophomina,Macrophomina phaseolina,GCA_047842435.1
Macrophomina,Macrophomina phaseolina,GCA_047842455.1
Macrophomina,Macrophomina phaseolina,GCA_047843625.1
Macrophomina,Macrophomina phaseolina,GCA_047843635.1
Macrophomina,Macrophomina phaseolina,GCA_047843655.1
Macrophomina,Macrophomina phaseolina,GCA_047843675.1
Macrophomina,Macrophomina phaseolina,GCA_047843695.1
Macrophomina,Macrophomina phaseolina,GCA_047843745.1
Macrophomina,Macrophomina phaseolina,GCA_047843765.1
Macrophomina,Macrophomina phaseolina,GCA_047843785.1
Macrophomina,Macrophomina phaseolina,GCA_047844505.1
Macrophomina,Macrophomina phaseolina,GCA_047844515.1
Macrophomina,Macrophomina phaseolina,GCA_047844545.1
Macrophomina,Macrophomina phaseolina,GCA_047844565.1
Macrophomina,Macrophomina phaseolina,GCA_047844585.1
Macrophomina,Macrophomina phaseolina,GCA_047844605.1
Macrophomina,Macrophomina phaseolina,GCA_047844625.1
Macrophomina,Macrophomina phaseolina,GCA_047844645.1
Macrophomina,Macrophomina phaseolina,GCA_047844665.1
Macrophomina,Macrophomina phaseolina,GCA_047844685.1
Macrophomina,Macrophomina phaseolina,GCA_047844705.1
Macrophomina,Macrophomina phaseolina,GCA_047844725.1
Macrophomina,Macrophomina phaseolina,GCA_047844805.1
Macrophomina,Macrophomina phaseolina,GCA_047844865.1
Macrophomina,Macrophomina phaseolina,GCA_047844885.1
Macrophomina,Macrophomina phaseolina,GCA_047844895.1
Macrophomina,Macrophomina phaseolina,GCA_047844905.1
Macrophomina,Macrophomina phaseolina,GCA_047844915.1
Macrophomina,Macrophomina phaseolina,GCA_047845945.1
Macrophomina,Macrophomina phaseolina,GCA_047845965.1
Macrophomina,Macrophomina phaseolina,GCA_047845995.1
Macrophomina,Macrophomina phaseolina,GCA_048569085.1
Macrophomina,Macrophomina phaseolina,GCA_048569105.1
Macrophomina,Macrophomina phaseolina,GCA_051942935.1
Macrophomina,Macrophomina phaseolina,GCA_055691165.1
Macrophomina,Macrophomina phaseolina MS6,GCA_000302655.1
Macrophomina,Macrophomina pseudophaseolina,GCA_022204955.1
Macrophomina,Macrophomina pseudophaseolina,GCA_047666335.1
Macrophomina,Macrophomina pseudophaseolina,GCA_047666865.1
Macrophomina,Macrophomina pseudophaseolina,GCA_047717005.1
Macrophomina,Macrophomina pseudophaseolina,GCA_047717385.1
Macrophomina,Macrophomina pseudophaseolina,GCA_047837085.1
Macrophomina,Macrophomina pseudophaseolina,GCA_047837105.1
Macrophomina,Macrophomina pseudophaseolina,GCA_047837215.1
Macrophomina,Macrophomina pseudophaseolina,GCA_047837245.1
Macrophomina,Macrophomina pseudophaseolina,GCA_047840255.1
Macrophomina,Macrophomina pseudophaseolina,GCA_047840765.1
Macrophomina,Macrophomina pseudophaseolina,GCA_047841685.1
Macrophomina,Macrophomina sp. 242773,GCA_047728855.1
Macrophomina,Macrophomina sp. BRIP 63780,GCA_047667075.1
Macrophomina,Macrophomina tecta,GCA_024180945.1
Macrophomina,Macrophomina tecta,GCA_047727925.1
Macrophomina,Macrophomina tecta,GCA_047729295.1
Macrophomina,Macrophomina tecta,GCA_047729335.1
Macrophomina,Macrophomina tecta,GCA_047729355.1
Macrophomina,Macrophomina tecta,GCA_047839405.1
Macrophomina,Macrophomina tecta,GCA_047842005.1
Macrophomina,Macrophomina tecta,GCA_047842325.1
Macrophomina,Macrophomina tecta,GCA_047842365.1
Magnaporthe,,
Microdochium,Microdochium bolleyi,GCA_001566295.1
Microdochium,Microdochium nivale,GCA_026745475.1
Microdochium,Microdochium paspali,GCA_031142775.1
Microdochium,Microdochium trichocladiopsis,GCA_020744255.1
Monilinia,Monilinia aucupariae,GCA_002162555.1
Monilinia,Monilinia fructicola,GCA_002162545.1
Monilinia,Monilinia fructicola,GCA_002909715.1
Monilinia,Monilinia fructicola,GCA_008692225.1
Monilinia,Monilinia fructicola,GCA_016906325.1
Monilinia,Monilinia fructicola,GCA_029929755.1
Monilinia,Monilinia fructicola,GCA_055672675.1
Monilinia,Monilinia fructigena,GCA_002909635.1
Monilinia,Monilinia fructigena,GCA_003260565.1
Monilinia,Monilinia fructigena,GCA_003671625.1
Monilinia,Monilinia fructigena,GCA_023158975.1
Monilinia,Monilinia fructigena,GCA_052815175.1
Monilinia,Monilinia laxa,GCA_002909725.1
Monilinia,Monilinia laxa,GCA_002938945.1
Monilinia,Monilinia laxa,GCA_009299455.1
Monilinia,Monilinia polystroma,GCA_002909645.1
Monilinia,Monilinia vaccinii-corymbosi,GCA_017357885.1
Monilinia,Monilinia vaccinii-corymbosi,GCA_047671335.1
Mucor,Mucor ambiguus,GCA_000950595.1
Mucor,Mucor atramentarius,GCA_052058875.1
Mucor,Mucor bainieri,GCA_052058895.1
Mucor,Mucor circinelloides,GCA_001276145.1
Mucor,Mucor circinelloides,GCA_001599575.1
Mucor,Mucor circinelloides,GCA_023629755.1
Mucor,Mucor circinelloides,GCA_023629775.1
Mucor,Mucor circinelloides,GCA_023629815.1
Mucor,Mucor circinelloides,GCA_023629835.1
Mucor,Mucor circinelloides,GCA_023629855.1
Mucor,Mucor circinelloides,GCA_023629875.1
Mucor,Mucor circinelloides,GCA_023630435.1
Mucor,Mucor circinelloides,GCA_023630465.1
Mucor,Mucor circinelloides,GCA_023630475.1
Mucor,Mucor circinelloides,GCA_023630555.1
Mucor,Mucor circinelloides,GCA_025504485.1
Mucor,Mucor circinelloides,GCA_025504515.1
Mucor,Mucor circinelloides,GCA_037974945.1
Mucor,Mucor circinelloides,GCA_048772875.1
Mucor,Mucor circinelloides,GCA_051295215.1
Mucor,Mucor circinelloides,GCA_051307255.1
Mucor,Mucor circinelloides,GCA_054124215.1
Mucor,Mucor circinelloides 1006PhL,GCA_000401635.1
Mucor,Mucor circinelloides B8987,GCA_000696935.1
Mucor,Mucor flavus,GCA_040367835.1
Mucor,Mucor indicus B7402,GCA_000697295.1
Mucor,Mucor irregularis B50,GCA_000587855.1
Mucor,Mucor irregularis B7584,GCA_000697435.1
Mucor,Mucor lanceolatus,GCA_054123175.1
Mucor,Mucor lusitanicus,GCA_010203745.1
Mucor,Mucor lusitanicus,GCA_040256725.1
Mucor,Mucor lusitanicus CBS 277.49,GCA_001638945.1
Mucor,Mucor mucedo,GCA_025094135.1
Mucor,Mucor plumbeus,GCA_016758945.1
Mucor,Mucor racemosus,GCA_027405735.1
Mucor,Mucor racemosus,GCA_055471225.1
Mucor,Mucor racemosus B9645,GCA_000697255.1
Mucor,Mucor saturninus,GCA_016758985.1
Mucor,Mucor sp. M7501,GCA_037040325.1
Mucor,Mucor sp. PG5414,GCA_040807105.1
Mucor,Mucor velutinosus,GCA_035048745.1
Mucor,Mucor velutinosus B5328,GCA_000696895.1
Mycosphaerella,Mycosphaerella arachidis,GCA_001297265.1
Mycosphaerella,Mycosphaerella populi pn0402,GCA_002153405.1
Mycosphaerella,Mycosphaerella sp. PB-2012b Mex 2-1-2,GCA_002116345.1
Mycosphaerella,Mycosphaerella sp. Ston1,GCA_000504405.2
Nectria,,
Neofusicoccum,Neofusicoccum caryigenum,GCA_031967955.1
Neofusicoccum,Neofusicoccum cordaticola,GCA_009829355.1
Neofusicoccum,Neofusicoccum cordaticola,GCA_009830905.1
Neofusicoccum,Neofusicoccum kwambonambiense,GCA_009829845.1
Neofusicoccum,Neofusicoccum kwambonambiense,GCA_009829855.1
Neofusicoccum,Neofusicoccum laricinum,GCA_022609205.1
Neofusicoccum,Neofusicoccum laricinum,GCA_029906385.1
Neofusicoccum,Neofusicoccum parvum,GCA_009829455.1
Neofusicoccum,Neofusicoccum parvum,GCA_009829495.1
Neofusicoccum,Neofusicoccum parvum,GCA_020912385.1
Neofusicoccum,Neofusicoccum parvum,GCA_023081405.1
Neofusicoccum,Neofusicoccum parvum,GCA_023082105.1
Neofusicoccum,Neofusicoccum parvum,GCA_023084425.1
Neofusicoccum,Neofusicoccum parvum,GCA_023084435.1
Neofusicoccum,Neofusicoccum parvum,GCA_023084805.1
Neofusicoccum,Neofusicoccum parvum,GCA_023087445.1
Neofusicoccum,Neofusicoccum parvum,GCA_023087485.1
Neofusicoccum,Neofusicoccum parvum,GCA_023088165.1
Neofusicoccum,Neofusicoccum parvum,GCA_023088245.1
Neofusicoccum,Neofusicoccum parvum,GCA_023088865.1
Neofusicoccum,Neofusicoccum parvum,GCA_023089265.1
Neofusicoccum,Neofusicoccum parvum,GCA_023089305.1
Neofusicoccum,Neofusicoccum parvum,GCA_023089425.1
Neofusicoccum,Neofusicoccum parvum,GCA_023091135.1
Neofusicoccum,Neofusicoccum parvum,GCA_029169155.1
Neofusicoccum,Neofusicoccum parvum,GCA_029169165.1
Neofusicoccum,Neofusicoccum parvum,GCA_029169195.1
Neofusicoccum,Neofusicoccum parvum,GCA_030270345.1
Neofusicoccum,Neofusicoccum parvum,GCA_030270365.1
Neofusicoccum,Neofusicoccum parvum,GCA_034621285.1
Neofusicoccum,Neofusicoccum parvum,GCA_034621315.1
Neofusicoccum,Neofusicoccum parvum,GCA_034621335.1
Neofusicoccum,Neofusicoccum parvum,GCA_034621475.1
Neofusicoccum,Neofusicoccum parvum,GCA_056114585.1
Neofusicoccum,Neofusicoccum parvum UCRNP2,GCA_000385595.1
Neofusicoccum,Neofusicoccum ribis,GCA_009829435.1
Neofusicoccum,Neofusicoccum ribis,GCA_009829445.1
Neofusicoccum,Neofusicoccum ribis,GCA_021436925.2
Neofusicoccum,Neofusicoccum sp. NPBT67,GCA_036936575.1
Neofusicoccum,Neofusicoccum sp. Z2,GCA_037356115.1
Neofusicoccum,Neofusicoccum sp. Z40,GCA_037356075.1
Neofusicoccum,Neofusicoccum umdonicola,GCA_009829365.1
Neonectria,Neonectria candida,GCA_045529365.1
Neonectria,Neonectria coccinea,GCA_013757005.1
Neonectria,Neonectria coccinea,GCA_019137265.1
Neonectria,Neonectria ditissima,GCA_001305495.1
Neonectria,Neonectria ditissima,GCA_001305505.1
Neonectria,Neonectria ditissima,GCA_001306435.1
Neonectria,Neonectria ditissima,GCA_019137815.1
Neonectria,Neonectria faginata,GCA_019137275.1
Neonectria,Neonectria faginata,GCA_019141705.1
Neonectria,Neonectria faginata,GCA_030864175.1
Neonectria,Neonectria galligena,GCA_013759035.1
Neonectria,Neonectria hederae,GCA_003385265.1
Neonectria,Neonectria lugdunensis,GCA_041721585.1
Neonectria,Neonectria magnoliae,GCA_037954305.1
Neonectria,Neonectria neomacrospora,GCA_013756995.1
Neonectria,Neonectria punicea,GCA_003385315.1
Neonectria,Neonectria punicea,GCA_037954315.1
Neonectria,Neonectria sp. B-13,GCA_002682825.1
Neonectria,Neonectria sp. DH2,GCA_003934905.1
Neonectria,Neonectria sp. MB3469,GCA_051527695.1
Neonectria,Neonectria sp. MB820980,GCA_051527915.1
Oidium,Oidium heveae,GCA_003957845.1
Ophiosphaerella,Ophiosphaerella herpotricha,GCA_028458505.1
Ophiosphaerella,Ophiosphaerella herpotricha,GCA_028458525.1
Ophiosphaerella,Ophiosphaerella herpotricha,GCA_028458545.1
Ophiosphaerella,Ophiosphaerella korrae,GCA_028456285.1
Ophiosphaerella,Ophiosphaerella korrae,GCA_028456295.1
Ophiosphaerella,Ophiosphaerella korrae,GCA_028456385.1
Ophiosphaerella,Ophiosphaerella korrae,GCA_028457625.1
Ophiosphaerella,Ophiosphaerella korrae,GCA_028458445.1
Ophiosphaerella,Ophiosphaerella narmari,GCA_028456235.1
Ophiosphaerella,Ophiosphaerella narmari,GCA_028456275.1
Ophiosphaerella,Ophiosphaerella narmari,GCA_028456325.1
Ophiostoma,Ophiostoma angusticollis,GCA_019925545.1
Ophiostoma,Ophiostoma australiae,GCA_022392945.1
Ophiostoma,Ophiostoma cf. undulatum,GCA_022392935.1
Ophiostoma,Ophiostoma fasciatum,GCA_019925495.1
Ophiostoma,Ophiostoma himal-ulmi,GCA_029299165.1
Ophiostoma,Ophiostoma ips,GCA_002917055.1
Ophiostoma,Ophiostoma ips,GCA_019925475.1
Ophiostoma,Ophiostoma ips,GCA_029299085.1
Ophiostoma,Ophiostoma montium,GCA_029299015.1
Ophiostoma,Ophiostoma novo-ulmi subsp. americana,GCA_029298975.1
Ophiostoma,Ophiostoma novo-ulmi subsp. americana,GCA_029298995.1
Ophiostoma,Ophiostoma novo-ulmi subsp. novo-ulmi,GCA_029298875.1
Ophiostoma,Ophiostoma novo-ulmi subsp. novo-ulmi,GCA_029298905.1
Ophiostoma,Ophiostoma novo-ulmi subsp. novo-ulmi,GCA_029298925.1
Ophiostoma,Ophiostoma novo-ulmi subsp. novo-ulmi,GCA_029298955.1
Ophiostoma,Ophiostoma novo-ulmi subsp. novo-ulmi H327,GCA_000317715.1
Ophiostoma,Ophiostoma pallidulum,GCA_019925425.1
Ophiostoma,Ophiostoma perfectum,GCA_029298845.1
Ophiostoma,Ophiostoma piceae,GCA_032248835.1
Ophiostoma,Ophiostoma piceae UAMH 11346,GCA_000410735.1
Ophiostoma,Ophiostoma populinum,GCA_029298855.1
Ophiostoma,Ophiostoma quercus,GCA_029298795.1
Ophiostoma,Ophiostoma quercus,GCA_029298825.1
Ophiostoma,Ophiostoma sp. 15807,GCA_029298765.1
Ophiostoma,Ophiostoma sp. 423A,GCA_029298775.1
Ophiostoma,Ophiostoma sp. CBS 140.51,GCA_029298735.1
Ophiostoma,Ophiostoma tasmaniense,GCA_022392925.1
Ophiostoma,Ophiostoma triangulosporum,GCA_029298705.1
Ophiostoma,Ophiostoma ulmi,GCA_029298715.1
Ovulinia,Ovulinia azaleae,GCA_051362285.1
Penicillium,Penicillium adametzioides,GCA_051944425.1
Penicillium,Penicillium alfredii,GCA_028826965.1
Penicillium,Penicillium angulare,GCA_028826755.1
Penicillium,Penicillium angulare,GCA_028827245.1
Penicillium,Penicillium antarcticum,GCA_002072345.1
Penicillium,Penicillium antarcticum,GCA_028974205.1
Penicillium,Penicillium antarcticum,GCA_055768845.1
Penicillium,Penicillium argentinense,GCA_028826775.1
Penicillium,Penicillium arizonense,GCA_001773325.1
Penicillium,Penicillium atrosanguineum,GCA_028826765.1
Penicillium,Penicillium atrosanguineum,GCA_028826785.1
Penicillium,Penicillium atrosanguineum,GCA_028827005.1
Penicillium,Penicillium atrosanguineum,GCA_028827265.1
Penicillium,Penicillium atrosanguineum,GCA_055755585.1
Penicillium,Penicillium aurantiogriseum,GCA_019977855.1
Penicillium,Penicillium bialowiezense,GCA_026122735.1
Penicillium,Penicillium biforme,GCA_052323515.1
Penicillium,Penicillium biforme,GCA_056365515.1
Penicillium,Penicillium biforme FM169,GCA_000577785.1
Penicillium,Penicillium bovifimosum,GCA_028826915.1
Penicillium,Penicillium brasilianum,GCA_001048715.1
Penicillium,Penicillium brasilianum,GCA_002016555.1
Penicillium,Penicillium brasilianum,GCA_004916855.1
Penicillium,Penicillium brefeldianum,GCA_040333145.1
Penicillium,Penicillium brefeldianum,GCA_040333375.2
Penicillium,Penicillium brefeldianum,GCA_054286845.1
Penicillium,Penicillium brevicompactum,GCA_019843585.1
Penicillium,Penicillium brevicompactum,GCA_022813345.1
Penicillium,Penicillium brevicompactum,GCA_028827255.1
Penicillium,Penicillium brevicompactum,GCA_028827515.1
Penicillium,Penicillium brevicompactum,GCA_028827555.1
Penicillium,Penicillium brevicompactum,GCA_040144005.1
Penicillium,Penicillium brevicompactum,GCA_053572985.1
Penicillium,Penicillium brevicompactum,GCA_053573065.1
Penicillium,Penicillium brevicompactum,GCA_053573205.1
Penicillium,Penicillium brevicompactum,GCA_053573465.1
Penicillium,Penicillium brevicompactum,GCA_053573665.1
Penicillium,Penicillium camemberti,GCA_014839975.1
Penicillium,Penicillium camemberti,GCA_015585745.1
Penicillium,Penicillium camemberti,GCA_015585755.1
Penicillium,Penicillium camemberti,GCA_015586095.1
Penicillium,Penicillium camemberti,GCA_015586265.1
Penicillium,Penicillium camemberti,GCA_054122815.1
Penicillium,Penicillium camemberti,GCA_054124235.1
Penicillium,Penicillium camemberti,GCA_054124505.1
Penicillium,Penicillium camemberti,GCA_054124575.1
Penicillium,Penicillium camemberti,GCA_054124625.1
Penicillium,Penicillium camemberti,GCA_054124655.1
Penicillium,Penicillium camemberti,GCA_054125185.1
Penicillium,Penicillium camemberti,GCA_054125625.1
Penicillium,Penicillium camemberti,GCA_056164985.1
Penicillium,Penicillium camemberti FM 013,GCA_000513335.1
Penicillium,Penicillium canariense,GCA_028826845.1
Penicillium,Penicillium canescens,GCA_028828735.1
Penicillium,Penicillium canescens,GCA_028828745.1
Penicillium,Penicillium canescens,GCA_028828765.1
Penicillium,Penicillium canescens,GCA_028828795.1
Penicillium,Penicillium canescens,GCA_028828825.1
Penicillium,Penicillium canescens,GCA_028829005.1
Penicillium,Penicillium canescens,GCA_028829745.1
Penicillium,Penicillium capsulatum,GCA_000943765.1
Penicillium,Penicillium capsulatum,GCA_000943775.1
Penicillium,Penicillium capsulatum,GCA_028826875.1
Penicillium,Penicillium capsulatum,GCA_028828875.1
Penicillium,Penicillium carneum LCP05634,GCA_000577495.1
Penicillium,Penicillium caseifulvum,GCA_022813165.1
Penicillium,Penicillium caseifulvum,GCA_022813545.1
Penicillium,Penicillium caseifulvum,GCA_055769125.1
Penicillium,Penicillium cataractarum,GCA_028827025.1
Penicillium,Penicillium cf. chrysogenum,GCA_019827435.1
Penicillium,Penicillium cf. chrysogenum,GCA_019827475.1
Penicillium,Penicillium cf. chrysogenum,GCA_019828795.1
Penicillium,Penicillium cf. chrysogenum,GCA_019828875.1
Penicillium,Penicillium cf. chrysogenum,GCA_020284065.1
Penicillium,Penicillium cf. griseofulvum,GCA_028826995.1
Penicillium,Penicillium cf. griseofulvum,GCA_028827235.1
Penicillium,Penicillium cf. griseofulvum,GCA_028974015.1
Penicillium,Penicillium cf. viridicatum,GCA_028974045.1
Penicillium,Penicillium chermesinum,GCA_028828985.1
Penicillium,Penicillium chermesinum,GCA_028974085.1
Penicillium,Penicillium chrysogenum,GCA_000710275.1
Penicillium,Penicillium chrysogenum,GCA_000801355.1
Penicillium,Penicillium chrysogenum,GCA_002080375.1
Penicillium,Penicillium chrysogenum,GCA_015585735.1
Penicillium,Penicillium chrysogenum,GCA_015585855.1
Penicillium,Penicillium chrysogenum,GCA_015585875.1
Penicillium,Penicillium chrysogenum,GCA_015585955.1
Penicillium,Penicillium chrysogenum,GCA_015585965.1
Penicillium,Penicillium chrysogenum,GCA_015586015.1
Penicillium,Penicillium chrysogenum,GCA_015586055.1
Penicillium,Penicillium chrysogenum,GCA_015586075.1
Penicillium,Penicillium chrysogenum,GCA_015586135.1
Penicillium,Penicillium chrysogenum,GCA_015586295.1
Penicillium,Penicillium chrysogenum,GCA_015586305.1
Penicillium,Penicillium chrysogenum,GCA_015586315.1
Penicillium,Penicillium chrysogenum,GCA_015586365.1
Penicillium,Penicillium chrysogenum,GCA_015586395.1
Penicillium,Penicillium chrysogenum,GCA_015586415.1
Penicillium,Penicillium chrysogenum,GCA_015586425.1
Penicillium,Penicillium chrysogenum,GCA_023624135.1
Penicillium,Penicillium chrysogenum,GCA_023624165.1
Penicillium,Penicillium chrysogenum,GCA_023624185.1
Penicillium,Penicillium chrysogenum,GCA_023624235.1
Penicillium,Penicillium chrysogenum,GCA_023624255.1
Penicillium,Penicillium chrysogenum,GCA_023624275.1
Penicillium,Penicillium chrysogenum,GCA_023624295.1
Penicillium,Penicillium chrysogenum,GCA_023624315.1
Penicillium,Penicillium chrysogenum,GCA_023624335.1
Penicillium,Penicillium chrysogenum,GCA_023624355.1
Penicillium,Penicillium chrysogenum,GCA_023624375.1
Penicillium,Penicillium chrysogenum,GCA_023624395.1
Penicillium,Penicillium chrysogenum,GCA_023624415.1
Penicillium,Penicillium chrysogenum,GCA_023624435.1
Penicillium,Penicillium chrysogenum,GCA_023624455.1
Penicillium,Penicillium chrysogenum,GCA_023626595.1
Penicillium,Penicillium chrysogenum,GCA_023626635.1
Penicillium,Penicillium chrysogenum,GCA_023626655.1
Penicillium,Penicillium chrysogenum,GCA_023626675.1
Penicillium,Penicillium chrysogenum,GCA_023626695.1
Penicillium,Penicillium chrysogenum,GCA_023626715.1
Penicillium,Penicillium chrysogenum,GCA_023626735.1
Penicillium,Penicillium chrysogenum,GCA_023626755.1
Penicillium,Penicillium chrysogenum,GCA_023626775.1
Penicillium,Penicillium chrysogenum,GCA_023626795.1
Penicillium,Penicillium chrysogenum,GCA_023626815.1
Penicillium,Penicillium chrysogenum,GCA_023626835.1
Penicillium,Penicillium chrysogenum,GCA_023626855.1
Penicillium,Penicillium chrysogenum,GCA_023626875.1
Penicillium,Penicillium chrysogenum,GCA_023626895.1
Penicillium,Penicillium chrysogenum,GCA_023626915.1
Penicillium,Penicillium chrysogenum,GCA_023626935.1
Penicillium,Penicillium chrysogenum,GCA_023626955.1
Penicillium,Penicillium chrysogenum,GCA_023626975.1
Penicillium,Penicillium chrysogenum,GCA_023626995.1
Penicillium,Penicillium chrysogenum,GCA_023627015.1
Penicillium,Penicillium chrysogenum,GCA_023627035.1
Penicillium,Penicillium chrysogenum,GCA_023627055.1
Penicillium,Penicillium chrysogenum,GCA_023627075.1
Penicillium,Penicillium chrysogenum,GCA_023627095.1
Penicillium,Penicillium chrysogenum,GCA_023627115.1
Penicillium,Penicillium chrysogenum,GCA_023627135.1
Penicillium,Penicillium chrysogenum,GCA_023627155.1
Penicillium,Penicillium chrysogenum,GCA_023627175.1
Penicillium,Penicillium chrysogenum,GCA_023627195.1
Penicillium,Penicillium chrysogenum,GCA_023627215.1
Penicillium,Penicillium chrysogenum,GCA_023627235.1
Penicillium,Penicillium chrysogenum,GCA_023627255.1
Penicillium,Penicillium chrysogenum,GCA_023627275.1
Penicillium,Penicillium chrysogenum,GCA_023627295.1
Penicillium,Penicillium chrysogenum,GCA_023627315.1
Penicillium,Penicillium chrysogenum,GCA_023627335.1
Penicillium,Penicillium chrysogenum,GCA_023627355.1
Penicillium,Penicillium chrysogenum,GCA_025590035.1
Penicillium,Penicillium chrysogenum,GCA_025768145.1
Penicillium,Penicillium chrysogenum,GCA_025768175.1
Penicillium,Penicillium chrysogenum,GCA_025768475.1
Penicillium,Penicillium chrysogenum,GCA_027569345.1
Penicillium,Penicillium chrysogenum,GCA_028826945.1
Penicillium,Penicillium chrysogenum,GCA_028827015.1
Penicillium,Penicillium chrysogenum,GCA_028827035.1
Penicillium,Penicillium chrysogenum,GCA_028828955.1
Penicillium,Penicillium chrysogenum,GCA_028891605.1
Penicillium,Penicillium chrysogenum,GCA_044231845.1
Penicillium,Penicillium chrysogenum,GCA_044231865.1
Penicillium,Penicillium chrysogenum,GCA_048127645.1
Penicillium,Penicillium chrysogenum,GCA_056247635.1
Penicillium,Penicillium chrysogenum,GCA_056320565.1
Penicillium,Penicillium chrysogenum KF-25,GCA_000816005.1
Penicillium,Penicillium chrysogenum NCPC10086,GCA_000523475.1
Penicillium,Penicillium cinerascens,GCA_028974065.1
Penicillium,Penicillium citrinum,GCA_001399475.1
Penicillium,Penicillium citrinum,GCA_001950535.1
Penicillium,Penicillium citrinum,GCA_019191195.1
Penicillium,Penicillium citrinum,GCA_020284165.1
Penicillium,Penicillium citrinum,GCA_023624595.1
Penicillium,Penicillium citrinum,GCA_023624655.1
Penicillium,Penicillium citrinum,GCA_023624675.1
Penicillium,Penicillium citrinum,GCA_025531905.1
Penicillium,Penicillium citrinum,GCA_025768325.1
Penicillium,Penicillium citrinum,GCA_025768355.1
Penicillium,Penicillium citrinum,GCA_025768385.1
Penicillium,Penicillium citrinum,GCA_025768405.1
Penicillium,Penicillium citrinum,GCA_025768445.1
Penicillium,Penicillium citrinum,GCA_025768525.1
Penicillium,Penicillium citrinum,GCA_025768555.1
Penicillium,Penicillium citrinum,GCA_025768585.1
Penicillium,Penicillium citrinum,GCA_025768615.1
Penicillium,Penicillium citrinum,GCA_025768645.1
Penicillium,Penicillium citrinum,GCA_025768665.1
Penicillium,Penicillium citrinum,GCA_025768705.1
Penicillium,Penicillium citrinum,GCA_025768735.1
Penicillium,Penicillium citrinum,GCA_025768765.1
Penicillium,Penicillium citrinum,GCA_025768795.1
Penicillium,Penicillium citrinum,GCA_025782865.1
Penicillium,Penicillium citrinum,GCA_027569755.1
Penicillium,Penicillium citrinum,GCA_028827155.1
Penicillium,Penicillium citrinum,GCA_036320845.1
Penicillium,Penicillium citrinum,GCA_037044215.1
Penicillium,Penicillium coffeae,GCA_035985395.1
Penicillium,Penicillium commune,GCA_053572565.1
Penicillium,Penicillium commune,GCA_053572575.1
Penicillium,Penicillium commune,GCA_053572605.1
Penicillium,Penicillium commune,GCA_053572625.1
Penicillium,Penicillium commune,GCA_053572645.1
Penicillium,Penicillium commune,GCA_053572665.1
Penicillium,Penicillium commune,GCA_053572685.1
Penicillium,Penicillium commune,GCA_053572705.1
Penicillium,Penicillium commune,GCA_053572725.1
Penicillium,Penicillium commune,GCA_053572745.1
Penicillium,Penicillium commune,GCA_053572765.1
Penicillium,Penicillium commune,GCA_053572785.1
Penicillium,Penicillium commune,GCA_053572805.1
Penicillium,Penicillium commune,GCA_053572825.1
Penicillium,Penicillium commune,GCA_053572845.1
Penicillium,Penicillium commune,GCA_053572865.1
Penicillium,Penicillium commune,GCA_053572885.1
Penicillium,Penicillium commune,GCA_053572905.1
Penicillium,Penicillium commune,GCA_053572945.1
Penicillium,Penicillium commune,GCA_053572965.1
Penicillium,Penicillium commune,GCA_053573005.1
Penicillium,Penicillium commune,GCA_053573045.1
Penicillium,Penicillium commune,GCA_053573085.1
Penicillium,Penicillium commune,GCA_053573125.1
Penicillium,Penicillium commune,GCA_053573145.1
Penicillium,Penicillium commune,GCA_053573165.1
Penicillium,Penicillium commune,GCA_053573185.1
Penicillium,Penicillium commune,GCA_053573225.1
Penicillium,Penicillium commune,GCA_053573245.1
Penicillium,Penicillium commune,GCA_053573265.1
Penicillium,Penicillium commune,GCA_053573285.1
Penicillium,Penicillium commune,GCA_053573305.1
Penicillium,Penicillium commune,GCA_053573325.1
Penicillium,Penicillium commune,GCA_053573345.1
Penicillium,Penicillium commune,GCA_053573365.1
Penicillium,Penicillium commune,GCA_053573385.1
Penicillium,Penicillium commune,GCA_053573405.1
Penicillium,Penicillium commune,GCA_053573425.1
Penicillium,Penicillium commune,GCA_053573445.1
Penicillium,Penicillium commune,GCA_053573485.1
Penicillium,Penicillium commune,GCA_053573505.1
Penicillium,Penicillium commune,GCA_053573525.1
Penicillium,Penicillium commune,GCA_053573545.1
Penicillium,Penicillium commune,GCA_053573565.1
Penicillium,Penicillium commune,GCA_053573585.1
Penicillium,Penicillium commune,GCA_053573605.1
Penicillium,Penicillium commune,GCA_053573645.1
Penicillium,Penicillium commune,GCA_053573685.1
Penicillium,Penicillium commune,GCA_053573855.1
Penicillium,Penicillium commune,GCA_053573875.1
Penicillium,Penicillium commune,GCA_053573915.1
Penicillium,Penicillium commune,GCA_053573935.1
Penicillium,Penicillium commune,GCA_053573955.1
Penicillium,Penicillium commune,GCA_053573975.1
Penicillium,Penicillium commune,GCA_053573995.1
Penicillium,Penicillium commune,GCA_053574015.1
Penicillium,Penicillium commune,GCA_053574035.1
Penicillium,Penicillium commune,GCA_053574055.1
Penicillium,Penicillium commune,GCA_053574075.1
Penicillium,Penicillium commune,GCA_053574095.1
Penicillium,Penicillium commune,GCA_053574115.1
Penicillium,Penicillium commune,GCA_053574135.1
Penicillium,Penicillium commune,GCA_053574155.1
Penicillium,Penicillium commune,GCA_053574175.1
Penicillium,Penicillium commune,GCA_053574195.1
Penicillium,Penicillium concentricum,GCA_028827145.1
Penicillium,Penicillium coprophilum,GCA_002072405.1
Penicillium,Penicillium coprophilum,GCA_027569365.1
Penicillium,Penicillium coprophilum,GCA_028826855.1
Penicillium,Penicillium corylophilum,GCA_018410145.1
Penicillium,Penicillium corylophilum,GCA_018410175.1
Penicillium,Penicillium corylophilum,GCA_056320115.1
Penicillium,Penicillium cosmopolitanum,GCA_028827165.1
Penicillium,Penicillium crustosum,GCA_014621375.1
Penicillium,Penicillium crustosum,GCA_025583935.1
Penicillium,Penicillium crustosum,GCA_028827405.1
Penicillium,Penicillium crustosum,GCA_043643955.1
Penicillium,Penicillium crustosum,GCA_052110735.1
Penicillium,Penicillium crustosum,GCA_054966605.1
Penicillium,Penicillium crystallinum,GCA_027569675.1
Penicillium,Penicillium daleae,GCA_028827525.1
Penicillium,Penicillium decumbens,GCA_002072245.1
Penicillium,Penicillium decumbens,GCA_022813135.1
Penicillium,Penicillium decumbens,GCA_022813305.1
Penicillium,Penicillium decumbens,GCA_027569385.1
Penicillium,Penicillium desertorum,GCA_028827375.1
Penicillium,Penicillium diatomitis,GCA_028827545.1
Penicillium,Penicillium digitatum,GCA_012295545.2
Penicillium,Penicillium digitatum,GCA_016767815.1
Penicillium,Penicillium digitatum,GCA_027569805.1
Penicillium,Penicillium digitatum PDC 102,GCA_001307865.1
Penicillium,Penicillium digitatum PHI26,GCA_000315665.1
Penicillium,Penicillium digitatum Pd01-ZJU,GCA_000485865.1
Penicillium,Penicillium digitatum Pd1,GCA_000315645.2
Penicillium,Penicillium dipodomyicola,GCA_015585765.1
Penicillium,Penicillium dipodomyicola,GCA_015585785.1
Penicillium,Penicillium dipodomyicola,GCA_015585975.1
Penicillium,Penicillium expansum,GCA_000688875.1
Penicillium,Penicillium expansum,GCA_000769735.1
Penicillium,Penicillium expansum,GCA_000769745.1
Penicillium,Penicillium expansum,GCA_000769755.1
Penicillium,Penicillium expansum,GCA_001750045.2
Penicillium,Penicillium expansum,GCA_004302965.1
Penicillium,Penicillium expansum,GCA_022829055.1
Penicillium,Penicillium expansum,GCA_023624475.1
Penicillium,Penicillium expansum,GCA_028827855.1
Penicillium,Penicillium expansum,GCA_042477485.1
Penicillium,Penicillium expansum,GCA_044231815.1
Penicillium,Penicillium expansum,GCA_052818325.1
Penicillium,Penicillium expansum NRRL 62431,GCA_000584915.1
Penicillium,Penicillium expansum T01,GCA_001008385.1
Penicillium,Penicillium fimorum,GCA_028828255.1
Penicillium,Penicillium flavigenum,GCA_002072365.1
Penicillium,Penicillium freii,GCA_001513925.1
Penicillium,Penicillium freii,GCA_028827385.1
Penicillium,Penicillium freii,GCA_037042235.1
Penicillium,Penicillium freii,GCA_053573025.1
Penicillium,Penicillium frequentans,GCA_028827865.1
Penicillium,Penicillium frequentans,GCA_028828275.1
Penicillium,Penicillium fructuariae-cellae,GCA_037044005.1
Penicillium,Penicillium fuscoglaucum,GCA_019804545.1
Penicillium,Penicillium fuscoglaucum,GCA_019804555.1
Penicillium,Penicillium fuscoglaucum,GCA_022813365.1
Penicillium,Penicillium fuscoglaucum,GCA_040250155.1
Penicillium,Penicillium fuscoglaucum,GCA_052323535.1
Penicillium,Penicillium fuscoglaucum FM041,GCA_000576735.1
Penicillium,Penicillium glabrum,GCA_037040985.1
Penicillium,Penicillium glycyrrhizacola,GCA_025586815.1
Penicillium,Penicillium goetzii,GCA_037043885.1
Penicillium,Penicillium griseofulvum,GCA_001561935.1
Penicillium,Penicillium griseofulvum,GCA_001735785.1
Penicillium,Penicillium griseofulvum,GCA_020557365.1
Penicillium,Penicillium griseofulvum,GCA_047426335.1
Penicillium,Penicillium griseoroseum,GCA_015585865.1
Penicillium,Penicillium griseoroseum,GCA_015585885.1
Penicillium,Penicillium griseoroseum,GCA_015586035.1
Penicillium,Penicillium herquei,GCA_026401425.1
Penicillium,Penicillium herquei,GCA_028828265.1
Penicillium,Penicillium herquei,GCA_028828675.1
Penicillium,Penicillium herquei,GCA_039634405.1
Penicillium,Penicillium hetheringtonii,GCA_028827645.1
Penicillium,Penicillium hispanicum,GCA_028827665.1
Penicillium,Penicillium hordei,GCA_028827395.1
Penicillium,Penicillium italicum,GCA_000769765.1
Penicillium,Penicillium italicum,GCA_001008395.1
Penicillium,Penicillium italicum,GCA_002116305.1
Penicillium,Penicillium janthinellum,GCA_002369805.1
Penicillium,Penicillium janthinellum,GCA_023626455.1
Penicillium,Penicillium janthinellum,GCA_023626475.1
Penicillium,Penicillium janthinellum,GCA_027569415.1
Penicillium,Penicillium koreense,GCA_050613445.1
Penicillium,Penicillium lagena,GCA_028827675.1
Penicillium,Penicillium lividum,GCA_028828245.1
Penicillium,Penicillium longicatenatum,GCA_028827875.1
Penicillium,Penicillium longicatenatum,GCA_028827895.1
Penicillium,Penicillium maclennaniae,GCA_028827695.1
Penicillium,Penicillium macrosclerotiorum,GCA_028827735.1
Penicillium,Penicillium majusculum,GCA_028828285.1
Penicillium,Penicillium malachiteum,GCA_028827775.1
Penicillium,Penicillium malachiteum,GCA_028827825.1
Penicillium,Penicillium malachiteum,GCA_028828335.1
Penicillium,Penicillium manginii,GCA_028828005.1
Penicillium,Penicillium mexicanum,GCA_051200395.1
Penicillium,Penicillium mononematosum,GCA_028829835.1
Penicillium,Penicillium nalgiovense,GCA_002072425.1
Penicillium,Penicillium nalgiovense FM193,GCA_000577395.2
Penicillium,Penicillium nordicum,GCA_000733025.3
Penicillium,Penicillium nordicum,GCA_001278595.1
Penicillium,Penicillium nordicum,GCA_055769145.1
Penicillium,Penicillium nucicola,GCA_028828085.1
Penicillium,Penicillium occitanis (nom. inval.),GCA_002382835.1
Penicillium,Penicillium occitanis (nom. inval.),GCA_002382855.1
Penicillium,Penicillium ochrochloron,GCA_022985105.1
Penicillium,Penicillium ochrochloron,GCA_047150385.1
Penicillium,Penicillium odoratum,GCA_028828045.1
Penicillium,Penicillium olsonii,GCA_025502625.1
Penicillium,Penicillium oxalicum,GCA_001723175.3
Penicillium,Penicillium oxalicum,GCA_004153425.1
Penicillium,Penicillium oxalicum,GCA_004521935.1
Penicillium,Penicillium oxalicum,GCA_005546515.1
Penicillium,Penicillium oxalicum,GCA_021133555.1
Penicillium,Penicillium oxalicum,GCA_022570495.1
Penicillium,Penicillium oxalicum,GCA_023624835.1
Penicillium,Penicillium oxalicum,GCA_023624855.1
Penicillium,Penicillium oxalicum,GCA_030378375.1
Penicillium,Penicillium oxalicum,GCA_037043875.1
Penicillium,Penicillium oxalicum,GCA_051942915.1
Penicillium,Penicillium oxalicum 114-2,GCA_000346795.1
Penicillium,Penicillium oxalicum JU-A10-T,GCA_000383025.1
Penicillium,Penicillium oxalicum YT02,GCA_002072455.1
Penicillium,Penicillium palitans,GCA_019189255.1
Penicillium,Penicillium palitans,GCA_019189265.1
Penicillium,Penicillium palitans,GCA_019189285.1
Penicillium,Penicillium palitans,GCA_019189355.1
Penicillium,Penicillium palitans,GCA_019189365.1
Penicillium,Penicillium palitans,GCA_019190165.1
Penicillium,Penicillium palitans,GCA_019190185.1
Penicillium,Penicillium palitans,GCA_019190355.1
Penicillium,Penicillium palitans,GCA_019190485.1
Penicillium,Penicillium palitans,GCA_019190725.1
Penicillium,Penicillium palitans,GCA_019191035.1
Penicillium,Penicillium palitans,GCA_019191045.1
Penicillium,Penicillium palitans,GCA_019191055.1
Penicillium,Penicillium pancosmium,GCA_031761475.1
Penicillium,Penicillium paneum,GCA_023624495.1
Penicillium,Penicillium paneum,GCA_023624515.1
Penicillium,Penicillium paneum,GCA_023624535.1
Penicillium,Penicillium paneum,GCA_023624555.1
Penicillium,Penicillium paneum,GCA_023624575.1
Penicillium,Penicillium paneum,GCA_023624615.1
Penicillium,Penicillium paneum,GCA_023624635.1
Penicillium,Penicillium paneum,GCA_023627375.1
Penicillium,Penicillium paneum,GCA_051521465.1
Penicillium,Penicillium paneum FM227,GCA_000577715.1
Penicillium,Penicillium paradoxum,GCA_028828445.1
Penicillium,Penicillium parvum,GCA_030035635.1
Penicillium,Penicillium paxilli ATCC 26601,GCA_000347475.1
Penicillium,Penicillium polonicum,GCA_002072265.1
Penicillium,Penicillium polonicum,GCA_003344595.1
Penicillium,Penicillium polonicum,GCA_013466175.1
Penicillium,Penicillium polonicum,GCA_015585905.1
Penicillium,Penicillium polonicum,GCA_025589915.1
Penicillium,Penicillium polonicum,GCA_025590805.1
Penicillium,Penicillium polonicum,GCA_025768265.1
Penicillium,Penicillium polonicum,GCA_025768295.1
Penicillium,Penicillium polonicum,GCA_025768855.1
Penicillium,Penicillium polonicum,GCA_027569845.1
Penicillium,Penicillium polonicum,GCA_034423695.1
Penicillium,Penicillium polonicum,GCA_053572925.1
Penicillium,Penicillium polonicum,GCA_053573825.1
Penicillium,Penicillium psychrosexuale,GCA_028828465.1
Penicillium,Penicillium pulvis,GCA_028828015.1
Penicillium,Penicillium raperi,GCA_040333315.2
Penicillium,Penicillium riverlandense,GCA_028828495.1
Penicillium,Penicillium robsamsonii,GCA_019804565.1
Penicillium,Penicillium robsamsonii,GCA_028829455.1
Penicillium,Penicillium rolfsii,GCA_011392555.1
Penicillium,Penicillium roqueforti,GCA_000737485.2
Penicillium,Penicillium roqueforti,GCA_001599855.1
Penicillium,Penicillium roqueforti,GCA_001939915.1
Penicillium,Penicillium roqueforti,GCA_015533775.1
Penicillium,Penicillium roqueforti,GCA_022829115.1
Penicillium,Penicillium roqueforti,GCA_023065375.1
Penicillium,Penicillium roqueforti,GCA_023065415.1
Penicillium,Penicillium roqueforti,GCA_023065465.1
Penicillium,Penicillium roqueforti,GCA_023065495.1
Penicillium,Penicillium roqueforti,GCA_023065525.1
Penicillium,Penicillium roqueforti,GCA_023065595.1
Penicillium,Penicillium roqueforti,GCA_023065625.1
Penicillium,Penicillium roqueforti,GCA_023065655.1
Penicillium,Penicillium roqueforti,GCA_023065685.1
Penicillium,Penicillium roqueforti,GCA_023091085.1
Penicillium,Penicillium roqueforti,GCA_023137995.1
Penicillium,Penicillium roqueforti,GCA_023138005.1
Penicillium,Penicillium roqueforti,GCA_023138015.1
Penicillium,Penicillium roqueforti,GCA_023138355.1
Penicillium,Penicillium roqueforti,GCA_023138445.1
Penicillium,Penicillium roqueforti,GCA_023138615.1
Penicillium,Penicillium roqueforti,GCA_023138645.1
Penicillium,Penicillium roqueforti,GCA_023138675.1
Penicillium,Penicillium roqueforti,GCA_023141115.1
Penicillium,Penicillium roqueforti,GCA_023141145.1
Penicillium,Penicillium roqueforti,GCA_023141155.1
Penicillium,Penicillium roqueforti,GCA_023141165.1
Penicillium,Penicillium roqueforti,GCA_023141195.1
Penicillium,Penicillium roqueforti,GCA_023141205.1
Penicillium,Penicillium roqueforti,GCA_023141235.1
Penicillium,Penicillium roqueforti,GCA_023141275.1
Penicillium,Penicillium roqueforti,GCA_023141305.1
Penicillium,Penicillium roqueforti,GCA_023141315.1
Penicillium,Penicillium roqueforti,GCA_023141355.1
Penicillium,Penicillium roqueforti,GCA_023141385.1
Penicillium,Penicillium roqueforti,GCA_023141395.1
Penicillium,Penicillium roqueforti,GCA_023141515.1
Penicillium,Penicillium roqueforti,GCA_030518555.1
Penicillium,Penicillium roqueforti,GCA_054123295.1
Penicillium,Penicillium roqueforti,GCA_054123515.1
Penicillium,Penicillium roqueforti,GCA_054123555.1
Penicillium,Penicillium roqueforti,GCA_054123635.1
Penicillium,Penicillium roqueforti,GCA_054124305.1
Penicillium,Penicillium roqueforti,GCA_054124415.1
Penicillium,Penicillium roqueforti,GCA_054124955.1
Penicillium,Penicillium roqueforti,GCA_056153085.1
Penicillium,Penicillium roqueforti,GCA_056153105.1
Penicillium,Penicillium roqueforti,GCA_056153125.1
Penicillium,Penicillium roqueforti,GCA_056153165.1
Penicillium,Penicillium roqueforti FM164,GCA_000513255.1
Penicillium,Penicillium rubens,GCA_011058885.1
Penicillium,Penicillium rubens,GCA_019189245.1
Penicillium,Penicillium rubens,GCA_019189275.1
Penicillium,Penicillium rubens,GCA_027256995.2
Penicillium,Penicillium rubens,GCA_027257005.2
Penicillium,Penicillium rubens,GCA_028751425.1
Penicillium,Penicillium rubens,GCA_028828025.1
Penicillium,Penicillium rubens,GCA_028828505.1
Penicillium,Penicillium rubens,GCA_037044095.1
Penicillium,Penicillium rubens,GCA_053573105.1
Penicillium,Penicillium rubens,GCA_053573625.1
Penicillium,Penicillium rubens,GCA_053573895.1
Penicillium,Penicillium rubens Wisconsin 54-1255,GCA_000226395.1
Penicillium,Penicillium salamii,GCA_054124475.1
Penicillium,Penicillium samsonianum,GCA_028829775.1
Penicillium,Penicillium sclerotiorum,GCA_001750025.1
Penicillium,Penicillium sclerotiorum,GCA_027569435.1
Penicillium,Penicillium silybi,GCA_027569585.1
Penicillium,Penicillium simplicissimum,GCA_024706585.1
Penicillium,Penicillium simplicissimum,GCA_027569445.1
Penicillium,Penicillium simplicissimum,GCA_027569465.1
Penicillium,Penicillium solitum,GCA_000952775.2
Penicillium,Penicillium solitum,GCA_001750005.1
Penicillium,Penicillium solitum,GCA_002072235.1
Penicillium,Penicillium solitum,GCA_023624695.1
Penicillium,Penicillium solitum,GCA_023624715.1
Penicillium,Penicillium solitum,GCA_023624735.1
Penicillium,Penicillium solitum,GCA_023624755.1
Penicillium,Penicillium solitum,GCA_023624775.1
Penicillium,Penicillium solitum,GCA_023624785.1
Penicillium,Penicillium solitum,GCA_023624815.1
Penicillium,Penicillium solitum,GCA_028829755.1
Penicillium,Penicillium soppii,GCA_028829465.1
Penicillium,Penicillium sp.,GCA_054123695.1
Penicillium,Penicillium sp.,GCA_054124195.1
Penicillium,Penicillium sp. 32 TS-2023,GCA_039702135.1
Penicillium,Penicillium sp. 91 TS-2023,GCA_030710325.1
Penicillium,Penicillium sp. B98-03,GCA_037042535.1
Penicillium,Penicillium sp. BH-15,GCA_054643875.1
Penicillium,Penicillium sp. BM32,GCA_029142745.1
Penicillium,Penicillium sp. BW_12,GCA_008931925.1
Penicillium,Penicillium sp. BW_162_3FA,GCA_008931945.1
Penicillium,Penicillium sp. BW_MB,GCA_008931935.1
Penicillium,Penicillium sp. C7(2024),GCA_037356175.1
Penicillium,Penicillium sp. CF01,GCA_005250745.2
Penicillium,Penicillium sp. CF05,GCA_002916455.1
Penicillium,Penicillium sp. CMV-2018d,GCA_028827225.1
Penicillium,Penicillium sp. D2Mb,GCA_025768115.1
Penicillium,Penicillium sp. D9,GCA_037356155.1
Penicillium,Penicillium sp. DT28,GCA_036712075.1
Penicillium,Penicillium sp. DV-2018c,GCA_028827425.1
Penicillium,Penicillium sp. DV-2018c,GCA_028827535.1
Penicillium,Penicillium sp. E22,GCA_035048945.1
Penicillium,Penicillium sp. F2(2024),GCA_037414295.1
Penicillium,Penicillium sp. F50,GCA_037356195.1
Penicillium,Penicillium sp. F51,GCA_037356495.1
Penicillium,Penicillium sp. G339,GCA_027569595.1
Penicillium,Penicillium sp. G342,GCA_027569895.1
Penicillium,Penicillium sp. GS218,GCA_049463015.1
Penicillium,Penicillium sp. HKF2,GCA_002000375.1
Penicillium,Penicillium sp. IBT 16267x,GCA_028828865.1
Penicillium,Penicillium sp. IBT 18751x,GCA_028828935.1
Penicillium,Penicillium sp. IBT 31633x,GCA_028827885.1
Penicillium,Penicillium sp. IBT 35674x,GCA_028828895.1
Penicillium,Penicillium sp. INA 01369,GCA_047663515.1
Penicillium,Penicillium sp. M121-12C,GCA_037042505.1
Penicillium,Penicillium sp. M1327,GCA_023626435.1
Penicillium,Penicillium sp. MA 6036,GCA_003138045.1
Penicillium,Penicillium sp. MA 6040,GCA_003138025.1
Penicillium,Penicillium sp. MBC 424,GCA_030779445.1
Penicillium,Penicillium sp. MBC 428,GCA_030779285.1
Penicillium,Penicillium sp. MT2 MMC-2018,GCA_003852855.1
Penicillium,Penicillium sp. MT45,GCA_029142755.1
Penicillium,Penicillium sp. MYA5,GCA_037074905.1
Penicillium,Penicillium sp. OUCMDZ-019,GCA_011750695.1
Penicillium,Penicillium sp. PF1803,GCA_023626575.1
Penicillium,Penicillium sp. PF2412A,GCA_023626555.1
Penicillium,Penicillium sp. PG106-07D,GCA_037042255.1
Penicillium,Penicillium sp. PG113-03A,GCA_037042135.1
Penicillium,Penicillium sp. PG115-01,GCA_037042625.1
Penicillium,Penicillium sp. PH3801,GCA_023626615.1
Penicillium,Penicillium sp. PQxj3,GCA_052814635.1
Penicillium,Penicillium sp. PT4103,GCA_023626495.1
Penicillium,Penicillium sp. R1202D,GCA_023626515.1
Penicillium,Penicillium sp. S103-07,GCA_037042055.1
Penicillium,Penicillium sp. S1126A,GCA_023626535.1
Penicillium,Penicillium sp. S1316,GCA_023627405.1
Penicillium,Penicillium sp. S1602,GCA_023626355.1
Penicillium,Penicillium sp. S1701,GCA_023626415.1
Penicillium,Penicillium sp. SPG-F1,GCA_003800495.2
Penicillium,Penicillium sp. SPG-F15,GCA_003800485.2
Penicillium,Penicillium sp. VS AB III KN,GCA_019775275.1
Penicillium,Penicillium sp. VS AB III KN 1,GCA_019775305.1
Penicillium,Penicillium sp. VS I D KN,GCA_019775415.1
Penicillium,Penicillium sp. VS I D KN 3,GCA_019775465.1
Penicillium,Penicillium sp. W3 MMC-2018,GCA_004959885.1
Penicillium,Penicillium sp. WT45,GCA_029142805.1
Penicillium,Penicillium sp. str. #12,GCA_013138035.1
Penicillium,Penicillium steckii,GCA_002072375.1
Penicillium,Penicillium steckii,GCA_018340795.1
Penicillium,Penicillium subrubescens,GCA_001908125.1
Penicillium,Penicillium subrubescens,GCA_028828155.1
Penicillium,Penicillium sumatraense,GCA_020086695.1
Penicillium,Penicillium sumatraense,GCA_022813645.1
Penicillium,Penicillium sumatraense,GCA_022813665.1
Penicillium,Penicillium sumatraense,GCA_037041715.1
Penicillium,Penicillium tannophilum,GCA_028829675.1
Penicillium,Penicillium taxi,GCA_028828555.1
Penicillium,Penicillium thymicola,GCA_030142185.1
Penicillium,Penicillium turbatum,GCA_028751415.1
Penicillium,Penicillium turbatum,GCA_030762825.1
Penicillium,Penicillium ucsense,GCA_014839625.1
Penicillium,Penicillium ucsense,GCA_014839855.1
Penicillium,Penicillium verhagenii,GCA_028828195.1
Penicillium,Penicillium verhagenii,GCA_028828565.1
Penicillium,Penicillium verrucosum,GCA_000970515.2
Penicillium,Penicillium verrucosum,GCA_025585045.1
Penicillium,Penicillium verrucosum,GCA_025585095.1
Penicillium,Penicillium verrucosum,GCA_028828655.1
Penicillium,Penicillium viridicatum,GCA_028828185.1
Penicillium,Penicillium vulpinum,GCA_002072255.1
Penicillium,Penicillium vulpinum,GCA_027569495.1
Penicillium,Penicillium vulpinum,GCA_028829585.1
Penicillium,Penicillium waksmanii,GCA_028829765.1
Peronospora,Peronospora belbahrii,GCA_002864105.1
Peronospora,Peronospora destructor,GCA_011800735.1
Peronospora,Peronospora effusa,GCA_002245715.1
Peronospora,Peronospora effusa,GCA_002245725.1
Peronospora,Peronospora effusa,GCA_002245735.1
Peronospora,Peronospora effusa,GCA_003704535.1
Peronospora,Peronospora effusa,GCA_003843895.1
Peronospora,Peronospora effusa,GCA_013122855.1
Peronospora,Peronospora effusa,GCA_021491655.1
Peronospora,Peronospora tabacina,GCA_002099245.1
Pestalotiopsis,Pestalotiopsis disseminata,GCA_055824565.1
Pestalotiopsis,Pestalotiopsis fici W106-1,GCA_000516985.1
Pestalotiopsis,Pestalotiopsis kenyana,GCA_018092595.1
Pestalotiopsis,Pestalotiopsis microspora,GCA_041412015.1
Pestalotiopsis,Pestalotiopsis neglecta,GCA_030412595.1
Pestalotiopsis,Pestalotiopsis sp. 9143b,GCA_023701735.1
Pestalotiopsis,Pestalotiopsis sp. CR013,GCA_018092615.1
Pestalotiopsis,Pestalotiopsis sp. DP-2020a,GCA_018115615.1
Pestalotiopsis,Pestalotiopsis sp. IQ-011,GCA_036852665.1
Pestalotiopsis,Pestalotiopsis sp. JCM 9685,GCA_001599175.1
Pestalotiopsis,Pestalotiopsis sp. LF_19_12,GCA_023510015.1
Pestalotiopsis,Pestalotiopsis sp. MUOB 440515,GCA_021199905.1
Pestalotiopsis,Pestalotiopsis sp. NC0098,GCA_022432395.1
Phaeoacremonium,Phaeoacremonium minimum UCRPA7,GCA_000392275.1
Phoma,Phoma herbarum,GCA_001599375.1
Phoma,Phoma sp. ATCC 74077,GCA_033682645.1
Phoma,Phoma sp. RAV-16-625,GCA_004335185.1
Phoma,Phoma sp. XZ068,GCA_004835665.1
Phoma,Phoma sp. YAFEF320,GCA_033444525.1
Phomopsis,Phomopsis mahothocarpi,GCA_043640725.1
Phragmidium,,
Phyllachora,Phyllachora maydis,GCA_011801745.1
Phyllachora,Phyllachora maydis,GCA_029339225.1
Phyllosticta,Phyllosticta ampelicida,GCA_020351975.1
Phyllosticta,Phyllosticta ampelicida,GCA_051529495.1
Phyllosticta,Phyllosticta ampelicida,GCA_051529515.1
Phyllosticta,Phyllosticta ampelicida,GCA_051529535.1
Phyllosticta,Phyllosticta capitalensis,GCA_001604925.1
Phyllosticta,Phyllosticta capitalensis,GCA_006984725.1
Phyllosticta,Phyllosticta capitalensis,GCA_038381095.1
Phyllosticta,Phyllosticta capitalensis,GCA_038381135.1
Phyllosticta,Phyllosticta capitalensis,GCA_038381155.1
Phyllosticta,Phyllosticta capitalensis,GCA_038381175.1
Phyllosticta,Phyllosticta capitalensis,GCA_038381195.1
Phyllosticta,Phyllosticta capitalensis,GCA_041146515.1
Phyllosticta,Phyllosticta citriasiana,GCA_009193405.1
Phyllosticta,Phyllosticta citriasiana,GCA_030028455.1
Phyllosticta,Phyllosticta citriasiana,GCA_030028535.1
Phyllosticta,Phyllosticta citriasiana,GCA_030028555.1
Phyllosticta,Phyllosticta citriasiana,GCA_038021125.1
Phyllosticta,Phyllosticta citriasiana,GCA_038021145.1
Phyllosticta,Phyllosticta citribraziliensis,GCA_038025025.1
Phyllosticta,Phyllosticta citribraziliensis,GCA_038380855.1
Phyllosticta,Phyllosticta citricarpa,GCA_001604955.1
Phyllosticta,Phyllosticta citricarpa,GCA_006984745.1
Phyllosticta,Phyllosticta citricarpa,GCA_018990085.1
Phyllosticta,Phyllosticta citricarpa,GCA_018990095.1
Phyllosticta,Phyllosticta citricarpa,GCA_018990155.1
Phyllosticta,Phyllosticta citricarpa,GCA_018991845.1
Phyllosticta,Phyllosticta citricarpa,GCA_018991875.1
Phyllosticta,Phyllosticta citricarpa,GCA_018991885.1
Phyllosticta,Phyllosticta citricarpa,GCA_018991915.1
Phyllosticta,Phyllosticta citricarpa,GCA_018992025.1
Phyllosticta,Phyllosticta citricarpa,GCA_018992335.1
Phyllosticta,Phyllosticta citricarpa,GCA_018992365.1
Phyllosticta,Phyllosticta citricarpa,GCA_019008305.1
Phyllosticta,Phyllosticta citricarpa,GCA_019008345.1
Phyllosticta,Phyllosticta citricarpa,GCA_019008445.1
Phyllosticta,Phyllosticta citricarpa,GCA_019008475.1
Phyllosticta,Phyllosticta citricarpa,GCA_019009905.1
Phyllosticta,Phyllosticta citricarpa,GCA_019009935.1
Phyllosticta,Phyllosticta citricarpa,GCA_019009945.1
Phyllosticta,Phyllosticta citricarpa,GCA_030028495.1
Phyllosticta,Phyllosticta citricarpa,GCA_030028515.1
Phyllosticta,Phyllosticta citricarpa,GCA_037962995.1
Phyllosticta,Phyllosticta citricarpa,GCA_038025055.1
Phyllosticta,Phyllosticta citricarpa,GCA_038025095.1
Phyllosticta,Phyllosticta citricarpa,GCA_038025125.1
Phyllosticta,Phyllosticta citricarpa,GCA_038051245.1
Phyllosticta,Phyllosticta citricarpa,GCA_038051255.1
Phyllosticta,Phyllosticta citricarpa,GCA_043640705.1
Phyllosticta,Phyllosticta citricarpa CGMCC3.14348,GCA_000382785.1
Phyllosticta,Phyllosticta citrichinensis,GCA_038380875.1
Phyllosticta,Phyllosticta citrichinensis,GCA_038380885.1
Phyllosticta,Phyllosticta paracitricarpa,GCA_030028435.1
Phyllosticta,Phyllosticta paracitricarpa,GCA_030028475.1
Phyllosticta,Phyllosticta paracitricarpa,GCA_038051015.1
Phyllosticta,Phyllosticta paracitricarpa,GCA_038381115.1
Phymatotrichopsis,Phymatotrichopsis omnivora,GCA_016880775.1
Phymatotrichopsis,Phymatotrichopsis omnivora,GCA_016880785.1
Phymatotrichopsis,Phymatotrichopsis omnivora,GCA_016880835.1
Phymatotrichopsis,Phymatotrichopsis omnivora,GCA_016880855.1
Plasmopara,Plasmopara halstedii,GCA_003640465.1
Plasmopara,Plasmopara halstedii,GCA_003640505.1
Plasmopara,Plasmopara halstedii,GCA_003724065.1
Plasmopara,Plasmopara halstedii,GCA_004380875.1
Plasmopara,Plasmopara halstedii,GCA_051530165.1
Plasmopara,Plasmopara halstedii,GCA_051820855.1
Plasmopara,Plasmopara halstedii,GCA_051820915.1
Plasmopara,Plasmopara muralis,GCA_003676415.1
Plasmopara,Plasmopara obducens,GCA_003640485.1
Plasmopara,Plasmopara obducens,GCA_003640625.1
Plasmopara,Plasmopara viticola,GCA_001695595.3
Plasmopara,Plasmopara viticola,GCA_001974925.1
Plasmopara,Plasmopara viticola,GCA_003123765.1
Plasmopara,Plasmopara viticola,GCA_055472655.1
Plasmopara,Plasmopara viticola lesion associated botybirna 1,GCA_050925055.1
Plasmopara,Plasmopara viticola lesion associated botybirna 2,GCA_050925035.1
Plasmopara,Plasmopara viticola lesion associated toti 1,GCA_050925185.1
Plasmopara,Plasmopara viticola lesion associated toti 3,GCA_050925205.1
Pleurotus,Pleurotus citrinopileatus,GCA_003314595.1
Pleurotus,Pleurotus citrinopileatus,GCA_017312325.1
Pleurotus,Pleurotus cornucopiae,GCA_019677325.2
Pleurotus,Pleurotus djamor,GCA_029747585.1
Pleurotus,Pleurotus djamor,GCA_049864135.1
Pleurotus,Pleurotus eryngii,GCA_001717165.1
Pleurotus,Pleurotus eryngii,GCA_003243765.1
Pleurotus,Pleurotus eryngii,GCA_003314755.1
Pleurotus,Pleurotus eryngii,GCA_015484515.1
Pleurotus,Pleurotus eryngii var. elaeoselini,GCA_029874175.1
Pleurotus,Pleurotus eryngii var. eryngii,GCA_029467805.1
Pleurotus,Pleurotus eryngii var. ferulae,GCA_029467795.1
Pleurotus,Pleurotus floridanus,GCA_019395345.1
Pleurotus,Pleurotus giganteus,GCA_032158425.1
Pleurotus,Pleurotus giganteus,GCA_036873075.1
Pleurotus,Pleurotus ostreatoroseus,GCA_005298045.1
Pleurotus,Pleurotus ostreatus,GCA_001956935.2
Pleurotus,Pleurotus ostreatus,GCA_003313235.2
Pleurotus,Pleurotus ostreatus,GCA_014466165.1
Pleurotus,Pleurotus ostreatus,GCA_024195665.1
Pleurotus,Pleurotus ostreatus,GCA_029852705.2
Pleurotus,Pleurotus ostreatus,GCA_051307915.1
Pleurotus,Pleurotus ostreatus,GCA_056149245.1
Pleurotus,Pleurotus ostreatus,GCA_056149315.1
Pleurotus,Pleurotus ostreatus PC15,GCA_000697685.1
Pleurotus,Pleurotus ostreatus/Saccharomyces cerevisiae fusant,GCA_024196135.1
Pleurotus,Pleurotus platypus,GCA_003313735.1
Pleurotus,Pleurotus pulmonarius,GCA_012979565.1
Pleurotus,Pleurotus pulmonarius,GCA_012980525.1
Pleurotus,Pleurotus pulmonarius,GCA_012980535.1
Pleurotus,Pleurotus pulmonarius,GCA_032158505.1
Pleurotus,Pleurotus pulmonarius,GCA_047301645.1
Pleurotus,Pleurotus salmoneostramineus,GCA_001742905.1
Pleurotus,Pleurotus salmoneostramineus,GCA_002583695.1
Pleurotus,Pleurotus salmoneostramineus,GCA_002933715.1
Pleurotus,Pleurotus salmoneostramineus,GCA_054785465.1
Pleurotus,Pleurotus salmoneostramineus,GCA_054785515.1
Pleurotus,Pleurotus sapidus,GCA_026743855.1
Pleurotus,Pleurotus tuber-regium,GCA_003314355.1
Pleurotus,Pleurotus tuber-regium,GCA_014058305.1
Pleurotus,Pleurotus tuber-regium,GCA_019693315.1
Pleurotus,Pleurotus tuoliensis,GCA_002847145.1
Pleurotus,Pleurotus tuoliensis,GCA_003243755.1
Pleurotus,Pleurotus tuoliensis,GCA_003313115.1
Pleurotus,Pleurotus tuoliensis,GCA_029874165.1
Pleurotus,Pleurotus tuoliensis,GCA_036872985.1
Podosphaera,Podosphaera aphanis,GCA_022627015.3
Podosphaera,Podosphaera aphanis,GCA_051988445.2
Podosphaera,Podosphaera aphanis,GCA_051988555.2
Podosphaera,Podosphaera cerasi,GCA_018398735.1
Podosphaera,Podosphaera fusca,GCA_030378345.1
Podosphaera,Podosphaera leucotricha,GCA_013170925.1
Podosphaera,Podosphaera leucotricha,GCA_051996105.2
Podosphaera,Podosphaera leucotricha,GCA_051996125.2
Podosphaera,Podosphaera leucotricha,GCA_055796225.1
Podosphaera,Podosphaera xanthii,GCA_010015925.1
Podosphaera,Podosphaera xanthii,GCA_014884795.1
Podosphaera,Podosphaera xanthii,GCA_028751805.1
Podosphaera,Podosphaera xanthii,GCA_037575625.1
Pseudonectria,Pseudonectria buxi,GCA_003693515.1
Pseudonectria,Pseudonectria buxi,GCA_003693545.1
Pseudonectria,Pseudonectria foliicola,GCA_002911195.1
Pseudonectria,Pseudonectria foliicola,GCA_003693505.1
Pseudoperonospora,Pseudoperonospora cubensis,GCA_000252605.1
Pseudoperonospora,Pseudoperonospora humuli,GCA_003991265.1
Puccinia,Puccinia arachidis,GCA_001013415.1
Puccinia,Puccinia brachypodii,GCA_019395275.1
Puccinia,Puccinia coronata f. sp. avenae,GCA_002873125.1
Puccinia,Puccinia coronata f. sp. avenae,GCA_002873275.1
Puccinia,Puccinia graminis f. sp. tritici,GCA_002762355.2
Puccinia,Puccinia graminis f. sp. tritici,GCA_008520325.1
Puccinia,Puccinia graminis f. sp. tritici,GCA_008522505.1
Puccinia,Puccinia graminis f. sp. tritici CRL 75-36-700-3,GCA_000149925.1
Puccinia,Puccinia hordei,GCA_007896445.1
Puccinia,Puccinia horiana,GCA_001624995.1
Puccinia,Puccinia novopanici,GCA_004348175.1
Puccinia,Puccinia polysora,GCA_025617555.3
Puccinia,Puccinia silphii,GCA_046128785.1
Puccinia,Puccinia silphii,GCA_050655635.1
Puccinia,Puccinia sorghi,GCA_001263375.1
Puccinia,Puccinia striiformis,GCA_002008925.1
Puccinia,Puccinia striiformis,GCA_002008935.1
Puccinia,Puccinia striiformis,GCA_002008965.1
Puccinia,Puccinia striiformis,GCA_002920065.1
Puccinia,Puccinia striiformis,GCA_002920205.1
Puccinia,Puccinia striiformis,GCA_004194325.1
Puccinia,Puccinia striiformis f. sp. tritici,GCA_001936605.2
Puccinia,Puccinia striiformis f. sp. tritici,GCA_002900275.1
Puccinia,Puccinia striiformis f. sp. tritici,GCA_011750625.1
Puccinia,Puccinia striiformis f. sp. tritici,GCA_011750755.1
Puccinia,Puccinia striiformis f. sp. tritici,GCA_021901655.1
Puccinia,Puccinia striiformis f. sp. tritici,GCA_021901695.1
Puccinia,Puccinia striiformis f. sp. tritici,GCA_025169535.1
Puccinia,Puccinia striiformis f. sp. tritici,GCA_025169555.1
Puccinia,Puccinia striiformis f. sp. tritici,GCA_039519205.1
Puccinia,Puccinia striiformis f. sp. tritici,GCA_039519225.1
Puccinia,Puccinia striiformis f. sp. tritici,GCA_050613835.1
Puccinia,Puccinia striiformis f. sp. tritici,GCA_050613845.1
Puccinia,Puccinia striiformis f. sp. tritici 08/21,GCA_000342565.1
Puccinia,Puccinia striiformis f. sp. tritici 87/7,GCA_000342625.1
Puccinia,Puccinia striiformis f. sp. tritici CY32,GCA_000474995.1
Puccinia,Puccinia striiformis f. sp. tritici PST-130,GCA_000223505.1
Puccinia,Puccinia striiformis f. sp. tritici PST-130,GCA_025869475.1
Puccinia,Puccinia striiformis f. sp. tritici PST-130,GCA_025869495.1
Puccinia,Puccinia striiformis f. sp. tritici PST-78,GCA_001191645.1
Puccinia,Puccinia striiformis f. sp. tritici PST21,GCA_000342545.1
Puccinia,Puccinia striiformis f. sp. tritici PST43,GCA_000342525.1
Puccinia,Puccinia triticina,GCA_013090125.1
Puccinia,Puccinia triticina,GCA_019358815.1
Puccinia,Puccinia triticina,GCA_026914185.1
Puccinia,Puccinia triticina,GCA_026914245.1
Puccinia,Puccinia triticina,GCA_029618625.1
Puccinia,Puccinia triticina,GCA_029618635.1
Puccinia,Puccinia triticina,GCA_029633885.1
Puccinia,Puccinia triticina,GCA_029634005.1
Puccinia,Puccinia triticina 1-1 BBBD Race 1,GCA_000151525.2
Puccinia,Puccinia triticina Race 106,GCA_001706785.1
Puccinia,Puccinia triticina Race 77,GCA_001706745.1
Puccinia,Puccinia triticina Race 77,GCA_001706815.1
Puccinia,Puccinia triticina Race 77,GCA_001706825.1
Puccinia,Puccinia triticina Race 77,GCA_001707035.1
Puccinia,Puccinia triticina Race 77,GCA_001707045.1
Puccinia,Puccinia triticina Race 77,GCA_001707075.1
Puccinia,Puccinia triticina Race 77,GCA_001707095.1
Puccinia,Puccinia triticina Race 77,GCA_001707215.1
Puccinia,Puccinia triticina Race 77,GCA_001707295.1
Puccinia,Puccinia triticina Race 77,GCA_001707345.1
Puccinia,Puccinia triticina Race 77,GCA_001707355.1
Puccinia,Puccinia triticina Race 77,GCA_001707385.1
Puccinia,Puccinia triticina Race 77,GCA_001707415.1
Puccinia,Puccinia triticina Race 77,GCA_001707655.1
Pyriculria,,
Ramularia,Ramularia coccinea,GCA_004155245.1
Ramularia,Ramularia coccinea,GCA_013461505.1
Ramularia,Ramularia collo-cygni,GCA_001510955.1
Ramularia,Ramularia endophylla,GCA_002116395.1
Rhizoctonia,Rhizoctonia solani,GCA_001286725.1
Rhizoctonia,Rhizoctonia solani,GCA_015341985.1
Rhizoctonia,Rhizoctonia solani,GCA_015342405.1
Rhizoctonia,Rhizoctonia solani,GCA_015342415.1
Rhizoctonia,Rhizoctonia solani,GCA_015342435.1
Rhizoctonia,Rhizoctonia solani,GCA_016906535.1
Rhizoctonia,Rhizoctonia solani,GCA_017311305.1
Rhizoctonia,Rhizoctonia solani,GCA_019297585.1
Rhizoctonia,Rhizoctonia solani,GCA_020746845.1
Rhizoctonia,Rhizoctonia solani,GCA_024722335.1
Rhizoctonia,Rhizoctonia solani,GCA_025504695.1
Rhizoctonia,Rhizoctonia solani,GCA_026686785.1
Rhizoctonia,Rhizoctonia solani,GCA_026766895.1
Rhizoctonia,Rhizoctonia solani,GCA_028551635.1
Rhizoctonia,Rhizoctonia solani,GCA_030142035.1
Rhizoctonia,Rhizoctonia solani,GCA_034770255.1
Rhizoctonia,Rhizoctonia solani,GCA_034770285.1
Rhizoctonia,Rhizoctonia solani,GCA_039906435.1
Rhizoctonia,Rhizoctonia solani,GCA_044039995.1
Rhizoctonia,Rhizoctonia solani,GCA_045866225.1
Rhizoctonia,Rhizoctonia solani,GCA_048471615.1
Rhizoctonia,Rhizoctonia solani,GCA_049245135.1
Rhizoctonia,Rhizoctonia solani 123E,GCA_000715385.1
Rhizoctonia,Rhizoctonia solani AG-1 IA,GCA_000334115.1
Rhizoctonia,Rhizoctonia solani AG-1 IA,GCA_001899475.2
Rhizoctonia,Rhizoctonia solani AG-1 IB,GCA_000350255.1
Rhizoctonia,Rhizoctonia solani AG-1 IB,GCA_000832345.2
Rhizoctonia,Rhizoctonia solani AG-11,GCA_021018865.1
Rhizoctonia,Rhizoctonia solani AG-3 PT,GCA_003268435.1
Rhizoctonia,Rhizoctonia solani AG-3 Rhs1AP,GCA_000524645.1
Rhizoctonia,Rhizoctonia solani AG-8 WAC10335,GCA_000695385.1
Rhizopus,Rhizopus arrhizus,GCA_000697195.1
Rhizopus,Rhizopus arrhizus,GCA_011763645.1
Rhizopus,Rhizopus arrhizus,GCA_011763775.1
Rhizopus,Rhizopus arrhizus,GCA_011763875.1
Rhizopus,Rhizopus arrhizus,GCA_011763935.1
Rhizopus,Rhizopus arrhizus,GCA_011763955.1
Rhizopus,Rhizopus arrhizus,GCA_011763975.1
Rhizopus,Rhizopus arrhizus,GCA_011763995.1
Rhizopus,Rhizopus arrhizus,GCA_011764025.1
Rhizopus,Rhizopus arrhizus,GCA_011764055.1
Rhizopus,Rhizopus arrhizus,GCA_011764125.1
Rhizopus,Rhizopus arrhizus,GCA_011764185.1
Rhizopus,Rhizopus arrhizus,GCA_011764225.1
Rhizopus,Rhizopus arrhizus,GCA_011764265.1
Rhizopus,Rhizopus arrhizus,GCA_011800955.2
Rhizopus,Rhizopus arrhizus,GCA_011800985.2
Rhizopus,Rhizopus arrhizus,GCA_011801035.2
Rhizopus,Rhizopus arrhizus,GCA_011801055.2
Rhizopus,Rhizopus arrhizus,GCA_011801305.2
Rhizopus,Rhizopus arrhizus,GCA_011801335.2
Rhizopus,Rhizopus arrhizus,GCA_011801385.2
Rhizopus,Rhizopus arrhizus,GCA_011801495.1
Rhizopus,Rhizopus arrhizus,GCA_011801505.2
Rhizopus,Rhizopus arrhizus,GCA_011801555.2
Rhizopus,Rhizopus arrhizus,GCA_011801575.2
Rhizopus,Rhizopus arrhizus,GCA_011801605.2
Rhizopus,Rhizopus arrhizus,GCA_011801645.2
Rhizopus,Rhizopus arrhizus,GCA_011801675.2
Rhizopus,Rhizopus arrhizus,GCA_011801705.2
Rhizopus,Rhizopus arrhizus,GCA_011801725.2
Rhizopus,Rhizopus arrhizus,GCA_011801785.2
Rhizopus,Rhizopus arrhizus,GCA_011801815.2
Rhizopus,Rhizopus arrhizus,GCA_011950945.2
Rhizopus,Rhizopus arrhizus,GCA_011950985.2
Rhizopus,Rhizopus arrhizus,GCA_011951285.2
Rhizopus,Rhizopus arrhizus,GCA_011951295.2
Rhizopus,Rhizopus arrhizus,GCA_011952045.2
Rhizopus,Rhizopus arrhizus,GCA_011952115.2
Rhizopus,Rhizopus arrhizus,GCA_011952145.2
Rhizopus,Rhizopus arrhizus,GCA_011952175.2
Rhizopus,Rhizopus arrhizus,GCA_019828915.1
Rhizopus,Rhizopus arrhizus,GCA_023630295.1
Rhizopus,Rhizopus arrhizus,GCA_023630335.1
Rhizopus,Rhizopus arrhizus,GCA_024220505.1
Rhizopus,Rhizopus arrhizus,GCA_048164915.1
Rhizopus,Rhizopus arrhizus,GCA_050389755.1
Rhizopus,Rhizopus arrhizus,GCA_054130755.1
Rhizopus,Rhizopus arrhizus 99-133,GCA_000697135.1
Rhizopus,Rhizopus arrhizus 99-892,GCA_000697725.1
Rhizopus,Rhizopus arrhizus B7407,GCA_000696915.1
Rhizopus,Rhizopus arrhizus HUMC 02,GCA_000697605.1
Rhizopus,Rhizopus arrhizus Type I NRRL 13440,GCA_000697075.1
Rhizopus,Rhizopus arrhizus Type I NRRL 18148,GCA_000697095.1
Rhizopus,Rhizopus arrhizus Type I NRRL 21396,GCA_000697115.1
Rhizopus,Rhizopus azygosporus,GCA_003325435.1
Rhizopus,Rhizopus delemar,GCA_000697155.1
Rhizopus,Rhizopus delemar,GCA_011763585.1
Rhizopus,Rhizopus delemar,GCA_011763605.1
Rhizopus,Rhizopus delemar,GCA_011763695.1
Rhizopus,Rhizopus delemar,GCA_011763715.1
Rhizopus,Rhizopus delemar,GCA_011763735.1
Rhizopus,Rhizopus delemar,GCA_011763755.1
Rhizopus,Rhizopus delemar,GCA_011763795.1
Rhizopus,Rhizopus delemar,GCA_011763815.1
Rhizopus,Rhizopus delemar,GCA_011763835.1
Rhizopus,Rhizopus delemar,GCA_011763855.1
Rhizopus,Rhizopus delemar,GCA_011763895.1
Rhizopus,Rhizopus delemar,GCA_011763915.1
Rhizopus,Rhizopus delemar,GCA_011764145.1
Rhizopus,Rhizopus delemar,GCA_019022795.1
Rhizopus,Rhizopus delemar,GCA_054127015.1
Rhizopus,Rhizopus delemar RA 99-880,GCA_000149305.1
Rhizopus,Rhizopus delemar Type II NRRL 21446,GCA_000738605.1
Rhizopus,Rhizopus delemar Type II NRRL 21447,GCA_000738595.1
Rhizopus,Rhizopus delemar Type II NRRL 21477,GCA_000738585.1
Rhizopus,Rhizopus microsporus,GCA_000825725.1
Rhizopus,Rhizopus microsporus,GCA_002083735.1
Rhizopus,Rhizopus microsporus,GCA_011762625.1
Rhizopus,Rhizopus microsporus,GCA_011762635.1
Rhizopus,Rhizopus microsporus,GCA_011763475.1
Rhizopus,Rhizopus microsporus,GCA_011763565.1
Rhizopus,Rhizopus microsporus,GCA_011764045.1
Rhizopus,Rhizopus microsporus,GCA_019022815.1
Rhizopus,Rhizopus microsporus,GCA_034509365.1
Rhizopus,Rhizopus microsporus,GCA_039881115.1
Rhizopus,Rhizopus microsporus,GCA_046865755.1
Rhizopus,Rhizopus microsporus,GCA_051997045.1
Rhizopus,Rhizopus microsporus,GCA_051997065.1
Rhizopus,Rhizopus microsporus,GCA_051997195.1
Rhizopus,Rhizopus microsporus ATCC 52813,GCA_002708625.1
Rhizopus,Rhizopus microsporus B9738,GCA_000697275.1
Rhizopus,Rhizopus microsporus var rhizopodiformus B7455,GCA_000738565.1
Rhizopus,Rhizopus microsporus var. chinensis,GCA_051997165.1
Rhizopus,Rhizopus microsporus var. chinensis CCTCC M201021,GCA_000325505.1
Rhizopus,Rhizopus microsporus var. microsporus,GCA_002083745.1
Rhizopus,Rhizopus microsporus var. microsporus,GCA_051997145.1
Rhizopus,Rhizopus microsporus var. oligosporus,GCA_040206765.1
Rhizopus,Rhizopus microsporus var. rhizopodiformis,GCA_006680115.1
Rhizopus,Rhizopus sp. FBL578,GCA_049863895.1
Rhizopus,Rhizopus sp. PT2906,GCA_025529335.1
Rhizopus,Rhizopus stolonifer,GCA_003325415.1
Rhizopus,Rhizopus stolonifer,GCA_040807145.1
Rhizopus,Rhizopus stolonifer,GCA_054954275.1
Rhizopus,Rhizopus stolonifer B9770,GCA_000697035.1
Rhytidhysteron,Rhytidhysteron rufulum CBS 306.38,GCA_000467735.1
Rosellinia,Rosellinia necatrix,GCA_001445595.3
Rosellinia,Rosellinia necatrix,GCA_021209665.1
Rosellinia,Rosellinia necatrix,GCA_021209685.1
Rosellinia,Rosellinia necatrix,GCA_021209715.1
Rosellinia,Rosellinia necatrix,GCA_021209865.1
Rosellinia,Rosellinia necatrix,GCA_021209875.1
Rosellinia,Rosellinia necatrix,GCA_026420105.1
Schizophyllum,Schizophyllum amplum,GCA_007026445.1
Schizophyllum,Schizophyllum commune,GCA_001599475.1
Schizophyllum,Schizophyllum commune,GCA_003313685.1
Schizophyllum,Schizophyllum commune,GCA_009746445.1
Schizophyllum,Schizophyllum commune,GCA_009746475.1
Schizophyllum,Schizophyllum commune,GCA_009746485.1
Schizophyllum,Schizophyllum commune,GCA_009746505.1
Schizophyllum,Schizophyllum commune,GCA_014900015.1
Schizophyllum,Schizophyllum commune,GCA_019142945.1
Schizophyllum,Schizophyllum commune,GCA_019142955.1
Schizophyllum,Schizophyllum commune,GCA_019142965.1
Schizophyllum,Schizophyllum commune,GCA_019142975.1
Schizophyllum,Schizophyllum commune,GCA_019143045.1
Schizophyllum,Schizophyllum commune,GCA_019143055.1
Schizophyllum,Schizophyllum commune,GCA_019143065.1
Schizophyllum,Schizophyllum commune,GCA_019143075.1
Schizophyllum,Schizophyllum commune,GCA_019143085.1
Schizophyllum,Schizophyllum commune,GCA_019143235.1
Schizophyllum,Schizophyllum commune,GCA_019143245.1
Schizophyllum,Schizophyllum commune,GCA_019143255.1
Schizophyllum,Schizophyllum commune,GCA_019143275.1
Schizophyllum,Schizophyllum commune,GCA_019143295.1
Schizophyllum,Schizophyllum commune,GCA_019143345.1
Schizophyllum,Schizophyllum commune,GCA_019143355.1
Schizophyllum,Schizophyllum commune,GCA_019143365.1
Schizophyllum,Schizophyllum commune,GCA_019143375.1
Schizophyllum,Schizophyllum commune,GCA_019143385.1
Schizophyllum,Schizophyllum commune,GCA_019143565.1
Schizophyllum,Schizophyllum commune,GCA_019143575.1
Schizophyllum,Schizophyllum commune,GCA_019143605.1
Schizophyllum,Schizophyllum commune,GCA_019143615.1
Schizophyllum,Schizophyllum commune,GCA_019143625.1
Schizophyllum,Schizophyllum commune,GCA_024373065.1
Schizophyllum,Schizophyllum commune,GCA_039880695.1
Schizophyllum,Schizophyllum commune,GCA_041438035.1
Schizophyllum,Schizophyllum commune,GCA_041438045.1
Schizophyllum,Schizophyllum commune,GCA_041438055.1
Schizophyllum,Schizophyllum commune,GCA_041438085.1
Schizophyllum,Schizophyllum commune,GCA_041438095.1
Schizophyllum,Schizophyllum commune,GCA_041438155.1
Schizophyllum,Schizophyllum commune,GCA_041438175.1
Schizophyllum,Schizophyllum commune,GCA_049639145.1
Schizophyllum,Schizophyllum commune,GCA_049639205.1
Schizophyllum,Schizophyllum commune,GCA_049639225.1
Schizophyllum,Schizophyllum commune,GCA_049639265.1
Schizophyllum,Schizophyllum commune,GCA_049639285.1
Schizophyllum,Schizophyllum commune,GCA_049639345.1
Schizophyllum,Schizophyllum commune,GCA_049639365.1
Schizophyllum,Schizophyllum commune,GCA_049639405.1
Schizophyllum,Schizophyllum commune H4-8,GCA_000143185.2
Schizophyllum,Schizophyllum commune Loenen D,GCA_023508725.1
Schizophyllum,Schizophyllum commune Tattone D,GCA_023508785.1
Schizophyllum,Schizophyllum fasciatum,GCA_041438165.1
Sclerotinia,Sclerotinia asari,GCA_040437585.1
Sclerotinia,Sclerotinia borealis F-4128,GCA_000503235.1
Sclerotinia,Sclerotinia glacialis,GCA_002162575.1
Sclerotinia,Sclerotinia minor,GCA_024586315.1
Sclerotinia,Sclerotinia minor,GCA_025389075.1
Sclerotinia,Sclerotinia minor,GCA_029034665.1
Sclerotinia,Sclerotinia nivalis,GCA_029531795.1
Sclerotinia,Sclerotinia sativa,GCA_040955825.1
Sclerotinia,Sclerotinia sclerotiorum,GCA_019022465.1
Sclerotinia,Sclerotinia sclerotiorum,GCA_025389095.1
Sclerotinia,Sclerotinia sclerotiorum,GCA_025594185.1
Sclerotinia,Sclerotinia sclerotiorum,GCA_039834425.1
Sclerotinia,Sclerotinia sclerotiorum,GCA_039834435.1
Sclerotinia,Sclerotinia sclerotiorum,GCA_039834445.1
Sclerotinia,Sclerotinia sclerotiorum,GCA_039834455.1
Sclerotinia,Sclerotinia sclerotiorum,GCA_039834465.1
Sclerotinia,Sclerotinia sclerotiorum,GCA_039834475.1
Sclerotinia,Sclerotinia sclerotiorum,GCA_039834485.1
Sclerotinia,Sclerotinia sclerotiorum,GCA_039834495.1
Sclerotinia,Sclerotinia sclerotiorum,GCA_039834505.1
Sclerotinia,Sclerotinia sclerotiorum,GCA_039834515.1
Sclerotinia,Sclerotinia sclerotiorum,GCA_039834535.1
Sclerotinia,Sclerotinia sclerotiorum,GCA_039834545.1
Sclerotinia,Sclerotinia sclerotiorum,GCA_039834555.1
Sclerotinia,Sclerotinia sclerotiorum,GCA_039834565.1
Sclerotinia,Sclerotinia sclerotiorum,GCA_039834585.1
Sclerotinia,Sclerotinia sclerotiorum,GCA_039834605.1
Sclerotinia,Sclerotinia sclerotiorum,GCA_039834615.1
Sclerotinia,Sclerotinia sclerotiorum,GCA_039834625.1
Sclerotinia,Sclerotinia sclerotiorum,GCA_039834635.1
Sclerotinia,Sclerotinia sclerotiorum,GCA_039834685.1
Sclerotinia,Sclerotinia sclerotiorum,GCA_039836405.1
Sclerotinia,Sclerotinia sclerotiorum,GCA_039838925.1
Sclerotinia,Sclerotinia sclerotiorum,GCA_039841415.1
Sclerotinia,Sclerotinia sclerotiorum,GCA_039931285.1
Sclerotinia,Sclerotinia sclerotiorum,GCA_046127885.1
Sclerotinia,Sclerotinia sclerotiorum,GCA_046127935.1
Sclerotinia,Sclerotinia sclerotiorum 1980 UF-70,GCA_000146945.2
Sclerotinia,Sclerotinia sclerotiorum 1980 UF-70,GCA_001857865.1
Sclerotinia,Sclerotinia spermophila,GCA_038090695.1
Sclerotinia,Sclerotinia subarctica,GCA_025389085.1
Sclerotinia,Sclerotinia sulcata,GCA_040955895.1
Sclerotium,,
Septocyta,,
Septoria,Septoria glycines,GCA_047371035.1
Septoria,Septoria glycines,GCA_055755335.1
Septoria,Septoria linicola,GCA_024114885.1
Septoria,Septoria linicola,GCA_024291795.1
Septoria,Septoria petroselini,GCA_022559915.2
Sphaceloma,Sphaceloma murrayae,GCA_002895985.1
Sphacelotheca,,
Sphaerotheca,,
Spongospora,Spongospora subterranea f. sp. subterranea,GCA_049724395.1
Stemphylium,Stemphylium beticola,GCA_029100465.1
Stemphylium,Stemphylium beticola,GCA_029100535.1
Stemphylium,Stemphylium lycopersici,GCA_001191545.2
Stemphylium,Stemphylium lycopersici,GCA_003268315.2
Stemphylium,Stemphylium lycopersici,GCA_003268335.2
Stemphylium,Stemphylium sp. Aa22,GCA_052402475.1
Stemphylium,Stemphylium vesicarium,GCA_004380135.1
Stemphylium,Stemphylium vesicarium,GCA_008271585.1
Stemphylium,Stemphylium vesicarium,GCA_008271615.1
Stemphylium,Stemphylium vesicarium,GCA_037576235.1
Stemphylium,Stemphylium vesicarium,GCA_055672515.1
Stereum,Stereum hirsutum FP-91666 SS1,GCA_000264905.1
Stromatinia,Stromatinia cepivora,GCA_002162485.1
Stromatinia,Stromatinia cepivora,GCA_014898415.1
Taphrina,Taphrina betulina,GCA_008802775.1
Taphrina,Taphrina communis,GCA_005281525.1
Taphrina,Taphrina confusa,GCA_005281535.1
Taphrina,Taphrina deformans,GCA_005281575.1
Taphrina,Taphrina deformans,GCA_005281805.1
Taphrina,Taphrina deformans JCM 22205,GCA_000836155.1
Taphrina,Taphrina deformans PYCC 5710,GCA_000312925.2
Taphrina,Taphrina flavorubra JCM 22207,GCA_000836175.1
Taphrina,Taphrina populina JCM 22190,GCA_000836195.1
Taphrina,Taphrina pruni,GCA_005281585.1
Taphrina,Taphrina sp. SM11,GCA_004000165.1
Taphrina,Taphrina wiesneri,GCA_005281515.1
Taphrina,Taphrina wiesneri JCM 22204,GCA_000836135.1
Thielaviopsis,Thielaviopsis cerberus,GCA_016859225.1
Thielaviopsis,Thielaviopsis ethacetica,GCA_001599055.1
Thielaviopsis,Thielaviopsis euricoi,GCA_001599615.1
Thielaviopsis,Thielaviopsis musarum,GCA_001513885.1
Thielaviopsis,Thielaviopsis populi,GCA_017591655.1
Thielaviopsis,Thielaviopsis punctulata,GCA_000968615.1
Thielaviopsis,Thielaviopsis punctulata,GCA_002925815.1
Thielaviopsis,Thielaviopsis punctulata,GCA_036034705.1
Trametes,Trametes cingulata,GCA_022385765.1
Trametes,Trametes cinnabarina,GCA_000765035.1
Trametes,Trametes cinnabarina,GCA_000787515.1
Trametes,Trametes coccinea BRFM310,GCA_002092935.1
Trametes,Trametes cubensis,GCA_029747595.1
Trametes,Trametes elegans,GCA_022606155.1
Trametes,Trametes gibbosa,GCA_022606055.1
Trametes,Trametes gibbosa,GCA_050924215.1
Trametes,Trametes hirsuta,GCA_001302255.2
Trametes,Trametes hirsuta,GCA_030411785.1
Trametes,Trametes maxima,GCA_022606215.1
Trametes,Trametes meyenii,GCA_022606255.1
Trametes,Trametes polyzona,GCA_001939255.1
Trametes,Trametes polyzona,GCA_022606195.1
Trametes,Trametes pubescens,GCA_001895945.1
Trametes,Trametes punicea,GCA_025528855.1
Trametes,Trametes sanguinea,GCA_008973685.1
Trametes,Trametes sanguinea,GCA_025201895.1
Trametes,Trametes sanguinea,GCA_027596045.1
Trametes,Trametes sanguinea,GCA_050630565.1
Trametes,Trametes sp. AH28-2,GCA_001304625.1
Trametes,Trametes sp. AH28-2,GCA_037041555.1
Trametes,Trametes sp. D JY-2026,GCA_054643275.1
Trametes,Trametes versicolor,GCA_033439235.1
Trametes,Trametes versicolor,GCA_041956555.1
Trametes,Trametes versicolor FP-101664 SS1,GCA_000271585.1
Trametes,Trametes villosa,GCA_002964805.2
Tranzschelia,,
Trichoderma,Trichoderma aethiopicum,GCA_051819885.1
Trichoderma,Trichoderma afarasin,GCA_051819865.1
Trichoderma,Trichoderma afroharzianum,GCA_016490745.1
Trichoderma,Trichoderma afroharzianum,GCA_020736905.1
Trichoderma,Trichoderma afroharzianum,GCA_026401175.1
Trichoderma,Trichoderma afroharzianum,GCA_026401285.1
Trichoderma,Trichoderma afroharzianum,GCA_026401295.1
Trichoderma,Trichoderma afroharzianum,GCA_037893235.1
Trichoderma,Trichoderma aggressivum f. europaeum,GCA_033847375.1
Trichoderma,Trichoderma arundinaceum,GCA_003012105.1
Trichoderma,Trichoderma arundinaceum,GCA_025919625.1
Trichoderma,Trichoderma arundinaceum,GCA_025919645.1
Trichoderma,Trichoderma arundinaceum,GCA_025919665.1
Trichoderma,Trichoderma arundinaceum,GCA_026401185.1
Trichoderma,Trichoderma asperelloides,GCA_021066465.1
Trichoderma,Trichoderma asperelloides,GCA_026401225.1
Trichoderma,Trichoderma asperelloides,GCA_037041575.1
Trichoderma,Trichoderma asperelloides,GCA_052084505.1
Trichoderma,Trichoderma asperellum,GCA_000733085.3
Trichoderma,Trichoderma asperellum,GCA_004154885.1
Trichoderma,Trichoderma asperellum,GCA_013423425.1
Trichoderma,Trichoderma asperellum,GCA_014839745.1
Trichoderma,Trichoderma asperellum,GCA_017945965.1
Trichoderma,Trichoderma asperellum,GCA_019481625.1
Trichoderma,Trichoderma asperellum,GCA_019594925.1
Trichoderma,Trichoderma asperellum,GCA_019594945.1
Trichoderma,Trichoderma asperellum,GCA_020647865.1
Trichoderma,Trichoderma asperellum,GCA_020736895.1
Trichoderma,Trichoderma asperellum,GCA_022817925.1
Trichoderma,Trichoderma asperellum,GCA_023628755.1
Trichoderma,Trichoderma asperellum,GCA_026401105.1
Trichoderma,Trichoderma asperellum,GCA_034769445.1
Trichoderma,Trichoderma asperellum,GCA_036173025.1
Trichoderma,Trichoderma asperellum,GCA_037177835.1
Trichoderma,Trichoderma asperellum,GCA_037954425.1
Trichoderma,Trichoderma asperellum,GCA_039880885.1
Trichoderma,Trichoderma asperellum,GCA_048182565.1
Trichoderma,Trichoderma asperellum,GCA_049345875.1
Trichoderma,Trichoderma asperellum,GCA_051820435.1
Trichoderma,Trichoderma asperellum,GCA_052058355.1
Trichoderma,Trichoderma asperellum,GCA_054127785.1
Trichoderma,Trichoderma asperellum CBS 433.97,GCA_003025105.1
Trichoderma,Trichoderma atrobrunneum,GCA_003439915.1
Trichoderma,Trichoderma atroviride,GCA_000963795.1
Trichoderma,Trichoderma atroviride,GCA_001599035.1
Trichoderma,Trichoderma atroviride,GCA_002916895.1
Trichoderma,Trichoderma atroviride,GCA_019297715.1
Trichoderma,Trichoderma atroviride,GCA_020466355.1
Trichoderma,Trichoderma atroviride,GCA_020647795.1
Trichoderma,Trichoderma atroviride,GCA_028554805.1
Trichoderma,Trichoderma atroviride,GCA_040333345.1
Trichoderma,Trichoderma atroviride,GCA_041053265.1
Trichoderma,Trichoderma atroviride,GCA_041380925.1
Trichoderma,Trichoderma atroviride,GCA_051527675.1
Trichoderma,Trichoderma atroviride,GCA_051557965.1
Trichoderma,Trichoderma atroviride IMI 206040,GCA_000171015.2
Trichoderma,Trichoderma austrokoningii,GCA_051820515.1
Trichoderma,Trichoderma barbatum,GCA_051820595.1
Trichoderma,Trichoderma breve,GCA_028502605.1
Trichoderma,Trichoderma brevicompactum,GCA_003012085.1
Trichoderma,Trichoderma brevicrassum,GCA_017311225.1
Trichoderma,Trichoderma camerunense,GCA_050948025.1
Trichoderma,Trichoderma carraovejensis (nom. inval.),GCA_042257455.1
Trichoderma,Trichoderma ceciliae,GCA_051819845.1
Trichoderma,Trichoderma cf. simile WF8,GCA_048183105.1
Trichoderma,Trichoderma chlorosporum,GCA_051820575.1
Trichoderma,Trichoderma citrinoviride,GCA_003025115.1
Trichoderma,Trichoderma citrinoviride,GCA_022813565.1
Trichoderma,Trichoderma citrinoviride,GCA_022813585.1
Trichoderma,Trichoderma citrinoviride,GCA_047301815.1
Trichoderma,Trichoderma citrinoviride,GCA_052425715.1
Trichoderma,Trichoderma compactum,GCA_051820635.1
Trichoderma,Trichoderma cornu-damae,GCA_020631695.1
Trichoderma,Trichoderma deliquescens,GCA_053477205.1
Trichoderma,Trichoderma endophyticum,GCA_035079495.1
Trichoderma,Trichoderma endophyticum,GCA_035079515.1
Trichoderma,Trichoderma endophyticum,GCA_035079535.1
Trichoderma,Trichoderma endophyticum,GCA_035079625.1
Trichoderma,Trichoderma erinaceum,GCA_013365115.1
Trichoderma,Trichoderma erinaceum,GCA_026401215.1
Trichoderma,Trichoderma evansii,GCA_050947405.1
Trichoderma,Trichoderma gamsii,GCA_001481775.2
Trichoderma,Trichoderma gamsii,GCA_002894205.1
Trichoderma,Trichoderma gamsii,GCA_049996675.1
Trichoderma,Trichoderma ghanense,GCA_004382785.1
Trichoderma,Trichoderma gracile,GCA_020002365.1
Trichoderma,Trichoderma gracile,GCA_051819905.1
Trichoderma,Trichoderma guizhouense,GCA_002022785.1
Trichoderma,Trichoderma hamatum,GCA_018804165.1
Trichoderma,Trichoderma hamatum,GCA_046127165.1
Trichoderma,Trichoderma hamatum,GCA_046629995.1
Trichoderma,Trichoderma hamatum,GCA_049996655.1
Trichoderma,Trichoderma hamatum,GCA_054127445.1
Trichoderma,Trichoderma hamatum GD12,GCA_000331835.2
Trichoderma,Trichoderma harzianum,GCA_000988865.1
Trichoderma,Trichoderma harzianum,GCA_001990665.1
Trichoderma,Trichoderma harzianum,GCA_002838845.1
Trichoderma,Trichoderma harzianum,GCA_002894145.1
Trichoderma,Trichoderma harzianum,GCA_010015525.1
Trichoderma,Trichoderma harzianum,GCA_019097725.1
Trichoderma,Trichoderma harzianum,GCA_019393575.1
Trichoderma,Trichoderma harzianum,GCA_021186515.1
Trichoderma,Trichoderma harzianum,GCA_022788495.1
Trichoderma,Trichoderma harzianum,GCA_023628795.1
Trichoderma,Trichoderma harzianum,GCA_025502635.1
Trichoderma,Trichoderma harzianum,GCA_026003955.1
Trichoderma,Trichoderma harzianum,GCA_029844195.1
Trichoderma,Trichoderma harzianum,GCA_033847385.1
Trichoderma,Trichoderma harzianum,GCA_043790325.1
Trichoderma,Trichoderma harzianum,GCA_044337915.1
Trichoderma,Trichoderma harzianum,GCA_044646125.1
Trichoderma,Trichoderma harzianum,GCA_044646135.1
Trichoderma,Trichoderma harzianum,GCA_044646215.1
Trichoderma,Trichoderma harzianum,GCA_044646245.1
Trichoderma,Trichoderma harzianum,GCA_044646275.1
Trichoderma,Trichoderma harzianum,GCA_044646315.1
Trichoderma,Trichoderma harzianum,GCA_049863215.1
Trichoderma,Trichoderma harzianum,GCA_049996715.1
Trichoderma,Trichoderma harzianum,GCA_049996735.1
Trichoderma,Trichoderma harzianum CBS 226.95,GCA_003025095.1
Trichoderma,Trichoderma koningii,GCA_001950475.1
Trichoderma,Trichoderma koningiopsis,GCA_002246955.1
Trichoderma,Trichoderma koningiopsis,GCA_022984945.1
Trichoderma,Trichoderma koningiopsis,GCA_022984975.1
Trichoderma,Trichoderma koningiopsis,GCA_022985005.1
Trichoderma,Trichoderma koningiopsis,GCA_030247165.1
Trichoderma,Trichoderma koningiopsis,GCA_046255345.1
Trichoderma,Trichoderma koningiopsis,GCA_048164925.1
Trichoderma,Trichoderma koningiopsis,GCA_049996625.1
Trichoderma,Trichoderma koningiopsis,GCA_049996695.1
Trichoderma,Trichoderma lentiforme,GCA_011066345.1
Trichoderma,Trichoderma lixii,GCA_014468695.1
Trichoderma,Trichoderma lixii,GCA_040333435.2
Trichoderma,Trichoderma longibrachiatum,GCA_023628815.1
Trichoderma,Trichoderma longibrachiatum,GCA_026259275.1
Trichoderma,Trichoderma longibrachiatum,GCA_026401255.1
Trichoderma,Trichoderma longibrachiatum,GCA_030770505.1
Trichoderma,Trichoderma longibrachiatum,GCA_037041935.1
Trichoderma,Trichoderma longibrachiatum,GCA_046056055.1
Trichoderma,Trichoderma longibrachiatum,GCA_050437055.1
Trichoderma,Trichoderma longibrachiatum,GCA_050947385.1
Trichoderma,Trichoderma longibrachiatum,GCA_055474055.1
Trichoderma,Trichoderma longibrachiatum ATCC 18648,GCA_003025155.1
Trichoderma,Trichoderma longibrachiatum SMF2,GCA_000332775.1
Trichoderma,Trichoderma novae-zelandiae,GCA_050948085.1
Trichoderma,Trichoderma oligosporum,GCA_015266385.1
Trichoderma,Trichoderma orchidacearum,GCA_023653515.1
Trichoderma,Trichoderma parareesei,GCA_001050175.1
Trichoderma,Trichoderma parareesei,GCA_033030045.1
Trichoderma,Trichoderma pleuroti,GCA_001721665.1
Trichoderma,Trichoderma pleuroticola,GCA_050703535.1
Trichoderma,Trichoderma polysporum,GCA_030278935.1
Trichoderma,Trichoderma reesei,GCA_001999515.1
Trichoderma,Trichoderma reesei,GCA_004762065.1
Trichoderma,Trichoderma reesei,GCA_009835125.1
Trichoderma,Trichoderma reesei,GCA_016806755.1
Trichoderma,Trichoderma reesei,GCA_016806775.1
Trichoderma,Trichoderma reesei,GCA_016806795.1
Trichoderma,Trichoderma reesei,GCA_016806815.1
Trichoderma,Trichoderma reesei,GCA_016806875.1
Trichoderma,Trichoderma reesei,GCA_026225705.1
Trichoderma,Trichoderma reesei,GCA_026225735.1
Trichoderma,Trichoderma reesei,GCA_028870645.1
Trichoderma,Trichoderma reesei,GCA_028870775.1
Trichoderma,Trichoderma reesei,GCA_028870925.1
Trichoderma,Trichoderma reesei,GCA_028871095.1
Trichoderma,Trichoderma reesei,GCA_028871335.1
Trichoderma,Trichoderma reesei,GCA_028871515.1
Trichoderma,Trichoderma reesei,GCA_038428105.1
Trichoderma,Trichoderma reesei,GCA_042257965.1
Trichoderma,Trichoderma reesei,GCA_047716415.1
Trichoderma,Trichoderma reesei,GCA_047716435.1
Trichoderma,Trichoderma reesei,GCA_047716445.1
Trichoderma,Trichoderma reesei,GCA_047716485.1
Trichoderma,Trichoderma reesei,GCA_052818895.1
Trichoderma,Trichoderma reesei,GCA_054161515.1
Trichoderma,Trichoderma reesei,GCA_054161545.1
Trichoderma,Trichoderma reesei,GCA_054162035.1
Trichoderma,Trichoderma reesei,GCA_054162085.1
Trichoderma,Trichoderma reesei QM6a,GCA_000167675.2
Trichoderma,Trichoderma reesei QM6a,GCA_002006585.1
Trichoderma,Trichoderma reesei RUT C-30,GCA_000513815.1
Trichoderma,Trichoderma semiorbis,GCA_020045945.2
Trichoderma,Trichoderma simmonsii,GCA_019565615.1
Trichoderma,Trichoderma sp. 2475,GCA_038502285.1
Trichoderma,Trichoderma sp. 5c.a.2,GCA_055797535.1
Trichoderma,Trichoderma sp. AM6,GCA_051624595.1
Trichoderma,Trichoderma sp. Al-21,GCA_055797575.1
Trichoderma,Trichoderma sp. Al-29,GCA_055797475.1
Trichoderma,Trichoderma sp. BMH-0061,GCA_030015385.1
Trichoderma,Trichoderma sp. CAU-M14,GCA_046056035.1
Trichoderma,Trichoderma sp. CBMAI-0020,GCA_030708095.1
Trichoderma,Trichoderma sp. CBMAI-0179,GCA_029844175.1
Trichoderma,Trichoderma sp. CBMAI-0711,GCA_030708105.1
Trichoderma,Trichoderma sp. IMV 00454,GCA_001931985.1
Trichoderma,Trichoderma sp. MLT1J1,GCA_022817935.1
Trichoderma,Trichoderma sp. PF4103,GCA_023628735.1
Trichoderma,Trichoderma sp. PKRF1,GCA_043381675.1
Trichoderma,Trichoderma sp. SK1-7,GCA_050948275.1
Trichoderma,Trichoderma sp. SZMC 28011,GCA_054367885.1
Trichoderma,Trichoderma sp. SZMC 28012,GCA_050947985.1
Trichoderma,Trichoderma sp. SZMC 28013,GCA_050948005.1
Trichoderma,Trichoderma sp. SZMC 28014,GCA_051820695.1
Trichoderma,Trichoderma sp. SZMC 28015,GCA_050948045.1
Trichoderma,Trichoderma sp. T77,GCA_051820545.1
Trichoderma,Trichoderma sp. TUCIM 5745,GCA_051820155.1
Trichoderma,Trichoderma sp. TW21990_1,GCA_010015515.1
Trichoderma,Trichoderma velutinum,GCA_051820675.1
Trichoderma,Trichoderma virens,GCA_001835465.2
Trichoderma,Trichoderma virens,GCA_013009365.1
Trichoderma,Trichoderma virens,GCA_020647635.1
Trichoderma,Trichoderma virens,GCA_023634465.1
Trichoderma,Trichoderma virens,GCA_026401235.1
Trichoderma,Trichoderma virens,GCA_036169685.1
Trichoderma,Trichoderma virens FT-333,GCA_000800515.1
Trichoderma,Trichoderma virens FT-333,GCA_020647705.1
Trichoderma,Trichoderma virens Gv29-8,GCA_000170995.2
Trichoderma,Trichoderma viride,GCA_007896495.1
Trichoderma,Trichoderma viride,GCA_036169675.1
Trichoderma,Trichoderma viride,GCA_037893215.1
Trichoderma,Trichoderma viride,GCA_052570025.1
Trichoderma,Trichoderma viride,GCA_052570055.1
Trichoderma,Trichoderma viride,GCA_052570065.1
Trichoderma,Trichoderma viride,GCA_052570145.1
Trichoderma,Trichoderma viride,GCA_052571625.1
Trichoderma,Trichoderma virilente,GCA_046580765.1
Trichoderma,Trichoderma yunnanense,GCA_045838185.1
Uromyces,Uromyces transversalis,GCA_002994555.1
Uromyces,Uromyces transversalis,GCA_002994575.1
Uromyces,Uromyces transversalis,GCA_002994595.1
Uromyces,Uromyces viciae-fabae,GCA_000785685.1
Ustilago,Ustilago crameri,GCA_024271935.1
Ustilago,Ustilago crameri,GCA_033846815.1
Ustilago,Ustilago cynodontis,GCA_001676635.1
Ustilago,Ustilago cynodontis,GCA_001736195.1
Ustilago,Ustilago esculenta,GCA_000819925.1
Ustilago,Ustilago esculenta,GCA_020827535.1
Ustilago,Ustilago hordei,GCA_000286035.1
Ustilago,Ustilago hordei,GCA_002992925.1
Ustilago,Ustilago hordei,GCA_003012045.1
Ustilago,Ustilago hordei,GCA_022749175.1
Ustilago,Ustilago hordei,GCA_023212755.1
Ustilago,Ustilago hordei,GCA_023748715.1
Ustilago,Ustilago hordei,GCA_023748725.1
Ustilago,Ustilago hordei,GCA_023748735.1
Ustilago,Ustilago hordei,GCA_023748765.1
Ustilago,Ustilago hordei,GCA_023748825.1
Ustilago,Ustilago loliicola,GCA_022963135.1
Ustilago,Ustilago nuda,GCA_022963125.1
Ustilago,Ustilago shanxiensis,GCA_019972555.1
Ustilago,Ustilago sp. HFJ311,GCA_044705895.1
Ustilago,Ustilago trichophora,GCA_001654535.1
Ustilago,Ustilago tritici,GCA_002993085.1
Ustilago,Ustilago tritici,GCA_022963115.1
Ustilago,Ustilago tritici,GCA_023213265.1
Ustilago,Ustilago vetiveriae,GCA_001735935.1
Ustilago,Ustilago xerochloae,GCA_001736075.1
Ustulina,Ustulina deusta,GCA_002081935.3
Ustulina,Ustulina deusta,GCA_022496955.1
Ustulina,Ustulina deusta,GCA_023159155.1
Venturia,Venturia asperata,GCA_003689065.1
Venturia,Venturia asperata,GCA_003689335.1
Venturia,Venturia asperata,GCA_003690305.1
Venturia,Venturia aucupariae,GCA_003693225.1
Venturia,Venturia canescens,GCA_019457755.1
Venturia,Venturia carpophila,GCA_001990985.1
Venturia,Venturia carpophila,GCA_014858625.1
Venturia,Venturia effusa,GCA_001901625.1
Venturia,Venturia effusa,GCA_007735645.1
Venturia,Venturia inaequalis,GCA_001857725.1
Venturia,Venturia inaequalis,GCA_002148275.1
Venturia,Venturia inaequalis,GCA_002148295.1
Venturia,Venturia inaequalis,GCA_002148305.1
Venturia,Venturia inaequalis,GCA_003351075.1
Venturia,Venturia inaequalis,GCA_003689035.1
Venturia,Venturia inaequalis,GCA_003689055.1
Venturia,Venturia inaequalis,GCA_003689075.1
Venturia,Venturia inaequalis,GCA_003689095.1
Venturia,Venturia inaequalis,GCA_003689115.1
Venturia,Venturia inaequalis,GCA_003689135.1
Venturia,Venturia inaequalis,GCA_003689165.1
Venturia,Venturia inaequalis,GCA_003689185.1
Venturia,Venturia inaequalis,GCA_003689205.1
Venturia,Venturia inaequalis,GCA_003689225.1
Venturia,Venturia inaequalis,GCA_003689245.1
Venturia,Venturia inaequalis,GCA_003689265.1
Venturia,Venturia inaequalis,GCA_003689285.1
Venturia,Venturia inaequalis,GCA_003689305.1
Venturia,Venturia inaequalis,GCA_003689325.1
Venturia,Venturia inaequalis,GCA_003689355.1
Venturia,Venturia inaequalis,GCA_003689395.1
Venturia,Venturia inaequalis,GCA_003689415.1
Venturia,Venturia inaequalis,GCA_003689435.1
Venturia,Venturia inaequalis,GCA_003690195.1
Venturia,Venturia inaequalis,GCA_003690215.1
Venturia,Venturia inaequalis,GCA_003690235.1
Venturia,Venturia inaequalis,GCA_003690255.1
Venturia,Venturia inaequalis,GCA_003690275.1
Venturia,Venturia inaequalis,GCA_003690295.1
Venturia,Venturia inaequalis,GCA_003690315.1
Venturia,Venturia inaequalis,GCA_003690335.1
Venturia,Venturia inaequalis,GCA_003690365.1
Venturia,Venturia inaequalis,GCA_003690385.1
Venturia,Venturia inaequalis,GCA_003690405.1
Venturia,Venturia inaequalis,GCA_003690415.1
Venturia,Venturia inaequalis,GCA_003690435.1
Venturia,Venturia inaequalis,GCA_003690455.1
Venturia,Venturia inaequalis,GCA_003690475.1
Venturia,Venturia inaequalis,GCA_003690505.1
Venturia,Venturia inaequalis,GCA_003690525.1
Venturia,Venturia inaequalis,GCA_003690545.1
Venturia,Venturia inaequalis,GCA_003690565.1
Venturia,Venturia inaequalis,GCA_003690585.1
Venturia,Venturia inaequalis,GCA_003690605.1
Venturia,Venturia inaequalis,GCA_003690625.1
Venturia,Venturia inaequalis,GCA_003690645.1
Venturia,Venturia inaequalis,GCA_003690685.1
Venturia,Venturia inaequalis,GCA_003690705.1
Venturia,Venturia inaequalis,GCA_003690725.1
Venturia,Venturia inaequalis,GCA_003690745.1
Venturia,Venturia inaequalis,GCA_003690765.1
Venturia,Venturia inaequalis,GCA_003690785.1
Venturia,Venturia inaequalis,GCA_003690805.1
Venturia,Venturia inaequalis,GCA_003690815.1
Venturia,Venturia inaequalis,GCA_003690845.1
Venturia,Venturia inaequalis,GCA_003690855.1
Venturia,Venturia inaequalis,GCA_003690865.1
Venturia,Venturia inaequalis,GCA_003690885.1
Venturia,Venturia inaequalis,GCA_003690905.1
Venturia,Venturia inaequalis,GCA_003690925.1
Venturia,Venturia inaequalis,GCA_003691015.1
Venturia,Venturia inaequalis,GCA_003691035.1
Venturia,Venturia inaequalis,GCA_003691055.1
Venturia,Venturia inaequalis,GCA_003691075.1
Venturia,Venturia inaequalis,GCA_003691095.1
Venturia,Venturia inaequalis,GCA_003691115.1
Venturia,Venturia inaequalis,GCA_003691135.1
Venturia,Venturia inaequalis,GCA_003691165.1
Venturia,Venturia inaequalis,GCA_003691185.1
Venturia,Venturia inaequalis,GCA_003691195.1
Venturia,Venturia inaequalis,GCA_003691215.1
Venturia,Venturia inaequalis,GCA_003691235.1
Venturia,Venturia inaequalis,GCA_003691255.1
Venturia,Venturia inaequalis,GCA_003691275.1
Venturia,Venturia inaequalis,GCA_003691295.1
Venturia,Venturia inaequalis,GCA_003691305.1
Venturia,Venturia inaequalis,GCA_003693075.1
Venturia,Venturia inaequalis,GCA_003693105.1
Venturia,Venturia inaequalis,GCA_003693125.1
Venturia,Venturia inaequalis,GCA_003693145.1
Venturia,Venturia inaequalis,GCA_003693165.1
Venturia,Venturia inaequalis,GCA_003693185.1
Venturia,Venturia inaequalis,GCA_003693205.1
Venturia,Venturia inaequalis,GCA_003693245.1
Venturia,Venturia inaequalis,GCA_009769405.1
Venturia,Venturia inaequalis,GCA_009769425.1
Venturia,Venturia inaequalis,GCA_009769445.1
Venturia,Venturia inaequalis,GCA_040805655.1
Venturia,Venturia inaequalis,GCA_040805975.1
Venturia,Venturia nashicola,GCA_004522655.2
Venturia,Venturia nashicola,GCA_004522665.1
Venturia,Venturia nashicola,GCA_006232225.1
Venturia,Venturia oleaginea,GCA_013176395.1
Venturia,Venturia pyrina,GCA_003690945.1
Venturia,Venturia pyrina,GCA_003690965.1
Venturia,Venturia pyrina,GCA_003690985.1
Venturia,Venturia pyrina,GCA_023079195.1
Venturia,Venturia pyrina ICMP 11032,GCA_000738655.1
Verticillium,Verticillium albo-atrum,GCA_002851705.1
Verticillium,Verticillium albo-atrum,GCA_024085555.1
Verticillium,Verticillium albo-atrum,GCA_049907295.1
Verticillium,Verticillium albo-atrum,GCA_050229555.1
Verticillium,Verticillium albo-atrum,GCA_052569915.1
Verticillium,Verticillium albo-atrum,GCA_052569925.1
Verticillium,Verticillium alfalfae,GCA_002851655.1
Verticillium,Verticillium alfalfae VaMs.102,GCA_000150825.1
Verticillium,Verticillium dahliae,GCA_002370995.1
Verticillium,Verticillium dahliae,GCA_002892985.1
Verticillium,Verticillium dahliae,GCA_002892995.1
Verticillium,Verticillium dahliae,GCA_002893025.1
Verticillium,Verticillium dahliae,GCA_002893035.1
Verticillium,Verticillium dahliae,GCA_002893045.1
Verticillium,Verticillium dahliae,GCA_003320035.1
Verticillium,Verticillium dahliae,GCA_004109745.1
Verticillium,Verticillium dahliae,GCA_004798885.1
Verticillium,Verticillium dahliae,GCA_004798895.1
Verticillium,Verticillium dahliae,GCA_009663885.1
Verticillium,Verticillium dahliae,GCA_009757105.1
Verticillium,Verticillium dahliae,GCA_011032845.1
Verticillium,Verticillium dahliae,GCA_011032865.1
Verticillium,Verticillium dahliae,GCA_011032905.1
Verticillium,Verticillium dahliae,GCA_011032945.1
Verticillium,Verticillium dahliae,GCA_011032955.1
Verticillium,Verticillium dahliae,GCA_011032965.1
Verticillium,Verticillium dahliae,GCA_011032985.1
Verticillium,Verticillium dahliae,GCA_011033005.1
Verticillium,Verticillium dahliae,GCA_013170945.1
Verticillium,Verticillium dahliae,GCA_018140825.1
Verticillium,Verticillium dahliae,GCA_018140845.1
Verticillium,Verticillium dahliae,GCA_018440605.1
Verticillium,Verticillium dahliae,GCA_018440625.1
Verticillium,Verticillium dahliae,GCA_018440635.1
Verticillium,Verticillium dahliae,GCA_018440645.1
Verticillium,Verticillium dahliae,GCA_018440655.1
Verticillium,Verticillium dahliae,GCA_018440705.1
Verticillium,Verticillium dahliae,GCA_018982765.1
Verticillium,Verticillium dahliae,GCA_018982865.1
Verticillium,Verticillium dahliae,GCA_020726535.1
Verticillium,Verticillium dahliae,GCA_024085535.1
Verticillium,Verticillium dahliae,GCA_026937705.1
Verticillium,Verticillium dahliae,GCA_029607785.1
Verticillium,Verticillium dahliae,GCA_029607795.1
Verticillium,Verticillium dahliae,GCA_029607805.1
Verticillium,Verticillium dahliae,GCA_029607815.1
Verticillium,Verticillium dahliae,GCA_029607825.1
Verticillium,Verticillium dahliae,GCA_029607885.1
Verticillium,Verticillium dahliae,GCA_030450075.1
Verticillium,Verticillium dahliae,GCA_034408665.1
Verticillium,Verticillium dahliae,GCA_050229575.1
Verticillium,Verticillium dahliae,GCA_050229635.1
Verticillium,Verticillium dahliae,GCA_050229655.1
Verticillium,Verticillium dahliae,GCA_050229675.1
Verticillium,Verticillium dahliae,GCA_050229755.1
Verticillium,Verticillium dahliae,GCA_050229775.1
Verticillium,Verticillium dahliae,GCA_050229795.1
Verticillium,Verticillium dahliae,GCA_050229905.1
Verticillium,Verticillium dahliae,GCA_050229925.1
Verticillium,Verticillium dahliae,GCA_051257705.1
Verticillium,Verticillium dahliae,GCA_051257765.1
Verticillium,Verticillium dahliae,GCA_054182925.1
Verticillium,Verticillium dahliae,GCA_054824625.1
Verticillium,Verticillium dahliae,GCA_054858055.1
Verticillium,Verticillium dahliae JR2,GCA_000400815.2
Verticillium,Verticillium dahliae VDG1,GCA_011066465.2
Verticillium,Verticillium dahliae VDG2,GCA_011066485.2
Verticillium,Verticillium dahliae VdLs.17,GCA_000150675.2
Verticillium,Verticillium dahliae VdLs.17,GCA_000952015.1
Verticillium,Verticillium isaacii,GCA_002851775.1
Verticillium,Verticillium isaacii,GCA_050229595.1
Verticillium,Verticillium isaacii,GCA_051257715.1
Verticillium,Verticillium isaacii,GCA_051257725.1
Verticillium,Verticillium klebahnii,GCA_002851715.1
Verticillium,Verticillium klebahnii,GCA_050229475.1
Verticillium,Verticillium longisporum,GCA_001268145.1
Verticillium,Verticillium longisporum,GCA_001268165.1
Verticillium,Verticillium longisporum,GCA_018994065.1
Verticillium,Verticillium longisporum,GCA_018994095.1
Verticillium,Verticillium longisporum,GCA_018994105.1
Verticillium,Verticillium longisporum,GCA_019188255.1
Verticillium,Verticillium longisporum,GCA_019188265.1
Verticillium,Verticillium longisporum,GCA_019188275.1
Verticillium,Verticillium longisporum,GCA_054999325.1
Verticillium,Verticillium longisporum,GCA_054999335.1
Verticillium,Verticillium longisporum,GCA_054999455.1
Verticillium,Verticillium longisporum,GCA_054999505.1
Verticillium,Verticillium longisporum,GCA_054999535.1
Verticillium,Verticillium longisporum,GCA_054999605.1
Verticillium,Verticillium longisporum,GCA_054999695.1
Verticillium,Verticillium longisporum,GCA_054999705.1
Verticillium,Verticillium longisporum,GCA_054999815.1
Verticillium,Verticillium longisporum,GCA_054999845.1
Verticillium,Verticillium longisporum,GCA_054999865.1
Verticillium,Verticillium longisporum,GCA_054999965.1
Verticillium,Verticillium longisporum,GCA_055000015.1
Verticillium,Verticillium nonalfalfae,GCA_002776445.1
Verticillium,Verticillium nonalfalfae,GCA_003724135.2
Verticillium,Verticillium nonalfalfae,GCA_006288515.3
Verticillium,Verticillium nonalfalfae,GCA_009653595.1
Verticillium,Verticillium nonalfalfae,GCA_009653615.2
Verticillium,Verticillium nonalfalfae,GCA_019551875.1
Verticillium,Verticillium nonalfalfae,GCA_019553885.1
Verticillium,Verticillium nonalfalfae,GCA_024085605.1
Verticillium,Verticillium nonalfalfae,GCA_052426695.1
Verticillium,Verticillium nonalfalfae,GCA_052569935.1
Verticillium,Verticillium nonalfalfae,GCA_052571055.1
Verticillium,Verticillium nonalfalfae,GCA_052571105.1
Verticillium,Verticillium nonalfalfae,GCA_052571115.1
Verticillium,Verticillium nonalfalfae,GCA_052571205.1
Verticillium,Verticillium nonalfalfae,GCA_052571225.1
Verticillium,Verticillium nonalfalfae,GCA_052571255.1
Verticillium,Verticillium nonalfalfae,GCA_052571295.1
Verticillium,Verticillium nonalfalfae,GCA_052571305.1
Verticillium,Verticillium nonalfalfae,GCA_052571405.1
Verticillium,Verticillium nonalfalfae,GCA_052571445.1
Verticillium,Verticillium nonalfalfae,GCA_052571455.1
Verticillium,Verticillium nonalfalfae,GCA_052571485.1
Verticillium,Verticillium nonalfalfae,GCA_052571575.1
Verticillium,Verticillium nubilum,GCA_002851675.1
Verticillium,Verticillium nubilum,GCA_050230855.1
Verticillium,Verticillium tricorpus,GCA_002851695.1
Verticillium,Verticillium tricorpus MUCL 9792,GCA_000732205.1
Verticillium,Verticillium zaregamsianum,GCA_002851755.1
Verticillium,Verticillium zaregamsianum,GCA_050229435.1
Verticillium,Verticillium zaregamsianum,GCA_054999315.1
Zythia,,
