assembly_id,organism_name,is_fungi,match_method,genbank_group,assembly_level,genbank_assembly_accession,refseq_paired_assembly,genbank_organism_name
GCA_000359685.2,Pyrenochaeta sp. UM 256,Y,assembly_exact,fungi,Scaffold,GCA_000359685.2,na,Pyrenochaeta sp. UM 256
GCA_000733025.2,Penicillium nordicum,Y,assembly_versionless,fungi,Scaffold,GCA_000733025.3,na,Penicillium nordicum
GCA_000733645.1,Beauveria rudraprayagi,Y,assembly_exact,fungi,Contig,GCA_000733645.1,na,Beauveria rudraprayagi
GCA_000827315.1,Piloderma croceum,Y,assembly_exact,fungi,Scaffold,GCA_000827315.1,na,Piloderma croceum F 1598
GCA_000950635.1,Mrakia blollopis,Y,assembly_exact,fungi,Contig,GCA_000950635.1,na,Mrakia blollopis
GCA_001599115.1,[Candida] sorboxylosa,Y,assembly_exact,fungi,Scaffold,GCA_001599115.1,na,Pichia sorboxylosa
GCA_001630435.1,Sporothrix globosa,Y,assembly_exact,fungi,Scaffold,GCA_001630435.1,na,Sporothrix globosa
GCA_002946385.1,Rutstroemia sp. NJR-2017a WRK4,Y,assembly_exact,fungi,Contig,GCA_002946385.1,na,Rutstroemia sp. NJR-2017a WRK4
GCA_003116535.1,Paecilomyces niveus,Y,assembly_exact,fungi,Scaffold,GCA_003116535.1,na,Paecilomyces niveus
GCA_004114325.1,Zoophagus insidians,Y,assembly_exact,fungi,Scaffold,GCA_004114325.1,na,Zoophagus insidians
GCA_004156025.2,Alternaria gaisen,Y,assembly_exact,fungi,Contig,GCA_004156025.2,na,Alternaria gaisen
GCA_009805295.1,Neurospora sp. FGSC 6877,Y,assembly_exact,fungi,Scaffold,GCA_009805295.1,na,Neurospora sp. FGSC 6877
GCA_009938135.1,Malassezia furfur,Y,assembly_exact,fungi,Complete Genome,GCA_009938135.1,na,Malassezia furfur
GCA_012934285.1,Ophiocordyceps sinensis,Y,assembly_exact,fungi,Contig,GCA_012934285.1,na,Ophiocordyceps sinensis
GCA_014826065.1,Anthracocystis panici-leucophaei,Y,assembly_exact,fungi,Complete Genome,GCA_014826065.1,na,Anthracocystis panici-leucophaei
GCA_014964245.1,Nannizziopsis barbatae,Y,assembly_exact,fungi,Contig,GCA_014964245.1,na,Nannizziopsis barbatae
GCA_017139535.1,Trichocladium uniseriatum,Y,assembly_exact,fungi,Contig,GCA_017139535.1,na,Trichocladium uniseriatum
GCA_018417955.1,Laccaria trichodermophora,Y,assembly_exact,fungi,Scaffold,GCA_018417955.1,na,Laccaria trichodermophora
GCA_019188255.1,Verticillium longisporum,Y,assembly_exact,fungi,Scaffold,GCA_019188255.1,na,Verticillium longisporum
GCA_019327925.1,Leucocoprinus sp. KB1807203,Y,assembly_exact,fungi,Contig,GCA_019327925.1,na,Leucocoprinus sp. KB1807203
GCA_019431265.1,Saccharomyces bayanus,Y,assembly_exact,fungi,Complete Genome,GCA_019431265.1,na,Saccharomyces bayanus
GCA_019904355.1,Psilocybe tampanensis,Y,assembly_exact,fungi,Scaffold,GCA_019904355.1,na,Psilocybe tampanensis
GCA_022432505.1,Xylariales sp. AK1849,Y,assembly_exact,fungi,Contig,GCA_022432505.1,na,Xylariales sp. AK1849
GCA_022496195.1,Lactifluus subvellereus,Y,assembly_exact,fungi,Contig,GCA_022496195.1,na,Lactifluus subvellereus
GCA_022661535.1,Eutypa lata,Y,assembly_exact,fungi,Contig,GCA_022661535.1,na,Eutypa lata
GCA_022813745.1,Naganishia kalamii,Y,assembly_exact,fungi,Scaffold,GCA_022813745.1,na,Naganishia kalamii
GCA_023628275.1,Rhodotorula sp. M30-05A-2,Y,assembly_exact,fungi,Scaffold,GCA_023628275.1,na,Rhodotorula sp. M30-05A-2
GCA_024195185.1,Coniferiporia weirii,Y,assembly_exact,fungi,Scaffold,GCA_024195185.1,na,Coniferiporia weirii
GCA_025399235.1,Backusella circina,Y,assembly_exact,fungi,Scaffold,GCA_025399235.1,na,Backusella circina FSU 941
GCA_027578015.1,Coemansia sp. RSA 2618,Y,assembly_exact,fungi,Scaffold,GCA_027578015.1,na,Coemansia sp. RSA 2618
GCA_027579055.1,Coemansia interrupta,Y,assembly_exact,fungi,Scaffold,GCA_027579055.1,na,Coemansia interrupta
GCA_029299245.1,Leptographium wingfieldii,Y,assembly_exact,fungi,Scaffold,GCA_029299245.1,na,Leptographium wingfieldii
GCA_029945375.1,Agaricus subrufescens,Y,assembly_exact,fungi,Chromosome,GCA_029945375.1,na,Agaricus subrufescens
GCA_030168465.1,Pichia terricola,Y,assembly_exact,fungi,Complete Genome,GCA_030168465.1,na,Pichia terricola
GCA_030386735.1,Alternosema astaquatica,Y,assembly_exact,fungi,Contig,GCA_030386735.1,na,Alternosema astaquatica
GCA_030560905.1,Saturnispora diversa,Y,assembly_exact,fungi,Scaffold,GCA_030560905.1,na,Saturnispora diversa
GCA_030564885.1,Metschnikowia kofuensis (nom. inval.),Y,assembly_exact,fungi,Scaffold,GCA_030564885.1,na,Metschnikowia kofuensis (nom. inval.)
GCA_030568365.1,Myxozyma kluyveri,Y,assembly_exact,fungi,Scaffold,GCA_030568365.1,na,Myxozyma kluyveri
GCA_030570455.1,Priceomyces medius,Y,assembly_exact,fungi,Scaffold,GCA_030570455.1,na,Priceomyces medius
GCA_030570535.1,Starmera pachycereana,Y,assembly_exact,fungi,Scaffold,GCA_030570535.1,na,Starmera pachycereana
GCA_030572295.1,[Candida] multigemmis,Y,assembly_exact,fungi,Scaffold,GCA_030572295.1,na,Glucitozyma multigemmis
GCA_030572435.1,Candida labiduridarum,Y,assembly_exact,fungi,Scaffold,GCA_030572435.1,na,Candida labiduridarum
GCA_030581595.1,[Candida] blattariae,Y,assembly_exact,fungi,Scaffold,GCA_030581595.1,na,[Candida] blattariae
GCA_031081805.1,Schwanniomyces etchellsii,Y,assembly_exact,fungi,Scaffold,GCA_031081805.1,na,Schwanniomyces etchellsii
GCA_031125595.1,Saccharomycopsis capsularis,Y,assembly_exact,fungi,Scaffold,GCA_031125595.1,na,Saccharomycopsis capsularis
GCA_031753515.1,Metarhizium rileyi,Y,assembly_exact,fungi,Contig,GCA_031753515.1,na,Metarhizium rileyi
GCA_036250105.1,Parasarocladium wereldwijsianum,Y,assembly_exact,fungi,Scaffold,GCA_036250105.1,na,Parasarocladium wereldwijsianum
GCA_036936985.1,Crucibulum cyathiforme,Y,assembly_exact,fungi,Scaffold,GCA_036936985.1,na,Crucibulum cyathiforme
GCA_038094095.1,Boletus putidus,Y,assembly_exact,fungi,Scaffold,GCA_038094095.1,na,Boletus putidus
GCA_039634435.1,Ascochyta pisi,Y,assembly_exact,fungi,Complete Genome,GCA_039634435.1,na,Ascochyta pisi
GCA_900074885.1,Rhynchosporium graminicola,Y,name_exact,fungi,,,,Rhynchosporium graminicola
GCF_000151335.2,Coccidioides posadasii,Y,assembly_exact,fungi,Contig,GCA_000151335.1,GCF_000151335.2,Coccidioides posadasii C735 delta SOWgp
GCF_000313485.1,Wickerhamomyces ciferrii,Y,assembly_exact,fungi,Contig,GCA_000313485.1,GCF_000313485.1,Wickerhamomyces ciferrii
GCF_000836275.1,Exophiala mesophila,Y,assembly_exact,fungi,Scaffold,GCA_000836275.1,GCF_000836275.1,Exophiala mesophila
GCF_016647745.1,Suillus plorans,Y,assembly_exact,fungi,Contig,GCA_016647745.1,GCF_016647745.1,Suillus plorans
GCF_016647785.1,Suillus fuscotomentosus,Y,assembly_exact,fungi,Contig,GCA_016647785.1,GCF_016647785.1,Suillus fuscotomentosus
GCF_019321695.1,Diaporthe batatas,Y,assembly_exact,fungi,Contig,GCA_019321695.1,GCF_019321695.1,Diaporthe batatas
GCF_020137385.1,Morchella sextelata,Y,assembly_exact,fungi,Contig,GCA_020137385.1,GCF_020137385.1,Morchella sextelata
GCF_020744255.1,Microdochium trichocladiopsis,Y,assembly_exact,fungi,Contig,GCA_020744255.1,GCF_020744255.1,Microdochium trichocladiopsis
GCF_026914185.1,Puccinia triticina,Y,assembly_exact,fungi,Complete Genome,GCA_026914185.1,GCF_026914185.1,Puccinia triticina
GCF_030867565.1,Colletotrichum costaricense,Y,assembly_exact,fungi,Scaffold,GCA_030867565.1,GCF_030867565.1,Colletotrichum costaricense
GCA_000291705.1,Sphaerulina populicola,Y,assembly_exact,fungi,Scaffold,GCA_000291705.1,na,Sphaerulina populicola P02.02b
GCA_000507405.3,Kwoniella heveanensis,Y,assembly_exact,fungi,Scaffold,GCA_000507405.3,na,Kwoniella heveanensis BCC8398
GCA_001557505.1,Reticulascus tulasneorum,Y,assembly_exact,fungi,Contig,GCA_001557505.1,na,Reticulascus tulasneorum
GCA_001600675.1,Millerozyma acaciae,Y,assembly_exact,fungi,Scaffold,GCA_001600675.1,na,Millerozyma acaciae
GCA_001983365.1,Amanita bisporigera,Y,assembly_exact,fungi,Scaffold,GCA_001983365.1,na,Amanita bisporigera
GCA_002077065.1,Cryoendolithus antarcticus,Y,assembly_exact,fungi,Scaffold,GCA_002077065.1,na,Cryoendolithus antarcticus
GCA_002092955.1,Auricularia auricula-judae,Y,assembly_exact,fungi,Scaffold,GCA_002092955.1,na,Auricularia auricula-judae
GCA_002370765.1,Metschnikowia similis,Y,assembly_exact,fungi,Scaffold,GCA_002370765.1,na,Metschnikowia similis
GCA_003313715.1,Russula abietina,Y,assembly_exact,fungi,Scaffold,GCA_003313715.1,na,Russula abietina
GCA_003708715.3,[Candida] wancherniae,Y,assembly_exact,fungi,Contig,GCA_003708715.3,na,[Candida] wancherniae
GCA_004126415.1,Candolleomyces aberdarensis,Y,assembly_exact,fungi,Contig,GCA_004126415.1,na,Candolleomyces aberdarensis
GCA_004303015.1,Cladobotryum protrusum,Y,assembly_exact,fungi,Contig,GCA_004303015.1,na,Cladobotryum protrusum
GCA_006535965.1,Spizellomyces sp. 'palustris',Y,assembly_exact,fungi,Scaffold,GCA_006535965.1,na,Spizellomyces sp. 'palustris'
GCA_007113905.1,Teratosphaeria zuluensis,Y,assembly_exact,fungi,Contig,GCA_007113905.1,na,Teratosphaeria zuluensis
GCA_010577765.1,Malassezia slooffiae,Y,assembly_exact,fungi,Contig,GCA_010577765.1,na,Malassezia slooffiae
GCA_011426275.1,Dactylonectria torresensis,Y,assembly_exact,fungi,Contig,GCA_011426275.1,na,Dactylonectria torresensis
GCA_013177335.1,Apiotrichum mycotoxinovorans,Y,assembly_exact,fungi,Complete Genome,GCA_013177335.1,na,Apiotrichum mycotoxinovorans
GCA_013365045.1,Geotrichum candidum,Y,assembly_exact,fungi,Scaffold,GCA_013365045.1,na,Geotrichum candidum
GCA_018360065.1,Claviceps pazoutovae,Y,assembly_exact,fungi,Contig,GCA_018360065.1,na,Claviceps pazoutovae
GCA_018804115.1,Lipomyces starkeyi,Y,assembly_exact,fungi,Contig,GCA_018804115.1,na,Lipomyces starkeyi
GCA_019395245.1,Botrytis pseudocinerea,Y,assembly_exact,fungi,Contig,GCA_019395245.1,na,Botrytis pseudocinerea
GCA_019775285.1,Cystobasidium slooffiae,Y,assembly_exact,fungi,Scaffold,GCA_019775285.1,na,Cystobasidium slooffiae
GCA_021399475.1,Hyaloscypha finlandica,Y,assembly_exact,fungi,Contig,GCA_021399475.1,na,Hyaloscypha finlandica
GCA_023625935.1,Eurotiales sp. R13A2,Y,assembly_exact,fungi,Scaffold,GCA_023625935.1,na,Eurotiales sp. R13A2
GCA_025528855.1,Trametes punicea,Y,assembly_exact,fungi,Contig,GCA_025528855.1,na,Trametes punicea
GCA_026538415.1,Cryptococcus sp. GC_Crypt_1,Y,assembly_exact,fungi,Contig,GCA_026538415.1,na,Cryptococcus sp. GC_Crypt_1
GCA_027576935.1,Dimargaris verticillata,Y,assembly_exact,fungi,Scaffold,GCA_027576935.1,na,Dimargaris verticillata
GCA_027579465.1,Coemansia sp. RSA 1878,Y,assembly_exact,fungi,Scaffold,GCA_027579465.1,na,Coemansia sp. RSA 1878
GCA_027603065.1,Geranomyces variabilis,Y,assembly_exact,fungi,Scaffold,GCA_027603065.1,na,Geranomyces variabilis
GCA_027604405.1,Kappamyces sp. JEL0680,Y,assembly_exact,fungi,Scaffold,GCA_027604405.1,na,Kappamyces sp. JEL0680
GCA_028827885.1,Penicillium sp. IBT 31633x,Y,assembly_exact,fungi,Contig,GCA_028827885.1,na,Penicillium sp. IBT 31633x
GCA_029747595.1,Trametes cubensis,Y,assembly_exact,fungi,Scaffold,GCA_029747595.1,na,Trametes cubensis
GCA_030407185.1,Lipomyces yarrowii,Y,assembly_exact,fungi,Scaffold,GCA_030407185.1,na,Lipomyces yarrowii
GCA_030558275.1,[Candida] palmyrensis,Y,assembly_exact,fungi,Scaffold,GCA_030558275.1,na,Chernovozyma palmyrensis
GCA_030560825.1,[Candida] fluviatilis,Y,assembly_exact,fungi,Contig,GCA_030560825.1,na,Suzukiozyma fluviatilis
GCA_030561705.1,Wickerhamomyces sp. yHQL14,Y,assembly_exact,fungi,Scaffold,GCA_030561705.1,na,Wickerhamomyces sp. yHQL14
GCA_030566855.1,Tortispora sangerardonensis,Y,assembly_exact,fungi,Scaffold,GCA_030566855.1,na,Tortispora sangerardonensis
GCA_030570555.1,Sugiyamaella valdiviana,Y,assembly_exact,fungi,Contig,GCA_030570555.1,na,Sugiyamaella valdiviana
GCA_030571075.1,Yamadazyma endophytica,Y,assembly_exact,fungi,Scaffold,GCA_030571075.1,na,Yamadazyma endophytica
GCA_030580275.1,Groenewaldozyma sp. yHMH443,Y,assembly_exact,fungi,Scaffold,GCA_030580275.1,na,Groenewaldozyma sp. yHMH443
GCA_030867685.1,Wickerhamiella versatilis,Y,assembly_exact,fungi,Scaffold,GCA_030867685.1,na,Wickerhamiella versatilis
GCA_032164295.1,Inonotus obliquus,Y,assembly_exact,fungi,Contig,GCA_032164295.1,na,Inonotus obliquus
GCA_037356095.1,Xylaria sp. Z21,Y,assembly_exact,fungi,Contig,GCA_037356095.1,na,Xylaria sp. Z21
GCA_038088935.1,Pulveroboletus aff. viridisquamosus,Y,assembly_exact,fungi,Scaffold,GCA_038088935.1,na,Pulveroboletus aff. viridisquamosus
GCA_038090535.1,Tylopilus alboater,Y,assembly_exact,fungi,Scaffold,GCA_038090535.1,na,Tylopilus alboater
GCA_038091115.1,Rubroboletus rhodosanguineus,Y,assembly_exact,fungi,Scaffold,GCA_038091115.1,na,Rubroboletus rhodosanguineus
GCA_038091455.1,Leccinum uliginosum,Y,assembly_exact,fungi,Scaffold,GCA_038091455.1,na,Leccinum uliginosum
GCA_038091555.1,Leccinum sublutescens,Y,assembly_exact,fungi,Scaffold,GCA_038091555.1,na,Leccinum sublutescens
GCA_038092035.1,Leccinum disarticulatum,Y,assembly_exact,fungi,Scaffold,GCA_038092035.1,na,Leccinum disarticulatum
GCA_038093875.1,Boletus tylopilopsis,Y,assembly_exact,fungi,Scaffold,GCA_038093875.1,na,Boletus tylopilopsis
GCA_038502285.1,Trichoderma sp. 2475,Y,assembly_exact,fungi,Contig,GCA_038502285.1,na,Trichoderma sp. 2475
GCF_000732125.1,Scedosporium apiospermum,Y,assembly_exact,fungi,Scaffold,GCA_000732125.1,GCF_000732125.1,Scedosporium apiospermum
GCF_023758015.1,Alternaria viburni,Y,assembly_exact,fungi,Scaffold,GCA_023758015.1,GCF_023758015.1,Alternaria viburni
GCA_000787475.1,Lentinus polychrous,Y,assembly_exact,fungi,Contig,GCA_000787475.1,na,Lentinus polychrous
GCA_000836255.1,Dothideomycetidae sp. 11243,Y,assembly_exact,fungi,Scaffold,GCA_000836255.1,na,Dothideomycetidae sp. 11243
GCA_002105455.1,Spathaspora xylofermentans,Y,assembly_exact,fungi,Scaffold,GCA_002105455.1,na,Hemisphaericaspora xylofermentans
GCA_002116395.1,Ramularia endophylla,Y,assembly_exact,fungi,Scaffold,GCA_002116395.1,na,Ramularia endophylla
GCA_002157025.1,Melampsora abietis-canadensis,Y,assembly_exact,fungi,Scaffold,GCA_002157025.1,na,Melampsora abietis-canadensis
GCA_002157085.1,Melampsora occidentalis,Y,assembly_exact,fungi,Scaffold,GCA_002157085.1,na,Melampsora occidentalis
GCA_002554575.1,Amanita thiersii,Y,assembly_exact,fungi,Scaffold,GCA_002554575.1,na,Amanita thiersii Skay4041
GCA_002989075.1,Arthonia radiata,Y,assembly_exact,fungi,Scaffold,GCA_002989075.1,na,Arthonia radiata
GCA_003706195.2,Ogataea minuta,Y,assembly_exact,fungi,Contig,GCA_003706195.2,na,Ogataea minuta
GCA_003706315.3,Ambrosiozyma oregonensis (nom. inval.),Y,assembly_exact,fungi,Scaffold,GCA_003706315.3,na,Ambrosiozyma oregonensis (nom. inval.)
GCA_003706575.2,Teunomyces cretensis,Y,assembly_exact,fungi,Scaffold,GCA_003706575.2,na,Teunomyces cretensis
GCA_003707215.2,Phaffomyces thermotolerans,Y,assembly_exact,fungi,Scaffold,GCA_003707215.2,na,Phaffomyces thermotolerans
GCA_003708525.3,Monosporozyma unispora,Y,assembly_exact,fungi,Scaffold,GCA_003708525.3,na,Monosporozyma unispora
GCA_003717155.1,Protomyces inouyei,Y,assembly_exact,fungi,Contig,GCA_003717155.1,na,Protomyces inouyei
GCA_006506795.2,Hericium erinaceus,Y,assembly_exact,fungi,Chromosome,GCA_006506795.2,na,Hericium erinaceus
GCA_010583015.1,Tothia fuscella,Y,assembly_exact,fungi,Scaffold,GCA_010583015.1,na,Tothia fuscella
GCA_015345905.1,Aotearoamyces nothofagi,Y,assembly_exact,fungi,Scaffold,GCA_015345905.1,na,Aotearoamyces nothofagi
GCA_019285895.1,Metschnikowia australis,Y,assembly_exact,fungi,Scaffold,GCA_019285895.1,na,Metschnikowia australis
GCA_019775275.1,Penicillium sp. VS AB III KN,Y,assembly_exact,fungi,Scaffold,GCA_019775275.1,na,Penicillium sp. VS AB III KN
GCA_020272525.1,Epicoccum sorghinum,Y,assembly_exact,fungi,Contig,GCA_020272525.1,na,Epicoccum sorghinum
GCA_020543525.1,Coriolopsis trogii,Y,assembly_exact,fungi,Contig,GCA_020543525.1,na,Coriolopsis trogii
GCA_020995425.1,Cyberlindnera sargentensis,Y,assembly_exact,fungi,Chromosome,GCA_020995425.1,na,Williopsis sargentensis
GCA_022495125.1,Xylaria acuta,Y,assembly_exact,fungi,Scaffold,GCA_022495125.1,na,Xylaria acuta
GCA_022695795.1,Biscogniauxia marginata,Y,assembly_exact,fungi,Scaffold,GCA_022695795.1,na,Biscogniauxia marginata
GCA_022963115.1,Ustilago tritici,Y,assembly_exact,fungi,Contig,GCA_022963115.1,na,Ustilago tritici
GCA_024516245.1,Peziza echinospora,Y,assembly_exact,fungi,Contig,GCA_024516245.1,na,Peziza echinospora
GCA_027577175.1,Coemansia sp. S146,Y,assembly_exact,fungi,Scaffold,GCA_027577175.1,na,Coemansia sp. S146
GCA_027946425.1,Neurospora sp. IMI 360204,Y,assembly_exact,fungi,Contig,GCA_027946425.1,na,Neurospora sp. IMI 360204
GCA_029298845.1,Ophiostoma perfectum,Y,assembly_exact,fungi,Scaffold,GCA_029298845.1,na,Ophiostoma perfectum
GCA_030557105.1,Candida frijolesensis,Y,assembly_exact,fungi,Scaffold,GCA_030557105.1,na,Candida frijolesensis
GCA_030564385.1,Blastobotrys robertii,Y,assembly_exact,fungi,Scaffold,GCA_030564385.1,na,Blastobotrys robertii
GCA_030566975.1,Starmerella potacharoeniae,Y,assembly_exact,fungi,Scaffold,GCA_030566975.1,na,Entelexis potacharoeniae
GCA_030566995.1,Sungouiella tsuchiyae,Y,assembly_exact,fungi,Scaffold,GCA_030566995.1,na,Sungouiella tsuchiyae
GCA_030567495.1,Ambrosiozyma neoplatypodis,Y,assembly_exact,fungi,Scaffold,GCA_030567495.1,na,Ambrosiozyma neoplatypodis
GCA_030568615.1,Suhomyces bokatorum,Y,assembly_exact,fungi,Contig,GCA_030568615.1,na,Suhomyces bokatorum
GCA_030572815.1,Starmerella asiatica,Y,assembly_exact,fungi,Scaffold,GCA_030572815.1,na,Starmerella asiatica
GCA_030574455.1,Priceomyces fermenticarens,Y,assembly_exact,fungi,Scaffold,GCA_030574455.1,na,Priceomyces fermenticarens
GCA_030574895.1,[Candida] insectorum,Y,assembly_exact,fungi,Contig,GCA_030574895.1,na,[Candida] insectorum
GCA_031125455.1,Saccharomycopsis microspora,Y,assembly_exact,fungi,Scaffold,GCA_031125455.1,na,Saccharomycopsis microspora
GCA_031590215.1,Maudiozyma bulderi,Y,assembly_exact,fungi,Chromosome,GCA_031590215.1,na,Maudiozyma bulderi
GCA_033182465.1,Sanghuangporus weigelae,Y,assembly_exact,fungi,Complete Genome,GCA_033182465.1,na,Sanghuangporus weigelae
GCA_035927975.1,Rachicladosporium monterosium,Y,assembly_exact,fungi,Scaffold,GCA_035927975.1,na,Rachicladosporium monterosium
GCA_036785755.1,Colletotrichum ledebouriae,Y,assembly_exact,fungi,Contig,GCA_036785755.1,na,Colletotrichum ledebouriae
GCA_037040375.1,Basipetospora sp. M8501,Y,assembly_exact,fungi,Scaffold,GCA_037040375.1,na,Basipetospora sp. M8501
GCA_038089175.1,Binderoboletus segoi,Y,assembly_exact,fungi,Scaffold,GCA_038089175.1,na,Binderoboletus segoi
GCA_038092055.1,Leccinum glutinopallens,Y,assembly_exact,fungi,Scaffold,GCA_038092055.1,na,Leccinum glutinopallens
GCA_038092235.1,Leccinum boreale,Y,assembly_exact,fungi,Scaffold,GCA_038092235.1,na,Leccinum boreale
GCA_038382165.1,Ceratocystis alfenasii,Y,assembly_exact,fungi,Contig,GCA_038382165.1,na,Ceratocystis alfenasii
GCA_911197225.1,Penicillium salamii,Y,name_exact,fungi,,,,Penicillium salamii
GCF_000226545.1,Podospora anserina,Y,assembly_exact,fungi,Scaffold,GCA_000226545.1,GCF_000226545.1,Podospora anserina S mat+
GCF_000271645.1,Tremella mesenterica,Y,assembly_exact,fungi,Scaffold,GCA_000271645.1,GCF_000271645.1,Tremella mesenterica DSM 1558
GCF_001890905.1,Aspergillus aculeatus,Y,assembly_exact,fungi,Scaffold,GCA_001890905.1,GCF_001890905.1,Aspergillus aculeatus ATCC 16872
GCF_003013735.1,Candidozyma pseudohaemuli,Y,assembly_exact,fungi,Scaffold,GCA_003013735.1,GCF_003013735.1,Candidozyma pseudohaemuli
GCF_009556855.1,Talaromyces marneffei,Y,assembly_exact,fungi,Complete Genome,GCA_009556855.1,GCF_009556855.1,Talaromyces marneffei
GCA_000222875.2,Periglandula ipomoeae,Y,assembly_exact,fungi,Contig,GCA_000222875.2,na,Periglandula ipomoeae IasaF13
GCA_000934385.1,Cylindrobasidium torrendii,Y,assembly_exact,fungi,Scaffold,GCA_000934385.1,na,Cylindrobasidium torrendii FP15055 ss-10
GCA_001599595.1,Beverwykella pulmonaria,Y,assembly_exact,fungi,Scaffold,GCA_001599595.1,na,Beverwykella pulmonaria
GCA_002236755.2,Dothistroma septosporum,Y,assembly_exact,fungi,Scaffold,GCA_002236755.2,na,Dothistroma septosporum
GCA_002851755.1,Verticillium zaregamsianum,Y,assembly_exact,fungi,Scaffold,GCA_002851755.1,na,Verticillium zaregamsianum
GCA_002916415.1,Talaromyces borbonicus,Y,assembly_exact,fungi,Scaffold,GCA_002916415.1,na,Talaromyces borbonicus
GCA_003705185.2,Ambrosiozyma ambrosiae,Y,assembly_exact,fungi,Scaffold,GCA_003705185.2,na,Ambrosiozyma ambrosiae
GCA_003706695.3,[Candida] incommunis,Y,assembly_exact,fungi,Scaffold,GCA_003706695.3,na,Limtongella incommunis
GCA_004016185.1,Quambalaria eucalypti,Y,assembly_exact,fungi,Contig,GCA_004016185.1,na,Quambalaria eucalypti
GCA_010093635.1,Massarina eburnea,Y,assembly_exact,fungi,Scaffold,GCA_010093635.1,na,Massarina eburnea CBS 473.64
GCA_010405375.1,Lophiostoma macrostomum,Y,assembly_exact,fungi,Scaffold,GCA_010405375.1,na,Lophiostoma macrostomum CBS 122681
GCA_013266265.1,Fusarium sp. NRRL 66182,Y,assembly_exact,fungi,Scaffold,GCA_013266265.1,na,Fusarium sp. NRRL 66182
GCA_015178925.1,Russula emetica,Y,assembly_exact,fungi,Contig,GCA_015178925.1,na,Russula emetica
GCA_015501065.1,Infundibulicybe gibba,Y,assembly_exact,fungi,Contig,GCA_015501065.1,na,Infundibulicybe gibba
GCA_017580835.1,Termitomyces bulborhizus,Y,assembly_exact,fungi,Scaffold,GCA_017580835.1,na,Termitomyces bulborhizus
GCA_017657375.1,Termitomyces sp. T27,Y,assembly_exact,fungi,Scaffold,GCA_017657375.1,na,Termitomyces sp. T27
GCA_018221785.1,Calocybe gangraenosa,Y,assembly_exact,fungi,Scaffold,GCA_018221785.1,na,Calocybe gangraenosa
GCA_018221805.1,Rugosomyces carneus,Y,assembly_exact,fungi,Scaffold,GCA_018221805.1,na,Rugosomyces carneus
GCA_019232045.1,Ogataea degrootiae,Y,assembly_exact,fungi,Scaffold,GCA_019232045.1,na,Ogataea degrootiae
GCA_022059125.1,Corynespora cassiicola,Y,assembly_exact,fungi,Scaffold,GCA_022059125.1,na,Corynespora cassiicola
GCA_022560085.1,Helminthosporium solani,Y,assembly_exact,fungi,Scaffold,GCA_022560085.1,na,Helminthosporium solani
GCA_023628935.1,Zygoascus sp. PK3305,Y,assembly_exact,fungi,Scaffold,GCA_023628935.1,na,Zygoascus sp. PK3305
GCA_024721195.1,Marasmius sp. AFHP31,Y,assembly_exact,fungi,Scaffold,GCA_024721195.1,na,Marasmius sp. AFHP31
GCA_027406005.1,Colletotrichum horii,Y,assembly_exact,fungi,Contig,GCA_027406005.1,na,Colletotrichum horii
GCA_027576995.1,Dimargaris cristalligena,Y,assembly_exact,fungi,Scaffold,GCA_027576995.1,na,Dimargaris cristalligena
GCA_027577275.1,Coemansia sp. RSA 988,Y,assembly_exact,fungi,Scaffold,GCA_027577275.1,na,Coemansia sp. RSA 988
GCA_028456235.1,Ophiosphaerella narmari,Y,assembly_exact,fungi,Contig,GCA_028456235.1,na,Ophiosphaerella narmari
GCA_029606265.1,Paecilomyces dactylethromorphus,Y,assembly_exact,fungi,Scaffold,GCA_029606265.1,na,Paecilomyces dactylethromorphus
GCA_029844175.1,Trichoderma sp. CBMAI-0179,Y,assembly_exact,fungi,Contig,GCA_029844175.1,na,Trichoderma sp. CBMAI-0179
GCA_029906385.1,Neofusicoccum laricinum,Y,assembly_exact,fungi,Chromosome,GCA_029906385.1,na,Neofusicoccum laricinum
GCA_030142105.1,Fusarium sp. FL617,Y,assembly_exact,fungi,Contig,GCA_030142105.1,na,Fusarium sp. FL617
GCA_030564765.1,Saccharomycopsis sp. NRRL Y-5750,Y,assembly_exact,fungi,Scaffold,GCA_030564765.1,na,Saccharomycopsis sp. NRRL Y-5750
GCA_030572275.1,[Candida] conglobata,Y,assembly_exact,fungi,Contig,GCA_030572275.1,na,[Candida] conglobata
GCA_030572315.1,[Candida] glucosophila,Y,assembly_exact,fungi,Scaffold,GCA_030572315.1,na,[Candida] glucosophila
GCA_030574775.1,Yamadazyma atmosphaerica,Y,assembly_exact,fungi,Scaffold,GCA_030574775.1,na,Yamadazyma atmosphaerica
GCA_030579255.1,Kazachstania psychrophila,Y,assembly_exact,fungi,Scaffold,GCA_030579255.1,na,Kazachstania psychrophila
GCA_030580555.1,Hanseniaspora taiwanica (nom. inval.),Y,assembly_exact,fungi,Scaffold,GCA_030580555.1,na,Hanseniaspora taiwanica (nom. inval.)
GCA_030779245.1,Fusarium sp. MBC 438,Y,assembly_exact,fungi,Contig,GCA_030779245.1,na,Fusarium sp. MBC 438
GCA_033220425.1,Lepraria neglecta,Y,assembly_exact,fungi,Chromosome,GCA_033220425.1,na,Lepraria neglecta
GCA_034509305.1,Aspergillus cristatus,Y,assembly_exact,fungi,Contig,GCA_034509305.1,na,Aspergillus cristatus
GCA_037042815.1,Ceratobasidium papillatum,Y,assembly_exact,fungi,Scaffold,GCA_037042815.1,na,Ceratobasidium papillatum
GCA_037055185.1,Capillidium rhysosporum,Y,assembly_exact,fungi,Scaffold,GCA_037055185.1,na,Capillidium rhysosporum
GCA_038091435.1,Leccinum variabile,Y,assembly_exact,fungi,Scaffold,GCA_038091435.1,na,Leccinum variabile
GCA_038091795.1,Leccinum olivaceoglutinosum,Y,assembly_exact,fungi,Scaffold,GCA_038091795.1,na,Leccinum olivaceoglutinosum
GCA_038092515.1,Boletus subparvulus,Y,assembly_exact,fungi,Scaffold,GCA_038092515.1,na,Boletus subparvulus
GCA_038094155.1,Pulveroboletus cf. aberrans,Y,assembly_exact,fungi,Scaffold,GCA_038094155.1,na,Pulveroboletus cf. aberrans
GCA_038094275.1,Tubosaeta brunneosetosa,Y,assembly_exact,fungi,Scaffold,GCA_038094275.1,na,Tubosaeta brunneosetosa
GCF_000836435.1,Fonsecaea multimorphosa,Y,assembly_exact,fungi,Scaffold,GCA_000836435.1,GCF_000836435.1,Fonsecaea multimorphosa CBS 102226
GCF_003013715.1,Candidozyma auris,Y,assembly_exact,fungi,Complete Genome,GCA_003013715.2,GCF_003013715.1,Candidozyma auris
GCF_003184865.1,Aspergillus homomorphus,Y,assembly_exact,fungi,Scaffold,GCA_003184865.1,GCF_003184865.1,Aspergillus homomorphus CBS 101889
GCF_016758785.1,Suillus bovinus,Y,assembly_exact,fungi,Contig,GCA_016758785.1,GCF_016758785.1,Suillus bovinus
GCA_000223685.2,Zymoseptoria pseudotritici,Y,assembly_exact,fungi,Contig,GCA_000223685.2,na,Zymoseptoria pseudotritici STIR04_4.3.1
GCA_000750745.1,Pseudogymnoascus sp. VKM F-4281 (FW-2241),Y,assembly_exact,fungi,Contig,GCA_000750745.1,na,Pseudogymnoascus sp. VKM F-4281 (FW-2241)
GCA_000855695.1,Cryptococcus bacillisporus,Y,assembly_versionless,fungi,Complete Genome,GCA_000855695.2,na,Cryptococcus bacillisporus CA1873
GCA_001600335.1,Apiotrichum gracile,Y,assembly_exact,fungi,Scaffold,GCA_001600335.1,na,Apiotrichum gracile
GCA_002901185.1,Tolypocladium capitatum,Y,assembly_exact,fungi,Scaffold,GCA_002901185.1,na,Tolypocladium capitatum
GCA_003313625.1,Tricholoma saponaceum,Y,assembly_exact,fungi,Scaffold,GCA_003313625.1,na,Tricholoma saponaceum
GCA_003313735.1,Pleurotus platypus,Y,assembly_exact,fungi,Scaffold,GCA_003313735.1,na,Pleurotus platypus
GCA_003313945.1,Lactifluus pinguis,Y,assembly_exact,fungi,Scaffold,GCA_003313945.1,na,Lactifluus pinguis
GCA_003316145.1,Neoboletus magnificus,Y,assembly_exact,fungi,Scaffold,GCA_003316145.1,na,Neoboletus magnificus
GCA_003706705.3,Barnettozyma populi,Y,assembly_exact,fungi,Scaffold,GCA_003706705.3,na,Barnettozyma populi
GCA_003992365.1,Aureobasidium sp. P6,Y,assembly_exact,fungi,Scaffold,GCA_003992365.1,na,Aureobasidium sp. P6
GCA_009761415.1,Sarcomyxa edulis,Y,assembly_exact,fungi,Contig,GCA_009761415.1,na,Sarcomyxa edulis
GCA_009806015.1,Neurospora sp. CHS-2018b,Y,assembly_exact,fungi,Scaffold,GCA_009806015.1,na,Neurospora sp. CHS-2018b
GCA_010883475.1,Exophiala phaeomuriformis,Y,assembly_exact,fungi,Contig,GCA_010883475.1,na,Exophiala phaeomuriformis
GCA_013368295.1,Psilocybe cf. subviscida,Y,assembly_exact,fungi,Contig,GCA_013368295.1,na,Psilocybe cf. subviscida
GCA_014839935.2,Entomophthora muscae,Y,assembly_exact,fungi,Scaffold,GCA_014839935.2,na,Entomophthora muscae
GCA_014925825.1,Pholiota molesta,Y,assembly_exact,fungi,Contig,GCA_014925825.1,na,Pholiota molesta
GCA_015484465.1,Pholiota conissans,Y,assembly_exact,fungi,Scaffold,GCA_015484465.1,na,Pholiota conissans
GCA_017657225.1,Termitomyces sp. T69sscA,Y,assembly_exact,fungi,Scaffold,GCA_017657225.1,na,Termitomyces sp. T69sscA
GCA_019055205.1,Fusarium cerealis,Y,assembly_exact,fungi,Contig,GCA_019055205.1,na,Fusarium cerealis
GCA_019915135.1,Strobilurus pachycystidiatus,Y,assembly_exact,fungi,Contig,GCA_019915135.1,na,Strobilurus pachycystidiatus
GCA_019925475.1,Ophiostoma ips,Y,assembly_exact,fungi,Scaffold,GCA_019925475.1,na,Ophiostoma ips
GCA_024196135.1,Pleurotus ostreatus/Saccharomyces cerevisiae fusant,Y,assembly_exact,fungi,Scaffold,GCA_024196135.1,na,Pleurotus ostreatus/Saccharomyces cerevisiae fusant
GCA_026122155.1,Zymoseptoria crescenta,Y,assembly_exact,fungi,Scaffold,GCA_026122155.1,na,Zymoseptoria crescenta
GCA_026419805.1,Ceratocystis colombiana,Y,assembly_exact,fungi,Scaffold,GCA_026419805.1,na,Ceratocystis colombiana
GCA_027569155.1,Aspergillus haitiensis,Y,assembly_exact,fungi,Contig,GCA_027569155.1,na,Aspergillus haitiensis
GCA_029542825.1,Malassezia sp. CBS 17886,Y,assembly_exact,fungi,Complete Genome,GCA_029542825.1,na,Malassezia sp. CBS 17886
GCA_029590625.1,Lasiodiplodia mahajangana,Y,assembly_exact,fungi,Contig,GCA_029590625.1,na,Lasiodiplodia mahajangana
GCA_029678045.1,Magnusiomyces sp. LA-1,Y,assembly_exact,fungi,Complete Genome,GCA_029678045.1,na,Magnusiomyces sp. LA-1
GCA_029747585.1,Pleurotus djamor,Y,assembly_exact,fungi,Scaffold,GCA_029747585.1,na,Pleurotus djamor
GCA_030142935.1,Pichia occidentalis,Y,assembly_exact,fungi,Contig,GCA_030142935.1,na,Pichia occidentalis
GCA_030555995.1,Isabelozyma heimii,Y,assembly_exact,fungi,Scaffold,GCA_030555995.1,na,Isabelozyma heimii
GCA_030557395.1,Ambrosiozyma platypodis,Y,assembly_exact,fungi,Scaffold,GCA_030557395.1,na,Ambrosiozyma platypodis
GCA_030568135.1,Vanderwaltozyma yarrowii,Y,assembly_exact,fungi,Scaffold,GCA_030568135.1,na,Vanderwaltozyma yarrowii
GCA_030572115.1,Starmerella apicola,Y,assembly_exact,fungi,Scaffold,GCA_030572115.1,na,Starmerella apicola
GCA_030573245.1,Ascobotryozyma americana,Y,assembly_exact,fungi,Scaffold,GCA_030573245.1,na,Ascobotryozyma americana
GCA_030578135.1,Saccharomyces cerevisiae x Saccharomyces kudriavzevii,Y,assembly_exact,fungi,Contig,GCA_030578135.1,na,Saccharomyces cerevisiae x Saccharomyces kudriavzevii
GCA_030581715.1,Cyberlindnera mississippiensis,Y,assembly_exact,fungi,Scaffold,GCA_030581715.1,na,Petasospora mississippiensis
GCA_030585105.1,Wickerhamiella shivajii,Y,assembly_exact,fungi,Scaffold,GCA_030585105.1,na,Wickerhamiella shivajii
GCA_030867245.1,Colletotrichum eremochloae,Y,assembly_exact,fungi,Scaffold,GCA_030867245.1,na,Colletotrichum eremochloae
GCA_033296905.1,Podospora australis,Y,assembly_exact,fungi,Scaffold,GCA_033296905.1,na,Podospora australis
GCA_033297175.1,Cladorrhinum sp. PSN332,Y,assembly_exact,fungi,Scaffold,GCA_033297175.1,na,Cladorrhinum sp. PSN332
GCA_034509685.1,Colletotrichum cereale,Y,assembly_exact,fungi,Scaffold,GCA_034509685.1,na,Colletotrichum cereale
GCA_037042415.1,Diutina sp. Y7414,Y,assembly_exact,fungi,Scaffold,GCA_037042415.1,na,Diutina sp. Y7414
GCA_037893235.1,Trichoderma afroharzianum,Y,assembly_exact,fungi,Contig,GCA_037893235.1,na,Trichoderma afroharzianum
GCA_038089015.1,Chalciporus aff. trinitensis,Y,assembly_exact,fungi,Scaffold,GCA_038089015.1,na,Chalciporus aff. trinitensis
GCA_038089455.1,Tylopilus cf. leucomycelinus,Y,assembly_exact,fungi,Scaffold,GCA_038089455.1,na,Tylopilus cf. leucomycelinus
GCA_038090655.1,Gastroboletus turbinatus,Y,assembly_exact,fungi,Contig,GCA_038090655.1,na,Gastroboletus turbinatus
GCA_038092175.1,Boletus coffeatus,Y,assembly_exact,fungi,Scaffold,GCA_038092175.1,na,Boletus coffeatus
GCA_038092415.1,Xerocomus tenax,Y,assembly_exact,fungi,Scaffold,GCA_038092415.1,na,Xerocomus tenax
GCA_038093395.1,Baorangia bicolor,Y,assembly_exact,fungi,Scaffold,GCA_038093395.1,na,Baorangia bicolor
GCA_038094735.1,Exsudoporus floridanus,Y,assembly_exact,fungi,Scaffold,GCA_038094735.1,na,Exsudoporus floridanus
GCF_000003525.1,Blastomyces dermatitidis,Y,assembly_exact,fungi,Scaffold,GCA_000003525.2,GCF_000003525.1,Blastomyces dermatitidis ER-3
GCF_000149585.1,Histoplasma mississippiense,Y,assembly_exact,fungi,Scaffold,GCA_000149585.1,GCF_000149585.1,Histoplasma mississippiense
GCF_000149645.3,Aspergillus fischeri,Y,assembly_exact,fungi,Scaffold,GCA_000149645.4,GCF_000149645.3,Aspergillus fischeri NRRL 181
GCF_000150975.2,Nannizzia gypsea,Y,assembly_exact,fungi,Scaffold,GCA_000150975.2,GCF_000150975.2,Nannizzia gypsea CBS 118893
GCF_003144295.1,Acaromyces ingoldii,Y,assembly_exact,fungi,Scaffold,GCA_003144295.1,GCF_003144295.1,Acaromyces ingoldii
GCF_003444635.1,Morchella importuna,Y,assembly_exact,fungi,Scaffold,GCA_003444635.2,GCF_003444635.1,Morchella importuna
GCF_022478715.1,Daldinia decipiens,Y,assembly_exact,fungi,Scaffold,GCA_022478715.1,GCF_022478715.1,Daldinia decipiens
GCF_024244105.1,Nematocida minor,Y,assembly_exact,fungi,Scaffold,GCA_024244105.1,GCF_024244105.1,Nematocida minor
GCF_036884675.1,Scheffersomyces coipomensis,Y,assembly_exact,fungi,Contig,GCA_036884675.1,GCF_036884675.1,Scheffersomyces coipomensis
GCA_000758425.1,Nilaparvata lugens yeast-like symbiont,Y,assembly_exact,fungi,Scaffold,GCA_000758425.1,na,Nilaparvata lugens yeast-like symbiont
GCA_002288965.1,Xylaria sp. MSU_SB201401,Y,assembly_exact,fungi,Scaffold,GCA_002288965.1,na,Xylaria sp. MSU_SB201401
GCA_002335565.1,Cutaneotrichosporon arboriforme,Y,assembly_exact,fungi,Scaffold,GCA_002335565.1,na,Cutaneotrichosporon arboriforme
GCA_002851675.1,Verticillium nubilum,Y,assembly_exact,fungi,Scaffold,GCA_002851675.1,na,Verticillium nubilum
GCA_002851775.1,Verticillium isaacii,Y,assembly_exact,fungi,Scaffold,GCA_002851775.1,na,Verticillium isaacii
GCA_003004485.1,Aspergillaceae sp. MA 6039,Y,assembly_exact,fungi,Contig,GCA_003004485.1,na,Aspergillaceae sp. MA 6039
GCA_003012245.1,Microcyclospora tardicrescens,Y,assembly_exact,fungi,Scaffold,GCA_003012245.1,na,Microcyclospora tardicrescens
GCA_003054985.1,Leucosporidium scottii,Y,assembly_exact,fungi,Scaffold,GCA_003054985.1,na,Leucosporidium scottii
GCA_003852855.1,Penicillium sp. MT2 MMC-2018,Y,assembly_exact,fungi,Contig,GCA_003852855.1,na,Penicillium sp. MT2 MMC-2018
GCA_004786145.1,Botrytis paeoniae,Y,assembly_exact,fungi,Scaffold,GCA_004786145.1,na,Botrytis paeoniae
GCA_004918325.1,Wallemia hederae,Y,assembly_exact,fungi,Contig,GCA_004918325.1,na,Wallemia hederae
GCA_009650685.1,Cryptococcus gattii VGV,Y,assembly_exact,fungi,Chromosome,GCA_009650685.1,na,Cryptococcus gattii VGV
GCA_009805235.1,Neurospora pannonica,Y,assembly_exact,fungi,Scaffold,GCA_009805235.1,na,Neurospora pannonica FGSC 7221
GCA_010093805.1,Polyplosphaeria fusca,Y,assembly_exact,fungi,Scaffold,GCA_010093805.1,na,Polyplosphaeria fusca
GCA_011022315.1,Saccharomyces pastorianus,Y,assembly_exact,fungi,Chromosome,GCA_011022315.1,na,Saccharomyces pastorianus
GCA_011316235.1,Mycothermus thermophilus,Y,assembly_exact,fungi,Scaffold,GCA_011316235.1,na,Mycothermus thermophilus
GCA_016097895.1,Linnemannia exigua,Y,assembly_exact,fungi,Scaffold,GCA_016097895.1,na,Linnemannia exigua
GCA_016490725.1,Amphichorda felina,Y,assembly_exact,fungi,Scaffold,GCA_016490725.1,na,Amphichorda felina
GCA_016618095.1,Colletotrichum echinochloae,Y,assembly_exact,fungi,Contig,GCA_016618095.1,na,Colletotrichum echinochloae
GCA_019649515.1,Hanseniaspora mollemarum,Y,assembly_exact,fungi,Scaffold,GCA_019649515.1,na,Hanseniaspora mollemarum
GCA_022813715.1,Cladosporium austrohemisphaericum,Y,assembly_exact,fungi,Scaffold,GCA_022813715.1,na,Cladosporium austrohemisphaericum
GCA_024244615.1,Ascosphaera pollenicola,Y,assembly_exact,fungi,Scaffold,GCA_024244615.1,na,Ascosphaera pollenicola
GCA_024713785.1,Morchella sp. 2018-W45,Y,assembly_exact,fungi,Contig,GCA_024713785.1,na,Morchella sp. 2018-W45
GCA_026027325.1,Actinomucor elegans,Y,assembly_exact,fungi,Contig,GCA_026027325.1,na,Actinomucor elegans
GCA_027579035.1,Coemansia sp. D1744,Y,assembly_exact,fungi,Scaffold,GCA_027579035.1,na,Coemansia sp. D1744
GCA_027604105.1,Chytriomyces hyalinus,Y,assembly_exact,fungi,Contig,GCA_027604105.1,na,Chytriomyces hyalinus
GCA_028416715.1,Fusarium multiceps,Y,assembly_exact,fungi,Contig,GCA_028416715.1,na,Fusarium multiceps
GCA_028456385.1,Ophiosphaerella korrae,Y,assembly_exact,fungi,Contig,GCA_028456385.1,na,Ophiosphaerella korrae
GCA_029299595.1,Grosmannia serpens,Y,assembly_exact,fungi,Scaffold,GCA_029299595.1,na,Grosmannia serpens
GCA_029378375.1,Mycena olivaceomarginata,Y,assembly_exact,fungi,Contig,GCA_029378375.1,na,Mycena olivaceomarginata
GCA_029542985.1,Malassezia brasiliensis,Y,assembly_exact,fungi,Complete Genome,GCA_029542985.1,na,Malassezia brasiliensis
GCA_030556295.1,Dipodascopsis tothii,Y,assembly_exact,fungi,Scaffold,GCA_030556295.1,na,Neoaidaea tothii
GCA_030564085.1,Nakaseomyces uthaithaninus,Y,assembly_exact,fungi,Scaffold,GCA_030564085.1,na,Nakaseomyces uthaithaninus
GCA_030570975.1,[Candida] songkhlaensis (nom. inval.),Y,assembly_exact,fungi,Scaffold,GCA_030570975.1,na,Yamadazyma songkhlaensis
GCA_030571515.1,Monosporozyma aquatica,Y,assembly_exact,fungi,Scaffold,GCA_030571515.1,na,Monosporozyma aquatica
GCA_030574735.1,Wickerhamomyces sydowiorum,Y,assembly_exact,fungi,Scaffold,GCA_030574735.1,na,Wickerhamomyces sydowiorum
GCA_030574915.1,Barnettozyma wickerhamii,Y,assembly_exact,fungi,Scaffold,GCA_030574915.1,na,Komagataea wickerhamii
GCA_030582415.1,Wickerhamiella vanderwaltii,Y,assembly_exact,fungi,Scaffold,GCA_030582415.1,na,Wickerhamiella vanderwaltii
GCA_030582495.1,Suhomyces terraborum,Y,assembly_exact,fungi,Scaffold,GCA_030582495.1,na,Suhomyces terraborum
GCA_030584985.1,Saturnispora galanensis,Y,assembly_exact,fungi,Scaffold,GCA_030584985.1,na,Saturnispora galanensis
GCA_030864175.1,Neonectria faginata,Y,assembly_exact,fungi,Contig,GCA_030864175.1,na,Neonectria faginata
GCA_036287355.1,Kwoniella sp. CBS 6097,Y,assembly_exact,fungi,Complete Genome,GCA_036287355.1,na,Kwoniella sp. CBS 6097
GCA_037044635.1,Martiniozyma asiatica (nom. inval.),Y,assembly_exact,fungi,Scaffold,GCA_037044635.1,na,Martiniozyma asiatica (nom. inval.)
GCA_037951475.1,[Candida] nonsorbophila,Y,assembly_exact,fungi,Contig,GCA_037951475.1,na,Keqinozyma nonsorbophila
GCA_038088795.1,Boletus rex-veris,Y,assembly_exact,fungi,Scaffold,GCA_038088795.1,na,Boletus rex-veris
GCA_038089295.1,Xerocomus amazonicus,Y,assembly_exact,fungi,Scaffold,GCA_038089295.1,na,Xerocomus amazonicus
GCA_038090695.1,Sclerotinia spermophila,Y,assembly_exact,fungi,Scaffold,GCA_038090695.1,na,Sclerotinia spermophila
GCA_038091735.1,Leccinum pellstonianum,Y,assembly_exact,fungi,Scaffold,GCA_038091735.1,na,Leccinum pellstonianum
GCA_038092675.1,Boletus rufocinnamomeus,Y,assembly_exact,fungi,Scaffold,GCA_038092675.1,na,Boletus rufocinnamomeus
GCA_039545315.1,Kondoa malvinella,Y,assembly_exact,fungi,Scaffold,GCA_039545315.1,na,Kondoa malvinella
GCA_039763685.1,Aspergillus micronesiensis,Y,assembly_exact,fungi,Contig,GCA_039763685.1,na,Aspergillus micronesiensis
GCA_963573315.1,Entomortierella parvispora,Y,name_exact,fungi,,,,Entomortierella parvispora
GCF_000146465.1,Encephalitozoon intestinalis,Y,assembly_exact,fungi,Chromosome,GCA_000146465.1,GCF_000146465.1,Encephalitozoon intestinalis ATCC 50506
GCF_000260195.1,Fusarium odoratissimum,Y,assembly_exact,fungi,Scaffold,GCA_000260195.2,GCF_000260195.1,Fusarium odoratissimum NRRL 54006
GCF_000711695.1,Tilletiaria anomala,Y,assembly_exact,fungi,Contig,GCA_000711695.1,GCF_000711695.1,Tilletiaria anomala UBC 951
GCF_000961545.1,Sporothrix schenckii,Y,assembly_exact,fungi,Contig,GCA_000961545.1,GCF_000961545.1,Sporothrix schenckii 1099-18
GCF_014133895.1,Torulaspora globosa,Y,assembly_exact,fungi,Complete Genome,GCA_014133895.1,GCF_014133895.1,Torulaspora globosa
GCF_028827735.1,Penicillium macrosclerotiorum,Y,assembly_exact,fungi,Contig,GCA_028827735.1,GCF_028827735.1,Penicillium macrosclerotiorum
GCF_028828195.1,Penicillium verhagenii,Y,assembly_exact,fungi,Contig,GCA_028828195.1,GCF_028828195.1,Penicillium verhagenii
GCF_028828555.1,Penicillium taxi,Y,assembly_exact,fungi,Contig,GCA_028828555.1,GCF_028828555.1,Penicillium taxi
GCF_029542785.1,Malassezia japonica,Y,assembly_exact,fungi,Complete Genome,GCA_029542785.1,GCF_029542785.1,Malassezia japonica
GCA_002370295.1,Metschnikowia bowlesiae,Y,assembly_exact,fungi,Scaffold,GCA_002370295.1,na,Metschnikowia bowlesiae
GCA_002778075.1,Grosmannia penicillata,Y,assembly_exact,fungi,Contig,GCA_002778075.1,na,Grosmannia penicillata
GCA_003351005.1,Cystobasidiaceae sp. HBUAS51001,Y,assembly_exact,fungi,Scaffold,GCA_003351005.1,na,Cystobasidiaceae sp. HBUAS51001
GCA_003706285.3,Kuraishia ogatae,Y,assembly_exact,fungi,Scaffold,GCA_003706285.3,na,Kuraishia ogatae
GCA_003708985.3,[Candida] gorgasii,Y,assembly_exact,fungi,Scaffold,GCA_003708985.3,na,[Candida] gorgasii
GCA_003813185.1,Lentinus tigrinus,Y,assembly_exact,fungi,Scaffold,GCA_003813185.1,GCF_003813185.1,Lentinus tigrinus ALCF2SS1-7
GCA_007644065.1,Margaritispora aquatica,Y,assembly_exact,fungi,Scaffold,GCA_007644065.1,na,Margaritispora aquatica
GCA_013054445.1,Cudoniella acicularis,Y,assembly_exact,fungi,Scaffold,GCA_013054445.1,na,Cudoniella acicularis
GCA_013363185.1,Fusarium secorum,Y,assembly_exact,fungi,Scaffold,GCA_013363185.1,na,Fusarium secorum
GCA_013406965.1,Calonectria fujianensis,Y,assembly_exact,fungi,Scaffold,GCA_013406965.1,na,Calonectria fujianensis
GCA_014872995.1,Diaporthe citrichinensis,Y,assembly_exact,fungi,Contig,GCA_014872995.1,na,Diaporthe citrichinensis
GCA_017579625.1,Fusarium sororula,Y,assembly_exact,fungi,Scaffold,GCA_017579625.1,na,Fusarium sororula
GCA_018257865.1,Stereocaulon alpinum,Y,assembly_exact,fungi,Scaffold,GCA_018257865.1,na,Stereocaulon alpinum
GCA_018466975.1,Sparassis latifolia,Y,assembly_exact,fungi,Chromosome,GCA_018466975.1,na,Sparassis latifolia
GCA_018873225.1,[Phialemoniopsis] sp. UDSM-2020,Y,assembly_exact,fungi,Scaffold,GCA_018873225.1,na,[Phialemoniopsis] sp. UDSM-2020
GCA_019137265.1,Neonectria coccinea,Y,assembly_exact,fungi,Scaffold,GCA_019137265.1,na,Neonectria coccinea
GCA_019670975.1,Acidiella bohemica,Y,assembly_exact,fungi,Contig,GCA_019670975.1,na,Acidiella bohemica
GCA_019775505.1,Leucosporidium yakuticum,Y,assembly_exact,fungi,Scaffold,GCA_019775505.1,na,Leucosporidium yakuticum
GCA_019973155.2,Phanerochaete sordida,Y,assembly_exact,fungi,Contig,GCA_019973155.2,na,Phanerochaete sordida
GCA_020875535.1,Macrophomina phaseolina,Y,assembly_exact,fungi,Contig,GCA_020875535.1,na,Macrophomina phaseolina
GCA_021396205.1,Sporothrix brunneoviolacea,Y,assembly_exact,fungi,Scaffold,GCA_021396205.1,na,Sporothrix brunneoviolacea
GCA_021533815.1,Fusarium sp. C39,Y,assembly_exact,fungi,Contig,GCA_021533815.1,na,Fusarium sp. C39
GCA_022530565.1,Madurella mycetomatis,Y,assembly_exact,fungi,Contig,GCA_022530565.1,na,Madurella mycetomatis
GCA_025742365.1,Coniothyrium glycines,Y,assembly_exact,fungi,Contig,GCA_025742365.1,na,Coniothyrium glycines
GCA_027579235.1,Coemansia sp. BCRC 34301,Y,assembly_exact,fungi,Scaffold,GCA_027579235.1,na,Coemansia sp. BCRC 34301
GCA_028335825.1,Nosema muscidifuracis,Y,assembly_exact,fungi,Contig,GCA_028335825.1,na,Nosema muscidifuracis
GCA_030444905.1,Metschnikowia sp. yHKB443,Y,assembly_exact,fungi,Scaffold,GCA_030444905.1,na,Metschnikowia sp. yHKB443
GCA_030560525.1,Diutina catenulata,Y,assembly_exact,fungi,Scaffold,GCA_030560525.1,na,Diutina catenulata
GCA_030564025.1,Teunomyces panamensis,Y,assembly_exact,fungi,Scaffold,GCA_030564025.1,na,Teunomyces panamensis
GCA_030568385.1,Teunomyces barrocoloradensis,Y,assembly_exact,fungi,Scaffold,GCA_030568385.1,na,Teunomyces barrocoloradensis
GCA_030570615.1,Tortispora mauiana,Y,assembly_exact,fungi,Scaffold,GCA_030570615.1,na,Tortispora mauiana
GCA_030573325.1,Sungouiella dosseyi,Y,assembly_exact,fungi,Contig,GCA_030573325.1,na,Sungouiella dosseyi
GCA_030574255.1,Groenewaldozyma tartarivorans,Y,assembly_exact,fungi,Scaffold,GCA_030574255.1,na,Groenewaldozyma tartarivorans
GCA_030574755.1,[Candida] silvicultrix,Y,assembly_exact,fungi,Scaffold,GCA_030574755.1,na,Hansenula silvicultrix
GCA_030579635.1,Wickerhamiella australiensis,Y,assembly_exact,fungi,Scaffold,GCA_030579635.1,na,Wickerhamiella australiensis
GCA_033296685.1,Parachaetomium inaequale,Y,assembly_exact,fungi,Scaffold,GCA_033296685.1,na,Parachaetomium inaequale
GCA_033444525.1,Phoma sp. YAFEF320,Y,assembly_exact,fungi,Scaffold,GCA_033444525.1,na,Phoma sp. YAFEF320
GCA_036971655.1,Arthrobotrys megalospora,Y,assembly_exact,fungi,Contig,GCA_036971655.1,na,Arthrobotrys megalospora
GCA_038088875.1,Austroboletus festivus,Y,assembly_exact,fungi,Scaffold,GCA_038088875.1,na,Austroboletus festivus
GCA_038090035.1,Xerocomus nothofagi,Y,assembly_exact,fungi,Scaffold,GCA_038090035.1,na,Xerocomus nothofagi
GCA_038093335.1,Boletus chippewaensis,Y,assembly_exact,fungi,Scaffold,GCA_038093335.1,na,Boletus chippewaensis
GCA_038367545.1,Beauveria asiatica,Y,assembly_exact,fungi,Scaffold,GCA_038367545.1,na,Beauveria asiatica
GCA_039545255.1,Sporobolomyces carnicolor,Y,assembly_exact,fungi,Scaffold,GCA_039545255.1,na,Sporobolomyces carnicolor
GCA_902077795.2,Clonostachys rhizophaga,Y,name_exact,fungi,,,,Clonostachys rhizophaga
GCA_917563905.1,Neonectria neomacrospora,Y,name_exact,fungi,,,,Neonectria neomacrospora
GCF_000417875.1,Pseudozyma flocculosa,Y,assembly_exact,fungi,Scaffold,GCA_000417875.1,GCF_000417875.1,Pseudozyma flocculosa PF-1
GCF_003025105.1,Trichoderma asperellum,Y,assembly_exact,fungi,Scaffold,GCA_003025105.1,GCF_003025105.1,Trichoderma asperellum CBS 433.97
GCF_028827525.1,Penicillium daleae,Y,assembly_exact,fungi,Contig,GCA_028827525.1,GCF_028827525.1,Penicillium daleae
GCF_028827695.1,Penicillium maclennaniae,Y,assembly_exact,fungi,Contig,GCA_028827695.1,GCF_028827695.1,Penicillium maclennaniae
GCF_028828465.1,Penicillium psychrosexuale,Y,assembly_exact,fungi,Contig,GCA_028828465.1,GCF_028828465.1,Penicillium psychrosexuale
GCA_000503235.1,Sclerotinia borealis,Y,assembly_exact,fungi,Scaffold,GCA_000503235.1,na,Sclerotinia borealis F-4128
GCA_000729855.1,Epichloe aotearoae,Y,assembly_exact,fungi,Contig,GCA_000729855.1,na,Epichloe aotearoae
GCA_001179765.1,Crepidotus sp. BD-2015,Y,assembly_exact,fungi,Scaffold,GCA_001179765.1,na,Crepidotus sp. BD-2015
GCA_001513825.2,Chrysoporthe deuterocubensis,Y,assembly_exact,fungi,Contig,GCA_001513825.2,na,Chrysoporthe deuterocubensis
GCA_001599555.1,Stachybotrys echinatus,Y,assembly_exact,fungi,Scaffold,GCA_001599555.1,na,Stachybotrys echinatus
GCA_001882365.1,Rhizopogon vesiculosus,Y,assembly_exact,fungi,Scaffold,GCA_001882365.1,na,Rhizopogon vesiculosus
GCA_001931865.2,Beauveria sp. IMV 00265,Y,assembly_exact,fungi,Scaffold,GCA_001931865.2,na,Beauveria sp. IMV 00265
GCA_001969505.1,Zancudomyces culisetae,Y,assembly_exact,fungi,Scaffold,GCA_001969505.1,na,Zancudomyces culisetae
GCA_002105025.1,Clohesyomyces aquaticus,Y,assembly_exact,fungi,Contig,GCA_002105025.1,na,Clohesyomyces aquaticus
GCA_002370185.1,Metschnikowia sp. 01-655c1,Y,assembly_exact,fungi,Scaffold,GCA_002370185.1,na,Metschnikowia sp. 01-655c1
GCA_002976275.1,Monascus ruber,Y,assembly_exact,fungi,Contig,GCA_002976275.1,na,Monascus ruber
GCA_003056585.1,Lecanicillium sp. MT-2017a,Y,assembly_exact,fungi,Contig,GCA_003056585.1,na,Lecanicillium sp. MT-2017a
GCA_003709865.1,Chaetothyriales sp. CBS 132003,Y,assembly_exact,fungi,Scaffold,GCA_003709865.1,na,Chaetothyriales sp. CBS 132003
GCA_004337975.1,Pyricularia sp. CBS 133598,Y,assembly_exact,fungi,Chromosome,GCA_004337975.1,na,Pyricularia sp. CBS 133598
GCA_004369085.1,Coprinopsis marcescibilis,Y,assembly_exact,fungi,Scaffold,GCA_004369085.1,na,Coprinopsis marcescibilis
GCA_008728235.1,Lichtheimia ramosa,Y,assembly_exact,fungi,Complete Genome,GCA_008728235.1,na,Lichtheimia ramosa
GCA_009193525.1,Aspergillus sergii,Y,assembly_exact,fungi,Scaffold,GCA_009193525.1,na,Aspergillus sergii
GCA_009806525.1,Sanghuangporus sanghuang,Y,assembly_exact,fungi,Scaffold,GCA_009806525.1,na,Sanghuangporus sanghuang
GCA_013248845.1,Passalora sequoiae,Y,assembly_exact,fungi,Contig,GCA_013248845.1,na,Passalora sequoiae
GCA_015179025.1,Terfezia claveryi,Y,assembly_exact,fungi,Contig,GCA_015179025.1,na,Terfezia claveryi
GCA_019925105.1,Niebla homalea,Y,assembly_exact,fungi,Contig,GCA_019925105.1,na,Niebla homalea
GCA_020884735.1,Clathrus columnatus,Y,assembly_exact,fungi,Contig,GCA_020884735.1,na,Clathrus columnatus
GCA_022750515.1,Mortierella claussenii,Y,assembly_exact,fungi,Scaffold,GCA_022750515.1,na,Mortierella claussenii
GCA_023078685.1,Neopestalotiopsis rosae,Y,assembly_exact,fungi,Contig,GCA_023078685.1,na,Neopestalotiopsis rosae
GCA_023509875.1,Rugonectria rugulosa,Y,assembly_exact,fungi,Scaffold,GCA_023509875.1,na,Rugonectria rugulosa
GCA_023627985.1,Cutaneotrichosporon sp. PT3311B,Y,assembly_exact,fungi,Scaffold,GCA_023627985.1,na,Cutaneotrichosporon sp. PT3311B
GCA_023758125.1,Alternaria sp. Ai002NY15,Y,assembly_exact,fungi,Scaffold,GCA_023758125.1,na,Alternaria sp. Ai002NY15
GCA_024713855.1,Morchella sp. 2016-41,Y,assembly_exact,fungi,Contig,GCA_024713855.1,na,Morchella sp. 2016-41
GCA_025558095.1,Hyaloraphidium curvatum,Y,assembly_exact,fungi,Scaffold,GCA_025558095.1,na,Hyaloraphidium curvatum
GCA_026401215.1,Trichoderma erinaceum,Y,assembly_exact,fungi,Contig,GCA_026401215.1,na,Trichoderma erinaceum
GCA_027406065.1,Colletotrichum cordylinicola,Y,assembly_exact,fungi,Contig,GCA_027406065.1,na,Colletotrichum cordylinicola
GCA_027569385.1,Penicillium decumbens,Y,assembly_exact,fungi,Contig,GCA_027569385.1,na,Penicillium decumbens
GCA_027577095.1,Coemansia sp. S610,Y,assembly_exact,fungi,Scaffold,GCA_027577095.1,na,Coemansia sp. S610
GCA_027578795.1,Coemansia sp. RSA 1797,Y,assembly_exact,fungi,Scaffold,GCA_027578795.1,na,Coemansia sp. RSA 1797
GCA_028566595.1,Hypoxylon subgilvum,Y,assembly_exact,fungi,Scaffold,GCA_028566595.1,na,Hypoxylon subgilvum
GCA_029168975.1,Purpureocillium lavendulum,Y,assembly_exact,fungi,Contig,GCA_029168975.1,na,Purpureocillium lavendulum
GCA_029218145.1,Aphanocladium album,Y,assembly_exact,fungi,Scaffold,GCA_029218145.1,na,Aphanocladium album
GCA_029282135.1,Mycena belliarum,Y,assembly_exact,fungi,Contig,GCA_029282135.1,na,Mycena belliarum
GCA_029282495.1,Mycena albidolilacea,Y,assembly_exact,fungi,Contig,GCA_029282495.1,na,Mycena albidolilacea
GCA_030558315.1,Kodamaea suecica,Y,assembly_exact,fungi,Scaffold,GCA_030558315.1,na,Kodamaea suecica
GCA_030561325.1,Yamadazyma atlantica,Y,assembly_exact,fungi,Scaffold,GCA_030561325.1,na,Yamadazyma atlantica
GCA_030563125.1,Metschnikowia laotica,Y,assembly_exact,fungi,Scaffold,GCA_030563125.1,na,Metschnikowia laotica
GCA_030563485.1,[Candida] lessepsii,Y,assembly_exact,fungi,Scaffold,GCA_030563485.1,na,[Candida] lessepsii
GCA_030564825.1,[Candida] sithepensis,Y,assembly_exact,fungi,Scaffold,GCA_030564825.1,na,Ogataea sithepensis
GCA_030568255.1,Lipomyces spencermartinsiae,Y,assembly_exact,fungi,Scaffold,GCA_030568255.1,na,Lipomyces spencermartinsiae
GCA_030570175.1,Ogataea methylovora,Y,assembly_exact,fungi,Scaffold,GCA_030570175.1,na,Wenyingozyma methylovora
GCA_030777805.1,Fusarium sp. MBC 364,Y,assembly_exact,fungi,Contig,GCA_030777805.1,na,Fusarium sp. MBC 364
GCA_031001845.1,Achaetomiella virescens,Y,assembly_exact,fungi,Contig,GCA_031001845.1,na,Achaetomiella virescens
GCA_033439765.1,Lasiosphaeria ovina,Y,assembly_exact,fungi,Contig,GCA_033439765.1,na,Lasiosphaeria ovina
GCA_037039655.1,Pseudozyma sp. M118-08B,Y,assembly_exact,fungi,Contig,GCA_037039655.1,na,Pseudozyma sp. M118-08B
GCA_038093515.1,Butyriboletus loyo,Y,assembly_exact,fungi,Contig,GCA_038093515.1,na,Butyriboletus loyo
GCF_000182925.2,Neurospora crassa,Y,assembly_exact,fungi,Chromosome,GCA_000182925.2,GCF_000182925.2,Neurospora crassa OR74A
GCF_000304475.1,Kazachstania africana,Y,assembly_exact,fungi,Chromosome,GCA_000304475.1,GCF_000304475.1,Kazachstania africana CBS 2517
GCF_001661235.1,Pichia membranifaciens,Y,assembly_exact,fungi,Scaffold,GCA_001661235.1,GCF_001661235.1,Pichia membranifaciens NRRL Y-2026
GCF_013390195.1,Colletotrichum siamense,Y,assembly_exact,fungi,Contig,GCA_013390195.1,GCF_013390195.1,Colletotrichum siamense
GCF_019669845.1,Emericellopsis atlantica,Y,assembly_exact,fungi,Scaffold,GCA_019669845.1,GCF_019669845.1,Emericellopsis atlantica
GCF_022478825.1,Daldinia caldariorum,Y,assembly_exact,fungi,Scaffold,GCA_022478825.1,GCF_022478825.1,Daldinia caldariorum
GCF_028828045.1,Penicillium odoratum,Y,assembly_exact,fungi,Contig,GCA_028828045.1,GCF_028828045.1,Penicillium odoratum
GCF_028828765.1,Penicillium canescens,Y,assembly_exact,fungi,Contig,GCA_028828765.1,GCF_028828765.1,Penicillium canescens
GCF_033847375.1,Trichoderma aggressivum,Y,assembly_exact,fungi,Scaffold,GCA_033847375.1,GCF_033847375.1,Trichoderma aggressivum f. europaeum
GCF_035928015.1,Saxophila tyrrhenica,Y,assembly_exact,fungi,Scaffold,GCA_035928015.1,GCF_035928015.1,Saxophila tyrrhenica
GCA_000263175.2,Phaeosphaeriaceae sp. UM 1110,Y,assembly_exact,fungi,Contig,GCA_000263175.2,na,Phaeosphaeriaceae sp. UM 1110
GCA_000512585.3,Kwoniella bestiolae,Y,assembly_exact,fungi,Complete Genome,GCA_000512585.3,GCF_000512585.2,Kwoniella bestiolae CBS 10118
GCA_001510565.1,Knoxdaviesia proteae,Y,assembly_exact,fungi,Scaffold,GCA_001510565.1,na,Knoxdaviesia proteae
GCA_001599335.1,[Candida] boidinii,Y,assembly_exact,fungi,Scaffold,GCA_001599335.1,na,[Candida] boidinii
GCA_001636795.1,Akanthomyces lecanii,Y,assembly_exact,fungi,Scaffold,GCA_001636795.1,na,Akanthomyces lecanii RCEF 1005
GCA_002162505.1,Myriosclerotinia scirpicola,Y,assembly_exact,fungi,Scaffold,GCA_002162505.1,na,Myriosclerotinia scirpicola
GCA_003401635.1,Metschnikowia reukaufii,Y,assembly_exact,fungi,Chromosome,GCA_003401635.1,na,Metschnikowia reukaufii
GCA_003666085.1,Pseudocercospora crystallina,Y,assembly_exact,fungi,Contig,GCA_003666085.1,na,Pseudocercospora crystallina
GCA_003698115.1,Aspergillus sp. HF37,Y,assembly_exact,fungi,Contig,GCA_003698115.1,na,Aspergillus sp. HF37
GCA_003988895.1,Hyphodiscus sp. D1413,Y,assembly_exact,fungi,Scaffold,GCA_003988895.1,na,Hyphodiscus sp. D1413
GCA_005959805.1,Elsinoe ampelina,Y,assembly_exact,fungi,Contig,GCA_005959805.1,na,Elsinoe ampelina
GCA_009428295.1,Tilletia walkeri,Y,assembly_exact,fungi,Scaffold,GCA_009428295.1,na,Tilletia walkeri
GCA_013186905.1,Fusarium udum,Y,assembly_exact,fungi,Scaffold,GCA_013186905.1,na,Fusarium udum
GCA_013305495.1,Metarhizium anisopliae,Y,assembly_exact,fungi,Contig,GCA_013305495.1,na,Metarhizium anisopliae
GCA_013623535.1,Fusarium penzigii,Y,assembly_exact,fungi,Scaffold,GCA_013623535.1,na,Fusarium penzigii
GCA_016109495.1,Phialophora tarda,Y,assembly_exact,fungi,Scaffold,GCA_016109495.1,na,Phialophora tarda
GCA_018360365.1,Claviceps citrina,Y,assembly_exact,fungi,Contig,GCA_018360365.1,na,Claviceps citrina
GCA_018850815.1,Asterophora lycoperdoides,Y,assembly_exact,fungi,Scaffold,GCA_018850815.1,na,Asterophora lycoperdoides
GCA_020744315.1,Curvularia eragrostidis,Y,assembly_exact,fungi,Contig,GCA_020744315.1,na,Curvularia eragrostidis
GCA_021066465.1,Trichoderma asperelloides,Y,assembly_exact,fungi,Scaffold,GCA_021066465.1,na,Trichoderma asperelloides
GCA_022432525.1,Daldinia grandis,Y,assembly_exact,fungi,Contig,GCA_022432525.1,na,Daldinia grandis
GCA_022818035.1,Armillaria solidipes,Y,assembly_exact,fungi,Scaffold,GCA_022818035.1,na,Armillaria solidipes
GCA_023014365.1,Lepiota brunneoincarnata,Y,assembly_exact,fungi,Contig,GCA_023014365.1,na,Lepiota brunneoincarnata
GCA_023625975.1,Talaromyces sp. PYS2103,Y,assembly_exact,fungi,Scaffold,GCA_023625975.1,na,Talaromyces sp. PYS2103
GCA_023658505.1,Epichloe gansuensis,Y,assembly_exact,fungi,Complete Genome,GCA_023658505.1,na,Epichloe gansuensis
GCA_025449115.1,Chytridium lagenaria,Y,assembly_exact,fungi,Contig,GCA_025449115.1,na,Chytridium lagenaria
GCA_025688805.1,Aspergillus egyptiacus,Y,assembly_exact,fungi,Scaffold,GCA_025688805.1,na,Aspergillus egyptiacus
GCA_027578135.1,Coemansia sp. RSA 2524,Y,assembly_exact,fungi,Scaffold,GCA_027578135.1,na,Coemansia sp. RSA 2524
GCA_027578175.1,Coemansia sp. RSA 2531,Y,assembly_exact,fungi,Scaffold,GCA_027578175.1,na,Coemansia sp. RSA 2531
GCA_030555675.1,Vanderwaltozyma tropicalis,Y,assembly_exact,fungi,Scaffold,GCA_030555675.1,na,Vanderwaltozyma tropicalis
GCA_030555785.1,[Candida] kanchanaburiensis,Y,assembly_exact,fungi,Scaffold,GCA_030555785.1,na,[Candida] kanchanaburiensis
GCA_030563285.1,Starmerella khaoyaiensis,Y,assembly_exact,fungi,Scaffold,GCA_030563285.1,na,Starmerella khaoyaiensis
GCA_030571015.1,Ogataea sp. yHMJ1,Y,assembly_exact,fungi,Scaffold,GCA_030571015.1,na,Ogataea sp. yHMJ1
GCA_030572895.1,Jamesozyma jinghongensis,Y,assembly_exact,fungi,Scaffold,GCA_030572895.1,na,Jamesozyma jinghongensis
GCA_030574875.1,[Candida] peoriensis,Y,assembly_exact,fungi,Scaffold,GCA_030574875.1,na,Taiozyma peoriensis
GCA_030580235.1,Suhomyces sp. yHMH580,Y,assembly_exact,fungi,Contig,GCA_030580235.1,na,Suhomyces sp. yHMH580
GCA_031326905.1,Papiliotrema laurentii,Y,assembly_exact,fungi,Contig,GCA_031326905.1,na,Papiliotrema laurentii
GCA_035771495.1,Cladosporium oxysporum,Y,assembly_exact,fungi,Contig,GCA_035771495.1,na,Cladosporium oxysporum
GCA_036971555.1,Drechslerella coelobrocha,Y,assembly_exact,fungi,Scaffold,GCA_036971555.1,na,Drechslerella coelobrocha
GCA_038090615.1,Phylloporus gajari,Y,assembly_exact,fungi,Scaffold,GCA_038090615.1,na,Phylloporus gajari
GCA_038092575.1,Boletus subluridellus,Y,assembly_exact,fungi,Scaffold,GCA_038092575.1,na,Boletus subluridellus
GCA_038093455.1,Lanmaoa carminipes,Y,assembly_exact,fungi,Scaffold,GCA_038093455.1,na,Lanmaoa carminipes
GCA_900186055.1,Torulaspora microellipsoides,Y,name_exact,fungi,,,,Torulaspora microellipsoides
GCF_000002655.1,Aspergillus fumigatus,Y,assembly_exact,fungi,Chromosome,GCA_000002655.1,GCF_000002655.1,Aspergillus fumigatus Af293
GCF_022376455.1,Epithele typhae,Y,assembly_exact,fungi,Contig,GCA_022376455.1,GCF_022376455.1,Epithele typhae
GCF_024610275.1,Candida theae,Y,assembly_exact,fungi,Scaffold,GCA_024610275.1,GCF_024610275.1,Lodderomyces theae
GCF_947243775.1,Saccharomyces kudriavzevii,Y,name_exact,fungi,,,,Saccharomyces kudriavzevii
GCA_000697355.1,Syncephalastrum monosporum,Y,assembly_exact,fungi,Contig,GCA_000697355.1,na,Syncephalastrum monosporum B8922
GCA_000812895.1,Rutstroemia sydowiana,Y,assembly_exact,fungi,Contig,GCA_000812895.1,na,Rutstroemia sydowiana
GCA_001455585.1,Diplodia scrobiculata,Y,assembly_exact,fungi,Scaffold,GCA_001455585.1,na,Diplodia scrobiculata
GCA_001599955.1,Cystobasidium pallidum,Y,assembly_exact,fungi,Scaffold,GCA_001599955.1,na,Cystobasidium pallidum
GCA_002003505.1,Xylariales sp. No.14919,Y,assembly_exact,fungi,Scaffold,GCA_002003505.1,na,Xylariales sp. No.14919
GCA_002591415.1,Ophiocordyceps australis,Y,assembly_exact,fungi,Scaffold,GCA_002591415.1,na,Ophiocordyceps australis
GCA_002796755.1,Paracorniculantispora psalliotae,Y,assembly_exact,fungi,Scaffold,GCA_002796755.1,na,Paracorniculantispora psalliotae
GCA_002893725.1,Metschnikowia torresii,Y,assembly_exact,fungi,Scaffold,GCA_002893725.1,na,Metschnikowia torresii
GCA_002927785.1,Cladonia uncialis,Y,assembly_exact,fungi,Scaffold,GCA_002927785.1,na,Cladonia uncialis
GCA_003314235.1,Cantharellus cinnabarinus,Y,assembly_exact,fungi,Scaffold,GCA_003314235.1,na,Cantharellus cinnabarinus
GCA_003439915.1,Trichoderma atrobrunneum,Y,assembly_exact,fungi,Contig,GCA_003439915.1,na,Trichoderma atrobrunneum
GCA_003988865.1,Phialocephala sp. D728,Y,assembly_exact,fungi,Scaffold,GCA_003988865.1,na,Phialocephala sp. D728
GCA_004335185.1,Phoma sp. RAV-16-625,Y,assembly_exact,fungi,Contig,GCA_004335185.1,na,Phoma sp. RAV-16-625
GCA_009801095.1,Colletotrichum sp. COLG25,Y,assembly_exact,fungi,Scaffold,GCA_009801095.1,na,Colletotrichum sp. COLG25
GCA_013183765.1,Fusarium xylarioides,Y,assembly_exact,fungi,Scaffold,GCA_013183765.1,na,Fusarium xylarioides
GCA_013396095.1,Fusarium sp. NRRL 52700,Y,assembly_exact,fungi,Contig,GCA_013396095.1,na,Fusarium sp. NRRL 52700
GCA_014822075.1,Fusarium buharicum,Y,assembly_exact,fungi,Scaffold,GCA_014822075.1,na,Fusarium buharicum
GCA_014904855.1,Thelephora ganbajun,Y,assembly_exact,fungi,Scaffold,GCA_014904855.1,na,Thelephora ganbajun
GCA_016413765.1,Aspergillus felis,Y,assembly_exact,fungi,Complete Genome,GCA_016413765.1,na,Aspergillus felis
GCA_017657295.1,Termitomyces sp. DKA64,Y,assembly_exact,fungi,Scaffold,GCA_017657295.1,na,Termitomyces sp. DKA64
GCA_018282005.1,Asterophora parasitica,Y,assembly_exact,fungi,Scaffold,GCA_018282005.1,na,Asterophora parasitica
GCA_018360055.1,Claviceps monticola,Y,assembly_exact,fungi,Contig,GCA_018360055.1,na,Claviceps monticola
GCA_019925495.1,Ophiostoma fasciatum,Y,assembly_exact,fungi,Scaffold,GCA_019925495.1,na,Ophiostoma fasciatum
GCA_020744515.1,Fusarium tricinctum,Y,assembly_exact,fungi,Contig,GCA_020744515.1,na,Fusarium tricinctum
GCA_020746875.1,Rhexocercosporidium sp. MPI-PUGE-AT-0058,Y,assembly_exact,fungi,Contig,GCA_020746875.1,na,Rhexocercosporidium sp. MPI-PUGE-AT-0058
GCA_022495195.1,Xylaria digitata,Y,assembly_exact,fungi,Scaffold,GCA_022495195.1,na,Xylaria digitata
GCA_022575945.1,Aureobasidium sp. TD-062,Y,assembly_exact,fungi,Contig,GCA_022575945.1,na,Aureobasidium sp. TD-062
GCA_022609225.1,Boeremia lycopersici,Y,assembly_exact,fungi,Scaffold,GCA_022609225.1,na,Boeremia lycopersici
GCA_022813145.1,Barbatosphaeria neglecta,Y,assembly_exact,fungi,Scaffold,GCA_022813145.1,na,Barbatosphaeria neglecta
GCA_022965775.1,Cercospora sp. J1 LZ-2022,Y,assembly_exact,fungi,Complete Genome,GCA_022965775.1,na,Cercospora sp. J1 LZ-2022
GCA_023014435.1,Amanita fuliginea,Y,assembly_exact,fungi,Scaffold,GCA_023014435.1,na,Amanita fuliginea
GCA_023014475.1,Amanita pallidorosea,Y,assembly_exact,fungi,Scaffold,GCA_023014475.1,na,Amanita pallidorosea
GCA_023309525.1,Arxiozyma bovina,Y,assembly_exact,fungi,Contig,GCA_023309525.1,na,Arxiozyma bovina
GCA_023626215.1,Talaromyces sp. PL2406,Y,assembly_exact,fungi,Scaffold,GCA_023626215.1,na,Talaromyces sp. PL2406
GCA_024082115.1,Rhinocladiella similis,Y,assembly_exact,fungi,Contig,GCA_024082115.1,na,Rhinocladiella similis
GCA_024341135.1,Tolypocladium album,Y,assembly_exact,fungi,Scaffold,GCA_024341135.1,na,Tolypocladium album
GCA_024713935.1,Morchella eximia,Y,assembly_exact,fungi,Contig,GCA_024713935.1,na,Morchella eximia
GCA_026008595.1,Lyophyllum shimeji,Y,assembly_exact,fungi,Contig,GCA_026008595.1,na,Lyophyllum shimeji
GCA_027569055.1,Aspergillus baeticus,Y,assembly_exact,fungi,Contig,GCA_027569055.1,na,Aspergillus baeticus
GCA_027578055.1,Coemansia sp. RSA 2611,Y,assembly_exact,fungi,Scaffold,GCA_027578055.1,na,Coemansia sp. RSA 2611
GCA_027578815.1,Coemansia sp. RSA 1804,Y,assembly_exact,fungi,Scaffold,GCA_027578815.1,na,Coemansia sp. RSA 1804
GCA_028637775.1,Xylariaceae sp. X167,Y,assembly_exact,fungi,Contig,GCA_028637775.1,na,Xylariaceae sp. X167
GCA_028639655.1,Colletotrichum sp. SAR 10_66,Y,assembly_exact,fungi,Contig,GCA_028639655.1,na,Colletotrichum sp. SAR 10_66
GCA_030490775.1,Starmerella etchellsii,Y,assembly_exact,fungi,Contig,GCA_030490775.1,na,Starmerella etchellsii
GCA_030562965.1,Starmerella ratchasimensis,Y,assembly_exact,fungi,Contig,GCA_030562965.1,na,Starmerella ratchasimensis
GCA_030563305.1,[Candida] maesae (nom. inval.),Y,assembly_exact,fungi,Scaffold,GCA_030563305.1,na,Petasospora maesae
GCA_030569915.1,Kluyveromyces nonfermentans,Y,assembly_exact,fungi,Scaffold,GCA_030569915.1,na,Kluyveromyces nonfermentans
GCA_030574435.1,Wickerhamiella infanticola,Y,assembly_exact,fungi,Contig,GCA_030574435.1,na,Wickerhamiella infanticola
GCA_030585085.1,Cyberlindnera xishuangbannaensis,Y,assembly_exact,fungi,Scaffold,GCA_030585085.1,na,Petasospora xishuangbannaensis
GCA_032988175.1,Myotisia sp. PD_48,Y,assembly_exact,fungi,Scaffold,GCA_032988175.1,na,Myotisia sp. PD_48
GCA_032988895.1,Colletotrichum kahawae,Y,assembly_exact,fungi,Scaffold,GCA_032988895.1,na,Colletotrichum kahawae
GCA_035079535.1,Trichoderma endophyticum,Y,assembly_exact,fungi,Scaffold,GCA_035079535.1,na,Trichoderma endophyticum
GCA_036250225.1,Cercophora sp. LCS_1,Y,assembly_exact,fungi,Scaffold,GCA_036250225.1,na,Cercophora sp. LCS_1
GCA_036937095.1,Phaeolepiota aurea,Y,assembly_exact,fungi,Scaffold,GCA_036937095.1,na,Phaeolepiota aurea
GCA_037355385.1,Saccharomycopsis sp. FM-2023a,Y,assembly_exact,fungi,Contig,GCA_037355385.1,na,Saccharomycopsis sp. FM-2023a
GCA_038090235.1,Pulveroboletus ravenelii,Y,assembly_exact,fungi,Scaffold,GCA_038090235.1,na,Pulveroboletus ravenelii
GCA_038090255.1,Austroboletus niveus,Y,assembly_exact,fungi,Scaffold,GCA_038090255.1,na,Austroboletus niveus
GCF_000143365.1,Chaetomium globosum,Y,assembly_exact,fungi,Scaffold,GCA_000143365.1,GCF_000143365.1,Chaetomium globosum CBS 148.51
GCF_000231115.1,Vittaforma corneae,Y,assembly_exact,fungi,Scaffold,GCA_000231115.1,GCF_000231115.1,Vittaforma corneae ATCC 50505
GCF_000236905.1,Tetrapisispora phaffii,Y,assembly_exact,fungi,Chromosome,GCA_000236905.1,GCF_000236905.1,Tetrapisispora phaffii CBS 4417
GCF_000313525.1,Fibroporia radiculosa,Y,assembly_exact,fungi,Scaffold,GCA_000313525.1,GCF_000313525.1,Fibroporia radiculosa
GCF_003724135.2,Verticillium nonalfalfae,Y,assembly_exact,fungi,Scaffold,GCA_003724135.2,GCF_003724135.2,Verticillium nonalfalfae
GCF_005498985.1,Sporisorium graminicola,Y,assembly_exact,fungi,Chromosome,GCA_005498985.1,GCF_005498985.1,Sporisorium graminicola
GCF_016647635.1,Suillus subaureus,Y,assembly_exact,fungi,Contig,GCA_016647635.1,GCF_016647635.1,Suillus subaureus
GCF_029851405.1,Lichtheimia ornata,Y,assembly_exact,fungi,Scaffold,GCA_029851405.1,GCF_029851405.1,Lichtheimia ornata
GCF_907166805.1,Alternaria atra,Y,name_exact,fungi,,,,Alternaria atra
GCA_000149305.1,Rhizopus delemar,Y,assembly_exact,fungi,Scaffold,GCA_000149305.1,GCF_000149305.1,Rhizopus delemar RA 99-880
GCA_000931505.1,Hypoxylon sp. E7406B,Y,assembly_exact,fungi,Contig,GCA_000931505.1,na,Hypoxylon sp. E7406B
GCA_001263375.1,Puccinia sorghi,Y,assembly_exact,fungi,Scaffold,GCA_001263375.1,na,Puccinia sorghi
GCA_001599355.1,Nakazawaea peltata,Y,assembly_exact,fungi,Scaffold,GCA_001599355.1,na,Nakazawaea peltata
GCA_001693025.2,Colletotrichum lindemuthianum,Y,assembly_versionless,fungi,Scaffold,GCA_001693025.3,na,Colletotrichum lindemuthianum
GCA_001696595.2,Aspergillus hancockii,Y,assembly_exact,fungi,Scaffold,GCA_001696595.2,na,Aspergillus hancockii
GCA_002087915.1,Enterospora canceri,Y,assembly_exact,fungi,Contig,GCA_002087915.1,na,Enterospora canceri
GCA_002374645.1,Metschnikowia shivogae,Y,assembly_exact,fungi,Scaffold,GCA_002374645.1,na,Metschnikowia shivogae
GCA_002778195.1,Raffaelea ambrosiae,Y,assembly_exact,fungi,Scaffold,GCA_002778195.1,na,Raffaelea ambrosiae
GCA_003144125.1,Testicularia cyperi,Y,assembly_exact,fungi,Scaffold,GCA_003144125.1,na,Testicularia cyperi
GCA_003415625.1,Aquanectria penicillioides,Y,assembly_exact,fungi,Scaffold,GCA_003415625.1,na,Aquanectria penicillioides
GCA_003706045.2,Peterozyma toletana,Y,assembly_exact,fungi,Scaffold,GCA_003706045.2,na,Peterozyma toletana
GCA_003707735.2,[Candida] freyschussii,Y,assembly_exact,fungi,Scaffold,GCA_003707735.2,na,[Candida] freyschussii
GCA_003708185.3,Isabelozyma rhagii,Y,assembly_exact,fungi,Scaffold,GCA_003708185.3,na,Isabelozyma rhagii
GCA_003856775.1,Hyphopichia pseudoburtonii,Y,assembly_exact,fungi,Complete Genome,GCA_003856775.1,na,Hyphopichia pseudoburtonii
GCA_004000165.1,Taphrina sp. SM11,Y,assembly_exact,fungi,Contig,GCA_004000165.1,na,Taphrina sp. SM11
GCA_004353285.2,Xylaria grammica,Y,assembly_exact,fungi,Contig,GCA_004353285.2,na,Xylaria grammica
GCA_009801085.1,Lasiodiplodia sp. COLG20,Y,assembly_exact,fungi,Scaffold,GCA_009801085.1,na,Lasiodiplodia sp. COLG20
GCA_015849335.1,Entomortierella chlamydospora,Y,assembly_exact,fungi,Scaffold,GCA_015849335.1,na,Entomortierella chlamydospora
GCA_021030945.1,Pyrenula aspistea,Y,assembly_exact,fungi,Scaffold,GCA_021030945.1,na,Pyrenula aspistea
GCA_022023595.1,Sungouiella thailandica,Y,assembly_exact,fungi,Contig,GCA_022023595.1,na,Sungouiella thailandica
GCA_022385765.1,Trametes cingulata,Y,assembly_exact,fungi,Scaffold,GCA_022385765.1,na,Trametes cingulata
GCA_022392925.1,Ophiostoma tasmaniense,Y,assembly_exact,fungi,Scaffold,GCA_022392925.1,na,Ophiostoma tasmaniense
GCA_022457065.1,Curvularia sp. ZM96,Y,assembly_exact,fungi,Contig,GCA_022457065.1,na,Curvularia sp. ZM96
GCA_022495175.1,Hypoxylon argillaceum,Y,assembly_exact,fungi,Scaffold,GCA_022495175.1,na,Hypoxylon argillaceum
GCA_023628425.1,Chaetomiaceae sp. PYS4301M,Y,assembly_exact,fungi,Scaffold,GCA_023628425.1,na,Chaetomiaceae sp. PYS4301M
GCA_023628475.1,Chaetomiaceae sp. PF1801,Y,assembly_exact,fungi,Scaffold,GCA_023628475.1,na,Chaetomiaceae sp. PF1801
GCA_024340025.1,Tolypocladium tundrense,Y,assembly_exact,fungi,Scaffold,GCA_024340025.1,na,Tolypocladium tundrense
GCA_025962755.1,Colletotrichum tropicicola,Y,assembly_exact,fungi,Scaffold,GCA_025962755.1,na,Colletotrichum tropicicola
GCA_027578875.1,Coemansia sp. RSA 1286,Y,assembly_exact,fungi,Scaffold,GCA_027578875.1,na,Coemansia sp. RSA 1286
GCA_027579505.1,Coemansia guatemalensis,Y,assembly_exact,fungi,Scaffold,GCA_027579505.1,na,Coemansia guatemalensis
GCA_027579605.1,Coemansia brasiliensis,Y,assembly_exact,fungi,Scaffold,GCA_027579605.1,na,Coemansia brasiliensis
GCA_027596175.1,Rhizoclosmatium hyalinum,Y,assembly_exact,fungi,Scaffold,GCA_027596175.1,na,Rhizoclosmatium hyalinum
GCA_027603945.1,Terramyces sp. JEL0728,Y,assembly_exact,fungi,Contig,GCA_027603945.1,na,Terramyces sp. JEL0728
GCA_028654355.1,Colletotrichum sp. SAR 10_99,Y,assembly_exact,fungi,Scaffold,GCA_028654355.1,na,Colletotrichum sp. SAR 10_99
GCA_029320655.1,Mycena floridula,Y,assembly_exact,fungi,Contig,GCA_029320655.1,na,Mycena floridula
GCA_029448575.1,Mycena maculata,Y,assembly_exact,fungi,Contig,GCA_029448575.1,na,Mycena maculata
GCA_030555925.1,Candida xiaguanensis,Y,assembly_exact,fungi,Scaffold,GCA_030555925.1,na,Insectozyma xiaguanensis
GCA_030563705.1,Australozyma bambusicola,Y,assembly_exact,fungi,Scaffold,GCA_030563705.1,na,Australozyma bambusicola
GCA_030567275.1,Hanseniaspora lachancei,Y,assembly_exact,fungi,Scaffold,GCA_030567275.1,na,Hanseniaspora lachancei
GCA_030573635.1,Trichomonascus ciferrii,Y,assembly_exact,fungi,Scaffold,GCA_030573635.1,na,Blastobotrys ciferrii
GCA_030578715.1,Magnusiomyces tetraspermus,Y,assembly_exact,fungi,Scaffold,GCA_030578715.1,na,Magnusiomyces tetraspermus
GCA_030580455.1,Barnettozyma sp. UFMG-CM-Y5996,Y,assembly_exact,fungi,Scaffold,GCA_030580455.1,na,Barnettozyma sp. UFMG-CM-Y5996
GCA_030581495.1,Wickerhamomyces xylosicus (nom. inval.),Y,assembly_exact,fungi,Scaffold,GCA_030581495.1,na,Waltiozyma xylosica
GCA_030582435.1,Wickerhamomyces onychis,Y,assembly_exact,fungi,Scaffold,GCA_030582435.1,na,Taiozyma onychis
GCA_030674755.1,Metschnikowia henanensis,Y,assembly_exact,fungi,Scaffold,GCA_030674755.1,na,Metschnikowia henanensis
GCA_030772735.1,Fusarium sp. MBC 181,Y,assembly_exact,fungi,Contig,GCA_030772735.1,na,Fusarium sp. MBC 181
GCA_030783385.1,Akanthomyces dipterigenus,Y,assembly_exact,fungi,Contig,GCA_030783385.1,na,Akanthomyces dipterigenus
GCA_037040845.1,Trichomonascaceae sp. B5901,Y,assembly_exact,fungi,Scaffold,GCA_037040845.1,na,Trichomonascaceae sp. B5901
GCA_038089815.1,Sutorius eximius,Y,assembly_exact,fungi,Scaffold,GCA_038089815.1,na,Sutorius eximius
GCA_038090775.1,Leccinum idahoense,Y,assembly_exact,fungi,Scaffold,GCA_038090775.1,na,Leccinum idahoense
GCA_038092595.1,Boletus subdepauperatus,Y,assembly_exact,fungi,Scaffold,GCA_038092595.1,na,Boletus subdepauperatus
GCA_039880815.1,Aspergillus intermedius,Y,assembly_exact,fungi,Scaffold,GCA_039880815.1,na,Aspergillus intermedius
GCF_000264995.1,Punctularia strigosozonata,Y,assembly_exact,fungi,Scaffold,GCA_000264995.1,GCF_000264995.1,Punctularia strigosozonata HHB-11173 SS5
GCF_001641265.1,Pseudogymnoascus destructans,Y,assembly_exact,fungi,Scaffold,GCA_001641265.1,GCF_001641265.1,Pseudogymnoascus destructans
GCF_016628075.1,Suillus paluster,Y,assembly_exact,fungi,Contig,GCA_016628075.1,GCF_016628075.1,Suillus paluster
GCA_000806385.1,Leptographium procerum,Y,assembly_exact,fungi,Scaffold,GCA_000806385.1,na,Leptographium procerum
GCA_001008265.1,Epichloe sylvatica,Y,assembly_exact,fungi,Contig,GCA_001008265.1,na,Epichloe sylvatica
GCA_001642395.1,Nematocida displodere,Y,assembly_exact,fungi,Scaffold,GCA_001642395.1,GCF_001642395.1,Nematocida displodere
GCA_001657655.1,Talaromyces piceae,Y,assembly_exact,fungi,Scaffold,GCA_001657655.1,na,Talaromyces piceae
GCA_003316035.1,Neoboletus subvelutipes,Y,assembly_exact,fungi,Scaffold,GCA_003316035.1,na,Neoboletus subvelutipes
GCA_003693545.1,Pseudonectria buxi,Y,assembly_exact,fungi,Scaffold,GCA_003693545.1,na,Pseudonectria buxi
GCA_003705705.2,Blastobotrys raffinosifermentans,Y,assembly_exact,fungi,Scaffold,GCA_003705705.2,na,Blastobotrys raffinosifermentans
GCA_003706635.2,Ambrosiozyma maleeae (nom. inval.),Y,assembly_exact,fungi,Contig,GCA_003706635.2,na,Ambrosiozyma maleeae (nom. inval.)
GCA_005188305.1,Xylaria sp. BCC 1067,Y,assembly_exact,fungi,Contig,GCA_005188305.1,na,Xylaria sp. BCC 1067
GCA_011033385.1,Fusarium cf. solani,Y,assembly_exact,fungi,Scaffold,GCA_011033385.1,na,Fusarium cf. solani
GCA_014824385.1,Fusarium cyanostomum,Y,assembly_exact,fungi,Scaffold,GCA_014824385.1,na,Fusarium cyanostomum
GCA_016097935.1,Dissophora globulifera,Y,assembly_exact,fungi,Scaffold,GCA_016097935.1,na,Dissophora globulifera
GCA_019189775.1,Fusarium annulatum,Y,assembly_exact,fungi,Scaffold,GCA_019189775.1,na,Fusarium annulatum
GCA_019972555.1,Ustilago shanxiensis,Y,assembly_exact,fungi,Scaffold,GCA_019972555.1,na,Ustilago shanxiensis
GCA_020011035.1,Amanita subjunquillea,Y,assembly_exact,fungi,Scaffold,GCA_020011035.1,na,Amanita subjunquillea
GCA_021436925.1,Neofusicoccum ribis,Y,assembly_versionless,fungi,Scaffold,GCA_021436925.2,na,Neofusicoccum ribis
GCA_022204955.1,Macrophomina pseudophaseolina,Y,assembly_exact,fungi,Contig,GCA_022204955.1,na,Macrophomina pseudophaseolina
GCA_022496225.1,Russula aff. rugulosa BPL654,Y,assembly_exact,fungi,Contig,GCA_022496225.1,na,Russula aff. rugulosa BPL654
GCA_022560025.1,Stagonosporopsis chrysanthemi,Y,assembly_exact,fungi,Scaffold,GCA_022560025.1,na,Stagonosporopsis chrysanthemi
GCA_024752465.1,Allantophomopsis lycopodina,Y,assembly_exact,fungi,Complete Genome,GCA_024752465.1,na,Allantophomopsis lycopodina
GCA_025531575.1,Pichia sp. PH4023,Y,assembly_exact,fungi,Scaffold,GCA_025531575.1,na,Pichia sp. PH4023
GCA_027596945.1,Physocladia obscura,Y,assembly_exact,fungi,Scaffold,GCA_027596945.1,na,Physocladia obscura
GCA_027604345.1,Boothiomyces sp. JEL0866,Y,assembly_exact,fungi,Contig,GCA_027604345.1,na,Boothiomyces sp. JEL0866
GCA_028828935.1,Penicillium sp. IBT 18751x,Y,assembly_exact,fungi,Contig,GCA_028828935.1,na,Penicillium sp. IBT 18751x
GCA_030555885.1,Ogataea paradorogensis,Y,assembly_exact,fungi,Contig,GCA_030555885.1,na,Ogataea paradorogensis
GCA_030565665.1,Zygotorulaspora chibaensis,Y,assembly_exact,fungi,Scaffold,GCA_030565665.1,na,Zygotorulaspora chibaensis
GCA_030569075.1,[Candida] sphagnicola,Y,assembly_exact,fungi,Contig,GCA_030569075.1,na,Suzukiozyma sphagnicola
GCA_030574095.1,Metahyphopichia silvanorum,Y,assembly_exact,fungi,Scaffold,GCA_030574095.1,na,Metahyphopichia silvanorum
GCA_030574715.1,Wickerhamomyces strasburgensis,Y,assembly_exact,fungi,Scaffold,GCA_030574715.1,na,Xingzhongia strasburgensis
GCA_030779165.1,Fusarium sp. MBC 441,Y,assembly_exact,fungi,Contig,GCA_030779165.1,na,Fusarium sp. MBC 441
GCA_030782805.1,Aschersonia sp. MBC 622,Y,assembly_exact,fungi,Contig,GCA_030782805.1,na,Aschersonia sp. MBC 622
GCA_033085395.1,Xanthoparmelia taractica,Y,assembly_exact,fungi,Scaffold,GCA_033085395.1,na,Xanthoparmelia taractica
GCA_033297235.1,Trichocladium antarcticum,Y,assembly_exact,fungi,Scaffold,GCA_033297235.1,na,Trichocladium antarcticum
GCA_037042985.1,Sporobolomyces phaffii,Y,assembly_exact,fungi,Contig,GCA_037042985.1,na,Sporobolomyces phaffii
GCA_037954305.1,Neonectria magnoliae,Y,assembly_exact,fungi,Scaffold,GCA_037954305.1,na,Neonectria magnoliae
GCA_038091055.1,Leccinum angustisporum,Y,assembly_exact,fungi,Scaffold,GCA_038091055.1,na,Leccinum angustisporum
GCA_038092775.1,Boletus rubescentipes,Y,assembly_exact,fungi,Scaffold,GCA_038092775.1,na,Boletus rubescentipes
GCA_038093815.1,Neoboletus cf. brunneissimus,Y,assembly_exact,fungi,Scaffold,GCA_038093815.1,na,Neoboletus cf. brunneissimus
GCA_039762375.1,[Candida] sinolaborantium,Y,assembly_exact,fungi,Scaffold,GCA_039762375.1,na,Keqinozyma sinolaborantium
GCA_963989305.1,Lodderomyces beijingensis,Y,name_exact,fungi,,,,Lodderomyces beijingensis
GCF_000182765.1,Candida parapsilosis,Y,assembly_exact,fungi,Contig,GCA_000182765.2,GCF_000182765.1,Lodderomyces parapsilosis
GCF_000708205.1,Mixia osmundae,Y,assembly_exact,fungi,Scaffold,GCA_000708205.1,GCF_000708205.1,Mixia osmundae IAM 14324
GCF_001298625.1,Saccharomyces eubayanus,Y,assembly_exact,fungi,Chromosome,GCA_001298625.1,GCF_001298625.1,Saccharomyces eubayanus
GCF_001792695.1,Aspergillus bombycis,Y,assembly_exact,fungi,Contig,GCA_001792695.1,GCF_001792695.1,Aspergillus bombycis
GCF_013036055.1,Alternaria burnsii,Y,assembly_exact,fungi,Scaffold,GCA_013036055.1,GCF_013036055.1,Alternaria burnsii
GCF_900067095.1,Fusarium proliferatum,Y,name_exact,fungi,,,,Fusarium proliferatum
GCA_000732205.1,Verticillium tricorpus,Y,assembly_exact,fungi,Scaffold,GCA_000732205.1,na,Verticillium tricorpus MUCL 9792
GCA_000750105.3,Tolypocladium sp. Sup5 PDA-1,Y,assembly_exact,fungi,Scaffold,GCA_000750105.3,na,Tolypocladium sp. Sup5 PDA-1
GCA_000966855.1,Fusarium sp. JS1030,Y,assembly_exact,fungi,Scaffold,GCA_000966855.1,na,Fusarium sp. JS1030
GCA_001513805.1,Davidsoniella virescens,Y,assembly_exact,fungi,Scaffold,GCA_001513805.1,na,Davidsoniella virescens
GCA_001600295.1,Apiotrichum brassicae,Y,assembly_exact,fungi,Scaffold,GCA_001600295.1,na,Apiotrichum brassicae
GCA_001630595.1,Pseudogymnoascus sp. BL308,Y,assembly_exact,fungi,Scaffold,GCA_001630595.1,na,Pseudogymnoascus sp. BL308
GCA_001633045.1,Fusarium metavorans,Y,assembly_exact,fungi,Scaffold,GCA_001633045.1,na,Fusarium metavorans
GCA_001748505.1,Sporisorium iseilematis-ciliati,Y,assembly_exact,fungi,Contig,GCA_001748505.1,na,Sporisorium iseilematis-ciliati
GCA_001939105.2,Sugiyamaella xylanicola (nom. inval.),Y,assembly_exact,fungi,Contig,GCA_001939105.2,na,Sugiyamaella xylanicola (nom. inval.)
GCA_002705745.1,Coemansia reversa,Y,assembly_exact,fungi,Scaffold,GCA_002705745.1,na,Coemansia reversa NRRL 1564
GCA_002778165.1,Raffaelea arxii,Y,assembly_exact,fungi,Scaffold,GCA_002778165.1,na,Raffaelea arxii
GCA_003313855.1,Suillus sp. MG131,Y,assembly_exact,fungi,Scaffold,GCA_003313855.1,na,Suillus sp. MG131
GCA_003316425.1,Russula lepida,Y,assembly_exact,fungi,Scaffold,GCA_003316425.1,na,Russula lepida
GCA_003706415.3,Deakozyma indianensis (nom. inval.),Y,assembly_exact,fungi,Scaffold,GCA_003706415.3,na,Deakozyma indianensis
GCA_003706995.3,Yamadazyma philogaea,Y,assembly_exact,fungi,Contig,GCA_003706995.3,na,Yamadazyma philogaea
GCA_003708225.3,Cyberlindnera suaveolens,Y,assembly_exact,fungi,Scaffold,GCA_003708225.3,na,Williopsis suaveolens
GCA_004154915.1,Monosporascus ibericus,Y,assembly_exact,fungi,Scaffold,GCA_004154915.1,na,Monosporascus ibericus
GCA_004367215.1,Colletotrichum trifolii,Y,assembly_exact,fungi,Scaffold,GCA_004367215.1,na,Colletotrichum trifolii
GCA_005406165.1,Pichia manshurica,Y,assembly_exact,fungi,Contig,GCA_005406165.1,na,Pichia manshurica
GCA_012976225.1,Golubevia sp. BC0850,Y,assembly_exact,fungi,Scaffold,GCA_012976225.1,na,Golubevia sp. BC0850
GCA_014825775.1,Krasilnikovozyma curviuscula,Y,assembly_exact,fungi,Scaffold,GCA_014825775.1,na,Krasilnikovozyma curviuscula
GCA_016097755.1,Apophysomyces sp. BC1034,Y,assembly_exact,fungi,Scaffold,GCA_016097755.1,na,Apophysomyces sp. BC1034
GCA_016098085.1,Mortierella sp. NVP41,Y,assembly_exact,fungi,Scaffold,GCA_016098085.1,na,Mortierella sp. NVP41
GCA_019022495.1,Epichloe hybrida,Y,assembly_exact,fungi,Scaffold,GCA_019022495.1,na,Epichloe hybrida
GCA_019649525.1,Hanseniaspora lindneri,Y,assembly_exact,fungi,Scaffold,GCA_019649525.1,na,Hanseniaspora lindneri
GCA_022385605.1,Xylariaceae sp. FL0594,Y,assembly_exact,fungi,Scaffold,GCA_022385605.1,na,Xylariaceae sp. FL0594
GCA_022579005.1,Poronia punctata,Y,assembly_exact,fungi,Scaffold,GCA_022579005.1,na,Poronia punctata
GCA_025602905.1,Phlyctochytrium arcticum,Y,assembly_exact,fungi,Contig,GCA_025602905.1,na,Phlyctochytrium arcticum
GCA_025766275.1,Lactarius indigo,Y,assembly_exact,fungi,Contig,GCA_025766275.1,na,Lactarius indigo
GCA_025782845.1,Boletus coccyginus,Y,assembly_exact,fungi,Contig,GCA_025782845.1,na,Boletus coccyginus
GCA_025802115.2,Bertia moriformis,Y,assembly_exact,fungi,Scaffold,GCA_025802115.2,na,Bertia moriformis
GCA_027579275.1,Coemansia linderi,Y,assembly_exact,fungi,Scaffold,GCA_027579275.1,na,Coemansia linderi
GCA_030557545.1,Ogataea salicorniae,Y,assembly_exact,fungi,Scaffold,GCA_030557545.1,na,Ogataea salicorniae
GCA_030557875.1,Candida neerlandica,Y,assembly_exact,fungi,Scaffold,GCA_030557875.1,na,Candida neerlandica
GCA_030558815.1,Blastobotrys malaysiensis,Y,assembly_exact,fungi,Scaffold,GCA_030558815.1,na,Blastobotrys malaysiensis
GCA_030560575.1,Kodamaea fungicola,Y,assembly_exact,fungi,Scaffold,GCA_030560575.1,na,Kodamaea fungicola
GCA_030563445.1,Metschnikowia gruessii,Y,assembly_exact,fungi,Scaffold,GCA_030563445.1,na,Metschnikowia gruessii
GCA_030564605.1,Debaryomyces coudertii,Y,assembly_exact,fungi,Scaffold,GCA_030564605.1,na,Debaryomyces coudertii
GCA_030566875.1,Wickerhamomyces chaumierensis,Y,assembly_exact,fungi,Scaffold,GCA_030566875.1,na,Waltiozyma chaumierensis
GCA_030570675.1,Myxozyma neglecta,Y,assembly_exact,fungi,Scaffold,GCA_030570675.1,na,Myxozyma neglecta
GCA_030571195.1,Myxozyma geophila,Y,assembly_exact,fungi,Scaffold,GCA_030571195.1,na,Myxozyma geophila
GCA_030578655.1,Magnusiomyces starmeri,Y,assembly_exact,fungi,Scaffold,GCA_030578655.1,na,Magnusiomyces starmeri
GCA_030579135.1,[Candida] danieliae,Y,assembly_exact,fungi,Scaffold,GCA_030579135.1,na,[Candida] danieliae
GCA_030581555.1,[Candida] argentea,Y,assembly_exact,fungi,Scaffold,GCA_030581555.1,na,[Candida] argentea
GCA_037040125.1,Kazachstania sp. M6911,Y,assembly_exact,fungi,Scaffold,GCA_037040125.1,na,Kazachstania sp. M6911
GCA_037040145.1,Sordariomycetes sp. M70-01Q,Y,assembly_exact,fungi,Scaffold,GCA_037040145.1,na,Sordariomycetes sp. M70-01Q
GCA_037040355.1,Cutaneotrichosporon sp. M94-02A,Y,assembly_exact,fungi,Scaffold,GCA_037040355.1,na,Cutaneotrichosporon sp. M94-02A
GCA_037042055.1,Penicillium sp. S103-07,Y,assembly_exact,fungi,Scaffold,GCA_037042055.1,na,Penicillium sp. S103-07
GCA_038089995.1,Tylopilus balloui,Y,assembly_exact,fungi,Scaffold,GCA_038089995.1,na,Tylopilus balloui
GCA_038091755.1,Leccinum pallidistipes,Y,assembly_exact,fungi,Scaffold,GCA_038091755.1,na,Leccinum pallidistipes
GCA_038093375.1,Xerocomus brunneocitrinus,Y,assembly_exact,fungi,Scaffold,GCA_038093375.1,na,Xerocomus brunneocitrinus
GCA_038094295.1,Tylopilus aff. beelii,Y,assembly_exact,fungi,Scaffold,GCA_038094295.1,na,Tylopilus aff. beelii
GCF_000149615.1,Aspergillus terreus,Y,assembly_exact,fungi,Scaffold,GCA_000149615.1,GCF_000149615.1,Aspergillus terreus NIH2624
GCF_000167675.1,Trichoderma reesei,Y,assembly_exact,fungi,Scaffold,GCA_000167675.2,GCF_000167675.1,Trichoderma reesei QM6a
GCF_001477545.1,Pneumocystis carinii,Y,assembly_exact,fungi,Contig,GCA_001477545.1,GCF_001477545.1,Pneumocystis carinii B80
GCF_026319265.1,Colletotrichum chrysophilum,Y,assembly_exact,fungi,Contig,GCA_026319265.1,GCF_026319265.1,Colletotrichum chrysophilum
GCF_028829765.1,Penicillium waksmanii,Y,assembly_exact,fungi,Contig,GCA_028829765.1,GCF_028829765.1,Penicillium waksmanii
GCA_000315175.1,Herpotrichiellaceae sp. UM238,Y,assembly_exact,fungi,Contig,GCA_000315175.1,na,Herpotrichiellaceae sp. UM238
GCA_000467735.1,Rhytidhysteron rufulum,Y,assembly_exact,fungi,Contig,GCA_000467735.1,na,Rhytidhysteron rufulum CBS 306.38
GCA_000817285.1,Curvularia papendorfii,Y,assembly_exact,fungi,Contig,GCA_000817285.1,na,Curvularia papendorfii
GCA_000983655.1,Zymoseptoria brevis,Y,assembly_exact,fungi,Scaffold,GCA_000983655.1,na,Zymoseptoria brevis
GCA_001660665.1,Emergomyces africanus,Y,assembly_exact,fungi,Scaffold,GCA_001660665.1,na,Emergomyces africanus
GCA_001972265.1,Sarocladium oryzae,Y,assembly_exact,fungi,Scaffold,GCA_001972265.1,na,Sarocladium oryzae
GCA_002118035.1,Scheffersomyces shehatae,Y,assembly_exact,fungi,Scaffold,GCA_002118035.1,na,Scheffersomyces shehatae
GCA_002196765.1,Millerozyma farinosa,Y,assembly_exact,fungi,Contig,GCA_002196765.1,na,Millerozyma farinosa
GCA_002240705.1,Elaphomyces granulatus,Y,assembly_exact,fungi,Scaffold,GCA_002240705.1,na,Elaphomyces granulatus
GCA_002374725.1,Metschnikowia hibisci,Y,assembly_exact,fungi,Scaffold,GCA_002374725.1,na,Metschnikowia hibisci
GCA_004354395.1,Chondrostereum purpureum,Y,assembly_exact,fungi,Contig,GCA_004354395.1,na,Chondrostereum purpureum
GCA_004786225.1,Botryotinia narcissicola,Y,assembly_exact,fungi,Scaffold,GCA_004786225.1,na,Botryotinia narcissicola
GCA_009806295.1,Davidsoniella neocaledoniae,Y,assembly_exact,fungi,Contig,GCA_009806295.1,na,Davidsoniella neocaledoniae
GCA_009830905.1,Neofusicoccum cordaticola,Y,assembly_exact,fungi,Scaffold,GCA_009830905.1,na,Neofusicoccum cordaticola
GCA_010015675.1,Byssothecium circinans,Y,assembly_exact,fungi,Scaffold,GCA_010015675.1,na,Byssothecium circinans
GCA_010367425.1,Teratosphaeria destructans,Y,assembly_exact,fungi,Scaffold,GCA_010367425.1,na,Teratosphaeria destructans
GCA_014898285.1,Botrytis aclada,Y,assembly_exact,fungi,Contig,GCA_014898285.1,na,Botrytis aclada
GCA_015852425.1,Gryganskiella cystojenkinii,Y,assembly_exact,fungi,Scaffold,GCA_015852425.1,na,Gryganskiella cystojenkinii
GCA_016767475.1,Suillus weaverae,Y,assembly_exact,fungi,Scaffold,GCA_016767475.1,na,Suillus weaverae
GCA_016807845.1,Colletotrichum eleusines,Y,assembly_exact,fungi,Contig,GCA_016807845.1,na,Colletotrichum eleusines
GCA_019775405.1,Aureobasidium leucospermi,Y,assembly_exact,fungi,Scaffold,GCA_019775405.1,na,Aureobasidium leucospermi
GCA_020137715.1,Talaromyces trachyspermus,Y,assembly_exact,fungi,Contig,GCA_020137715.1,na,Talaromyces trachyspermus
GCA_020736575.1,Thelonectria olida,Y,assembly_exact,fungi,Contig,GCA_020736575.1,na,Thelonectria olida
GCA_021950295.1,Epichloe scottii,Y,assembly_exact,fungi,Complete Genome,GCA_021950295.1,na,Epichloe scottii
GCA_022605405.1,Earliella scabrosa,Y,assembly_exact,fungi,Contig,GCA_022605405.1,na,Earliella scabrosa
GCA_023619275.1,Aspergillus sp. M3606,Y,assembly_exact,fungi,Scaffold,GCA_023619275.1,na,Aspergillus sp. M3606
GCA_024271935.1,Ustilago crameri,Y,assembly_exact,fungi,Scaffold,GCA_024271935.1,na,Ustilago crameri
GCA_024613145.1,Pisolithus marmoratus,Y,assembly_exact,fungi,Contig,GCA_024613145.1,na,Pisolithus marmoratus
GCA_025201365.1,Syncephalis plumigaleata,Y,assembly_exact,fungi,Contig,GCA_025201365.1,na,Syncephalis plumigaleata
GCA_025716855.1,Pilaira anomala,Y,assembly_exact,fungi,Contig,GCA_025716855.1,na,Pilaira anomala
GCA_028011325.1,Lentinula lateritia,Y,assembly_exact,fungi,Contig,GCA_028011325.1,na,Lentinula lateritia
GCA_030556845.1,Sugiyamaella floridensis,Y,assembly_exact,fungi,Scaffold,GCA_030556845.1,na,Sugiyamaella floridensis
GCA_030563505.1,Candidozyma konsanensis,Y,assembly_exact,fungi,Scaffold,GCA_030563505.1,na,Candidozyma konsanensis
GCA_030564325.1,Blastobotrys capitulatus,Y,assembly_exact,fungi,Scaffold,GCA_030564325.1,na,Blastobotrys capitulatus
GCA_030566895.1,[Candida] coquimbonensis,Y,assembly_exact,fungi,Scaffold,GCA_030566895.1,na,Phaffomyces coquimbonensis
GCA_030566905.1,[Candida] aurita,Y,assembly_exact,fungi,Scaffold,GCA_030566905.1,na,Chernovozyma aurita
GCA_030578535.1,Yamadazyma tumulicola,Y,assembly_exact,fungi,Contig,GCA_030578535.1,na,Yamadazyma tumulicola
GCA_030580325.1,Sugiyamaella sp. yHKS617,Y,assembly_exact,fungi,Scaffold,GCA_030580325.1,na,Sugiyamaella sp. yHKS617
GCA_031310005.1,Dactylellina haptotyla,Y,assembly_exact,fungi,Chromosome,GCA_031310005.1,na,Dactylellina haptotyla
GCA_033296705.1,Chaetomidium leptoderma,Y,assembly_exact,fungi,Scaffold,GCA_033296705.1,na,Chaetomidium leptoderma
GCA_038089795.1,Pulchroboletus neoregius,Y,assembly_exact,fungi,Scaffold,GCA_038089795.1,na,Pulchroboletus neoregius
GCA_038091275.1,Tylopilus subfusipes,Y,assembly_exact,fungi,Scaffold,GCA_038091275.1,na,Tylopilus subfusipes
GCA_038091955.1,Leccinum imitatum,Y,assembly_exact,fungi,Scaffold,GCA_038091955.1,na,Leccinum imitatum
GCA_038092695.1,Boletus rubropictus,Y,assembly_exact,fungi,Scaffold,GCA_038092695.1,na,Boletus rubropictus
GCA_038092715.1,Boletus smithii,Y,assembly_exact,fungi,Scaffold,GCA_038092715.1,na,Boletus smithii
GCA_038093915.1,Boletellus aff. emodensis,Y,assembly_exact,fungi,Scaffold,GCA_038093915.1,na,Boletellus aff. emodensis
GCA_900169235.1,Zarea fungicola,Y,name_exact,fungi,,,,Zarea fungicola
GCF_000315915.1,Henningerozyma blattae,Y,assembly_exact,fungi,Chromosome,GCA_000315915.1,GCF_000315915.1,Henningerozyma blattae CBS 6284
GCF_001278385.1,Malassezia pachydermatis,Y,assembly_exact,fungi,Scaffold,GCA_001278385.1,GCF_001278385.1,Malassezia pachydermatis
GCF_001720205.1,Cryptococcus amylolentus,Y,assembly_exact,fungi,Scaffold,GCA_001720205.1,GCF_001720205.1,Cryptococcus amylolentus CBS 6039
GCF_014898535.1,Botrytis deweyae,Y,assembly_exact,fungi,Contig,GCA_014898535.1,GCF_014898535.1,Botrytis deweyae
GCF_024610245.1,Candida pseudojiufengensis,Y,assembly_exact,fungi,Scaffold,GCA_024610245.1,GCF_024610245.1,Lodderomyces pseudojiufengensis
GCA_000697035.1,Rhizopus stolonifer,Y,assembly_exact,fungi,Contig,GCA_000697035.1,na,Rhizopus stolonifer B9770
GCA_000787465.1,Thermomucor indicae-seudaticae,Y,assembly_exact,fungi,Contig,GCA_000787465.1,na,Thermomucor indicae-seudaticae
GCA_002116305.1,Penicillium italicum,Y,assembly_exact,fungi,Scaffold,GCA_002116305.1,na,Penicillium italicum
GCA_002786045.1,Zasmidium angulare,Y,assembly_exact,fungi,Scaffold,GCA_002786045.1,na,Zasmidium angulare
GCA_002994785.1,Heterobasidion parviporum,Y,assembly_exact,fungi,Scaffold,GCA_002994785.1,na,Heterobasidion parviporum
GCA_003004715.1,Moesziomyces sp. F5C1,Y,assembly_exact,fungi,Contig,GCA_003004715.1,na,Moesziomyces sp. F5C1
GCA_003073855.1,Periconia macrospinosa,Y,assembly_exact,fungi,Scaffold,GCA_003073855.1,na,Periconia macrospinosa
GCA_003314665.1,Tricholoma sp. MG77,Y,assembly_exact,fungi,Scaffold,GCA_003314665.1,na,Tricholoma sp. MG77
GCA_003705905.2,Lipomyces sp. NRRL Y-11553,Y,assembly_exact,fungi,Scaffold,GCA_003705905.2,na,Lipomyces sp. NRRL Y-11553
GCA_003706525.2,Suhomyces canberraensis,Y,assembly_exact,fungi,Scaffold,GCA_003706525.2,na,Suhomyces canberraensis
GCA_003788565.2,Ascobolus immersus,Y,assembly_exact,fungi,Scaffold,GCA_003788565.2,na,Ascobolus immersus RN42
GCA_003850985.1,Aspergillus awamori,Y,assembly_exact,fungi,Contig,GCA_003850985.1,na,Aspergillus awamori
GCA_006783085.1,Colletotrichum shisoi,Y,assembly_exact,fungi,Scaffold,GCA_006783085.1,na,Colletotrichum shisoi
GCA_009982845.1,Delphinella strobiligena,Y,assembly_exact,fungi,Contig,GCA_009982845.1,na,Delphinella strobiligena
GCA_013186845.1,Fusarium sterilihyphosum,Y,assembly_exact,fungi,Scaffold,GCA_013186845.1,na,Fusarium sterilihyphosum
GCA_014764975.2,Fusarium sp. DS 682,Y,assembly_exact,fungi,Contig,GCA_014764975.2,na,Fusarium sp. DS 682
GCA_014805705.1,Cucumispora dikerogammari,Y,assembly_exact,fungi,Scaffold,GCA_014805705.1,na,Cucumispora dikerogammari
GCA_016098165.1,Mortierella polycephala,Y,assembly_exact,fungi,Scaffold,GCA_016098165.1,na,Mortierella polycephala
GCA_016647685.1,Suillus tomentosus,Y,assembly_exact,fungi,Contig,GCA_016647685.1,na,Suillus tomentosus
GCA_017427045.1,Kluyveromyces sp. PCH397,Y,assembly_exact,fungi,Contig,GCA_017427045.1,na,Kluyveromyces sp. PCH397
GCA_017657195.1,Termitomyces sp. T70a,Y,assembly_exact,fungi,Scaffold,GCA_017657195.1,na,Termitomyces sp. T70a
GCA_018360205.1,Claviceps digitariae,Y,assembly_exact,fungi,Contig,GCA_018360205.1,na,Claviceps digitariae
GCA_020623695.1,Calonectria henricotiae,Y,assembly_exact,fungi,Scaffold,GCA_020623695.1,na,Calonectria henricotiae
GCA_021527025.2,Geoglossum cookeanum,Y,assembly_exact,fungi,Scaffold,GCA_021527025.2,na,Geoglossum cookeanum
GCA_022577725.1,Wickerhamiella dianesei,Y,assembly_exact,fungi,Contig,GCA_022577725.1,na,Wickerhamiella dianesei
GCA_022578715.1,Nemania sp. FL0916,Y,assembly_exact,fungi,Scaffold,GCA_022578715.1,na,Nemania sp. FL0916
GCA_026954515.1,Cladochytrium tenue,Y,assembly_exact,fungi,Scaffold,GCA_026954515.1,na,Cladochytrium tenue
GCA_027577015.1,Dispira parvispora,Y,assembly_exact,fungi,Scaffold,GCA_027577015.1,na,Dispira parvispora
GCA_027604625.1,Blyttiomyces sp. JEL0837,Y,assembly_exact,fungi,Scaffold,GCA_027604625.1,na,Blyttiomyces sp. JEL0837
GCA_027945245.1,Fusarium irregulare,Y,assembly_exact,fungi,Scaffold,GCA_027945245.1,na,Fusarium irregulare
GCA_028827225.1,Penicillium sp. CMV-2018d,Y,assembly_exact,fungi,Contig,GCA_028827225.1,na,Penicillium sp. CMV-2018d
GCA_030556805.1,Schwanniomyces vanrijiae,Y,assembly_exact,fungi,Scaffold,GCA_030556805.1,na,Schwanniomyces vanrijiae var. vanrijiae
GCA_030558395.1,Danielia reshetovae,Y,assembly_exact,fungi,Scaffold,GCA_030558395.1,na,Danielia reshetovae
GCA_030563205.1,Sugiyamaella marilandica,Y,assembly_exact,fungi,Scaffold,GCA_030563205.1,na,Sugiyamaella marilandica
GCA_030567535.1,Kuraishia floccosa,Y,assembly_exact,fungi,Contig,GCA_030567535.1,na,Kuraishia floccosa
GCA_030568015.1,Ogataea dorogensis,Y,assembly_exact,fungi,Scaffold,GCA_030568015.1,na,Ogataea dorogensis
GCA_030569435.1,Metschnikowia koreensis,Y,assembly_exact,fungi,Scaffold,GCA_030569435.1,na,Metschnikowia koreensis
GCA_030569635.1,Pichia thaimueangensis,Y,assembly_exact,fungi,Scaffold,GCA_030569635.1,na,Pichia thaimueangensis
GCA_030570415.1,Saturnispora serradocipensis,Y,assembly_exact,fungi,Scaffold,GCA_030570415.1,na,Saturnispora serradocipensis
GCA_030572335.1,Cyberlindnera nakhonratchasimensis (nom. inval.),Y,assembly_exact,fungi,Scaffold,GCA_030572335.1,na,Petasospora nakhonratchasimensis
GCA_035521555.1,Lecanoromycetidae sp. Uapishka_2,Y,assembly_exact,fungi,Scaffold,GCA_035521555.1,na,Lecanoromycetidae sp. Uapishka_2
GCA_038094015.1,Phylloporus cf. gajari,Y,assembly_exact,fungi,Scaffold,GCA_038094015.1,na,Phylloporus cf. gajari
GCF_001548555.1,Eremothecium sinecaudum,Y,assembly_exact,fungi,Complete Genome,GCA_001548555.1,GCF_001548555.1,Eremothecium sinecaudum
GCF_004353045.1,Thyridium curvatum,Y,assembly_exact,fungi,Contig,GCA_004353045.1,GCF_004353045.1,Thyridium curvatum
GCF_012971845.1,Lasiodiplodia theobromae,Y,assembly_exact,fungi,Contig,GCA_012971845.1,GCF_012971845.1,Lasiodiplodia theobromae
GCF_024291825.1,Alternaria postmessia,Y,assembly_exact,fungi,Scaffold,GCA_024291825.1,GCF_024291825.1,Alternaria postmessia
GCA_000223765.2,Zymoseptoria ardabiliae,Y,assembly_exact,fungi,Contig,GCA_000223765.2,na,Zymoseptoria ardabiliae STIR04_1.1.2
GCA_000347735.1,Cercospora canescens,Y,assembly_exact,fungi,Contig,GCA_000347735.1,na,Cercospora canescens BHU
GCA_000587855.1,Mucor irregularis,Y,assembly_exact,fungi,Scaffold,GCA_000587855.1,na,Mucor irregularis B50
GCA_000827355.1,Hebeloma cylindrosporum,Y,assembly_exact,fungi,Scaffold,GCA_000827355.1,na,Hebeloma cylindrosporum
GCA_002775195.1,Talaromyces adpressus,Y,assembly_exact,fungi,Scaffold,GCA_002775195.1,na,Talaromyces adpressus
GCA_002865655.1,Hyaloscypha variabilis,Y,assembly_exact,fungi,Scaffold,GCA_002865655.1,na,Hyaloscypha variabilis F
GCA_003012115.1,Trichothecium sympodiale,Y,assembly_exact,fungi,Scaffold,GCA_003012115.1,na,Trichothecium sympodiale
GCA_003049395.1,Pseudohalonectria lignicola,Y,assembly_exact,fungi,Scaffold,GCA_003049395.1,na,Pseudohalonectria lignicola
GCA_003049435.1,Nakataea oryzae,Y,assembly_exact,fungi,Scaffold,GCA_003049435.1,na,Nakataea oryzae
GCA_003313725.1,Russula sp. MG48,Y,assembly_exact,fungi,Scaffold,GCA_003313725.1,na,Russula sp. MG48
GCA_003521265.1,Cetradonia linearis,Y,assembly_exact,fungi,Scaffold,GCA_003521265.1,na,Cetradonia linearis
GCA_003671435.1,Berkeleyomyces basicola,Y,assembly_exact,fungi,Scaffold,GCA_003671435.1,na,Berkeleyomyces basicola
GCA_003693225.1,Venturia aucupariae,Y,assembly_exact,fungi,Scaffold,GCA_003693225.1,na,Venturia aucupariae
GCA_003707025.2,Yamadazyma scolyti,Y,assembly_exact,fungi,Scaffold,GCA_003707025.2,na,Yamadazyma scolyti
GCA_003707195.2,Phaffomyces antillensis,Y,assembly_exact,fungi,Scaffold,GCA_003707195.2,na,Phaffomyces antillensis
GCA_003707795.2,Clavispora fructus,Y,assembly_exact,fungi,Scaffold,GCA_003707795.2,na,Clavispora fructus
GCA_003988795.1,Proliferodiscus dingleyae,Y,assembly_exact,fungi,Scaffold,GCA_003988795.1,na,Proliferodiscus dingleyae
GCA_004369045.1,Heliocybe sulcata,Y,assembly_exact,fungi,Scaffold,GCA_004369045.1,na,Heliocybe sulcata
GCA_006535955.1,Synchytrium endobioticum,Y,assembly_exact,fungi,Scaffold,GCA_006535955.1,na,Synchytrium endobioticum
GCA_009289805.1,Alternaria gansuensis,Y,assembly_exact,fungi,Contig,GCA_009289805.1,na,Alternaria gansuensis
GCA_009805495.1,Pezicula neosporulosa,Y,assembly_exact,fungi,Scaffold,GCA_009805495.1,na,Pezicula neosporulosa
GCA_010093785.1,Polychaeton citri,Y,assembly_exact,fungi,Scaffold,GCA_010093785.1,na,Polychaeton citri CBS 116435
GCA_013184325.1,Fusarium luffae,Y,assembly_exact,fungi,Scaffold,GCA_013184325.1,na,Fusarium luffae
GCA_013363135.1,Fusarium brevicatenulatum,Y,assembly_exact,fungi,Scaffold,GCA_013363135.1,na,Fusarium brevicatenulatum
GCA_014183095.1,Harringtonia aguacate,Y,assembly_exact,fungi,Scaffold,GCA_014183095.1,na,Harringtonia aguacate
GCA_014235935.1,Colletotrichum musicola,Y,assembly_exact,fungi,Scaffold,GCA_014235935.1,na,Colletotrichum musicola
GCA_018257885.1,Parmelia sp. 050094,Y,assembly_exact,fungi,Scaffold,GCA_018257885.1,na,Parmelia sp. 050094
GCA_018360175.1,Claviceps arundinis,Y,assembly_exact,fungi,Contig,GCA_018360175.1,na,Claviceps arundinis
GCA_019915145.1,Strobilurus orientalis,Y,assembly_exact,fungi,Contig,GCA_019915145.1,na,Strobilurus orientalis
GCA_022432365.1,Hypoxylon sp. FL1284,Y,assembly_exact,fungi,Contig,GCA_022432365.1,na,Hypoxylon sp. FL1284
GCA_022578535.1,Jackrogersella minutella,Y,assembly_exact,fungi,Scaffold,GCA_022578535.1,na,Jackrogersella minutella
GCA_022813125.1,Septoriella neoarundinis,Y,assembly_exact,fungi,Scaffold,GCA_022813125.1,na,Septoriella neoarundinis
GCA_022813505.1,Tremellales sp. FJII-L8-SW-PAB2,Y,assembly_exact,fungi,Scaffold,GCA_022813505.1,na,Tremellales sp. FJII-L8-SW-PAB2
GCA_022985005.1,Trichoderma koningiopsis,Y,assembly_exact,fungi,Contig,GCA_022985005.1,na,Trichoderma koningiopsis
GCA_023376865.1,Colletotrichum filicis,Y,assembly_exact,fungi,Scaffold,GCA_023376865.1,na,Colletotrichum filicis
GCA_023628255.1,Cystobasidium sp. 2NF920,Y,assembly_exact,fungi,Scaffold,GCA_023628255.1,na,Cystobasidium sp. 2NF920
GCA_024521645.1,Morchella snyderi,Y,assembly_exact,fungi,Contig,GCA_024521645.1,na,Morchella snyderi
GCA_025201375.1,Gongronella butleri,Y,assembly_exact,fungi,Contig,GCA_025201375.1,na,Gongronella butleri
GCA_027600665.1,Irineochytrium annulatum,Y,assembly_exact,fungi,Scaffold,GCA_027600665.1,na,Irineochytrium annulatum
GCA_029281465.1,Mycena epipterygia,Y,assembly_exact,fungi,Contig,GCA_029281465.1,na,Mycena epipterygia
GCA_030562865.1,Kodamaea lidongshanica (nom. inval.),Y,assembly_exact,fungi,Scaffold,GCA_030562865.1,na,Kodamaea lidongshanica (nom. inval.)
GCA_030563905.1,Australozyma succicola,Y,assembly_exact,fungi,Contig,GCA_030563905.1,na,Australozyma succicola
GCA_030571715.1,Grigorovia jiainica (nom. inval.),Y,assembly_exact,fungi,Scaffold,GCA_030571715.1,na,Grigorovia jiainica (nom. inval.)
GCA_030574375.1,Priceomyces castillae,Y,assembly_exact,fungi,Scaffold,GCA_030574375.1,na,Priceomyces castillae
GCA_030674545.1,Ogataea saltuana,Y,assembly_exact,fungi,Scaffold,GCA_030674545.1,na,Ogataea saltuana
GCA_031771845.1,Yueomyces sp. D-C8-1,Y,assembly_exact,fungi,Scaffold,GCA_031771845.1,na,Yueomyces sp. D-C8-1
GCA_032821775.1,Sanguinoderma infundibulare,Y,assembly_exact,fungi,Contig,GCA_032821775.1,na,Sanguinoderma infundibulare
GCA_033682645.1,Phoma sp. ATCC 74077,Y,assembly_exact,fungi,Contig,GCA_033682645.1,na,Phoma sp. ATCC 74077
GCA_036937155.1,Cyathus pygmaeus,Y,assembly_exact,fungi,Scaffold,GCA_036937155.1,na,Cyathus pygmaeus
GCA_038091135.1,Leccinum fibrillosum,Y,assembly_exact,fungi,Scaffold,GCA_038091135.1,na,Leccinum fibrillosum
GCA_900074755.1,Lachancea nothofagi,Y,name_exact,fungi,,,,Lachancea nothofagi
GCF_000146045.2,Saccharomyces cerevisiae,Y,assembly_exact,fungi,Complete Genome,GCA_000146045.2,GCF_000146045.2,Saccharomyces cerevisiae S288C
GCF_000149845.2,Schizosaccharomyces japonicus,Y,assembly_exact,fungi,Scaffold,GCA_000149845.2,GCF_000149845.2,Schizosaccharomyces japonicus yFS275
GCF_002926085.2,Candidozyma duobushaemuli,Y,assembly_exact,fungi,Contig,GCA_002926085.1,GCF_002926085.2,Candidozyma duobushaemuli
GCF_002954075.1,Cryptococcus deuterogattii,Y,assembly_exact,fungi,Chromosome,GCA_002954075.1,GCF_002954075.1,Cryptococcus deuterogattii R265
GCF_019609905.1,Fusarium poae,Y,assembly_exact,fungi,Chromosome,GCA_019609905.1,GCF_019609905.1,Fusarium poae
GCF_024043165.1,Alternaria incomplexa,Y,assembly_exact,fungi,Scaffold,GCA_024043165.1,GCF_024043165.1,Alternaria incomplexa
GCA_001430945.1,Amauroascus niger,Y,assembly_exact,fungi,Scaffold,GCA_001430945.1,na,Amauroascus niger
GCA_001599615.1,Thielaviopsis euricoi,Y,assembly_exact,fungi,Scaffold,GCA_001599615.1,na,Thielaviopsis euricoi
GCA_001600415.1,Pascua guehoae,Y,assembly_exact,fungi,Scaffold,GCA_001600415.1,na,Pascua guehoae
GCA_001625345.1,Cairneyella variabilis,Y,assembly_exact,fungi,Contig,GCA_001625345.1,na,Cairneyella variabilis
GCA_002120315.1,Hypoxylon sp. CI-4A,Y,assembly_exact,fungi,Scaffold,GCA_002120315.1,na,Hypoxylon sp. CI-4A
GCA_003013055.1,Juglanconis sp. DMW523,Y,assembly_exact,fungi,Contig,GCA_003013055.1,na,Juglanconis sp. DMW523
GCA_009733775.1,Alectoria sarmentosa,Y,assembly_exact,fungi,Scaffold,GCA_009733775.1,na,Alectoria sarmentosa
GCA_013365205.1,Pseudocercospora cruenta,Y,assembly_exact,fungi,Scaffold,GCA_013365205.1,na,Pseudocercospora cruenta
GCA_013623555.1,Fusarium nisikadoi,Y,assembly_exact,fungi,Scaffold,GCA_013623555.1,na,Fusarium nisikadoi
GCA_013756995.1,Neonectria neomacrospora,Y,assembly_exact,fungi,Scaffold,GCA_013756995.1,na,Neonectria neomacrospora
GCA_014462675.1,Mycena sanguinolenta,Y,assembly_exact,fungi,Contig,GCA_014462675.1,na,Mycena sanguinolenta
GCA_014898835.1,Fusarium lateritium,Y,assembly_exact,fungi,Scaffold,GCA_014898835.1,na,Fusarium lateritium
GCA_014904905.1,Wilcoxina mikolae,Y,assembly_exact,fungi,Scaffold,GCA_014904905.1,na,Wilcoxina mikolae CBS 423.85
GCA_016758845.1,Nigrospora oryzae,Y,assembly_exact,fungi,Contig,GCA_016758845.1,na,Nigrospora oryzae
GCA_017165645.1,Fusarium sacchari,Y,assembly_exact,fungi,Contig,GCA_017165645.1,na,Fusarium sacchari
GCA_018524725.1,Podaxis mareebaensis,Y,assembly_exact,fungi,Scaffold,GCA_018524725.1,na,Podaxis mareebaensis
GCA_019925645.1,Graphilbum cf. rectangulosporium,Y,assembly_exact,fungi,Scaffold,GCA_019925645.1,na,Graphilbum cf. rectangulosporium
GCA_019977855.1,Penicillium aurantiogriseum,Y,assembly_exact,fungi,Contig,GCA_019977855.1,na,Penicillium aurantiogriseum
GCA_020064725.1,Drechslerella dactyloides,Y,assembly_exact,fungi,Contig,GCA_020064725.1,na,Drechslerella dactyloides
GCA_020086695.1,Penicillium sumatraense,Y,assembly_exact,fungi,Scaffold,GCA_020086695.1,na,Penicillium sumatraense
GCA_020726485.1,Halenospora varia,Y,assembly_exact,fungi,Contig,GCA_020726485.1,na,Halenospora varia
GCA_021030975.1,Lichenothelia convexa,Y,assembly_exact,fungi,Scaffold,GCA_021030975.1,na,Lichenothelia convexa
GCA_021730365.1,Fusarium tucumaniae,Y,assembly_exact,fungi,Scaffold,GCA_021730365.1,na,Fusarium tucumaniae
GCA_022496215.1,Russula brevipes,Y,assembly_exact,fungi,Contig,GCA_022496215.1,na,Russula brevipes
GCA_025093985.1,Calvatia gigantea,Y,assembly_exact,fungi,Contig,GCA_025093985.1,na,Calvatia gigantea
GCA_025592935.1,Aspergillus ostianus,Y,assembly_exact,fungi,Scaffold,GCA_025592935.1,na,Aspergillus ostianus
GCA_025758675.1,Naganishia antarctica,Y,assembly_exact,fungi,Scaffold,GCA_025758675.1,na,Naganishia antarctica
GCA_025758705.1,Goffeauzyma gilvescens,Y,assembly_exact,fungi,Scaffold,GCA_025758705.1,na,Goffeauzyma gilvescens
GCA_026075535.2,Tricholoma matsutake,Y,assembly_exact,fungi,Chromosome,GCA_026075535.2,na,Tricholoma matsutake
GCA_026262435.1,Curvularia spicifera,Y,assembly_exact,fungi,Scaffold,GCA_026262435.1,na,Curvularia spicifera
GCA_027604185.1,Boothiomyces macroporosus,Y,assembly_exact,fungi,Contig,GCA_027604185.1,na,Boothiomyces macroporosus
GCA_029719445.1,Agaricus blazei,Y,assembly_exact,fungi,Contig,GCA_029719445.1,na,Agaricus blazei
GCA_030556145.1,Helenozyma baotianmanensis,Y,assembly_exact,fungi,Scaffold,GCA_030556145.1,na,Candida baotianmanensis
GCA_030556945.1,Hyphopichia buzzinii,Y,assembly_exact,fungi,Contig,GCA_030556945.1,na,Hyphopichia buzzinii
GCA_030557115.1,Candida chauliodis,Y,assembly_exact,fungi,Scaffold,GCA_030557115.1,na,Insectozyma chauliodis
GCA_030558135.1,[Candida] adriatica,Y,assembly_exact,fungi,Scaffold,GCA_030558135.1,na,Petasospora adriatica
GCA_030560845.1,Pichia scutulata,Y,assembly_exact,fungi,Scaffold,GCA_030560845.1,na,Pichia scutulata
GCA_030563605.1,Yamadazyma paraphyllophila,Y,assembly_exact,fungi,Scaffold,GCA_030563605.1,na,Yamadazyma paraphyllophila
GCA_030564055.1,[Candida] mattraensis (nom. inval.),Y,assembly_exact,fungi,Scaffold,GCA_030564055.1,na,Ogataea mattraensis
GCA_030564125.1,Myxozyma lipomycoides,Y,assembly_exact,fungi,Scaffold,GCA_030564125.1,na,Myxozyma lipomycoides
GCA_030566775.1,[Candida] smagusa,Y,assembly_exact,fungi,Scaffold,GCA_030566775.1,na,[Candida] smagusa
GCA_030568425.1,Ambrosiozyma llanquihuensis,Y,assembly_exact,fungi,Contig,GCA_030568425.1,na,Ambrosiozyma llanquihuensis
GCA_030578735.1,Metschnikowia noctiluminum,Y,assembly_exact,fungi,Scaffold,GCA_030578735.1,na,Metschnikowia noctiluminum
GCA_030583385.1,Spencermartinsiella ligniputridi,Y,assembly_exact,fungi,Scaffold,GCA_030583385.1,na,Spencermartinsiella ligniputridi
GCA_037040535.1,Talaromyces sp. P118-02,Y,assembly_exact,fungi,Scaffold,GCA_037040535.1,na,Talaromyces sp. P118-02
GCA_038090315.1,Xanthoconium stramineum,Y,assembly_exact,fungi,Scaffold,GCA_038090315.1,na,Xanthoconium stramineum
GCA_038090895.1,Boletus bicoloroides,Y,assembly_exact,fungi,Scaffold,GCA_038090895.1,na,Boletus bicoloroides
GCA_038093595.1,Butyriboletus regius,Y,assembly_exact,fungi,Scaffold,GCA_038093595.1,na,Butyriboletus regius
GCA_038094315.1,Phylloporus cf. tubipes,Y,assembly_exact,fungi,Scaffold,GCA_038094315.1,na,Phylloporus cf. tubipes
GCA_963678735.1,Metschnikowia agaves,Y,name_exact,fungi,,,,Metschnikowia agaves
GCA_963924405.1,[Candida] anglica,Y,name_exact,fungi,,,,[Candida] anglica
GCF_000004155.1,Schizosaccharomyces cryophilus,Y,assembly_exact,fungi,Scaffold,GCA_000004155.2,GCF_000004155.1,Schizosaccharomyces cryophilus OY26
GCF_000271585.1,Trametes versicolor,Y,assembly_exact,fungi,Scaffold,GCA_000271585.1,GCF_000271585.1,Trametes versicolor FP-101664 SS1
GCF_000600275.1,Aspergillus ruber,Y,assembly_exact,fungi,Scaffold,GCA_000600275.1,GCF_000600275.1,Aspergillus ruber CBS 135680
GCF_000835455.1,Fonsecaea pedrosoi,Y,assembly_exact,fungi,Scaffold,GCA_000835455.1,GCF_000835455.1,Fonsecaea pedrosoi CBS 271.37
GCF_003144195.1,Ceraceosorus guamensis,Y,assembly_exact,fungi,Scaffold,GCA_003144195.1,GCF_003144195.1,Ceraceosorus guamensis
GCF_026319165.1,Colletotrichum fioriniae,Y,assembly_exact,fungi,Contig,GCA_026319165.1,GCF_026319165.1,Colletotrichum fioriniae
GCF_028828445.1,Penicillium paradoxum,Y,assembly_exact,fungi,Contig,GCA_028828445.1,GCF_028828445.1,Penicillium paradoxum
GCA_000208805.1,Erysiphe pisi,Y,assembly_exact,fungi,Contig,GCA_000208805.1,na,Erysiphe pisi
GCA_000372705.1,Cerataphis brasiliensis yeast-like symbiont,Y,assembly_exact,fungi,Scaffold,GCA_000372705.1,na,Cerataphis brasiliensis yeast-like symbiont
GCA_000504385.2,Exutisphaerella laricina,Y,assembly_exact,fungi,Scaffold,GCA_000504385.2,na,Exutisphaerella laricina CBS 326.52
GCA_001297265.1,Mycosphaerella arachidis,Y,assembly_exact,fungi,Scaffold,GCA_001297265.1,na,Mycosphaerella arachidis
GCA_001600195.1,Yarrowia keelungensis,Y,assembly_exact,fungi,Scaffold,GCA_001600195.1,na,Yarrowia keelungensis
GCA_001600815.1,Alloascoidea hylecoeti,Y,assembly_exact,fungi,Scaffold,GCA_001600815.1,na,Alloascoidea hylecoeti
GCA_001692735.1,Lepidopterella palustris,Y,assembly_exact,fungi,Scaffold,GCA_001692735.1,na,Lepidopterella palustris CBS 459.81
GCA_001702395.2,Diaporthe helianthi,Y,assembly_exact,fungi,Scaffold,GCA_001702395.2,na,Diaporthe helianthi
GCA_002918395.1,Erysiphe pulchra,Y,assembly_exact,fungi,Scaffold,GCA_002918395.1,na,Erysiphe pulchra
GCA_002952155.1,Alternaria solani,Y,assembly_exact,fungi,Complete Genome,GCA_002952155.1,na,Alternaria solani
GCA_003055185.1,Escovopsis sp. TC,Y,assembly_exact,fungi,Scaffold,GCA_003055185.1,na,Escovopsis sp. TC
GCA_003706615.3,[Candida] montana,Y,assembly_exact,fungi,Scaffold,GCA_003706615.3,na,Gotozyma montana
GCA_003999685.1,Taiwanofungus camphoratus,Y,assembly_exact,fungi,Complete Genome,GCA_003999685.1,na,Taiwanofungus camphoratus
GCA_004299765.1,Talaromyces funiculosus,Y,assembly_exact,fungi,Complete Genome,GCA_004299765.1,na,Talaromyces funiculosus
GCA_004835665.1,Phoma sp. XZ068,Y,assembly_exact,fungi,Scaffold,GCA_004835665.1,na,Phoma sp. XZ068
GCA_004849945.1,Aspergillus ochraceus,Y,assembly_exact,fungi,Scaffold,GCA_004849945.1,na,Aspergillus ochraceus
GCA_005059875.1,Rhodotorula sp. CCFEE 5036,Y,assembly_exact,fungi,Scaffold,GCA_005059875.1,na,Rhodotorula sp. CCFEE 5036
GCA_010015805.1,Rhizodiscina lignyota,Y,assembly_exact,fungi,Scaffold,GCA_010015805.1,na,Rhizodiscina lignyota
GCA_011319215.2,Scortechinia acanthostroma,Y,assembly_exact,fungi,Scaffold,GCA_011319215.2,na,Scortechinia acanthostroma
GCA_013618495.1,Fusarium longipes,Y,assembly_exact,fungi,Scaffold,GCA_013618495.1,na,Fusarium longipes
GCA_013623845.1,Fusarium foetens,Y,assembly_exact,fungi,Scaffold,GCA_013623845.1,na,Fusarium foetens
GCA_014825575.1,Phaffia australis,Y,assembly_exact,fungi,Scaffold,GCA_014825575.1,na,Phaffia australis
GCA_014884825.1,Fusarium sp. 190-020-2,Y,assembly_exact,fungi,Contig,GCA_014884825.1,na,Fusarium sp. 190-020-2
GCA_014898885.1,Fusarium lyarnte (nom. inval.),Y,assembly_exact,fungi,Scaffold,GCA_014898885.1,na,Fusarium lyarnte (nom. inval.)
GCA_014925845.1,Crassisporium funariophilum,Y,assembly_exact,fungi,Contig,GCA_014925845.1,na,Crassisporium funariophilum
GCA_015025155.1,Lactarius quietus,Y,assembly_exact,fungi,Contig,GCA_015025155.1,na,Lactarius quietus
GCA_015832245.1,Nosema granulosis,Y,assembly_exact,fungi,Scaffold,GCA_015832245.1,na,Nosema granulosis
GCA_015847235.1,Linnemannia zychae,Y,assembly_exact,fungi,Scaffold,GCA_015847235.1,na,Linnemannia zychae
GCA_017635955.1,Yarrowia sp. B02,Y,assembly_exact,fungi,Contig,GCA_017635955.1,na,Yarrowia sp. B02
GCA_018360075.1,Claviceps cyperi,Y,assembly_exact,fungi,Contig,GCA_018360075.1,na,Claviceps cyperi
GCA_018985235.1,Sanchytrium tribonematis,Y,assembly_exact,fungi,Contig,GCA_018985235.1,na,Sanchytrium tribonematis
GCA_019677385.1,Ceratobasidium sp. 392,Y,assembly_exact,fungi,Scaffold,GCA_019677385.1,na,Ceratobasidium sp. 392
GCA_020975415.1,Calonectria hawksworthii,Y,assembly_exact,fungi,Scaffold,GCA_020975415.1,na,Calonectria hawksworthii
GCA_020976545.1,Fusarium sp. Barmshour,Y,assembly_exact,fungi,Scaffold,GCA_020976545.1,na,Fusarium sp. Barmshour
GCA_022495205.1,Hypoxylon sp. FL1150,Y,assembly_exact,fungi,Scaffold,GCA_022495205.1,na,Hypoxylon sp. FL1150
GCA_022605425.2,Hamiltosporidium tvaerminnensis,Y,assembly_exact,fungi,Chromosome,GCA_022605425.2,na,Hamiltosporidium tvaerminnensis
GCA_023014395.1,Amanita rimosa,Y,assembly_exact,fungi,Contig,GCA_023014395.1,na,Amanita rimosa
GCA_023658445.1,Epichloe bromicola,Y,assembly_exact,fungi,Complete Genome,GCA_023658445.1,na,Epichloe bromicola
GCA_024140155.1,Backusella parvicylindrica,Y,assembly_exact,fungi,Scaffold,GCA_024140155.1,na,Backusella parvicylindrica
GCA_024195465.1,Aureobasidium sp. EXF-8845,Y,assembly_exact,fungi,Contig,GCA_024195465.1,na,Aureobasidium sp. EXF-8845
GCA_024244115.1,Nematocida sp. AWRm77,Y,assembly_exact,fungi,Scaffold,GCA_024244115.1,na,Nematocida sp. AWRm77
GCA_024271885.1,Ogataea ramenticola,Y,assembly_exact,fungi,Scaffold,GCA_024271885.1,na,Wenyingozyma ramenticola
GCA_024712875.1,Inonotus hispidus,Y,assembly_exact,fungi,Chromosome,GCA_024712875.1,na,Inonotus hispidus
GCA_025529325.1,Trichosporon sp. PG3703,Y,assembly_exact,fungi,Scaffold,GCA_025529325.1,na,Trichosporon sp. PG3703
GCA_025603075.1,Neoconidiobolus thromboides,Y,assembly_exact,fungi,Scaffold,GCA_025603075.1,na,Neoconidiobolus thromboides FSU 785
GCA_026122715.1,Cladosporium colombiae,Y,assembly_exact,fungi,Contig,GCA_026122715.1,na,Cladosporium colombiae
GCA_026585945.1,Candidozyma vulturna,Y,assembly_exact,fungi,Complete Genome,GCA_026585945.1,na,Candidozyma vulturna
GCA_027576975.1,Coemansia umbellata,Y,assembly_exact,fungi,Scaffold,GCA_027576975.1,na,Coemansia umbellata
GCA_029449355.1,Emydomyces testavorans,Y,assembly_exact,fungi,Complete Genome,GCA_029449355.1,na,Emydomyces testavorans
GCA_030077755.1,Filosporella fistucella,Y,assembly_exact,fungi,Contig,GCA_030077755.1,na,Filosporella fistucella
GCA_030462825.1,Kluyveromyces sp. yHMH660,Y,assembly_exact,fungi,Scaffold,GCA_030462825.1,na,Kluyveromyces sp. yHMH660
GCA_030563005.1,[Candida] qinlingensis,Y,assembly_exact,fungi,Scaffold,GCA_030563005.1,na,Komagataea qinlingensis
GCA_030567935.1,[Candida] pini,Y,assembly_exact,fungi,Scaffold,GCA_030567935.1,na,Ogataea pinus
GCA_030569515.1,Barnettozyma vustinii,Y,assembly_exact,fungi,Scaffold,GCA_030569515.1,na,Barnettozyma vustinii
GCA_030570035.1,Kodamaea derodonti,Y,assembly_exact,fungi,Contig,GCA_030570035.1,na,Kodamaea derodonti
GCA_030571255.1,Nakazawaea sp. yHDR128,Y,assembly_exact,fungi,Scaffold,GCA_030571255.1,na,Nakazawaea sp. yHDR128
GCA_030572155.1,Suhomyces taliae,Y,assembly_exact,fungi,Scaffold,GCA_030572155.1,na,Suhomyces taliae
GCA_030578555.1,Diutina neorugosa,Y,assembly_exact,fungi,Scaffold,GCA_030578555.1,na,Diutina neorugosa
GCA_030582475.1,Suhomyces panamericanus,Y,assembly_exact,fungi,Scaffold,GCA_030582475.1,na,Suhomyces panamericanus
GCA_033297075.1,Rhypophila decipiens,Y,assembly_exact,fungi,Scaffold,GCA_033297075.1,na,Rhypophila decipiens
GCA_036971675.1,Orbilia ellipsospora,Y,assembly_exact,fungi,Contig,GCA_036971675.1,na,Orbilia ellipsospora
GCA_037042255.1,Penicillium sp. PG106-07D,Y,assembly_exact,fungi,Scaffold,GCA_037042255.1,na,Penicillium sp. PG106-07D
GCA_037102615.1,Hanseniaspora uvarum,Y,assembly_exact,fungi,Contig,GCA_037102615.1,na,Hanseniaspora uvarum
GCA_037177825.1,Diaporthe sp. P3_1W,Y,assembly_exact,fungi,Scaffold,GCA_037177825.1,na,Diaporthe sp. P3_1W
GCA_038089095.1,Tylopilus orsonianus,Y,assembly_exact,fungi,Scaffold,GCA_038089095.1,na,Tylopilus orsonianus
GCA_902806565.1,Hypoxylon rubiginosum,Y,name_exact,fungi,,,,Hypoxylon rubiginosum
GCA_920104245.2,Rhodotorula babjevae,Y,name_exact,fungi,,,,Rhodotorula babjevae
GCF_000145635.1,Gaeumannomyces tritici,Y,assembly_exact,fungi,Scaffold,GCA_000145635.1,GCF_000145635.1,Gaeumannomyces tritici R3-111a-1
GCF_000213175.1,Neurospora tetrasperma,Y,assembly_exact,fungi,Scaffold,GCA_000213175.1,GCF_000213175.1,Neurospora tetrasperma FGSC 2508
GCF_000237345.1,Naumovozyma castellii,Y,assembly_exact,fungi,Chromosome,GCA_000237345.1,GCF_000237345.1,Naumovozyma castellii
GCF_000687475.1,Ustilaginoidea virens,Y,assembly_exact,fungi,Complete Genome,GCA_000687475.2,GCF_000687475.1,Ustilaginoidea virens
GCF_001723175.1,Penicillium oxalicum,Y,assembly_exact,fungi,Chromosome,GCA_001723175.3,GCF_001723175.1,Penicillium oxalicum
GCF_002847485.1,Aspergillus campestris,Y,assembly_exact,fungi,Contig,GCA_002847485.1,GCF_002847485.1,Aspergillus campestris IBT 28561
GCA_001020605.1,Schizopora paradoxa,Y,assembly_exact,fungi,Scaffold,GCA_001020605.1,na,Schizopora paradoxa
GCA_001513815.1,Ceratocystis eucalypticola,Y,assembly_exact,fungi,Scaffold,GCA_001513815.1,na,Ceratocystis eucalypticola
GCA_001600035.1,Holtermanniella nyarrowii,Y,assembly_exact,fungi,Scaffold,GCA_001600035.1,na,Holtermanniella nyarrowii
GCA_001624995.1,Puccinia horiana,Y,assembly_exact,fungi,Contig,GCA_001624995.1,na,Puccinia horiana
GCA_001630335.1,Athelia psychrophila,Y,assembly_exact,fungi,Scaffold,GCA_001630335.1,na,Athelia psychrophila
GCA_001661425.1,[Candida] arabinofermentans,Y,assembly_exact,fungi,Scaffold,GCA_001661425.1,na,Ogataea arabinofermentans
GCA_002150815.3,Grammothele lineata,Y,assembly_exact,fungi,Scaffold,GCA_002150815.3,na,Grammothele lineata
GCA_002564245.1,Saccharomycopsis fermentans,Y,assembly_exact,fungi,Scaffold,GCA_002564245.1,na,Saccharomycopsis fermentans
GCA_003344505.1,Aspergillus phoenicis,Y,assembly_exact,fungi,Scaffold,GCA_003344505.1,na,Aspergillus phoenicis ATCC 13157
GCA_003386485.1,Colletotrichum lentis,Y,assembly_exact,fungi,Scaffold,GCA_003386485.1,na,Colletotrichum lentis
GCA_003521225.1,Tuber microsphaerosporum,Y,assembly_exact,fungi,Scaffold,GCA_003521225.1,na,Tuber microsphaerosporum
GCA_003707255.2,Saturnispora hagleri,Y,assembly_exact,fungi,Scaffold,GCA_003707255.2,na,Saturnispora hagleri
GCA_003707485.3,Blastobotrys proliferans,Y,assembly_exact,fungi,Scaffold,GCA_003707485.3,na,Blastobotrys proliferans
GCA_003709205.3,Ogataea zsoltii,Y,assembly_exact,fungi,Contig,GCA_003709205.3,na,Ogataea zsoltii
GCA_004366955.1,Fusarium humuli,Y,assembly_exact,fungi,Scaffold,GCA_004366955.1,na,Fusarium humuli
GCA_008704415.1,Sphaerosporella brunnea,Y,assembly_exact,fungi,Contig,GCA_008704415.1,na,Sphaerosporella brunnea
GCA_009804825.1,Neurospora sp. FGSC 26638,Y,assembly_exact,fungi,Scaffold,GCA_009804825.1,na,Neurospora sp. FGSC 26638
GCA_013186755.1,Fusarium begoniae,Y,assembly_exact,fungi,Scaffold,GCA_013186755.1,na,Fusarium begoniae
GCA_013368555.1,Collybiopsis confluens,Y,assembly_exact,fungi,Contig,GCA_013368555.1,na,Collybiopsis confluens
GCA_013396005.1,Fusarium napiforme,Y,assembly_exact,fungi,Scaffold,GCA_013396005.1,na,Fusarium napiforme
GCA_016110215.1,Phialophora americana,Y,assembly_exact,fungi,Scaffold,GCA_016110215.1,na,Capronia americana
GCA_017657275.1,Termitomyces sp. T108,Y,assembly_exact,fungi,Scaffold,GCA_017657275.1,na,Termitomyces sp. T108
GCA_018221635.1,Tephrocybe sp. 10521TJB,Y,assembly_exact,fungi,Scaffold,GCA_018221635.1,na,Tephrocybe sp. 10521TJB
GCA_019925535.1,Leptographium radiaticola,Y,assembly_exact,fungi,Scaffold,GCA_019925535.1,na,Leptographium radiaticola
GCA_020137375.1,Fusarium chaquense,Y,assembly_exact,fungi,Scaffold,GCA_020137375.1,na,Fusarium chaquense
GCA_020280135.1,Kurtzmaniella quercitrusa var. filamentosus (nom. nud.),Y,assembly_exact,fungi,Contig,GCA_020280135.1,na,Kurtzmaniella quercitrusa var. filamentosus (nom. nud.)
GCA_020351975.1,Phyllosticta ampelicida,Y,assembly_exact,fungi,Contig,GCA_020351975.1,na,Phyllosticta ampelicida
GCA_021030925.1,Trypethelium eluteriae,Y,assembly_exact,fungi,Scaffold,GCA_021030925.1,na,Trypethelium eluteriae
GCA_021399445.1,Xylogone sp. PMI_703,Y,assembly_exact,fungi,Contig,GCA_021399445.1,na,Xylogone sp. PMI_703
GCA_022495085.1,Xylaria sp. FL1042,Y,assembly_exact,fungi,Scaffold,GCA_022495085.1,na,Xylaria sp. FL1042
GCA_022813475.1,Pseudopyrenochaeta terrestris,Y,assembly_exact,fungi,Scaffold,GCA_022813475.1,na,Pseudopyrenochaeta terrestris
GCA_023627375.1,Penicillium paneum,Y,assembly_exact,fungi,Scaffold,GCA_023627375.1,na,Penicillium paneum
GCA_025201765.1,Daldinia sp. FL1419,Y,assembly_exact,fungi,Scaffold,GCA_025201765.1,na,Daldinia sp. FL1419
GCA_027604645.1,Allomyces javanicus,Y,assembly_exact,fungi,Contig,GCA_027604645.1,na,Allomyces javanicus
GCA_027604855.1,Psilocybe subaeruginosa,Y,assembly_exact,fungi,Contig,GCA_027604855.1,na,Psilocybe subaeruginosa
GCA_027886155.1,Fusarium paranaense,Y,assembly_exact,fungi,Scaffold,GCA_027886155.1,na,Fusarium paranaense
GCA_029542865.1,Malassezia equina,Y,assembly_exact,fungi,Complete Genome,GCA_029542865.1,na,Malassezia equina
GCA_030413865.1,Colletotrichum limetticola,Y,assembly_exact,fungi,Scaffold,GCA_030413865.1,na,Colletotrichum limetticola
GCA_030557965.1,Sungouiella middelhoveniana,Y,assembly_exact,fungi,Scaffold,GCA_030557965.1,na,Sungouiella middelhoveniana
GCA_030563325.1,Helenozyma melibiosica,Y,assembly_exact,fungi,Scaffold,GCA_030563325.1,na,Helenozyma melibiosica
GCA_030568315.1,Myxozyma sirexii,Y,assembly_exact,fungi,Contig,GCA_030568315.1,na,Myxozyma sirexii
GCA_030569175.1,[Candida] manassasensis,Y,assembly_exact,fungi,Scaffold,GCA_030569175.1,na,Suzukiozyma manassasensis
GCA_030570835.1,[Candida] tibetensis,Y,assembly_exact,fungi,Scaffold,GCA_030570835.1,na,Suhomyces tibetensis
GCA_030770045.1,Colletotrichum brevisporum,Y,assembly_exact,fungi,Contig,GCA_030770045.1,na,Colletotrichum brevisporum
GCA_036971295.1,Dactylellina cionopaga,Y,assembly_exact,fungi,Scaffold,GCA_036971295.1,na,Dactylellina cionopaga
GCA_037042865.1,Epicoccum sp. F181,Y,assembly_versionless,fungi,Contig,GCA_037042865.2,na,Epicoccum sp. F181
GCA_038090295.1,Boletus semigastroideus,Y,assembly_exact,fungi,Scaffold,GCA_038090295.1,na,Boletus semigastroideus
GCA_038091395.1,Leccinum rimulosum,Y,assembly_exact,fungi,Scaffold,GCA_038091395.1,na,Leccinum rimulosum
GCA_038503065.1,Paragyromitra xinjiangensis,Y,assembly_exact,fungi,Contig,GCA_038503065.1,na,Paragyromitra xinjiangensis
GCF_000150705.2,Paracoccidioides lutzii,Y,assembly_exact,fungi,Scaffold,GCA_000150705.2,GCF_000150705.2,Paracoccidioides lutzii Pb01
GCF_000280675.1,Beauveria bassiana,Y,assembly_exact,fungi,Scaffold,GCA_000280675.1,GCF_000280675.1,Beauveria bassiana ARSEF 2860
GCF_000365165.1,Cladophialophora carrionii,Y,assembly_exact,fungi,Scaffold,GCA_000365165.2,GCF_000365165.1,Cladophialophora carrionii CBS 160.54
GCF_028826775.1,Penicillium argentinense,Y,assembly_exact,fungi,Contig,GCA_028826775.1,GCF_028826775.1,Penicillium argentinense
GCF_035927965.1,Recurvomyces mirabilis,Y,assembly_exact,fungi,Scaffold,GCA_035927965.1,GCF_035927965.1,Recurvomyces mirabilis
GCA_000950595.1,Mucor ambiguus,Y,assembly_exact,fungi,Scaffold,GCA_000950595.1,na,Mucor ambiguus
GCA_001662605.1,Pseudogymnoascus sp. 05NY08,Y,assembly_exact,fungi,Scaffold,GCA_001662605.1,na,Pseudogymnoascus sp. 05NY08
GCA_001687445.1,Obba rivulosa,Y,assembly_exact,fungi,Scaffold,GCA_001687445.1,na,Obba rivulosa
GCA_002215975.1,Dryadomyces quercus-mongolicae,Y,assembly_exact,fungi,Scaffold,GCA_002215975.1,na,Dryadomyces quercus-mongolicae
GCA_002554605.1,Helotiales sp. F229,Y,assembly_exact,fungi,Contig,GCA_002554605.1,na,Helotiales sp. F229
GCA_002895985.1,Sphaceloma murrayae,Y,assembly_exact,fungi,Scaffold,GCA_002895985.1,na,Sphaceloma murrayae
GCA_003707865.2,Barnettozyma pratensis,Y,assembly_exact,fungi,Scaffold,GCA_003707865.2,na,Komagataea pratensis
GCA_005059845.1,Cryomyces minteri,Y,assembly_exact,fungi,Scaffold,GCA_005059845.1,na,Cryomyces minteri
GCA_014825565.1,Phaffia tasmanica,Y,assembly_exact,fungi,Scaffold,GCA_014825565.1,na,Phaffia tasmanica
GCA_019096155.1,Staphylotrichum longicolle,Y,assembly_exact,fungi,Scaffold,GCA_019096155.1,na,Staphylotrichum longicolle
GCA_019455665.1,Phyllactinia moricola,Y,assembly_exact,fungi,Scaffold,GCA_019455665.1,na,Phyllactinia moricola
GCA_020284155.1,Alternaria cf. alternata,Y,assembly_exact,fungi,Scaffold,GCA_020284155.1,na,Alternaria cf. alternata
GCA_020747045.1,Phaeosphaeria sp. MPI-PUGE-AT-0046c,Y,assembly_exact,fungi,Contig,GCA_020747045.1,na,Phaeosphaeria sp. MPI-PUGE-AT-0046c
GCA_021020635.1,Fusarium sp. PT,Y,assembly_exact,fungi,Contig,GCA_021020635.1,na,Fusarium sp. PT
GCA_022578855.1,Nemania serpens,Y,assembly_exact,fungi,Scaffold,GCA_022578855.1,na,Nemania serpens
GCA_022884055.1,Russula griseocarnosa,Y,assembly_exact,fungi,Scaffold,GCA_022884055.1,na,Russula griseocarnosa
GCA_023078705.1,Venturiaceae sp. KMAF11,Y,assembly_exact,fungi,Contig,GCA_023078705.1,na,Venturiaceae sp. KMAF11
GCA_024140195.1,Backusella luteola,Y,assembly_exact,fungi,Scaffold,GCA_024140195.1,na,Backusella luteola
GCA_025602915.1,Paraphysoderma sedebokerense,Y,assembly_exact,fungi,Contig,GCA_025602915.1,na,Paraphysoderma sedebokerense
GCA_027578215.1,Coemansia sp. RSA 455,Y,assembly_exact,fungi,Scaffold,GCA_027578215.1,na,Coemansia sp. RSA 455
GCA_027578275.1,Coemansia sp. RSA 2424,Y,assembly_exact,fungi,Scaffold,GCA_027578275.1,na,Coemansia sp. RSA 2424
GCA_027578375.1,Coemansia sp. RSA 2131,Y,assembly_exact,fungi,Scaffold,GCA_027578375.1,na,Coemansia sp. RSA 2131
GCA_027579155.1,Coemansia sp. Benny D115,Y,assembly_exact,fungi,Scaffold,GCA_027579155.1,na,Coemansia sp. Benny D115
GCA_027579295.1,Coemansia sp. 'formosensis',Y,assembly_exact,fungi,Scaffold,GCA_027579295.1,na,Coemansia sp. 'formosensis'
GCA_028584115.1,Stagonosporopsis vannaccii,Y,assembly_exact,fungi,Scaffold,GCA_028584115.1,na,Stagonosporopsis vannaccii
GCA_030555725.1,Pichia sp. yHMH446,Y,assembly_exact,fungi,Scaffold,GCA_030555725.1,na,Pichia sp. yHMH446
GCA_030556265.1,Limtongia smithiae,Y,assembly_exact,fungi,Scaffold,GCA_030556265.1,na,Limtongia smithiae
GCA_030558175.1,Wickerhamiella musiphila,Y,assembly_exact,fungi,Scaffold,GCA_030558175.1,na,Wickerhamiella musiphila
GCA_030558265.1,[Candida] pseudocylindracea,Y,assembly_exact,fungi,Scaffold,GCA_030558265.1,na,[Candida] pseudocylindracea
GCA_030564205.1,Kluyveromyces wickerhamii,Y,assembly_exact,fungi,Scaffold,GCA_030564205.1,na,Kluyveromyces wickerhamii
GCA_030564945.1,Saturnispora ahearnii,Y,assembly_exact,fungi,Scaffold,GCA_030564945.1,na,Saturnispora ahearnii
GCA_030574595.1,Wickerhamomyces chambardii,Y,assembly_exact,fungi,Scaffold,GCA_030574595.1,na,Ruyongia chambardii
GCA_030579595.1,Spencermartinsiella europaea,Y,assembly_exact,fungi,Scaffold,GCA_030579595.1,na,Spencermartinsiella europaea
GCA_030581415.1,Wickerhamomyces mucosus,Y,assembly_exact,fungi,Scaffold,GCA_030581415.1,na,Waltiozyma mucosa
GCA_030582335.1,Yamadazyma nakazawae,Y,assembly_exact,fungi,Scaffold,GCA_030582335.1,na,Yamadazyma nakazawae
GCA_033439775.1,Podospora didyma,Y,assembly_exact,fungi,Contig,GCA_033439775.1,na,Podospora didyma
GCA_033846785.1,Elsinoe necatrix,Y,assembly_exact,fungi,Contig,GCA_033846785.1,na,Elsinoe necatrix
GCA_037039805.1,Irpex sp. M6601,Y,assembly_exact,fungi,Scaffold,GCA_037039805.1,na,Irpex sp. M6601
GCA_038088505.1,Diaporthe velutina,Y,assembly_exact,fungi,Contig,GCA_038088505.1,na,Diaporthe velutina
GCA_038089495.1,Xerocomellus dryophilus,Y,assembly_exact,fungi,Scaffold,GCA_038089495.1,na,Xerocomellus dryophilus
GCA_038093775.1,Butyriboletus pseudospeciosus,Y,assembly_exact,fungi,Scaffold,GCA_038093775.1,na,Butyriboletus pseudospeciosus
GCA_038093935.1,Tylopilus cf. pallidocervicolor,Y,assembly_exact,fungi,Scaffold,GCA_038093935.1,na,Tylopilus cf. pallidocervicolor
GCA_038094715.1,Heimioporus punctisporus,Y,assembly_exact,fungi,Scaffold,GCA_038094715.1,na,Heimioporus punctisporus
GCA_038380885.1,Phyllosticta citrichinensis,Y,assembly_exact,fungi,Contig,GCA_038380885.1,na,Phyllosticta citrichinensis
GCF_000003515.1,Uncinocarpus reesii,Y,assembly_exact,fungi,Scaffold,GCA_000003515.2,GCF_000003515.1,Uncinocarpus reesii 1704
GCF_000721785.1,Aureobasidium pullulans,Y,assembly_exact,fungi,Scaffold,GCA_000721785.1,GCF_000721785.1,Aureobasidium pullulans EXF-150
GCF_001417885.1,Kluyveromyces marxianus,Y,assembly_exact,fungi,Complete Genome,GCA_001417885.1,GCF_001417885.1,Kluyveromyces marxianus DMKU3-1042
GCF_024043155.1,Alternaria arbusti,Y,assembly_exact,fungi,Scaffold,GCA_024043155.1,GCF_024043155.1,Alternaria arbusti
GCA_000350065.2,Colletotrichum orbiculare,Y,assembly_exact,fungi,Scaffold,GCA_000350065.2,na,Colletotrichum orbiculare MAFF 240422
GCA_000525045.1,Drechslerella stenobrocha,Y,assembly_exact,fungi,Scaffold,GCA_000525045.1,na,Drechslerella stenobrocha 248
GCA_000611775.1,Umbilicaria muhlenbergii,Y,assembly_exact,fungi,Scaffold,GCA_000611775.1,na,Umbilicaria muhlenbergii
GCA_000697495.1,Saksenaea oblongispora,Y,assembly_exact,fungi,Contig,GCA_000697495.1,na,Saksenaea oblongispora B3353
GCA_000827185.1,Leucogyrophana pinastri,Y,assembly_exact,fungi,Scaffold,GCA_000827185.1,na,Hydnomerulius pinastri MD-312
GCA_001008035.1,Atkinsonella texensis,Y,assembly_exact,fungi,Scaffold,GCA_001008035.1,na,Atkinsonella texensis
GCA_001179705.1,Baeospora myosura,Y,assembly_exact,fungi,Scaffold,GCA_001179705.1,na,Baeospora myosura
GCA_001466705.2,Moniliophthora roreri,Y,assembly_exact,fungi,Contig,GCA_001466705.2,na,Moniliophthora roreri
GCA_001510575.1,Knoxdaviesia capensis,Y,assembly_exact,fungi,Scaffold,GCA_001510575.1,na,Knoxdaviesia capensis
GCA_001563125.1,Colletotrichum salicis,Y,assembly_exact,fungi,Scaffold,GCA_001563125.1,na,Colletotrichum salicis
GCA_001792895.1,Lentinus brumalis,Y,assembly_exact,fungi,Contig,GCA_001792895.1,na,Lentinus brumalis
GCA_001913855.2,Hermanssonia centrifuga,Y,assembly_exact,fungi,Contig,GCA_001913855.2,na,Hermanssonia centrifuga
GCA_002335585.1,Cutaneotrichosporon daszewskae,Y,assembly_exact,fungi,Scaffold,GCA_002335585.1,na,Cutaneotrichosporon daszewskae
GCA_002742255.2,Ceratocystis albifundus,Y,assembly_exact,fungi,Scaffold,GCA_002742255.2,na,Ceratocystis albifundus
GCA_002995315.1,Rhizopogon villosulus,Y,assembly_exact,fungi,Scaffold,GCA_002995315.1,na,Rhizopogon villosulus
GCA_003049465.1,Magnaporthiopsis rhizophila,Y,assembly_exact,fungi,Scaffold,GCA_003049465.1,na,Magnaporthiopsis rhizophila
GCA_003313885.1,Boletus sp. MG55,Y,assembly_exact,fungi,Scaffold,GCA_003313885.1,na,Boletus sp. MG55
GCA_003574815.1,Aspergillus spinulosporus,Y,assembly_exact,fungi,Scaffold,GCA_003574815.1,na,Aspergillus spinulosporus
GCA_003707685.2,Ogataea pilisensis,Y,assembly_exact,fungi,Scaffold,GCA_003707685.2,na,Ogataea pilisensis
GCA_003707785.3,Danielia oregonensis,Y,assembly_exact,fungi,Contig,GCA_003707785.3,na,Danielia oregonensis
GCA_008477525.1,Hypomyces perniciosus,Y,assembly_exact,fungi,Contig,GCA_008477525.1,na,Hypomyces perniciosus
GCA_009802275.1,Neurospora sp. CHS-2018a,Y,assembly_exact,fungi,Scaffold,GCA_009802275.1,na,Neurospora sp. CHS-2018a
GCA_013184415.1,Fusarium concolor,Y,assembly_exact,fungi,Scaffold,GCA_013184415.1,na,Fusarium concolor
GCA_013623355.1,Fusarium bactridioides,Y,assembly_exact,fungi,Scaffold,GCA_013623355.1,na,Fusarium bactridioides
GCA_014298035.1,Pseudocercospora fuligena,Y,assembly_exact,fungi,Contig,GCA_014298035.1,na,Pseudocercospora fuligena
GCA_015584085.1,Macrolepiota fuliginosa,Y,assembly_exact,fungi,Scaffold,GCA_015584085.1,na,Macrolepiota fuliginosa MF-IS2
GCA_016952355.1,Fusarium culmorum,Y,assembly_exact,fungi,Complete Genome,GCA_016952355.1,na,Fusarium culmorum
GCA_017347545.2,Arxiozyma slooffiae,Y,assembly_exact,fungi,Contig,GCA_017347545.2,na,Arxiozyma slooffiae
GCA_017657045.1,Fusarium aethiopicum,Y,assembly_exact,fungi,Scaffold,GCA_017657045.1,na,Fusarium aethiopicum
GCA_018361025.1,Claviceps aff. purpurea,Y,assembly_exact,fungi,Contig,GCA_018361025.1,na,Claviceps aff. purpurea
GCA_019400425.1,Hymenochaete sp. R1,Y,assembly_exact,fungi,Scaffold,GCA_019400425.1,na,Hymenochaete sp. R1
GCA_022160315.1,Panus rudis,Y,assembly_exact,fungi,Scaffold,GCA_022160315.1,na,Panus rudis PR-1116 ss-1
GCA_022225965.2,Diatrype stigma,Y,assembly_exact,fungi,Scaffold,GCA_022225965.2,na,Diatrype stigma
GCA_022376465.1,Cubamyces lactineus,Y,assembly_exact,fungi,Contig,GCA_022376465.1,na,Cubamyces lactineus
GCA_022828445.1,Graphiopsis chlorocephala,Y,assembly_exact,fungi,Contig,GCA_022828445.1,na,Graphiopsis chlorocephala
GCA_022833035.1,Fusarium marasasianum,Y,assembly_exact,fungi,Scaffold,GCA_022833035.1,na,Fusarium marasasianum
GCA_025328335.1,Colletotrichum sp. SAR 10_65,Y,assembly_exact,fungi,Contig,GCA_025328335.1,na,Colletotrichum sp. SAR 10_65
GCA_027569415.1,Penicillium janthinellum,Y,assembly_exact,fungi,Contig,GCA_027569415.1,na,Penicillium janthinellum
GCA_027578435.1,Coemansia sp. RSA 1937,Y,assembly_exact,fungi,Scaffold,GCA_027578435.1,na,Coemansia sp. RSA 1937
GCA_027579175.1,Coemansia sp. IMI 203386,Y,assembly_exact,fungi,Scaffold,GCA_027579175.1,na,Coemansia sp. IMI 203386
GCA_028828245.1,Penicillium lividum,Y,assembly_exact,fungi,Contig,GCA_028828245.1,na,Penicillium lividum
GCA_030558845.1,Kodamaea laetipori,Y,assembly_exact,fungi,Scaffold,GCA_030558845.1,na,Kodamaea laetipori
GCA_030564925.1,Dipodascus aggregatus,Y,assembly_exact,fungi,Scaffold,GCA_030564925.1,na,Dipodascus aggregatus
GCA_030564965.1,Ogataea nakhonphanomensis,Y,assembly_exact,fungi,Contig,GCA_030564965.1,na,Ogataea nakhonphanomensis
GCA_030568955.1,Dipodascus siamensis,Y,assembly_exact,fungi,Scaffold,GCA_030568955.1,na,Dipodascus siamensis
GCA_030572455.1,[Candida] koratica (nom. ined.),Y,assembly_exact,fungi,Scaffold,GCA_030572455.1,na,[Candida] koratica (nom. ined.)
GCA_030579555.1,Saturnispora silvae,Y,assembly_exact,fungi,Scaffold,GCA_030579555.1,na,Saturnispora silvae
GCA_032882995.1,Schizosaccharomyces versatilis (nom. inval.),Y,assembly_exact,fungi,Complete Genome,GCA_032882995.1,na,Schizosaccharomyces versatilis (nom. inval.)
GCA_037855215.1,Waitea zeae,Y,assembly_exact,fungi,Contig,GCA_037855215.1,na,Waitea zeae
GCA_038088995.1,Guyanaporus albipodus,Y,assembly_exact,fungi,Scaffold,GCA_038088995.1,na,Guyanaporus albipodus
GCA_038089895.1,Boletellus ananas,Y,assembly_exact,fungi,Scaffold,GCA_038089895.1,na,Boletellus ananas
GCA_038089915.1,Sutorius australiensis,Y,assembly_exact,fungi,Scaffold,GCA_038089915.1,na,Sutorius australiensis
GCA_038094135.1,Spongiforma cf. squarepantsii,Y,assembly_exact,fungi,Scaffold,GCA_038094135.1,na,Spongiforma cf. squarepantsii
GCA_038363985.1,Apiospora kogelbergensis,Y,assembly_exact,fungi,Contig,GCA_038363985.1,GCF_038363985.1,Apiospora kogelbergensis
GCA_911174995.1,Penicillium olsonii,Y,name_exact,fungi,,,,Penicillium olsonii
GCF_000150115.1,Histoplasma capsulatum,Y,assembly_exact,fungi,Scaffold,GCA_000150115.1,GCF_000150115.1,Histoplasma capsulatum G186AR
GCF_001664045.1,Ogataea polymorpha,Y,assembly_exact,fungi,Contig,GCA_001664045.1,GCF_001664045.1,Ogataea polymorpha
GCF_001907595.1,Talaromyces atroroseus,Y,assembly_exact,fungi,Scaffold,GCA_001907595.1,GCF_001907595.1,Talaromyces atroroseus
GCF_013390185.1,Colletotrichum aenigma,Y,assembly_exact,fungi,Contig,GCA_013390185.1,GCF_013390185.1,Colletotrichum aenigma
GCF_014066315.1,Letharia lupina,Y,assembly_exact,fungi,Contig,GCA_014066315.1,GCF_014066315.1,Letharia lupina
GCF_022984875.1,Hypoxylon fragiforme,Y,assembly_exact,fungi,Contig,GCA_022984875.1,GCF_022984875.1,Hypoxylon fragiforme
GCF_028827245.1,Penicillium angulare,Y,assembly_exact,fungi,Contig,GCA_028827245.1,GCF_028827245.1,Penicillium angulare
GCA_000472125.2,Hirsutella thompsonii,Y,assembly_exact,fungi,Contig,GCA_000472125.2,na,Hirsutella thompsonii MTCC6686
GCA_000750875.1,Pseudogymnoascus sp. VKM F-4517 (FW-2822),Y,assembly_exact,fungi,Contig,GCA_000750875.1,na,Pseudogymnoascus sp. VKM F-4517 (FW-2822)
GCA_000827325.1,Oidiodendron maius,Y,assembly_exact,fungi,Scaffold,GCA_000827325.1,na,Oidiodendron maius Zn
GCA_000835435.1,Phialophora macrospora,Y,assembly_exact,fungi,Scaffold,GCA_000835435.1,na,Phialophora macrospora
GCA_001282315.2,Chrysoporthe cubensis,Y,assembly_exact,fungi,Contig,GCA_001282315.2,na,Chrysoporthe cubensis
GCA_001600455.1,Endocalyx cinctus,Y,assembly_exact,fungi,Scaffold,GCA_001600455.1,na,Endocalyx cinctus
GCA_002087885.1,Hepatospora eriocheir,Y,assembly_exact,fungi,Scaffold,GCA_002087885.1,na,Hepatospora eriocheir
GCA_003055145.1,Escovopsis weberi,Y,assembly_exact,fungi,Scaffold,GCA_003055145.1,na,Escovopsis weberi
GCA_003138045.1,Penicillium sp. MA 6036,Y,assembly_exact,fungi,Contig,GCA_003138045.1,na,Penicillium sp. MA 6036
GCA_003182015.1,Tuber magnatum,Y,assembly_exact,fungi,Scaffold,GCA_003182015.1,na,Tuber magnatum
GCA_003314695.1,Albatrellus sp. MG142,Y,assembly_exact,fungi,Scaffold,GCA_003314695.1,na,Albatrellus sp. MG142
GCA_003671575.3,Zygotorulaspora florentina,Y,assembly_exact,fungi,Scaffold,GCA_003671575.3,na,Zygotorulaspora florentina
GCA_013759125.1,Fusarium sp. NRRL 53293,Y,assembly_exact,fungi,Scaffold,GCA_013759125.1,na,Fusarium sp. NRRL 53293
GCA_014898875.1,Fusarium miscanthi,Y,assembly_exact,fungi,Scaffold,GCA_014898875.1,na,Fusarium miscanthi
GCA_017655625.1,Candida metapsilosis,Y,assembly_exact,fungi,Scaffold,GCA_017655625.1,GCF_017655625.1,Lodderomyces metapsilosis
GCA_019925305.1,Sporothrix cf. nigrograna,Y,assembly_exact,fungi,Scaffold,GCA_019925305.1,na,Sporothrix cf. nigrograna
GCA_022701445.1,Hortaea sp. C3G1500-4,Y,assembly_exact,fungi,Scaffold,GCA_022701445.1,na,Hortaea sp. C3G1500-4
GCA_022813425.1,Aureobasidium lini,Y,assembly_exact,fungi,Scaffold,GCA_022813425.1,na,Aureobasidium lini
GCA_024139395.1,Backusella morwellensis,Y,assembly_exact,fungi,Scaffold,GCA_024139395.1,na,Backusella morwellensis
GCA_024663395.1,Pisolithus tinctorius,Y,assembly_exact,fungi,Contig,GCA_024663395.1,na,Pisolithus tinctorius
GCA_027569505.1,Chloridium humicola,Y,assembly_exact,fungi,Contig,GCA_027569505.1,na,Chloridium humicola
GCA_027575765.1,Tieghemiomyces parasiticus,Y,assembly_exact,fungi,Scaffold,GCA_027575765.1,na,Tieghemiomyces parasiticus
GCA_027577815.1,Coemansia sp. RSA 485,Y,assembly_exact,fungi,Scaffold,GCA_027577815.1,na,Coemansia sp. RSA 485
GCA_027604705.1,Allomyces arbusculus,Y,assembly_exact,fungi,Scaffold,GCA_027604705.1,na,Allomyces arbusculus
GCA_029339225.1,Phyllachora maydis,Y,assembly_exact,fungi,Scaffold,GCA_029339225.1,na,Phyllachora maydis
GCA_030565865.1,[Candida] friedrichii,Y,assembly_exact,fungi,Scaffold,GCA_030565865.1,na,[Candida] friedrichii
GCA_030566005.1,[Candida] tammaniensis,Y,assembly_exact,fungi,Scaffold,GCA_030566005.1,na,[Candida] tammaniensis
GCA_030572575.1,Scheffersomyces insectosa,Y,assembly_exact,fungi,Scaffold,GCA_030572575.1,na,Scheffersomyces insectosa
GCA_030582955.1,Osmozyma tolerans,Y,assembly_exact,fungi,Scaffold,GCA_030582955.1,na,Osmozyma tolerans
GCA_030805415.1,Cutaneotrichosporon spelunceum,Y,assembly_exact,fungi,Contig,GCA_030805415.1,na,Cutaneotrichosporon spelunceum
GCA_031306065.1,Pseudopyricularia cyperi,Y,assembly_exact,fungi,Scaffold,GCA_031306065.1,na,Pseudopyricularia cyperi
GCA_035135055.1,Oleoguttula mirabilis,Y,assembly_exact,fungi,Contig,GCA_035135055.1,na,Oleoguttula mirabilis
GCA_037042185.1,Sordariomycetes sp. S80-01Y,Y,assembly_exact,fungi,Scaffold,GCA_037042185.1,na,Sordariomycetes sp. S80-01Y
GCA_038090375.1,Boletus rubroflammeus,Y,assembly_exact,fungi,Scaffold,GCA_038090375.1,na,Boletus rubroflammeus
GCA_038091775.1,Leccinum olivaceopallidum,Y,assembly_exact,fungi,Scaffold,GCA_038091775.1,na,Leccinum olivaceopallidum
GCA_038381065.1,Rhodotorula sp. BUB8,Y,assembly_exact,fungi,Scaffold,GCA_038381065.1,na,Rhodotorula sp. BUB8
GCA_039111635.1,Heterobasidion occidentale,Y,assembly_exact,fungi,Scaffold,GCA_039111635.1,na,Heterobasidion occidentale
GCA_039545295.1,Udeniomyces pyricola,Y,assembly_exact,fungi,Scaffold,GCA_039545295.1,na,Udeniomyces pyricola
GCA_900074725.1,Lachancea dasiensis,Y,name_exact,fungi,,,,Lachancea dasiensis
GCF_000002495.2,Pyricularia oryzae,Y,assembly_exact,fungi,Chromosome,GCA_000002495.2,GCF_000002495.2,Pyricularia oryzae 70-15
GCF_000142805.1,Lachancea thermotolerans,Y,assembly_exact,fungi,Chromosome,GCA_000142805.1,GCF_000142805.1,Lachancea thermotolerans CBS 6340
GCF_000280035.1,Encephalitozoon romaleae,Y,assembly_exact,fungi,Chromosome,GCA_000280035.2,GCF_000280035.1,Encephalitozoon romaleae SJ-2008
GCF_010015585.1,Eremomyces bilateralis,Y,assembly_exact,fungi,Scaffold,GCA_010015585.1,GCF_010015585.1,Eremomyces bilateralis CBS 781.70
GCF_028009165.1,Akanthomyces muscarius,Y,assembly_exact,fungi,Chromosome,GCA_028009165.1,GCF_028009165.1,Akanthomyces muscarius
GCF_028827555.1,Penicillium brevicompactum,Y,assembly_exact,fungi,Contig,GCA_028827555.1,GCF_028827555.1,Penicillium brevicompactum
GCF_030913485.1,Colletotrichum godetiae,Y,assembly_exact,fungi,Contig,GCA_030913485.1,GCF_030913485.1,Colletotrichum godetiae
GCA_001430935.1,Amauroascus verrucosus,Y,assembly_exact,fungi,Scaffold,GCA_001430935.1,na,Amauroascus verrucosus
GCA_001513885.1,Thielaviopsis musarum,Y,assembly_exact,fungi,Scaffold,GCA_001513885.1,na,Thielaviopsis musarum
GCA_001752625.1,Trichosporon inkin,Y,assembly_exact,fungi,Scaffold,GCA_001752625.1,na,Trichosporon inkin
GCA_002022785.1,Trichoderma guizhouense,Y,assembly_exact,fungi,Scaffold,GCA_002022785.1,na,Trichoderma guizhouense
GCA_002370695.1,Metschnikowia matae,Y,assembly_exact,fungi,Scaffold,GCA_002370695.1,na,Metschnikowia matae var. maris
GCA_002374555.1,Metschnikowia mauinuiana,Y,assembly_exact,fungi,Scaffold,GCA_002374555.1,na,Metschnikowia mauinuiana
GCA_003314045.1,Hygrophorus pudorinus,Y,assembly_exact,fungi,Scaffold,GCA_003314045.1,na,Hygrophorus pudorinus
GCA_003369665.1,Coleophoma cylindrospora,Y,assembly_exact,fungi,Scaffold,GCA_003369665.1,na,Coleophoma cylindrospora
GCA_003705915.2,Lipomyces lipofer,Y,assembly_exact,fungi,Scaffold,GCA_003705915.2,na,Lipomyces lipofer
GCA_003707825.3,Cephaloascus fragrans,Y,assembly_exact,fungi,Scaffold,GCA_003707825.3,na,Cephaloascus fragrans
GCA_003708445.3,Grigorovia transvaalensis,Y,assembly_exact,fungi,Scaffold,GCA_003708445.3,na,Grigorovia transvaalensis
GCA_004014935.1,Saccharomycopsis malanga,Y,assembly_exact,fungi,Complete Genome,GCA_004014935.1,na,Saccharomycopsis malanga
GCA_009829855.1,Neofusicoccum kwambonambiense,Y,assembly_exact,fungi,Scaffold,GCA_009829855.1,na,Neofusicoccum kwambonambiense
GCA_009982855.1,Lizonia empirigonia,Y,assembly_exact,fungi,Contig,GCA_009982855.1,na,Lizonia empirigonia
GCA_010093715.1,Pleomassaria siparia,Y,assembly_exact,fungi,Scaffold,GCA_010093715.1,na,Pleomassaria siparia CBS 279.74
GCA_010093945.1,Delitschia confertaspora,Y,assembly_exact,fungi,Scaffold,GCA_010093945.1,na,Delitschia confertaspora ATCC 74209
GCA_011319805.1,Macrocybe gigantea,Y,assembly_exact,fungi,Contig,GCA_011319805.1,na,Macrocybe gigantea
GCA_012932865.1,Amylostereum areolatum,Y,assembly_exact,fungi,Scaffold,GCA_012932865.1,na,Amylostereum areolatum
GCA_017591655.1,Thielaviopsis populi,Y,assembly_exact,fungi,Scaffold,GCA_017591655.1,na,Thielaviopsis populi
GCA_018127085.1,Pneumocystis sp. 'macacae',Y,assembly_exact,fungi,Chromosome,GCA_018127085.1,na,Pneumocystis sp. 'macacae'
GCA_018851325.1,Termitomyces sp. DKA19,Y,assembly_exact,fungi,Scaffold,GCA_018851325.1,na,Termitomyces sp. DKA19
GCA_020280125.1,Kurtzmaniella quercitrusa var. comoensis (nom. nud.),Y,assembly_exact,fungi,Contig,GCA_020280125.1,na,Kurtzmaniella quercitrusa var. comoensis (nom. nud.)
GCA_022627095.1,Fusarium sp. FIESC RH6,Y,assembly_exact,fungi,Scaffold,GCA_022627095.1,na,Fusarium sp. FIESC RH6
GCA_023625155.1,Aspergillus sp. B3601,Y,assembly_exact,fungi,Scaffold,GCA_023625155.1,na,Aspergillus sp. B3601
GCA_023628315.1,Neopestalotiopsis sp. M2102B,Y,assembly_exact,fungi,Scaffold,GCA_023628315.1,na,Neopestalotiopsis sp. M2102B
GCA_025266875.1,Fennellomyces sp. T-0311,Y,assembly_exact,fungi,Contig,GCA_025266875.1,na,Fennellomyces sp. T-0311
GCA_027569065.1,Aspergillus cavernicola,Y,assembly_exact,fungi,Contig,GCA_027569065.1,na,Aspergillus cavernicola
GCA_027569595.1,Penicillium sp. G339,Y,assembly_exact,fungi,Contig,GCA_027569595.1,na,Penicillium sp. G339
GCA_027577975.1,Coemansia sp. RSA 2681,Y,assembly_exact,fungi,Scaffold,GCA_027577975.1,na,Coemansia sp. RSA 2681
GCA_030557765.1,[Candida] saitoana,Y,assembly_exact,fungi,Scaffold,GCA_030557765.1,na,Suzukiozyma candida
GCA_030561445.1,Zygoascus meyerae,Y,assembly_exact,fungi,Scaffold,GCA_030561445.1,na,Zygoascus meyerae
GCA_030563085.1,Pichia sp. NRRL Y-27259,Y,assembly_exact,fungi,Scaffold,GCA_030563085.1,na,Pichia sp. NRRL Y-27259
GCA_030570285.1,Pichia norvegensis,Y,assembly_exact,fungi,Scaffold,GCA_030570285.1,na,Pichia norvegensis
GCA_030571455.1,Saturnispora besseyi,Y,assembly_exact,fungi,Scaffold,GCA_030571455.1,na,Saturnispora besseyi
GCA_030572735.1,Sugiyamaella mastotermitis,Y,assembly_exact,fungi,Scaffold,GCA_030572735.1,na,Sugiyamaella mastotermitis
GCA_030573155.1,[Candida] xyloterini,Y,assembly_exact,fungi,Contig,GCA_030573155.1,na,Ogataea xyloterini
GCA_030573955.1,Yamadazyma triangularis,Y,assembly_exact,fungi,Scaffold,GCA_030573955.1,na,Yamadazyma triangularis
GCA_030579975.1,Blastobotrys buckinghamii (nom. inval.),Y,assembly_exact,fungi,Scaffold,GCA_030579975.1,na,Blastobotrys buckinghamii (nom. inval.)
GCA_030580495.1,Sungouiozyma ichnusensis,Y,assembly_exact,fungi,Scaffold,GCA_030580495.1,na,Sungouiozyma ichnusensis
GCA_030582255.1,Wickerhamomyces subpelliculosus,Y,assembly_exact,fungi,Scaffold,GCA_030582255.1,na,Wickerhamomyces subpelliculosus
GCA_030762825.1,Penicillium turbatum,Y,assembly_exact,fungi,Contig,GCA_030762825.1,na,Penicillium turbatum
GCA_032988985.1,Emmonsiellopsis sp. PD_5,Y,assembly_exact,fungi,Scaffold,GCA_032988985.1,na,Emmonsiellopsis sp. PD_5
GCA_034401135.1,Volutella citrinella,Y,assembly_exact,fungi,Contig,GCA_034401135.1,na,Volutella citrinella
GCA_037044295.1,Aspergillus subversicolor,Y,assembly_exact,fungi,Contig,GCA_037044295.1,na,Aspergillus subversicolor
GCA_038092535.1,Xerocomus subilludens,Y,assembly_exact,fungi,Scaffold,GCA_038092535.1,na,Xerocomus subilludens
GCA_038092955.1,Boletus pseudo-olivaceus,Y,assembly_exact,fungi,Scaffold,GCA_038092955.1,na,Boletus pseudo-olivaceus
GCA_038094635.1,Tylopilus cervinicoccineus,Y,assembly_exact,fungi,Scaffold,GCA_038094635.1,na,Tylopilus cervinicoccineus
GCA_038497685.1,Kockiozyma suomiensis,Y,assembly_exact,fungi,Scaffold,GCA_038497685.1,GCF_038497685.1,Kockiozyma suomiensis
GCF_000271625.1,Coniophora puteana,Y,assembly_exact,fungi,Scaffold,GCA_000271625.1,GCF_000271625.1,Coniophora puteana RWD-64-598 SS2
GCF_000585585.1,Capronia coronata,Y,assembly_exact,fungi,Scaffold,GCA_000585585.1,GCF_000585585.1,Capronia coronata CBS 617.96
GCF_000709125.1,Exophiala aquamarina,Y,assembly_exact,fungi,Scaffold,GCA_000709125.1,GCF_000709125.1,Exophiala aquamarina CBS 119918
GCF_033439085.1,Chaetomium fimeti,Y,assembly_exact,fungi,Contig,GCA_033439085.1,GCF_033439085.1,Chaetomium fimeti
GCA_001632425.1,Neolentinus lepideus,Y,assembly_exact,fungi,Scaffold,GCA_001632425.1,na,Neolentinus lepideus HHB14362 ss-1
GCA_001929475.1,Neolecta irregularis,Y,assembly_exact,fungi,Scaffold,GCA_001929475.1,na,Neolecta irregularis DAH-3
GCA_001953115.1,Smittium mucronatum,Y,assembly_exact,fungi,Scaffold,GCA_001953115.1,na,Smittium mucronatum
GCA_002110485.1,Emergomyces orientalis,Y,assembly_exact,fungi,Contig,GCA_002110485.1,na,Emergomyces orientalis
GCA_002234235.1,Fusarium hostae,Y,assembly_exact,fungi,Scaffold,GCA_002234235.1,na,Fusarium hostae
GCA_002335625.1,Cutaneotrichosporon cyanovorans,Y,assembly_exact,fungi,Scaffold,GCA_002335625.1,na,Cutaneotrichosporon cyanovorans
GCA_002370175.1,Metschnikowia colocasiae,Y,assembly_exact,fungi,Scaffold,GCA_002370175.1,na,Metschnikowia colocasiae
GCA_002591395.1,Ophiocordyceps camponoti-rufipedis,Y,assembly_exact,fungi,Scaffold,GCA_002591395.1,na,Ophiocordyceps camponoti-rufipedis
GCA_002778095.1,Fragosphaeria purpurea,Y,assembly_exact,fungi,Contig,GCA_002778095.1,na,Fragosphaeria purpurea
GCA_002794735.1,Pyrrhoderma lamaoense,Y,assembly_exact,fungi,Contig,GCA_002794735.1,na,Pyrrhoderma lamaoense
GCA_002909645.1,Monilinia polystroma,Y,assembly_exact,fungi,Scaffold,GCA_002909645.1,na,Monilinia polystroma
GCA_003814445.1,Epichloe festucae,Y,assembly_exact,fungi,Complete Genome,GCA_003814445.1,na,Epichloe festucae Fl1
GCA_004786125.1,Botrytis tulipae,Y,assembly_exact,fungi,Scaffold,GCA_004786125.1,na,Botrytis tulipae
GCA_004786245.1,Botrytis hyacinthi,Y,assembly_exact,fungi,Scaffold,GCA_004786245.1,na,Botrytis hyacinthi
GCA_006503535.1,Arthrinium phaeospermum,Y,assembly_exact,fungi,Contig,GCA_006503535.1,na,Arthrinium phaeospermum
GCA_006518225.1,Fusarium neocosmosporiellum,Y,assembly_exact,fungi,Scaffold,GCA_006518225.1,na,Fusarium neocosmosporiellum
GCA_009733575.1,Gymnopus androsaceus,Y,assembly_exact,fungi,Scaffold,GCA_009733575.1,na,Gymnopus androsaceus JB14
GCA_010093685.1,Ophiobolus disseminans,Y,assembly_exact,fungi,Scaffold,GCA_010093685.1,na,Ophiobolus disseminans
GCA_011032875.1,Phlebia tremellosa,Y,assembly_exact,fungi,Scaffold,GCA_011032875.1,na,Phlebia tremellosa
GCA_013186395.1,Fusarium papillatum,Y,assembly_exact,fungi,Scaffold,GCA_013186395.1,na,Fusarium papillatum
GCA_013396165.1,Fusarium globosum,Y,assembly_exact,fungi,Scaffold,GCA_013396165.1,na,Fusarium globosum
GCA_013403825.1,Calonectria pseudoturangicola,Y,assembly_exact,fungi,Scaffold,GCA_013403825.1,na,Calonectria pseudoturangicola
GCA_018397855.1,Boletus reticuloceps,Y,assembly_exact,fungi,Contig,GCA_018397855.1,na,Boletus reticuloceps
GCA_019623705.1,Ceratobasidium sp. 428,Y,assembly_exact,fungi,Scaffold,GCA_019623705.1,na,Ceratobasidium sp. 428
GCA_019633595.1,Tulasnella sp. UAMH 9824,Y,assembly_exact,fungi,Scaffold,GCA_019633595.1,na,Tulasnella sp. UAMH 9824
GCA_020080175.1,Glutinoglossum americanum,Y,assembly_exact,fungi,Scaffold,GCA_020080175.1,na,Glutinoglossum americanum
GCA_021014945.1,Leucogyrophana mollusca,Y,assembly_exact,fungi,Scaffold,GCA_021014945.1,na,Leucogyrophana mollusca
GCA_021030935.1,Astrothelium subdiscretum,Y,assembly_exact,fungi,Contig,GCA_021030935.1,na,Astrothelium subdiscretum
GCA_021399455.1,Flagelloscypha sp. PMI_526,Y,assembly_exact,fungi,Contig,GCA_021399455.1,na,Flagelloscypha sp. PMI_526
GCA_022264835.1,Melampsora americana,Y,assembly_exact,fungi,Contig,GCA_022264835.1,na,Melampsora americana
GCA_022606075.1,Fomitopsis betulina,Y,assembly_exact,fungi,Contig,GCA_022606075.1,na,Fomitopsis betulina
GCA_022835595.1,Cystobasidium ongulense,Y,assembly_exact,fungi,Scaffold,GCA_022835595.1,na,Cystobasidium ongulense
GCA_023089105.1,Lasiodiplodia citricola,Y,assembly_exact,fungi,Scaffold,GCA_023089105.1,na,Lasiodiplodia citricola
GCA_023624915.1,Aspergillus amoenus,Y,assembly_exact,fungi,Scaffold,GCA_023624915.1,na,Aspergillus amoenus
GCA_024244165.1,Ascosphaera acerosa,Y,assembly_exact,fungi,Scaffold,GCA_024244165.1,na,Ascosphaera acerosa
GCA_025526935.1,Cladochytrium replicatum,Y,assembly_exact,fungi,Contig,GCA_025526935.1,na,Cladochytrium replicatum
GCA_025529335.1,Rhizopus sp. PT2906,Y,assembly_exact,fungi,Scaffold,GCA_025529335.1,na,Rhizopus sp. PT2906
GCA_027921425.1,Lentinula novae-zelandiae,Y,assembly_exact,fungi,Scaffold,GCA_027921425.1,na,Lentinula novae-zelandiae
GCA_029100535.1,Stemphylium beticola,Y,assembly_exact,fungi,Scaffold,GCA_029100535.1,na,Stemphylium beticola
GCA_030280995.1,Hemileia vastatrix,Y,assembly_exact,fungi,Scaffold,GCA_030280995.1,na,Hemileia vastatrix
GCA_030294605.1,Ambrosiella beaveri,Y,assembly_exact,fungi,Scaffold,GCA_030294605.1,na,Ambrosiella beaveri
GCA_030463015.1,Geotrichum citri-aurantii,Y,assembly_exact,fungi,Scaffold,GCA_030463015.1,na,Geotrichum citri-aurantii
GCA_030557055.1,Candida tetrigidarum,Y,assembly_exact,fungi,Scaffold,GCA_030557055.1,na,Candida tetrigidarum
GCA_030563415.1,[Candida] lundiana,Y,assembly_exact,fungi,Scaffold,GCA_030563415.1,na,Casaregolazyma lundiana
GCA_030565715.1,Hanseniaspora singularis (nom. inval.),Y,assembly_exact,fungi,Scaffold,GCA_030565715.1,na,Hanseniaspora singularis (nom. inval.)
GCA_030569555.1,[Candida] oceani,Y,assembly_exact,fungi,Scaffold,GCA_030569555.1,na,Yamadazyma oceani
GCA_030570355.1,Pichia nakasei,Y,assembly_exact,fungi,Scaffold,GCA_030570355.1,na,Pichia nakasei
GCA_030571975.1,Yamadazyma olivae,Y,assembly_exact,fungi,Contig,GCA_030571975.1,na,Yamadazyma olivae
GCA_030572675.1,Zygosaccharomyces pseudorouxii (nom. inval.),Y,assembly_exact,fungi,Scaffold,GCA_030572675.1,na,Zygosaccharomyces pseudorouxii (nom. inval.)
GCA_030572965.1,Wickerhamiella kurtzmanii,Y,assembly_exact,fungi,Scaffold,GCA_030572965.1,na,Wickerhamiella kurtzmanii
GCA_030573355.1,Helenozyma rhizophorensis,Y,assembly_exact,fungi,Scaffold,GCA_030573355.1,na,Helenozyma rhizophorensis
GCA_030705075.1,Starmerella geochares,Y,assembly_exact,fungi,Scaffold,GCA_030705075.1,na,Entelexis geochares
GCA_030867255.1,Colletotrichum somersetense,Y,assembly_exact,fungi,Scaffold,GCA_030867255.1,na,Colletotrichum somersetense
GCA_035928005.1,Exophiala sp. CCFEE 6388,Y,assembly_exact,fungi,Scaffold,GCA_035928005.1,na,Exophiala sp. CCFEE 6388
GCA_035928285.1,Vermiconidia calcicola,Y,assembly_exact,fungi,Scaffold,GCA_035928285.1,na,Vermiconidia calcicola
GCA_036287555.1,Hanseniaspora guilliermondii,Y,assembly_exact,fungi,Complete Genome,GCA_036287555.1,na,Hanseniaspora guilliermondii
GCA_037892935.1,Phlebopus portentosus,Y,assembly_exact,fungi,Contig,GCA_037892935.1,na,Phlebopus portentosus
GCA_038089215.1,Tylopilus vinaceipallidus,Y,assembly_exact,fungi,Scaffold,GCA_038089215.1,na,Tylopilus vinaceipallidus
GCA_038089875.1,Fistulinella prunicolor,Y,assembly_exact,fungi,Scaffold,GCA_038089875.1,na,Fistulinella prunicolor
GCA_038092445.1,Gyrodon tennesseensis,Y,assembly_exact,fungi,Scaffold,GCA_038092445.1,na,Gyrodon tennesseensis
GCA_038093835.1,Strobilomyces confusus,Y,assembly_exact,fungi,Scaffold,GCA_038093835.1,na,Strobilomyces confusus
GCA_038382965.1,Ceratocystis huliohia,Y,assembly_exact,fungi,Contig,GCA_038382965.1,na,Ceratocystis huliohia
GCA_951802195.1,Tausonia pullulans,Y,name_exact,fungi,,,,Tausonia pullulans
GCF_000002855.4,Aspergillus niger,Y,assembly_exact,fungi,Scaffold,GCA_000002855.2,GCF_000002855.4,Aspergillus niger
GCF_000182805.3,Sordaria macrospora,Y,assembly_exact,fungi,Scaffold,GCA_000182805.2,GCF_000182805.3,Sordaria macrospora k-hell
GCF_000263375.1,Wallemia mellicola,Y,assembly_exact,fungi,Scaffold,GCA_000263375.1,GCF_000263375.1,Wallemia mellicola CBS 633.66
GCF_000523435.1,Bipolaris zeicola,Y,assembly_exact,fungi,Scaffold,GCA_000523435.1,GCF_000523435.1,Bipolaris zeicola 26-R-13
GCF_000968595.1,Rasamsonia emersonii,Y,assembly_exact,fungi,Contig,GCA_000968595.1,GCF_000968595.1,Rasamsonia emersonii CBS 393.64
GCF_002847465.1,Aspergillus novofumigatus,Y,assembly_exact,fungi,Contig,GCA_002847465.1,GCF_002847465.1,Aspergillus novofumigatus IBT 16806
GCF_010094035.1,Trematosphaeria pertusa,Y,assembly_exact,fungi,Scaffold,GCA_010094035.1,GCF_010094035.1,Trematosphaeria pertusa
GCF_016861735.1,Aspergillus chevalieri,Y,assembly_exact,fungi,Complete Genome,GCA_016861735.1,GCF_016861735.1,Aspergillus chevalieri
GCF_016906535.1,Rhizoctonia solani,Y,assembly_exact,fungi,Complete Genome,GCA_016906535.1,GCF_016906535.1,Rhizoctonia solani
GCF_023757995.1,Alternaria metachromatica,Y,assembly_exact,fungi,Scaffold,GCA_023757995.1,GCF_023757995.1,Alternaria metachromatica
GCA_001600275.1,Cutaneotrichosporon curvatum,Y,assembly_exact,fungi,Scaffold,GCA_001600275.1,na,Cutaneotrichosporon curvatum
GCA_001636675.1,Moelleriella libera,Y,assembly_exact,fungi,Scaffold,GCA_001636675.1,na,Moelleriella libera RCEF 2490
GCA_002865625.1,Hyaloscypha hepaticicola,Y,assembly_exact,fungi,Scaffold,GCA_002865625.1,na,Hyaloscypha hepaticicola
GCA_003116915.1,Takashimella tepidaria (nom. inval.),Y,assembly_exact,fungi,Scaffold,GCA_003116915.1,na,Takashimella tepidaria (nom. inval.)
GCA_003316465.1,Ramaria cf. rubripermanens,Y,assembly_exact,fungi,Scaffold,GCA_003316465.1,na,Ramaria cf. rubripermanens
GCA_003706445.3,Cyberlindnera mrakii,Y,assembly_exact,fungi,Scaffold,GCA_003706445.3,na,Williopsis mrakii
GCA_003946985.1,Fusarium duplospermum,Y,assembly_exact,fungi,Scaffold,GCA_003946985.1,na,Fusarium duplospermum
GCA_004154925.1,Monosporascus cannonballus,Y,assembly_exact,fungi,Scaffold,GCA_004154925.1,na,Monosporascus cannonballus
GCA_004367055.1,Fusarium sp. NRRL 66335,Y,assembly_exact,fungi,Scaffold,GCA_004367055.1,na,Fusarium sp. NRRL 66335
GCA_004367495.1,Fusarium scirpi,Y,assembly_exact,fungi,Scaffold,GCA_004367495.1,na,Fusarium scirpi
GCA_004379715.1,Crucibulum laeve,Y,assembly_exact,fungi,Scaffold,GCA_004379715.1,na,Crucibulum laeve
GCA_004936725.1,Alternaria brassicae,Y,assembly_exact,fungi,Chromosome,GCA_004936725.1,na,Alternaria brassicae
GCA_013403795.1,Teratosphaeria pseudoeucalypti,Y,assembly_exact,fungi,Scaffold,GCA_013403795.1,na,Teratosphaeria pseudoeucalypti
GCA_014904845.1,Acephala macrosclerotiorum,Y,assembly_exact,fungi,Scaffold,GCA_014904845.1,na,Acephala macrosclerotiorum
GCA_016097105.2,Sporothrix variecibatus,Y,assembly_exact,fungi,Contig,GCA_016097105.2,na,Sporothrix variecibatus
GCA_017365405.1,Cadophora malorum,Y,assembly_exact,fungi,Contig,GCA_017365405.1,na,Cadophora malorum
GCA_017656745.1,Fusarium mesoamericanum,Y,assembly_exact,fungi,Scaffold,GCA_017656745.1,na,Fusarium mesoamericanum
GCA_018857305.1,Termitomyces sp. T159_Od127,Y,assembly_exact,fungi,Scaffold,GCA_018857305.1,na,Termitomyces sp. T159_Od127
GCA_019671135.1,Linnemannia hyalina,Y,assembly_exact,fungi,Contig,GCA_019671135.1,na,Linnemannia hyalina
GCA_022376655.1,Xylariomycetidae sp. FL0641,Y,assembly_exact,fungi,Contig,GCA_022376655.1,na,Xylariomycetidae sp. FL0641
GCA_024613185.1,Pisolithus microcarpus,Y,assembly_exact,fungi,Contig,GCA_024613185.1,na,Pisolithus microcarpus
GCA_024713715.1,Morchella sp. 2018-W26,Y,assembly_exact,fungi,Contig,GCA_024713715.1,na,Morchella sp. 2018-W26
GCA_025349905.2,Blastocladiella britannica,Y,assembly_exact,fungi,Scaffold,GCA_025349905.2,na,Blastocladiella britannica
GCA_025433615.1,Fusarium sp. LHS14.1,Y,assembly_exact,fungi,Chromosome,GCA_025433615.1,na,Fusarium sp. LHS14.1
GCA_025677825.1,Helicostylum pulchrum,Y,assembly_exact,fungi,Contig,GCA_025677825.1,na,Helicostylum pulchrum
GCA_026692725.1,Ecytonucleospora hepatopenaei,Y,assembly_exact,fungi,Contig,GCA_026692725.1,na,Ecytonucleospora hepatopenaei
GCA_026725045.1,Vanrija sp. TS_01,Y,assembly_exact,fungi,Scaffold,GCA_026725045.1,na,Vanrija sp. TS_01
GCA_030035635.1,Penicillium parvum,Y,assembly_exact,fungi,Contig,GCA_030035635.1,na,Penicillium parvum
GCA_030271015.1,Didymella glomerata,Y,assembly_exact,fungi,Scaffold,GCA_030271015.1,na,Didymella glomerata
GCA_030463055.1,Scheffersomyces gosingicus (nom. inval.),Y,assembly_exact,fungi,Scaffold,GCA_030463055.1,na,Lizanozyma gosingica
GCA_030557345.1,Cyberlindnera maritima,Y,assembly_exact,fungi,Scaffold,GCA_030557345.1,na,Petasospora maritima
GCA_030558435.1,Kodamaea kakaduensis,Y,assembly_exact,fungi,Scaffold,GCA_030558435.1,na,Kodamaea kakaduensis
GCA_030558495.1,Pichia insulana,Y,assembly_exact,fungi,Scaffold,GCA_030558495.1,na,Pichia insulana
GCA_030565305.1,Starmerella scarabaei,Y,assembly_exact,fungi,Contig,GCA_030565305.1,na,Starmerella scarabaei
GCA_030567455.1,[Candida] norvegica,Y,assembly_exact,fungi,Scaffold,GCA_030567455.1,na,Komagataea norvegica
GCA_030567755.1,Nakazawaea pomicola,Y,assembly_exact,fungi,Scaffold,GCA_030567755.1,na,Nakazawaea pomicola
GCA_030568675.1,Suhomyces xylopsoci,Y,assembly_exact,fungi,Scaffold,GCA_030568675.1,na,Suhomyces xylopsoci
GCA_030568875.1,Sungouiella flosculorum,Y,assembly_exact,fungi,Scaffold,GCA_030568875.1,na,Sungouiella flosculorum
GCA_030569455.1,Australozyma saccharicola,Y,assembly_exact,fungi,Scaffold,GCA_030569455.1,na,Australozyma saccharicola
GCA_030574955.1,Teunomyces lycoperdinae,Y,assembly_exact,fungi,Contig,GCA_030574955.1,na,Teunomyces lycoperdinae
GCA_032595095.1,Didymellaceae sp. YAFEF048,Y,assembly_exact,fungi,Scaffold,GCA_032595095.1,na,Didymellaceae sp. YAFEF048
GCA_032927745.1,Schwanniomyces capriottii,Y,assembly_exact,fungi,Contig,GCA_032927745.1,na,Schwanniomyces capriottii
GCA_033117895.1,Extremus antarcticus,Y,assembly_exact,fungi,Scaffold,GCA_033117895.1,na,Extremus antarcticus
GCA_947297635.1,[Candida] aaseri,Y,name_exact,fungi,,,,[Candida] aaseri
GCF_000091225.2,Encephalitozoon cuniculi,Y,assembly_exact,fungi,Chromosome,GCA_000091225.2,GCF_000091225.2,Encephalitozoon cuniculi GB-M1
GCF_000182565.1,Spizellomyces punctatus,Y,assembly_exact,fungi,Scaffold,GCA_000182565.2,GCF_000182565.1,Spizellomyces punctatus DAOM BR117
GCF_001619985.1,Xylona heveae,Y,assembly_exact,fungi,Scaffold,GCA_001619985.1,GCF_001619985.1,Xylona heveae TC161
GCF_028827265.1,Penicillium atrosanguineum,Y,assembly_exact,fungi,Contig,GCA_028827265.1,GCF_028827265.1,Penicillium atrosanguineum
GCA_000836175.1,Taphrina flavorubra,Y,assembly_exact,fungi,Scaffold,GCA_000836175.1,na,Taphrina flavorubra JCM 22207
GCA_001305505.1,Neonectria ditissima,Y,assembly_exact,fungi,Scaffold,GCA_001305505.1,na,Neonectria ditissima
GCA_001455915.2,Samsoniella hepiali,Y,assembly_exact,fungi,Scaffold,GCA_001455915.2,na,Samsoniella hepiali
GCA_001553865.1,Cladosporium sp. BSL10,Y,assembly_exact,fungi,Contig,GCA_001553865.1,na,Cladosporium sp. BSL10
GCA_001661515.1,Capniomyces stellatus,Y,assembly_exact,fungi,Scaffold,GCA_001661515.1,na,Capniomyces stellatus
GCA_002116315.1,Epicoccum nigrum,Y,assembly_exact,fungi,Scaffold,GCA_002116315.1,na,Epicoccum nigrum
GCA_002116345.1,Mycosphaerella sp. PB-2012b,Y,assembly_exact,fungi,Scaffold,GCA_002116345.1,na,Mycosphaerella sp. PB-2012b Mex 2-1-2
GCA_002221725.1,Scedosporium boydii,Y,assembly_exact,fungi,Contig,GCA_002221725.1,na,Scedosporium boydii
GCA_002370795.1,Metschnikowia sp. 03-147.1,Y,assembly_exact,fungi,Scaffold,GCA_002370795.1,na,Metschnikowia sp. 03-147.1
GCA_003313185.1,Collybia sp. MG36,Y,assembly_exact,fungi,Scaffold,GCA_003313185.1,na,Collybia sp. MG36
GCA_003315895.1,Lactifluus rugatus,Y,assembly_exact,fungi,Scaffold,GCA_003315895.1,na,Lactifluus rugatus
GCA_003705895.2,Lipomyces japonicus,Y,assembly_exact,fungi,Scaffold,GCA_003705895.2,na,Lipomyces japonicus
GCA_003988815.1,Chlorencoelia australis,Y,assembly_exact,fungi,Scaffold,GCA_003988815.1,na,Chlorencoelia australis
GCA_008065175.1,Metschnikowia caudata,Y,assembly_exact,fungi,Scaffold,GCA_008065175.1,na,Metschnikowia caudata
GCA_009746055.1,Metschnikowia pulcherrima,Y,assembly_exact,fungi,Contig,GCA_009746055.1,na,Metschnikowia pulcherrima
GCA_013433165.1,Hypsizygus marmoreus,Y,assembly_exact,fungi,Chromosome,GCA_013433165.1,na,Hypsizygus marmoreus
GCA_013620735.1,Clavariopsis aquatica,Y,assembly_exact,fungi,Scaffold,GCA_013620735.1,na,Clavariopsis aquatica
GCA_013842865.1,Diaporthe sp. NJD1,Y,assembly_exact,fungi,Contig,GCA_013842865.1,na,Diaporthe sp. NJD1
GCA_016695485.1,Suillus hirtellus,Y,assembly_exact,fungi,Scaffold,GCA_016695485.1,na,Suillus hirtellus
GCA_017657105.1,Fusarium acaciae-mearnsii,Y,assembly_exact,fungi,Scaffold,GCA_017657105.1,na,Fusarium acaciae-mearnsii
GCA_018850275.1,Tephrocybe sp. 9174TJB,Y,assembly_exact,fungi,Scaffold,GCA_018850275.1,na,Tephrocybe sp. 9174TJB
GCA_021527465.2,Geoglossum glabrum,Y,assembly_exact,fungi,Scaffold,GCA_021527465.2,na,Geoglossum glabrum
GCA_022345685.2,Nothomitra cinnamomea,Y,assembly_exact,fungi,Scaffold,GCA_022345685.2,na,Nothomitra cinnamomea
GCA_022457215.2,Leucocoprinus gongylophorus,Y,assembly_versionless,fungi,Contig,GCA_022457215.3,na,Leucocoprinus gongylophorus
GCA_022539335.1,Xylaria cf. heliscus,Y,assembly_exact,fungi,Contig,GCA_022539335.1,na,Xylaria cf. heliscus
GCA_023212835.1,Pseudozyma thailandica,Y,assembly_exact,fungi,Scaffold,GCA_023212835.1,na,Pseudozyma thailandica
GCA_023853785.1,Psilocybe azurescens,Y,assembly_exact,fungi,Contig,GCA_023853785.1,na,Psilocybe azurescens
GCA_026367775.1,Exserohilum rostratum,Y,assembly_exact,fungi,Complete Genome,GCA_026367775.1,na,Exserohilum rostratum
GCA_026538395.1,Cryptococcus sp. GC_Crypt_3,Y,assembly_exact,fungi,Contig,GCA_026538395.1,na,Cryptococcus sp. GC_Crypt_3
GCA_026955015.1,Nowakowskiella sp. JEL0078,Y,assembly_exact,fungi,Scaffold,GCA_026955015.1,na,Nowakowskiella sp. JEL0078
GCA_027406125.1,Colletotrichum tropicale,Y,assembly_exact,fungi,Contig,GCA_027406125.1,na,Colletotrichum tropicale
GCA_027575385.1,Coemansia sp. RSA 2399,Y,assembly_exact,fungi,Contig,GCA_027575385.1,na,Coemansia sp. RSA 2399
GCA_027578655.1,Coemansia sp. RSA 1694,Y,assembly_exact,fungi,Scaffold,GCA_027578655.1,na,Coemansia sp. RSA 1694
GCA_027578995.1,Coemansia sp. IMI 209128,Y,assembly_exact,fungi,Scaffold,GCA_027578995.1,na,Coemansia sp. IMI 209128
GCA_028974045.1,Penicillium cf. viridicatum,Y,assembly_exact,fungi,Contig,GCA_028974045.1,na,Penicillium cf. viridicatum
GCA_029204085.1,Mycena sp. CBHHK59/15,Y,assembly_exact,fungi,Contig,GCA_029204085.1,na,Mycena sp. CBHHK59/15
GCA_029378395.1,Mycena leptocephala,Y,assembly_exact,fungi,Contig,GCA_029378395.1,na,Mycena leptocephala
GCA_030556285.1,Lipomyces yamadae,Y,assembly_exact,fungi,Scaffold,GCA_030556285.1,na,Lipomyces yamadae
GCA_030568095.1,Naumovozyma baii,Y,assembly_exact,fungi,Scaffold,GCA_030568095.1,na,Naumovozyma baii
GCA_030571995.1,Yamadazyma insecticola,Y,assembly_exact,fungi,Contig,GCA_030571995.1,na,Yamadazyma insecticola
GCA_030574275.1,Pichia sporocuriosa,Y,assembly_exact,fungi,Scaffold,GCA_030574275.1,na,Pichia sporocuriosa
GCA_032158425.1,Pleurotus giganteus,Y,assembly_exact,fungi,Contig,GCA_032158425.1,na,Pleurotus giganteus
GCA_033030345.1,Verpa bohemica,Y,assembly_exact,fungi,Contig,GCA_033030345.1,na,Verpa bohemica
GCA_033296975.1,Podospora aff. communis PSN243,Y,assembly_exact,fungi,Scaffold,GCA_033296975.1,na,Podospora aff. communis PSN243
GCA_033816765.1,Nothopassalora personata,Y,assembly_exact,fungi,Chromosome,GCA_033816765.1,na,Nothopassalora personata
GCA_036674765.1,Seiridium cupressi,Y,assembly_exact,fungi,Scaffold,GCA_036674765.1,na,Seiridium cupressi
GCA_036873115.1,Pseudodiploospora longispora,Y,assembly_exact,fungi,Scaffold,GCA_036873115.1,na,Pseudodiploospora longispora
GCA_036937075.1,Mycocalia duriaeana,Y,assembly_exact,fungi,Scaffold,GCA_036937075.1,na,Mycocalia duriaeana
GCA_038025025.1,Phyllosticta citribraziliensis,Y,assembly_exact,fungi,Contig,GCA_038025025.1,GCF_038025025.1,Phyllosticta citribraziliensis
GCA_038089575.1,Phylloporus pelletieri,Y,assembly_exact,fungi,Scaffold,GCA_038089575.1,na,Phylloporus pelletieri
GCA_038090875.1,Leccinum fallax,Y,assembly_exact,fungi,Scaffold,GCA_038090875.1,na,Leccinum fallax
GCA_038093035.1,Boletus nancyae,Y,assembly_exact,fungi,Scaffold,GCA_038093035.1,na,Boletus nancyae
GCA_038093245.1,Boletus holoroseus,Y,assembly_exact,fungi,Scaffold,GCA_038093245.1,na,Boletus holoroseus
GCA_900519075.1,Yarrowia bubula,Y,name_exact,fungi,,,,Yarrowia bubula
GCF_000006335.3,Candida tropicalis,Y,assembly_exact,fungi,Scaffold,GCA_000006335.3,GCF_000006335.3,Candida tropicalis MYA-3404
GCF_000143565.1,Laccaria bicolor,Y,assembly_exact,fungi,Scaffold,GCA_000143565.1,GCF_000143565.1,Laccaria bicolor S238N-H82
GCF_001831195.1,Colletotrichum orchidophilum,Y,assembly_exact,fungi,Scaffold,GCA_001831195.1,GCF_001831195.1,Colletotrichum orchidophilum
GCF_010093595.1,Mytilinidion resinicola,Y,assembly_exact,fungi,Scaffold,GCA_010093595.1,GCF_010093595.1,Mytilinidion resinicola
GCF_019456465.1,Bacidia gigantensis,Y,assembly_exact,fungi,Contig,GCA_019456465.1,GCF_019456465.1,Bacidia gigantensis
GCF_020509005.1,Fulvia fulva,Y,assembly_exact,fungi,Complete Genome,GCA_020509005.2,GCF_020509005.1,Fulvia fulva
GCF_900079805.1,Fusarium fujikuroi,Y,name_exact,fungi,,,,Fusarium fujikuroi
GCA_000697295.1,Mucor indicus,Y,assembly_exact,fungi,Contig,GCA_000697295.1,na,Mucor indicus B7402
GCA_001189435.1,Tolypocladium ophioglossoides,Y,assembly_exact,fungi,Scaffold,GCA_001189435.1,na,Tolypocladium ophioglossoides CBS 100239
GCA_001513835.1,Fusarium temperatum,Y,assembly_exact,fungi,Scaffold,GCA_001513835.1,na,Fusarium temperatum
GCA_001883825.1,Emergomyces pasteurianus,Y,assembly_exact,fungi,Scaffold,GCA_001883825.1,na,Emergomyces pasteurianus Ep9510
GCA_001936955.1,Pyricularia sp. MG12,Y,assembly_exact,fungi,Contig,GCA_001936955.1,na,Pyricularia sp. MG12
GCA_002072365.1,Penicillium flavigenum,Y,assembly_exact,fungi,Scaffold,GCA_002072365.1,na,Penicillium flavigenum
GCA_002242795.1,Byssochlamys sp. BYSS01,Y,assembly_exact,fungi,Scaffold,GCA_002242795.1,na,Byssochlamys sp. BYSS01
GCA_002287115.1,Auricularia heimuer,Y,assembly_exact,fungi,Scaffold,GCA_002287115.1,na,Auricularia heimuer
GCA_002370245.1,Metschnikowia sp. 04-226.1,Y,assembly_exact,fungi,Scaffold,GCA_002370245.1,na,Metschnikowia sp. 04-226.1
GCA_002374485.1,Metschnikowia santaceciliae,Y,assembly_exact,fungi,Scaffold,GCA_002374485.1,na,Metschnikowia santaceciliae
GCA_003671545.1,Ophiognomonia clavigignenti-juglandacearum,Y,assembly_exact,fungi,Scaffold,GCA_003671545.1,na,Ophiognomonia clavigignenti-juglandacearum
GCA_003707165.2,Phaffomyces opuntiae,Y,assembly_exact,fungi,Scaffold,GCA_003707165.2,na,Phaffomyces opuntiae
GCA_003717175.1,Protomyces macrosporus,Y,assembly_exact,fungi,Contig,GCA_003717175.1,na,Protomyces macrosporus
GCA_003987895.1,Neonothopanus nambi,Y,assembly_exact,fungi,Contig,GCA_003987895.1,na,Neonothopanus nambi
GCA_003988905.1,Hymenotorrendiella dingleyae,Y,assembly_exact,fungi,Scaffold,GCA_003988905.1,na,Hymenotorrendiella dingleyae
GCA_004114255.1,Acaulopage tetraceros,Y,assembly_exact,fungi,Scaffold,GCA_004114255.1,na,Acaulopage tetraceros
GCA_004296355.1,Lepiota venenata,Y,assembly_exact,fungi,Contig,GCA_004296355.1,na,Lepiota venenata
GCA_004367485.1,Fusarium citri,Y,assembly_exact,fungi,Scaffold,GCA_004367485.1,na,Fusarium citri
GCA_007825325.1,Lachnellula cervina,Y,assembly_exact,fungi,Contig,GCA_007825325.1,na,Lachnellula cervina
GCA_007896445.1,Puccinia hordei,Y,assembly_exact,fungi,Contig,GCA_007896445.1,na,Puccinia hordei
GCA_012977745.1,Fusarium anguioides,Y,assembly_exact,fungi,Scaffold,GCA_012977745.1,na,Fusarium anguioides
GCA_014334815.1,Pyrenophora teres,Y,assembly_exact,fungi,Complete Genome,GCA_014334815.1,na,Pyrenophora teres f. maculata
GCA_015852385.1,Podila clonocystis,Y,assembly_exact,fungi,Scaffold,GCA_015852385.1,na,Podila clonocystis
GCA_016618145.1,Sanghuangporus lonicericola,Y,assembly_exact,fungi,Scaffold,GCA_016618145.1,na,Sanghuangporus lonicericola
GCA_019677325.2,Pleurotus cornucopiae,Y,assembly_exact,fungi,Chromosome,GCA_019677325.2,na,Pleurotus cornucopiae
GCA_020881915.1,Paramyrothecium sp. XJ0827,Y,assembly_exact,fungi,Contig,GCA_020881915.1,na,Paramyrothecium sp. XJ0827
GCA_021527035.1,Lactarius vividus,Y,assembly_exact,fungi,Contig,GCA_021527035.1,na,Lactarius vividus
GCA_021642125.1,Nothophoma quercina,Y,assembly_versionless,fungi,Scaffold,GCA_021642125.2,na,Nothophoma quercina
GCA_022984865.1,Hypomontagnella submonticulosa,Y,assembly_exact,fungi,Contig,GCA_022984865.1,na,Hypomontagnella submonticulosa
GCA_023647555.1,Pancytospora philotis,Y,assembly_exact,fungi,Scaffold,GCA_023647555.1,na,Pancytospora philotis
GCA_023758005.1,Alternaria sp. BMP 0032,Y,assembly_exact,fungi,Scaffold,GCA_023758005.1,na,Alternaria sp. BMP 0032
GCA_024336345.1,Mariannaea sp. PMI_226,Y,assembly_exact,fungi,Contig,GCA_024336345.1,na,Mariannaea sp. PMI_226
GCA_024340155.1,Tolypocladium pustulatum,Y,assembly_exact,fungi,Scaffold,GCA_024340155.1,na,Tolypocladium pustulatum
GCA_025327125.1,Colletotrichum sp. SAR 10_86,Y,assembly_exact,fungi,Scaffold,GCA_025327125.1,na,Colletotrichum sp. SAR 10_86
GCA_025526995.1,Powellomyces hirtus,Y,assembly_exact,fungi,Contig,GCA_025526995.1,na,Powellomyces hirtus
GCA_027600675.1,Phlyctochytrium planicorne,Y,assembly_exact,fungi,Contig,GCA_027600675.1,na,Phlyctochytrium planicorne
GCA_029232285.1,Agmasoma sp. JBojko-2022a,Y,assembly_exact,fungi,Contig,GCA_029232285.1,na,Agmasoma carcini (nom. nud.)
GCA_030411845.1,Friedmanniomyces endolithicus,Y,assembly_exact,fungi,Scaffold,GCA_030411845.1,na,Friedmanniomyces endolithicus
GCA_030435655.1,Armillaria novae-zelandiae,Y,assembly_exact,fungi,Contig,GCA_030435655.1,na,Armillaria novae-zelandiae
GCA_030563945.1,Dipodascus australiensis,Y,assembly_exact,fungi,Scaffold,GCA_030563945.1,na,Dipodascus australiensis
GCA_030569235.1,Sugiyamaella qingdaonensis,Y,assembly_exact,fungi,Scaffold,GCA_030569235.1,na,Sugiyamaella qingdaonensis
GCA_030582235.1,[Candida] ponderosae,Y,assembly_exact,fungi,Scaffold,GCA_030582235.1,na,Ruyongia ponderosae
GCA_030685235.1,Copromyces sp. CBS 386.78,Y,assembly_exact,fungi,Scaffold,GCA_030685235.1,na,Copromyces sp. CBS 386.78
GCA_030705055.1,Kodamaea plutei,Y,assembly_exact,fungi,Contig,GCA_030705055.1,na,Kodamaea plutei
GCA_030705235.1,Spathaspora jeffriesii,Y,assembly_exact,fungi,Scaffold,GCA_030705235.1,na,Spathaspora jeffriesii
GCA_030864385.1,Cutaneotrichosporon sp. HIS471,Y,assembly_exact,fungi,Complete Genome,GCA_030864385.1,na,Cutaneotrichosporon sp. HIS471
GCA_031125705.1,Saccharomycopsis babjevae,Y,assembly_exact,fungi,Scaffold,GCA_031125705.1,na,Saccharomycopsis babjevae
GCA_032173475.1,Amanita phalloides,Y,assembly_exact,fungi,Scaffold,GCA_032173475.1,na,Amanita phalloides
GCA_032433595.1,Conoideocrella luteorostrata,Y,assembly_exact,fungi,Scaffold,GCA_032433595.1,na,Conoideocrella luteorostrata
GCA_033030565.1,Fusarium nematophilum,Y,assembly_exact,fungi,Scaffold,GCA_033030565.1,na,Fusarium nematophilum
GCA_038094415.1,Xerocomus alliaceus,Y,assembly_exact,fungi,Scaffold,GCA_038094415.1,na,Xerocomus alliaceus
GCA_038094595.1,Pulveroboletus aff. annulatus,Y,assembly_exact,fungi,Scaffold,GCA_038094595.1,na,Pulveroboletus aff. annulatus
GCA_038659295.1,Enterocytospora artemiae,Y,assembly_exact,fungi,Contig,GCA_038659295.1,na,Enterocytospora artemiae
GCA_900465325.1,Zygosaccharomyces sapae,Y,name_exact,fungi,,,,Zygosaccharomyces sapae
GCA_900519065.1,Yarrowia hollandica,Y,name_exact,fungi,,,,Yarrowia hollandica
GCA_911254575.1,Candida sanyaensis,Y,name_exact,fungi,,,,Candida sanyaensis
GCA_951802425.1,Clavaria fumosa,Y,name_exact,fungi,,,,Clavaria fumosa
GCF_000464535.1,Endocarpon pusillum,Y,assembly_exact,fungi,Scaffold,GCA_000464535.1,GCF_000464535.1,Endocarpon pusillum Z07020
GCF_000523455.1,Bipolaris oryzae,Y,assembly_exact,fungi,Scaffold,GCA_000523455.1,GCF_000523455.1,Bipolaris oryzae ATCC 44560
GCF_010093535.1,Lindgomyces ingoldianus,Y,assembly_exact,fungi,Scaffold,GCA_010093535.1,GCF_010093535.1,Lindgomyces ingoldianus
GCF_011800055.1,Colletotrichum gloeosporioides,Y,assembly_exact,fungi,Scaffold,GCA_011800055.1,GCF_011800055.1,Colletotrichum gloeosporioides
GCF_022836535.1,Colletotrichum spaethianum,Y,assembly_exact,fungi,Contig,GCA_022836535.1,GCF_022836535.1,Colletotrichum spaethianum
GCA_000710315.1,Eremothecium coryli,Y,assembly_exact,fungi,Scaffold,GCA_000710315.1,na,Eremothecium coryli CBS 5749
GCA_000812845.1,Stagonosporopsis tanaceti,Y,assembly_exact,fungi,Contig,GCA_000812845.1,na,Stagonosporopsis tanaceti
GCA_001600015.1,Solicoccozyma phenolica,Y,assembly_exact,fungi,Scaffold,GCA_001600015.1,na,Solicoccozyma phenolica
GCA_002812745.2,Scytalidium lignicola,Y,assembly_exact,fungi,Contig,GCA_002812745.2,na,Scytalidium lignicola
GCA_002894705.1,Aspergillus sp. ATCC 12892,Y,assembly_exact,fungi,Scaffold,GCA_002894705.1,na,Aspergillus sp. ATCC 12892
GCA_004124955.1,Starmerella riodocensis,Y,assembly_exact,fungi,Scaffold,GCA_004124955.1,na,Starmerella riodocensis
GCA_005281535.1,Taphrina confusa,Y,assembly_exact,fungi,Scaffold,GCA_005281535.1,na,Taphrina confusa
GCA_008065195.1,Metschnikowia amazonensis,Y,assembly_exact,fungi,Scaffold,GCA_008065195.1,na,Metschnikowia amazonensis
GCA_009193465.1,Aspergillus avenaceus,Y,assembly_exact,fungi,Scaffold,GCA_009193465.1,na,Aspergillus avenaceus
GCA_009809945.1,Gigaspora margarita,Y,assembly_exact,fungi,Scaffold,GCA_009809945.1,na,Gigaspora margarita
GCA_011058875.1,Neopestalotiopsis sp. 37M,Y,assembly_exact,fungi,Scaffold,GCA_011058875.1,na,Neopestalotiopsis sp. 37M
GCA_012184315.1,Arthrobotrys entomopaga,Y,assembly_exact,fungi,Scaffold,GCA_012184315.1,na,Arthrobotrys entomopaga
GCA_013176395.1,Venturia oleaginea,Y,assembly_exact,fungi,Contig,GCA_013176395.1,na,Venturia oleaginea
GCA_014235945.1,Colletotrichum plurivorum,Y,assembly_exact,fungi,Scaffold,GCA_014235945.1,na,Colletotrichum plurivorum
GCA_016097085.2,Sporothrix curviconia,Y,assembly_exact,fungi,Contig,GCA_016097085.2,na,Sporothrix curviconia
GCA_016758965.1,Circinella minor,Y,assembly_exact,fungi,Scaffold,GCA_016758965.1,na,Circinella minor
GCA_018408605.1,Aspergillus unguis,Y,assembly_exact,fungi,Scaffold,GCA_018408605.1,na,Aspergillus unguis
GCA_019721355.1,Aspergillus sp. MEXU 27854,Y,assembly_exact,fungi,Contig,GCA_019721355.1,na,Aspergillus sp. MEXU 27854
GCA_021117315.1,Immersiporthe knoxdaviesiana,Y,assembly_exact,fungi,Complete Genome,GCA_021117315.1,na,Immersiporthe knoxdaviesiana
GCA_022457085.1,Saccharomycotina sp. CBS 16003,Y,assembly_exact,fungi,Contig,GCA_022457085.1,na,Saccharomycotina sp. CBS 16003
GCA_022578775.1,Xylaria venustula,Y,assembly_exact,fungi,Scaffold,GCA_022578775.1,na,Xylaria venustula
GCA_022836555.1,Colletotrichum tofieldiae,Y,assembly_exact,fungi,Contig,GCA_022836555.1,na,Colletotrichum tofieldiae
GCA_023658535.1,Epichloe glyceriae,Y,assembly_exact,fungi,Complete Genome,GCA_023658535.1,na,Epichloe glyceriae
GCA_023848605.1,Aureobasidium sp. EXF-10728,Y,assembly_exact,fungi,Contig,GCA_023848605.1,na,Aureobasidium sp. EXF-10728
GCA_024244195.1,Ascosphaera aggregata,Y,assembly_exact,fungi,Scaffold,GCA_024244195.1,na,Ascosphaera aggregata
GCA_024713625.1,Morchella sp. 2018-W30,Y,assembly_exact,fungi,Scaffold,GCA_024713625.1,na,Morchella sp. 2018-W30
GCA_024713705.1,Morchella sp. 2018-W38C,Y,assembly_exact,fungi,Scaffold,GCA_024713705.1,na,Morchella sp. 2018-W38C
GCA_025389085.1,Sclerotinia subarctica,Y,assembly_exact,fungi,Contig,GCA_025389085.1,na,Sclerotinia subarctica
GCA_027946355.1,Collariella sp. IMI 366227,Y,assembly_exact,fungi,Contig,GCA_027946355.1,na,Collariella sp. IMI 366227
GCA_029717555.1,Peribolospora baueri,Y,assembly_exact,fungi,Scaffold,GCA_029717555.1,na,Peribolospora baueri
GCA_030015385.1,Trichoderma sp. BMH-0061,Y,assembly_exact,fungi,Scaffold,GCA_030015385.1,na,Trichoderma sp. BMH-0061
GCA_030563165.1,Teunomyces stri,Y,assembly_exact,fungi,Scaffold,GCA_030563165.1,na,Teunomyces stri
GCA_030563185.1,Saturnispora sanitii,Y,assembly_exact,fungi,Scaffold,GCA_030563185.1,na,Saturnispora sanitii
GCA_030563775.1,[Candida] loeiensis,Y,assembly_exact,fungi,Scaffold,GCA_030563775.1,na,[Candida] loeiensis
GCA_030579495.1,Pichia heedii,Y,assembly_exact,fungi,Scaffold,GCA_030579495.1,na,Pichia heedii
GCA_030778065.1,Akanthomyces uredinophilus,Y,assembly_versionless,fungi,Contig,GCA_030778065.2,na,Akanthomyces uredinophilus
GCA_030867305.1,Colletotrichum zoysiae,Y,assembly_exact,fungi,Scaffold,GCA_030867305.1,na,Colletotrichum zoysiae
GCA_034638275.1,Colletotrichum lini,Y,assembly_exact,fungi,Contig,GCA_034638275.1,na,Colletotrichum lini
GCA_037575445.1,Vanrija sp. CR7,Y,assembly_exact,fungi,Contig,GCA_037575445.1,na,Vanrija sp. CR7
GCF_000003855.2,Blastomyces gilchristii,Y,assembly_exact,fungi,Scaffold,GCA_000003855.2,GCF_000003855.2,Blastomyces gilchristii SLH14081
GCF_000151125.1,Trichophyton benhamiae,Y,assembly_exact,fungi,Contig,GCA_000151125.2,GCF_000151125.1,Trichophyton benhamiae CBS 112371
GCF_000187245.1,Ogataea parapolymorpha,Y,assembly_exact,fungi,Chromosome,GCA_000187245.3,GCF_000187245.1,Ogataea parapolymorpha DL-1
GCF_000277815.2,Encephalitozoon hellem,Y,assembly_exact,fungi,Chromosome,GCA_000277815.3,GCF_000277815.2,Encephalitozoon hellem ATCC 50504
GCF_004022145.1,Paecilomyces variotii,Y,assembly_exact,fungi,Contig,GCA_004022145.1,GCF_004022145.1,Paecilomyces variotii
GCF_023343755.2,Candida oxycetoniae,Y,assembly_exact,fungi,Scaffold,GCA_023343755.2,GCF_023343755.2,Lodderomyces oxycetoniae
GCF_036417295.1,Cryptococcus decagattii,Y,assembly_exact,fungi,Complete Genome,GCA_036417295.1,GCF_036417295.1,Cryptococcus decagattii
GCA_000729835.1,Atkinsonella hypoxylon,Y,assembly_exact,fungi,Contig,GCA_000729835.1,na,Atkinsonella hypoxylon
GCA_001007845.1,Nigrograna mackinnonii,Y,assembly_exact,fungi,Contig,GCA_001007845.1,na,Nigrograna mackinnonii
GCA_001563735.1,Leucoagaricus sp. SymC.cos,Y,assembly_exact,fungi,Scaffold,GCA_001563735.1,na,Leucoagaricus sp. SymC.cos
GCA_001599695.1,Phaeotremella skinneri,Y,assembly_exact,fungi,Scaffold,GCA_001599695.1,na,Phaeotremella skinneri
GCA_001931985.1,Trichoderma sp. IMV 00454,Y,assembly_exact,fungi,Scaffold,GCA_001931985.1,na,Trichoderma sp. IMV 00454
GCA_002116355.1,Dothistroma pini,Y,assembly_exact,fungi,Scaffold,GCA_002116355.1,na,Dothistroma pini CBS 116487
GCA_002120325.1,Daldinia sp. EC12,Y,assembly_exact,fungi,Scaffold,GCA_002120325.1,na,Daldinia sp. EC12
GCA_002162575.1,Sclerotinia glacialis,Y,assembly_exact,fungi,Scaffold,GCA_002162575.1,na,Sclerotinia glacialis
GCA_002276475.2,Chlorociboria aeruginascens,Y,assembly_exact,fungi,Scaffold,GCA_002276475.2,na,Chlorociboria aeruginascens
GCA_003707745.2,Cyberlindnera misumaiensis,Y,assembly_exact,fungi,Scaffold,GCA_003707745.2,na,Williopsis misumaiensis
GCA_004681135.1,Hericium alpestre,Y,assembly_exact,fungi,Scaffold,GCA_004681135.1,na,Hericium alpestre
GCA_005356885.1,Cercospora cf. flagellaris,Y,assembly_exact,fungi,Scaffold,GCA_005356885.1,na,Cercospora cf. flagellaris
GCA_008973685.1,Trametes sanguinea,Y,assembly_exact,fungi,Contig,GCA_008973685.1,na,Trametes sanguinea
GCA_013618265.1,Fusarium albidum,Y,assembly_exact,fungi,Scaffold,GCA_013618265.1,na,Fusarium albidum
GCA_013618395.1,Fusarium domesticum,Y,assembly_exact,fungi,Scaffold,GCA_013618395.1,na,Fusarium domesticum
GCA_013623625.1,Fusarium setosum,Y,assembly_exact,fungi,Scaffold,GCA_013623625.1,na,Fusarium setosum
GCA_013759095.1,Fusarium sp. NRRL 29148,Y,assembly_exact,fungi,Scaffold,GCA_013759095.1,na,Fusarium sp. NRRL 29148
GCA_015502575.1,Mortierella sp. AD010,Y,assembly_exact,fungi,Scaffold,GCA_015502575.1,na,Mortierella sp. AD010
GCA_016097075.2,Sporothrix phasma,Y,assembly_exact,fungi,Contig,GCA_016097075.2,na,Sporothrix phasma
GCA_016255985.1,Dictyocoela roeselum,Y,assembly_exact,fungi,Scaffold,GCA_016255985.1,na,Dictyocoela roeselum
GCA_017140755.1,Calonectria hongkongensis,Y,assembly_exact,fungi,Scaffold,GCA_017140755.1,na,Calonectria hongkongensis
GCA_018296065.1,Blastomyces percursus,Y,assembly_exact,fungi,Scaffold,GCA_018296065.1,na,Blastomyces percursus
GCA_018398605.1,Biscogniauxia mediterranea,Y,assembly_exact,fungi,Contig,GCA_018398605.1,na,Biscogniauxia mediterranea
GCA_019976455.1,Aspergillus sp. 'subgen. Cremei',Y,assembly_exact,fungi,Contig,GCA_019976455.1,na,Aspergillus sp. 'subgen. Cremei'
GCA_020002365.1,Trichoderma gracile,Y,assembly_exact,fungi,Contig,GCA_020002365.1,na,Trichoderma gracile
GCA_020011015.1,Cutaneotrichosporon dermatis,Y,assembly_exact,fungi,Scaffold,GCA_020011015.1,na,Cutaneotrichosporon dermatis
GCA_022813495.1,Pasadenomyces melaninifex,Y,assembly_exact,fungi,Scaffold,GCA_022813495.1,na,Pasadenomyces melaninifex
GCA_022813615.2,Knufia fluminis,Y,assembly_exact,fungi,Scaffold,GCA_022813615.2,na,Knufia fluminis
GCA_022984845.1,Xylaria nigripes,Y,assembly_exact,fungi,Contig,GCA_022984845.1,na,Xylaria nigripes
GCA_023212695.1,Sporisorium sorghi,Y,assembly_exact,fungi,Scaffold,GCA_023212695.1,na,Sporisorium sorghi
GCA_023628695.1,Nectriaceae sp. PG4201,Y,assembly_exact,fungi,Scaffold,GCA_023628695.1,na,Nectriaceae sp. PG4201
GCA_023628835.1,Sordariomycetes sp. S4602,Y,assembly_exact,fungi,Scaffold,GCA_023628835.1,na,Sordariomycetes sp. S4602
GCA_024244045.1,Nematocida sp. AWRm80,Y,assembly_exact,fungi,Scaffold,GCA_024244045.1,na,Nematocida sp. AWRm80
GCA_025201865.1,Ramicandelaber brevisporus,Y,assembly_exact,fungi,Scaffold,GCA_025201865.1,na,Ramicandelaber brevisporus
GCA_027579315.1,Coemansia helicoidea,Y,assembly_exact,fungi,Scaffold,GCA_027579315.1,na,Coemansia helicoidea
GCA_028828875.1,Penicillium capsulatum,Y,assembly_exact,fungi,Contig,GCA_028828875.1,na,Penicillium capsulatum
GCA_029379155.1,Sarocladium terricola,Y,assembly_exact,fungi,Contig,GCA_029379155.1,na,Sarocladium terricola
GCA_030435615.1,Armillaria luteobubalina,Y,assembly_exact,fungi,Contig,GCA_030435615.1,na,Armillaria luteobubalina
GCA_030556465.1,Metschnikowia picachoensis,Y,assembly_exact,fungi,Scaffold,GCA_030556465.1,na,Metschnikowia picachoensis
GCA_030568845.1,Millerago galiae,Y,assembly_exact,fungi,Scaffold,GCA_030568845.1,na,Millerago galiae
GCA_030569275.1,[Candida] sanyiensis,Y,assembly_exact,fungi,Scaffold,GCA_030569275.1,na,[Candida] sanyiensis
GCA_030573695.1,Meyerozyma carpophila,Y,assembly_exact,fungi,Contig,GCA_030573695.1,na,Meyerozyma carpophila
GCA_030579035.1,Barnettozyma siamensis,Y,assembly_exact,fungi,Scaffold,GCA_030579035.1,na,Gotozyma siamensis
GCA_032988465.1,Onygenales sp. PD_10,Y,assembly_exact,fungi,Scaffold,GCA_032988465.1,na,Onygenales sp. PD_10
GCA_037974965.1,Dacryopinax spathularia,Y,assembly_exact,fungi,Scaffold,GCA_037974965.1,na,Dacryopinax spathularia
GCA_038089115.1,Fistulinella cinereoalba,Y,assembly_exact,fungi,Scaffold,GCA_038089115.1,na,Fistulinella cinereoalba
GCA_038090195.1,Boletellus deceptivus,Y,assembly_exact,fungi,Scaffold,GCA_038090195.1,na,Boletellus deceptivus
GCA_038090835.1,Leccinum discolor,Y,assembly_exact,fungi,Scaffold,GCA_038090835.1,na,Leccinum discolor
GCA_038092015.1,Leccinum huronense,Y,assembly_exact,fungi,Scaffold,GCA_038092015.1,na,Leccinum huronense
GCA_038092895.1,Chalciporus pseudorubinellus,Y,assembly_exact,fungi,Scaffold,GCA_038092895.1,na,Chalciporus pseudorubinellus
GCA_038093175.1,Boletus hoseneyae,Y,assembly_exact,fungi,Scaffold,GCA_038093175.1,na,Boletus hoseneyae
GCA_038093715.1,Austroboletus cf. mucosus,Y,assembly_exact,fungi,Scaffold,GCA_038093715.1,na,Austroboletus cf. mucosus
GCA_900106115.1,Sungouiella intermedia,Y,name_exact,fungi,,,,Sungouiella intermedia
GCA_900312805.1,Fusarium torulosum,Y,name_exact,fungi,,,,Fusarium torulosum
GCA_900519055.1,Yarrowia galli,Y,name_exact,fungi,,,,Yarrowia galli
GCF_000223485.1,Spathaspora passalidarum,Y,assembly_exact,fungi,Scaffold,GCA_000223485.1,GCF_000223485.1,Spathaspora passalidarum NRRL Y-27907
GCF_001561935.1,Penicillium griseofulvum,Y,assembly_exact,fungi,Contig,GCA_001561935.1,GCF_001561935.1,Penicillium griseofulvum
GCF_001890105.1,Penicilliopsis zonata,Y,assembly_exact,fungi,Scaffold,GCA_001890105.1,GCF_001890105.1,Penicilliopsis zonata CBS 506.65
GCF_022264815.1,Rhodofomes roseus,Y,assembly_exact,fungi,Contig,GCA_022264815.1,GCF_022264815.1,Rhodofomes roseus
GCA_000309355.1,Epichloe inebrians,Y,assembly_exact,fungi,Contig,GCA_000309355.1,na,Epichloe gansuensis var. inebrians E818
GCA_000743665.3,Scytalidium sp. 3C,Y,assembly_exact,fungi,Contig,GCA_000743665.3,na,Scytalidium sp. 3C
GCA_001430955.1,Chrysosporium queenslandicum,Y,assembly_exact,fungi,Scaffold,GCA_001430955.1,na,Chrysosporium queenslandicum
GCA_001748405.1,Paraphoma sp. B47-9,Y,assembly_exact,fungi,Contig,GCA_001748405.1,na,Paraphoma sp. B47-9
GCA_002370835.1,Metschnikowia continentalis,Y,assembly_exact,fungi,Scaffold,GCA_002370835.1,na,Metschnikowia continentalis
GCA_002917075.1,Hawksworthiomyces lignivorus,Y,assembly_exact,fungi,Scaffold,GCA_002917075.1,na,Hawksworthiomyces lignivorus
GCA_002922495.1,Rhodotorula taiwanensis,Y,assembly_exact,fungi,Scaffold,GCA_002922495.1,na,Rhodotorula taiwanensis
GCA_003313175.1,Fusarium equiseti,Y,assembly_exact,fungi,Contig,GCA_003313175.1,na,Fusarium equiseti
GCA_003313965.1,Megacollybia marginata,Y,assembly_exact,fungi,Scaffold,GCA_003313965.1,na,Megacollybia marginata
GCA_003705985.2,Tetrapisispora namnaoensis,Y,assembly_exact,fungi,Scaffold,GCA_003705985.2,na,Tetrapisispora namnaoensis
GCA_003706165.3,Ogataea kodamae,Y,assembly_exact,fungi,Contig,GCA_003706165.3,na,Ogataea kodamae
GCA_003707015.3,Wickerhamomyces canadensis,Y,assembly_exact,fungi,Scaffold,GCA_003707015.3,na,Wickerhamomyces canadensis
GCA_006538405.1,Hansfordia pulvinata,Y,assembly_exact,fungi,Contig,GCA_006538405.1,na,Hansfordia pulvinata
GCA_008711595.1,Fusarium xyrophilum,Y,assembly_exact,fungi,Scaffold,GCA_008711595.1,na,Fusarium xyrophilum
GCA_011799845.1,Hypomyces rosellus,Y,assembly_exact,fungi,Contig,GCA_011799845.1,na,Hypomyces rosellus
GCA_013396025.1,Fusarium phyllophilum,Y,assembly_exact,fungi,Scaffold,GCA_013396025.1,na,Fusarium phyllophilum
GCA_014898915.1,Fusarium chlamydosporum,Y,assembly_exact,fungi,Scaffold,GCA_014898915.1,na,Fusarium chlamydosporum
GCA_015657495.1,Crepidotus variabilis,Y,assembly_exact,fungi,Scaffold,GCA_015657495.1,na,Crepidotus variabilis
GCA_015698045.1,Rhizophagus clarus,Y,assembly_exact,fungi,Contig,GCA_015698045.1,na,Rhizophagus clarus
GCA_016628565.1,Suillus placidus,Y,assembly_exact,fungi,Contig,GCA_016628565.1,na,Suillus placidus
GCA_016758985.1,Mucor saturninus,Y,assembly_exact,fungi,Scaffold,GCA_016758985.1,na,Mucor saturninus
GCA_017656575.1,Fusarium vorosii,Y,assembly_exact,fungi,Scaffold,GCA_017656575.1,na,Fusarium vorosii
GCA_022385685.1,Xylaria sp. CBS 124048,Y,assembly_exact,fungi,Scaffold,GCA_022385685.1,na,Xylaria sp. CBS 124048
GCA_023014305.1,Lepiota subincarnata,Y,assembly_exact,fungi,Scaffold,GCA_023014305.1,na,Lepiota subincarnata
GCA_023628455.1,Chaetomiaceae sp. B2702,Y,assembly_exact,fungi,Scaffold,GCA_023628455.1,na,Chaetomiaceae sp. B2702
GCA_023634365.1,Tilletia setariae,Y,assembly_exact,fungi,Contig,GCA_023634365.1,na,Tilletia setariae
GCA_027577515.1,Coemansia sp. RSA 678,Y,assembly_exact,fungi,Scaffold,GCA_027577515.1,na,Coemansia sp. RSA 678
GCA_027596075.1,Rhizophlyctis rosea,Y,assembly_exact,fungi,Scaffold,GCA_027596075.1,na,Rhizophlyctis rosea
GCA_027604465.1,Kappamyces sp. JEL0829,Y,assembly_exact,fungi,Contig,GCA_027604465.1,na,Kappamyces sp. JEL0829
GCA_027605045.1,Phallus indusiatus,Y,assembly_exact,fungi,Scaffold,GCA_027605045.1,na,Phallus indusiatus
GCA_029449245.1,Mortierella alpina,Y,assembly_exact,fungi,Contig,GCA_029449245.1,na,Mortierella alpina
GCA_030039255.1,Naganishia friedmannii,Y,assembly_exact,fungi,Contig,GCA_030039255.1,na,Naganishia friedmannii
GCA_030512295.1,Bombardia bombarda,Y,assembly_exact,fungi,Contig,GCA_030512295.1,na,Bombardia bombarda
GCA_030512325.1,Lasiodiplodia hormozganensis,Y,assembly_exact,fungi,Scaffold,GCA_030512325.1,na,Lasiodiplodia hormozganensis
GCA_030556995.1,Pichia gijzeniarum,Y,assembly_exact,fungi,Scaffold,GCA_030556995.1,na,Pichia gijzeniarum
GCA_030564265.1,Blastobotrys attinorum,Y,assembly_exact,fungi,Scaffold,GCA_030564265.1,na,Blastobotrys attinorum
GCA_030568405.1,Myxozyma monticola,Y,assembly_exact,fungi,Scaffold,GCA_030568405.1,na,Myxozyma monticola
GCA_030568975.1,Australozyma robnettiae,Y,assembly_exact,fungi,Contig,GCA_030568975.1,na,Australozyma robnettiae
GCA_030569415.1,Yamadazyma mexicana,Y,assembly_exact,fungi,Scaffold,GCA_030569415.1,na,Yamadazyma mexicana
GCA_030570575.1,[Candida] sp.,Y,assembly_exact,fungi,Scaffold,GCA_030570575.1,na,[Candida] sp.
GCA_030579675.1,Starmera quercuum,Y,assembly_exact,fungi,Scaffold,GCA_030579675.1,na,Liangdongia quercuum
GCA_030580415.1,Citeromyces nyonsensis,Y,assembly_exact,fungi,Scaffold,GCA_030580415.1,na,Citeromyces nyonsensis
GCA_030582035.1,Wickerhamiella occidentalis,Y,assembly_exact,fungi,Scaffold,GCA_030582035.1,na,Wickerhamiella occidentalis
GCA_030705115.1,[Candida] pseudoglaebosa,Y,assembly_exact,fungi,Scaffold,GCA_030705115.1,na,Suzukiozyma pseudoglaebosa
GCA_030778325.1,Beauveria medogensis,Y,assembly_exact,fungi,Contig,GCA_030778325.1,na,Beauveria medogensis
GCA_031125765.1,Saccharomycopsis amapae,Y,assembly_exact,fungi,Scaffold,GCA_031125765.1,na,Saccharomycopsis amapae
GCA_036428645.1,Kwoniella sp. DSM 27419,Y,assembly_exact,fungi,Chromosome,GCA_036428645.1,na,Kwoniella sp. DSM 27419
GCA_036937055.1,Nidula microcarpa,Y,assembly_exact,fungi,Scaffold,GCA_036937055.1,na,Nidula microcarpa
GCA_037367355.1,Neoscytalidium dimidiatum,Y,assembly_exact,fungi,Chromosome,GCA_037367355.1,na,Neoscytalidium dimidiatum
GCA_038090335.1,Solioccasus polychromus,Y,assembly_exact,fungi,Scaffold,GCA_038090335.1,na,Solioccasus polychromus
GCA_038090635.1,Rubroboletus satanas,Y,assembly_exact,fungi,Scaffold,GCA_038090635.1,na,Rubroboletus satanas
GCA_038092075.1,Leccinum fuscescens,Y,assembly_exact,fungi,Scaffold,GCA_038092075.1,na,Leccinum fuscescens
GCA_038093155.1,Boletus huronensis,Y,assembly_exact,fungi,Scaffold,GCA_038093155.1,na,Boletus huronensis
GCA_038363925.1,Apiospora phragmitis,Y,assembly_exact,fungi,Contig,GCA_038363925.1,GCF_038363925.1,Apiospora phragmitis
GCA_038502455.1,Anisogramma anomala,Y,assembly_exact,fungi,Scaffold,GCA_038502455.1,na,Anisogramma anomala
GCF_000230625.1,Exophiala dermatitidis,Y,assembly_exact,fungi,Scaffold,GCA_000230625.1,GCF_000230625.1,Exophiala dermatitidis NIH/UT8656
GCF_001625195.1,Drechmeria coniospora,Y,assembly_exact,fungi,Chromosome,GCA_001625195.1,GCF_001625195.1,Drechmeria coniospora
GCF_001640025.1,Sugiyamaella lignohabitans,Y,assembly_exact,fungi,Complete Genome,GCA_001640025.2,GCF_001640025.1,Sugiyamaella lignohabitans
GCF_002708625.1,Rhizopus microsporus,Y,assembly_exact,fungi,Scaffold,GCA_002708625.1,GCF_002708625.1,Rhizopus microsporus ATCC 52813
GCF_003144115.1,Tilletiopsis washingtonensis,Y,assembly_exact,fungi,Scaffold,GCA_003144115.1,GCF_003144115.1,Tilletiopsis washingtonensis
GCF_010724455.1,Aspergillus lentulus,Y,assembly_exact,fungi,Scaffold,GCA_010724455.1,GCF_010724455.1,Aspergillus lentulus
GCF_016758775.1,Suillus clintonianus,Y,assembly_exact,fungi,Contig,GCA_016758775.1,GCF_016758775.1,Suillus clintonianus
GCF_028829585.1,Penicillium vulpinum,Y,assembly_exact,fungi,Contig,GCA_028829585.1,GCF_028829585.1,Penicillium vulpinum
GCA_001599995.1,Ambrosiozyma monospora,Y,assembly_exact,fungi,Scaffold,GCA_001599995.1,na,Ambrosiozyma monospora
GCA_002092935.1,Trametes coccinea,Y,assembly_exact,fungi,Scaffold,GCA_002092935.1,na,Trametes coccinea BRFM310
GCA_002994995.1,Rhizopogon hawkerae,Y,assembly_exact,fungi,Scaffold,GCA_002994995.1,na,Rhizopogon hawkerae
GCA_003314275.1,Chroogomphus rutilus,Y,assembly_exact,fungi,Scaffold,GCA_003314275.1,na,Chroogomphus rutilus
GCA_003316585.1,Gomphus bonarii,Y,assembly_exact,fungi,Scaffold,GCA_003316585.1,na,Gomphus bonarii
GCA_003708925.3,Kazachstania martiniae,Y,assembly_exact,fungi,Scaffold,GCA_003708925.3,na,Kazachstania martiniae
GCA_003988875.1,Lachnum nothofagi,Y,assembly_exact,fungi,Scaffold,GCA_003988875.1,na,Lachnum nothofagi
GCA_004155915.1,Monosporascus sp. CRB-9-2,Y,assembly_exact,fungi,Scaffold,GCA_004155915.1,na,Monosporascus sp. CRB-9-2
GCA_004355085.1,Rickenella mellea,Y,assembly_exact,fungi,Scaffold,GCA_004355085.1,na,Rickenella mellea
GCA_009176345.1,Aspergillus leporis,Y,assembly_exact,fungi,Scaffold,GCA_009176345.1,na,Aspergillus leporis
GCA_013186785.1,Fusarium pseudonygamai,Y,assembly_exact,fungi,Scaffold,GCA_013186785.1,na,Fusarium pseudonygamai
GCA_013781345.1,Fusarium coicis,Y,assembly_exact,fungi,Scaffold,GCA_013781345.1,na,Fusarium coicis
GCA_014281905.1,Aspergillus hiratsukae,Y,assembly_exact,fungi,Scaffold,GCA_014281905.1,na,Aspergillus hiratsukae
GCA_014899075.1,Fusarium goolgardi,Y,assembly_exact,fungi,Scaffold,GCA_014899075.1,na,Fusarium goolgardi
GCA_017655985.1,Incumbomyces delicatus,Y,assembly_exact,fungi,Contig,GCA_017655985.1,na,Incumbomyces delicatus
GCA_018221735.1,Termitomyces sp. K1Aa,Y,assembly_exact,fungi,Scaffold,GCA_018221735.1,na,Termitomyces sp. K1Aa
GCA_019843955.1,Xylaria sp. 218_066,Y,assembly_exact,fungi,Contig,GCA_019843955.1,na,Xylaria sp. 218_066
GCA_021223625.1,Fusarium sp. HKF-74,Y,assembly_exact,fungi,Contig,GCA_021223625.1,na,Fusarium sp. HKF-74
GCA_022376515.1,Lactifluus volemus,Y,assembly_exact,fungi,Contig,GCA_022376515.1,na,Lactifluus volemus
GCA_022385595.1,Xylaria palmicola,Y,assembly_exact,fungi,Scaffold,GCA_022385595.1,na,Xylaria palmicola
GCA_022385745.1,Cubamyces sp. BRFM 1775,Y,assembly_exact,fungi,Scaffold,GCA_022385745.1,na,Cubamyces sp. BRFM 1775
GCA_022627125.1,Fusarium chuoi,Y,assembly_exact,fungi,Scaffold,GCA_022627125.1,na,Fusarium chuoi
GCA_024271855.1,Wickerhamomyces bisporus,Y,assembly_exact,fungi,Scaffold,GCA_024271855.1,na,Wickerhamomyces bisporus
GCA_024811115.1,Terana coerulea,Y,assembly_exact,fungi,Contig,GCA_024811115.1,na,Terana coerulea
GCA_025758715.1,Glaciozyma martinii,Y,assembly_exact,fungi,Scaffold,GCA_025758715.1,na,Glaciozyma martinii
GCA_026262225.1,Inosperma sp. D86,Y,assembly_exact,fungi,Scaffold,GCA_026262225.1,na,Inosperma sp. D86
GCA_028476805.1,Acrocalymma vagum,Y,assembly_exact,fungi,Scaffold,GCA_028476805.1,na,Acrocalymma vagum
GCA_030462875.1,Grigorovia humatica,Y,assembly_exact,fungi,Scaffold,GCA_030462875.1,na,Grigorovia humatica
GCA_030557705.1,[Candida] odintsovae,Y,assembly_exact,fungi,Scaffold,GCA_030557705.1,na,Taiozyma odintsovae
GCA_030573135.1,Clavispora asparagi,Y,assembly_exact,fungi,Scaffold,GCA_030573135.1,na,Clavispora asparagi
GCA_030578095.1,Auricularia cornea,Y,assembly_exact,fungi,Scaffold,GCA_030578095.1,na,Auricularia cornea
GCA_030579055.1,Candidozyma chanthaburiensis,Y,assembly_exact,fungi,Scaffold,GCA_030579055.1,na,Candidozyma chanthaburiensis
GCA_030581755.1,Crinitomyces ghanaensis,Y,assembly_exact,fungi,Scaffold,GCA_030581755.1,na,Crinitomyces ghanaensis
GCA_030584945.1,Starmerella roubikii,Y,assembly_exact,fungi,Scaffold,GCA_030584945.1,na,Starmerella roubikii
GCA_033119285.1,Teratosphaeriaceae sp. CCFEE 6253,Y,assembly_exact,fungi,Scaffold,GCA_033119285.1,na,Teratosphaeriaceae sp. CCFEE 6253
GCA_034640345.1,Drechslera avenae,Y,assembly_exact,fungi,Scaffold,GCA_034640345.1,na,Drechslera avenae
GCA_037102815.1,Neurospora intermedia,Y,assembly_exact,fungi,Contig,GCA_037102815.1,na,Neurospora intermedia
GCA_037953715.1,Metarhizium sp. BCC 4849,Y,assembly_exact,fungi,Contig,GCA_037953715.1,na,Metarhizium sp. BCC 4849
GCA_037954225.1,Stygiomarasmius scandens,Y,assembly_exact,fungi,Contig,GCA_037954225.1,na,Stygiomarasmius scandens
GCA_038090275.1,Austroboletus novae-zelandiae,Y,assembly_exact,fungi,Scaffold,GCA_038090275.1,na,Austroboletus novae-zelandiae
GCA_038091875.1,Leccinum insolens,Y,assembly_exact,fungi,Scaffold,GCA_038091875.1,na,Leccinum insolens
GCA_038093895.1,Boletus aff. mottiae,Y,assembly_exact,fungi,Scaffold,GCA_038093895.1,na,Boletus aff. mottiae
GCA_038094355.1,Afroboletus lepidellus,Y,assembly_exact,fungi,Scaffold,GCA_038094355.1,na,Afroboletus lepidellus
GCA_039545355.1,Trichosporon coremiiforme,Y,assembly_exact,fungi,Scaffold,GCA_039545355.1,na,Trichosporon coremiiforme
GCA_039634405.1,Penicillium herquei,Y,assembly_exact,fungi,Complete Genome,GCA_039634405.1,na,Penicillium herquei
GCF_000516985.1,Pestalotiopsis fici,Y,assembly_exact,fungi,Scaffold,GCA_000516985.1,GCF_000516985.1,Pestalotiopsis fici W106-1
GCF_000585535.1,Cladophialophora psammophila,Y,assembly_exact,fungi,Scaffold,GCA_000585535.1,GCF_000585535.1,Cladophialophora psammophila CBS 110553
GCF_024043145.1,Alternaria conjuncta,Y,assembly_exact,fungi,Scaffold,GCA_024043145.1,GCF_024043145.1,Alternaria conjuncta
GCF_025201335.1,Gilbertella persicaria,Y,assembly_exact,fungi,Contig,GCA_025201335.1,GCF_025201335.1,Gilbertella persicaria
GCF_028828015.1,Penicillium pulvis,Y,assembly_exact,fungi,Contig,GCA_028828015.1,GCF_028828015.1,Penicillium pulvis
GCA_001043855.1,Epichloe uncinata,Y,assembly_exact,fungi,Scaffold,GCA_001043855.1,na,Epichloe uncinata
GCA_001598995.1,Apiotrichum montevideense,Y,assembly_exact,fungi,Scaffold,GCA_001598995.1,na,Apiotrichum montevideense
GCA_001600775.1,Malassezia dermatis,Y,assembly_exact,fungi,Scaffold,GCA_001600775.1,na,Malassezia dermatis
GCA_001632345.1,Fomitopsis quercina,Y,assembly_exact,fungi,Scaffold,GCA_001632345.1,na,Daedalea quercina L-15889
GCA_001655755.1,Spathaspora hagerdaliae,Y,assembly_exact,fungi,Scaffold,GCA_001655755.1,na,Hemisphaericaspora haegerdaliae
GCA_002893645.1,Metschnikowia hawaiiana,Y,assembly_exact,fungi,Scaffold,GCA_002893645.1,na,Metschnikowia hawaiiana
GCA_002964805.2,Trametes villosa,Y,assembly_exact,fungi,Scaffold,GCA_002964805.2,na,Trametes villosa
GCA_003708865.2,Kazachstania taianensis,Y,assembly_exact,fungi,Scaffold,GCA_003708865.2,na,Kazachstania taianensis
GCA_007825345.1,Lachnellula suecica,Y,assembly_exact,fungi,Contig,GCA_007825345.1,na,Lachnellula suecica
GCA_009299455.1,Monilinia laxa,Y,assembly_exact,fungi,Contig,GCA_009299455.1,na,Monilinia laxa
GCA_011035825.1,Fusarium cf. hostae,Y,assembly_exact,fungi,Scaffold,GCA_011035825.1,na,Fusarium cf. hostae
GCA_013387415.1,Panellus pusillus,Y,assembly_exact,fungi,Contig,GCA_013387415.1,na,Panellus pusillus
GCA_013396035.1,Fusarium pseudocircinatum,Y,assembly_exact,fungi,Scaffold,GCA_013396035.1,na,Fusarium pseudocircinatum
GCA_014904945.1,Gyrodon lividus,Y,assembly_exact,fungi,Scaffold,GCA_014904945.1,na,Gyrodon lividus
GCA_015832175.1,Paraphaeosphaeria minitans,Y,assembly_exact,fungi,Contig,GCA_015832175.1,na,Paraphaeosphaeria minitans
GCA_016647645.1,Suillus variegatus,Y,assembly_exact,fungi,Contig,GCA_016647645.1,na,Suillus variegatus
GCA_016758905.1,Umbelopsis isabellina,Y,assembly_exact,fungi,Scaffold,GCA_016758905.1,na,Umbelopsis isabellina
GCA_017656985.1,Fusarium boothii,Y,assembly_exact,fungi,Scaffold,GCA_017656985.1,na,Fusarium boothii
GCA_018524895.1,Podaxis sp. C-F-101400,Y,assembly_exact,fungi,Scaffold,GCA_018524895.1,na,Podaxis sp. C-F-101400
GCA_018856295.1,Blastosporella zonata,Y,assembly_exact,fungi,Scaffold,GCA_018856295.1,na,Blastosporella zonata
GCA_019395255.1,Botrytis medusae,Y,assembly_exact,fungi,Contig,GCA_019395255.1,na,Botrytis medusae
GCA_019677095.1,Aureobasidium sp. SLJ-2021a,Y,assembly_exact,fungi,Scaffold,GCA_019677095.1,na,Aureobasidium sp. SLJ-2021a
GCA_019677335.1,Ceratobasidium sp. UAMH 11750,Y,assembly_exact,fungi,Scaffold,GCA_019677335.1,na,Ceratobasidium sp. UAMH 11750
GCA_021397985.1,Sporothrix dimorphospora,Y,assembly_exact,fungi,Scaffold,GCA_021397985.1,na,Sporothrix dimorphospora
GCA_022606135.1,Fomes fomentarius,Y,assembly_exact,fungi,Contig,GCA_022606135.1,na,Fomes fomentarius
GCA_022609195.1,Plenodomus libanotidis,Y,assembly_exact,fungi,Scaffold,GCA_022609195.1,na,Plenodomus libanotidis
GCA_022837005.1,Calonectria pteridis,Y,assembly_exact,fungi,Scaffold,GCA_022837005.1,na,Calonectria pteridis
GCA_023547045.1,Mycena sp. WM,Y,assembly_exact,fungi,Scaffold,GCA_023547045.1,na,Mycena sp. WM
GCA_023630115.1,Cutaneotrichosporon sp. PK4640,Y,assembly_exact,fungi,Scaffold,GCA_023630115.1,na,Cutaneotrichosporon sp. PK4640
GCA_024713845.1,Morchella sp. 2015-Win8,Y,assembly_exact,fungi,Contig,GCA_024713845.1,na,Morchella sp. 2015-Win8
GCA_029282285.1,Mycena rebaudengoi,Y,assembly_exact,fungi,Contig,GCA_029282285.1,na,Mycena rebaudengoi
GCA_029606305.1,Paecilomyces fulvus,Y,assembly_exact,fungi,Scaffold,GCA_029606305.1,na,Paecilomyces fulvus
GCA_030563145.1,Schwanniomyces polymorphus,Y,assembly_exact,fungi,Scaffold,GCA_030563145.1,na,Schwanniomyces polymorphus var. africanus
GCA_030563725.1,[Candida] awuae,Y,assembly_exact,fungi,Contig,GCA_030563725.1,na,Pichia awuae
GCA_030565165.1,Nematodospora valgi,Y,assembly_exact,fungi,Scaffold,GCA_030565165.1,na,Nematodospora valgi
GCA_030569745.1,Cyberlindnera bimundalis,Y,assembly_exact,fungi,Scaffold,GCA_030569745.1,na,Petasospora bimundalis
GCA_030572795.1,Nematodospora anomalae,Y,assembly_exact,fungi,Scaffold,GCA_030572795.1,na,Nematodospora anomalae
GCA_030573055.1,Metschnikowia anglica,Y,assembly_exact,fungi,Scaffold,GCA_030573055.1,na,Metschnikowia anglica
GCA_030574835.1,[Candida] cerambycidarum,Y,assembly_exact,fungi,Contig,GCA_030574835.1,na,[Candida] cerambycidarum
GCA_030583365.1,Sugiyamaella japonica,Y,assembly_exact,fungi,Scaffold,GCA_030583365.1,na,Sugiyamaella japonica
GCA_032355295.1,Fusarium meridionale,Y,assembly_exact,fungi,Complete Genome,GCA_032355295.1,na,Fusarium meridionale
GCA_033725935.1,Cladorrhinum sp. PSN259,Y,assembly_exact,fungi,Scaffold,GCA_033725935.1,na,Cladorrhinum sp. PSN259
GCA_036937035.1,Cystodermella granulosa,Y,assembly_exact,fungi,Scaffold,GCA_036937035.1,na,Cystodermella granulosa
GCA_037039815.1,Umbelopsis sp. M5902,Y,assembly_exact,fungi,Contig,GCA_037039815.1,na,Umbelopsis sp. M5902
GCF_000293215.1,Trichosporon asahii,Y,assembly_exact,fungi,Scaffold,GCA_000293215.1,GCF_000293215.1,Trichosporon asahii var. asahii CBS 2479
GCF_001653235.2,Pochonia chlamydosporia,Y,assembly_exact,fungi,Chromosome,GCA_001653235.2,GCF_001653235.2,Pochonia chlamydosporia 170
GCF_001661415.1,Suhomyces tanzawaensis,Y,assembly_exact,fungi,Scaffold,GCA_001661415.1,GCF_001661415.1,Suhomyces tanzawaensis NRRL Y-17324
GCF_003184525.1,Aspergillus sclerotioniger,Y,assembly_exact,fungi,Contig,GCA_003184525.1,GCF_003184525.1,Aspergillus sclerotioniger CBS 115572
GCF_003711515.1,Sodiomyces alkalinus,Y,assembly_exact,fungi,Scaffold,GCA_003711515.1,GCF_003711515.1,Sodiomyces alkalinus F11
GCF_018340605.1,Aspergillus pseudoviridinutans,Y,assembly_exact,fungi,Scaffold,GCA_018340605.1,GCF_018340605.1,Aspergillus pseudoviridinutans
GCF_027921745.1,Schizosaccharomyces osmophilus,Y,assembly_exact,fungi,Complete Genome,GCA_027921745.1,GCF_027921745.1,Schizosaccharomyces osmophilus
GCF_900044065.1,Fusarium mangiferae,Y,name_exact,fungi,,,,Fusarium mangiferae
GCA_000697665.1,Jaapia argillacea,Y,assembly_exact,fungi,Scaffold,GCA_000697665.1,na,Jaapia argillacea MUCL 33604
GCA_000827415.1,Serendipita vermifera,Y,assembly_exact,fungi,Scaffold,GCA_000827415.1,na,Serendipita vermifera MAFF 305830
GCA_001014755.1,Blastomyces silverae,Y,assembly_exact,fungi,Scaffold,GCA_001014755.1,na,Blastomyces silverae
GCA_001599735.1,Naganishia albida,Y,assembly_exact,fungi,Scaffold,GCA_001599735.1,na,Naganishia albida
GCA_001602355.1,Yarrowia sp. JCM 30695,Y,assembly_exact,fungi,Scaffold,GCA_001602355.1,na,Yarrowia sp. JCM 30695
GCA_001936455.1,Pyricularia sp. MG07,Y,assembly_exact,fungi,Contig,GCA_001936455.1,na,Pyricularia sp. MG07
GCA_002778035.1,Ambrosiella xylebori,Y,assembly_exact,fungi,Scaffold,GCA_002778035.1,na,Ambrosiella xylebori
GCA_003032515.1,Huntiella decipiens,Y,assembly_exact,fungi,Scaffold,GCA_003032515.1,na,Huntiella decipiens
GCA_003705435.2,Saturnispora zaruensis,Y,assembly_exact,fungi,Scaffold,GCA_003705435.2,na,Saturnispora zaruensis
GCA_003947005.1,Fusarium floridanum,Y,assembly_exact,fungi,Scaffold,GCA_003947005.1,na,Fusarium floridanum
GCA_005250745.2,Penicillium sp. CF01,Y,assembly_exact,fungi,Scaffold,GCA_005250745.2,na,Penicillium sp. CF01
GCA_005281585.1,Taphrina pruni,Y,assembly_exact,fungi,Scaffold,GCA_005281585.1,na,Taphrina pruni
GCA_007821545.1,Lachnellula subtilissima,Y,assembly_exact,fungi,Contig,GCA_007821545.1,na,Lachnellula subtilissima
GCA_008802785.1,Symmetrospora coprosmae,Y,assembly_exact,fungi,Scaffold,GCA_008802785.1,na,Symmetrospora coprosmae
GCA_011058865.1,Didymella keratinophila,Y,assembly_exact,fungi,Scaffold,GCA_011058865.1,na,Didymella keratinophila
GCA_012851205.1,Torulaspora pretoriensis,Y,assembly_exact,fungi,Scaffold,GCA_012851205.1,na,Torulaspora pretoriensis
GCA_012977735.1,Fusarium tanahbumbuense,Y,assembly_exact,fungi,Scaffold,GCA_012977735.1,na,Fusarium tanahbumbuense
GCA_013396205.1,Fusarium mundagurra,Y,assembly_exact,fungi,Scaffold,GCA_013396205.1,na,Fusarium mundagurra
GCA_016098045.1,Mortierella sp. GBA43,Y,assembly_exact,fungi,Scaffold,GCA_016098045.1,na,Mortierella sp. GBA43
GCA_017357885.1,Monilinia vaccinii-corymbosi,Y,assembly_exact,fungi,Chromosome,GCA_017357885.1,na,Monilinia vaccinii-corymbosi
GCA_017656595.1,Fusarium sp. CBS 123663,Y,assembly_exact,fungi,Scaffold,GCA_017656595.1,na,Fusarium sp. CBS 123663
GCA_018093805.1,Macrocybe sp. IBSDJ1,Y,assembly_exact,fungi,Scaffold,GCA_018093805.1,na,Macrocybe sp. IBSDJ1
GCA_018340795.1,Penicillium steckii,Y,assembly_exact,fungi,Scaffold,GCA_018340795.1,na,Penicillium steckii
GCA_021018855.1,Cladosporium oxysporum,Y,assembly_exact,fungi,Scaffold,GCA_021018855.1,na,Cladosporium oxysporum
GCA_022578505.1,Nemania abortiva,Y,assembly_exact,fungi,Scaffold,GCA_022578505.1,na,Nemania abortiva
GCA_023078575.1,Diaporthe nobilis,Y,assembly_exact,fungi,Contig,GCA_023078575.1,na,Diaporthe nobilis
GCA_023626115.1,Talaromyces sp. PX2406,Y,assembly_exact,fungi,Scaffold,GCA_023626115.1,na,Talaromyces sp. PX2406
GCA_023627725.1,Cladosporium sp. D2B6,Y,assembly_exact,fungi,Scaffold,GCA_023627725.1,na,Cladosporium sp. D2B6
GCA_024713535.1,Rhodotorula sphaerocarpa,Y,assembly_exact,fungi,Contig,GCA_024713535.1,na,Rhodotorula sphaerocarpa
GCA_024734315.1,[Candida] blankii,Y,assembly_exact,fungi,Contig,GCA_024734315.1,na,Tardiomyces blankii
GCA_025433565.1,Fusarium sp. Ph1,Y,assembly_exact,fungi,Chromosome,GCA_025433565.1,na,Fusarium sp. Ph1
GCA_026119515.1,Ascochyta koolunga,Y,assembly_exact,fungi,Scaffold,GCA_026119515.1,na,Ascochyta koolunga
GCA_027478575.1,Spiromyces aspiralis,Y,assembly_exact,fungi,Scaffold,GCA_027478575.1,na,Spiromyces aspiralis
GCA_027604305.1,Chytridiales sp. JEL 0842,Y,assembly_exact,fungi,Scaffold,GCA_027604305.1,na,Chytridiales sp. JEL 0842
GCA_029378385.1,Mycena metata,Y,assembly_exact,fungi,Contig,GCA_029378385.1,na,Mycena metata
GCA_029959195.1,Dictyophora rubrovolvata,Y,assembly_exact,fungi,Chromosome,GCA_029959195.1,na,Dictyophora rubrovolvata
GCA_030555955.1,Diddensiella transvaalensis,Y,assembly_exact,fungi,Scaffold,GCA_030555955.1,na,Diddensiella transvaalensis
GCA_030560485.1,Ascoidea tarda (nom. inval.),Y,assembly_exact,fungi,Scaffold,GCA_030560485.1,na,Ascoidea tarda (nom. inval.)
GCA_030562945.1,[Candida] jianshihensis,Y,assembly_exact,fungi,Scaffold,GCA_030562945.1,na,Wickerhamomyces jianshihensis
GCA_030564905.1,Geotrichum fermentans,Y,assembly_exact,fungi,Scaffold,GCA_030564905.1,na,Geotrichum fermentans
GCA_030574215.1,Diddensiella santjacobensis,Y,assembly_exact,fungi,Scaffold,GCA_030574215.1,na,Diddensiella santjacobensis
GCA_030582155.1,Wickerhamomyces lynferdii,Y,assembly_exact,fungi,Scaffold,GCA_030582155.1,na,Wickerhamomyces lynferdii
GCA_030674245.1,Jamesozyma piceae,Y,assembly_exact,fungi,Scaffold,GCA_030674245.1,na,Jamesozyma piceae
GCA_033807595.1,Acrodontium crateriforme,Y,assembly_exact,fungi,Complete Genome,GCA_033807595.1,na,Acrodontium crateriforme
GCA_034774675.1,Scedosporium minutisporum,Y,assembly_exact,fungi,Scaffold,GCA_034774675.1,na,Scedosporium minutisporum
GCA_036971345.1,Dactylellina drechsleri,Y,assembly_exact,fungi,Scaffold,GCA_036971345.1,na,Dactylellina drechsleri
GCA_037040395.1,Aureobasidium sp. M94-06E,Y,assembly_exact,fungi,Scaffold,GCA_037040395.1,na,Aureobasidium sp. M94-06E
GCA_037356055.1,Xylaria sp. Z34,Y,assembly_exact,fungi,Contig,GCA_037356055.1,na,Xylaria sp. Z34
GCA_038091535.1,Leccinum subspadiceum,Y,assembly_exact,fungi,Scaffold,GCA_038091535.1,na,Leccinum subspadiceum
GCA_038094115.1,Boletus loyita,Y,assembly_exact,fungi,Scaffold,GCA_038094115.1,na,Boletus loyita
GCA_038094235.1,Fistulinella staudtii,Y,assembly_exact,fungi,Scaffold,GCA_038094235.1,na,Fistulinella staudtii
GCA_039545335.1,Kondoa subrosea,Y,assembly_exact,fungi,Scaffold,GCA_039545335.1,na,Kondoa subrosea
GCF_000192795.1,Vavraia culicis,Y,assembly_exact,fungi,Scaffold,GCA_000192795.1,GCF_000192795.1,Vavraia culicis subsp. floridensis
GCF_001890125.1,Aspergillus versicolor,Y,assembly_exact,fungi,Scaffold,GCA_001890125.1,GCF_001890125.1,Aspergillus versicolor CBS 583.65
GCF_011075155.1,Colletotrichum scovillei,Y,assembly_exact,fungi,Contig,GCA_011075155.1,GCF_011075155.1,Colletotrichum scovillei
GCF_020736505.1,Alternaria rosae,Y,assembly_exact,fungi,Contig,GCA_020736505.1,GCF_020736505.1,Alternaria rosae
GCF_022830035.1,Ophidiomyces ophidiicola,Y,assembly_exact,fungi,Scaffold,GCA_022830035.1,GCF_022830035.1,Ophidiomyces ophidiicola
GCF_028828155.1,Penicillium subrubescens,Y,assembly_exact,fungi,Contig,GCA_028828155.1,GCF_028828155.1,Penicillium subrubescens
GCF_947241705.1,Saccharomyces mikatae,Y,name_exact,fungi,,,,Saccharomyces mikatae
GCA_000577495.1,Penicillium carneum,Y,assembly_exact,fungi,Scaffold,GCA_000577495.1,na,Penicillium carneum LCP05634
GCA_000825705.1,[Torrubiella] hemipterigena,Y,assembly_exact,fungi,Scaffold,GCA_000825705.1,na,[Torrubiella] hemipterigena
GCA_001010845.1,Sporisorium scitamineum,Y,assembly_versionless,fungi,Complete Genome,GCA_001010845.3,na,Sporisorium scitamineum
GCA_001599775.1,Exophiala alcalophila,Y,assembly_exact,fungi,Scaffold,GCA_001599775.1,na,Exophiala alcalophila
GCA_001630345.1,Calocera viscosa,Y,assembly_exact,fungi,Scaffold,GCA_001630345.1,na,Calocera viscosa TUFC12733
GCA_001950455.1,Alternaria consortialis,Y,assembly_exact,fungi,Scaffold,GCA_001950455.1,na,Alternaria consortialis
GCA_002104905.1,Basidiobolus meristosporus,Y,assembly_exact,fungi,Contig,GCA_002104905.1,na,Basidiobolus meristosporus CBS 931.73
GCA_002109505.1,Yamadazyma laniorum,Y,assembly_exact,fungi,Scaffold,GCA_002109505.1,na,Yamadazyma laniorum
GCA_002319055.1,Knufia petricola,Y,assembly_exact,fungi,Contig,GCA_002319055.1,na,Knufia petricola
GCA_002760635.1,Ganoderma sinense,Y,assembly_exact,fungi,Scaffold,GCA_002760635.1,na,Ganoderma sinense ZZ0214-1
GCA_003315925.1,Lactarius sp. MG121,Y,assembly_exact,fungi,Scaffold,GCA_003315925.1,na,Lactarius sp. MG121
GCA_003339415.1,Ophiocordyceps camponoti-saundersi (nom. inval.),Y,assembly_exact,fungi,Scaffold,GCA_003339415.1,na,Ophiocordyceps camponoti-saundersi (nom. inval.)
GCA_003719405.1,Aspergillus incahuasiensis,Y,assembly_exact,fungi,Scaffold,GCA_003719405.1,na,Aspergillus incahuasiensis
GCA_007556505.1,Elsinoe australis,Y,assembly_exact,fungi,Scaffold,GCA_007556505.1,na,Elsinoe australis
GCA_010015745.1,Setomelanomma holmii,Y,assembly_exact,fungi,Scaffold,GCA_010015745.1,na,Setomelanomma holmii
GCA_010093745.1,Piedraia hortae,Y,assembly_exact,fungi,Scaffold,GCA_010093745.1,na,Piedraia hortae CBS 480.64
GCA_018092615.1,Pestalotiopsis sp. CR013,Y,assembly_exact,fungi,Contig,GCA_018092615.1,na,Pestalotiopsis sp. CR013
GCA_018220975.1,Tephrocybe sp. 9980TJB,Y,assembly_exact,fungi,Scaffold,GCA_018220975.1,na,Tephrocybe sp. 9980TJB
GCA_020631755.1,Colletotrichum sublineola,Y,assembly_exact,fungi,Contig,GCA_020631755.1,na,Colletotrichum sublineola
GCA_020736565.1,Coprinopsis sp. MPI-PUGE-AT-0042,Y,assembly_exact,fungi,Contig,GCA_020736565.1,na,Coprinopsis sp. MPI-PUGE-AT-0042
GCA_020740775.1,Ilyonectria destructans,Y,assembly_exact,fungi,Contig,GCA_020740775.1,na,Ilyonectria destructans
GCA_023628115.1,Naganishia sp. PT2105A-2,Y,assembly_exact,fungi,Scaffold,GCA_023628115.1,na,Naganishia sp. PT2105A-2
GCA_023721895.2,Talaromyces albobiverticillius,Y,assembly_exact,fungi,Contig,GCA_023721895.2,na,Talaromyces albobiverticillius
GCA_025330725.1,Chlamydoabsidia padenii,Y,assembly_exact,fungi,Contig,GCA_025330725.1,na,Chlamydoabsidia padenii
GCA_026283605.1,Ganoderma lingzhi,Y,assembly_exact,fungi,Contig,GCA_026283605.1,na,Ganoderma lingzhi
GCA_027569045.1,Aspergillus biplanus,Y,assembly_exact,fungi,Contig,GCA_027569045.1,na,Aspergillus biplanus
GCA_030407015.1,Armillaria fumosa,Y,assembly_exact,fungi,Contig,GCA_030407015.1,na,Armillaria fumosa
GCA_030411635.1,Fusarium sp. MBC 119,Y,assembly_exact,fungi,Contig,GCA_030411635.1,na,Fusarium sp. MBC 119
GCA_030556335.1,Myxozyma vanderwaltii,Y,assembly_exact,fungi,Scaffold,GCA_030556335.1,na,Myxozyma vanderwaltii
GCA_030564285.1,Blastobotrys parvus,Y,assembly_exact,fungi,Scaffold,GCA_030564285.1,na,Blastobotrys parvus
GCA_030564745.1,Scheffersomyces segobiensis,Y,assembly_exact,fungi,Scaffold,GCA_030564745.1,na,Scheffersomyces segobiensis
GCA_030566755.1,Starmerella tilneyi (nom. inval.),Y,assembly_exact,fungi,Scaffold,GCA_030566755.1,na,Entelexis tilneyi
GCA_030567055.1,[Candida] taoyuanica,Y,assembly_exact,fungi,Scaffold,GCA_030567055.1,na,Petasospora taoyuanica
GCA_030569295.1,[Candida] yuanshanica,Y,assembly_exact,fungi,Scaffold,GCA_030569295.1,na,Taiozyma yuanshanica
GCA_030571095.1,Wickerhamomyces sp. yHMH451,Y,assembly_exact,fungi,Scaffold,GCA_030571095.1,na,Wickerhamomyces sp. yHMH451
GCA_030571925.1,Yamadazyma epiphylla,Y,assembly_exact,fungi,Scaffold,GCA_030571925.1,na,Yamadazyma epiphylla
GCA_030572395.1,[Candida] michaelii,Y,assembly_exact,fungi,Scaffold,GCA_030572395.1,na,[Candida] michaelii
GCA_030583545.1,Debaryomyces maramus,Y,assembly_exact,fungi,Scaffold,GCA_030583545.1,na,Debaryomyces maramus
GCA_030772445.1,Cladosporium sp. MBC 237,Y,assembly_exact,fungi,Contig,GCA_030772445.1,na,Cladosporium sp. MBC 237
GCA_031306095.1,Pyricularia sp. CD86,Y,assembly_exact,fungi,Scaffold,GCA_031306095.1,na,Pyricularia sp. CD86
GCA_031761475.1,Penicillium pancosmium,Y,assembly_exact,fungi,Scaffold,GCA_031761475.1,na,Penicillium pancosmium
GCA_033297225.1,Diplogelasinospora grovesii,Y,assembly_exact,fungi,Scaffold,GCA_033297225.1,na,Diplogelasinospora grovesii
GCA_036872995.1,Hymenopellis raphanipes,Y,assembly_exact,fungi,Contig,GCA_036872995.1,na,Hymenopellis raphanipes
GCA_038088815.1,Boletus nobilissimus,Y,assembly_exact,fungi,Scaffold,GCA_038088815.1,na,Boletus nobilissimus
GCA_038088835.1,Singerocomus rubriflavus,Y,assembly_exact,fungi,Scaffold,GCA_038088835.1,na,Singerocomus rubriflavus
GCA_038091095.1,Leccinum incarnatum,Y,assembly_exact,fungi,Scaffold,GCA_038091095.1,na,Leccinum incarnatum
GCA_038091355.1,Phylloboletellus chloephorus,Y,assembly_exact,fungi,Scaffold,GCA_038091355.1,na,Phylloboletellus chloephorus
GCA_038091495.1,Leccinum subtestaceum,Y,assembly_exact,fungi,Scaffold,GCA_038091495.1,na,Leccinum subtestaceum
GCA_038093735.1,Boletus aff. violaceofuscus,Y,assembly_exact,fungi,Scaffold,GCA_038093735.1,na,Boletus aff. violaceofuscus
GCA_954870865.1,Wickerhamiella slavikovae,Y,name_exact,fungi,,,,Wickerhamiella slavikovae
GCF_000170995.1,Trichoderma virens,Y,assembly_exact,fungi,Scaffold,GCA_000170995.2,GCF_000170995.1,Trichoderma virens Gv29-8
GCF_000203795.2,Batrachochytrium dendrobatidis,Y,assembly_exact,fungi,Scaffold,GCA_000203795.2,GCF_000203795.2,Batrachochytrium dendrobatidis JAM81
GCF_001481775.2,Trichoderma gamsii,Y,assembly_exact,fungi,Scaffold,GCA_001481775.2,GCF_001481775.2,Trichoderma gamsii
GCF_001672515.1,Colletotrichum higginsianum,Y,assembly_exact,fungi,Chromosome,GCA_001672515.1,GCF_001672515.1,Colletotrichum higginsianum IMI 349063
GCF_022478755.1,Daldinia loculata,Y,assembly_exact,fungi,Scaffold,GCA_022478755.1,GCF_022478755.1,Daldinia loculata
GCF_022695815.1,Exophiala viscosa,Y,assembly_exact,fungi,Scaffold,GCA_022695815.1,GCF_022695815.1,Exophiala viscosa
GCF_025433545.1,Fusarium keratoplasticum,Y,assembly_exact,fungi,Chromosome,GCA_025433545.1,GCF_025433545.1,Fusarium keratoplasticum
GCF_028828655.1,Penicillium verrucosum,Y,assembly_exact,fungi,Contig,GCA_028828655.1,GCF_028828655.1,Penicillium verrucosum
GCA_000500245.1,Cronartium ribicola,Y,assembly_exact,fungi,Scaffold,GCA_000500245.1,na,Cronartium ribicola 11-2
GCA_000696975.1,Apophysomyces trapeziformis,Y,assembly_exact,fungi,Contig,GCA_000696975.1,na,Apophysomyces trapeziformis B9324
GCA_001465935.1,Clarireedia homoeocarpa,Y,assembly_exact,fungi,Scaffold,GCA_001465935.1,na,Clarireedia homoeocarpa
GCA_001632375.1,Exidia glandulosa,Y,assembly_exact,fungi,Scaffold,GCA_001632375.1,na,Exidia glandulosa HHB12029
GCA_001990825.1,Aspergillus carbonarius,Y,assembly_exact,fungi,Scaffold,GCA_001990825.1,na,Aspergillus carbonarius ITEM 5010
GCA_003012965.1,Juglanconis oblonga,Y,assembly_exact,fungi,Contig,GCA_003012965.1,na,Juglanconis oblonga
GCA_003706665.2,Barnettozyma hawaiiensis,Y,assembly_exact,fungi,Scaffold,GCA_003706665.2,na,Barnettozyma hawaiiensis
GCA_003988945.1,Chaetoscypha palmicola,Y,assembly_exact,fungi,Scaffold,GCA_003988945.1,na,Chaetoscypha palmicola
GCA_004369055.1,Polyporus arcularius,Y,assembly_exact,fungi,Scaffold,GCA_004369055.1,na,Polyporus arcularius HHB13444
GCA_006352295.1,Rhodotorula diobovata,Y,assembly_exact,fungi,Scaffold,GCA_006352295.1,na,Rhodotorula diobovata
GCA_006992865.1,Cryptococcus neoformans x Cryptococcus deneoformans,Y,assembly_exact,fungi,Contig,GCA_006992865.1,na,Cryptococcus neoformans x Cryptococcus deneoformans
GCA_009806315.1,Rhodotorula sp. ZM1,Y,assembly_exact,fungi,Contig,GCA_009806315.1,na,Rhodotorula sp. ZM1
GCA_013266175.1,Fusarium gaditjirri,Y,assembly_exact,fungi,Scaffold,GCA_013266175.1,na,Fusarium gaditjirri
GCA_017366145.1,Cadophora sp. M221,Y,assembly_exact,fungi,Contig,GCA_017366145.1,na,Cadophora sp. M221
GCA_018524945.1,Podaxis sp. C-F-92630,Y,assembly_exact,fungi,Contig,GCA_018524945.1,na,Podaxis sp. C-F-92630
GCA_019669825.1,Calycina marina,Y,assembly_exact,fungi,Scaffold,GCA_019669825.1,na,Calycina marina
GCA_019787685.1,Chiua virens,Y,assembly_exact,fungi,Contig,GCA_019787685.1,na,Chiua virens
GCA_020342235.1,Saccharomycopsis phalluae,Y,assembly_exact,fungi,Complete Genome,GCA_020342235.1,na,Saccharomycopsis phalluae
GCA_021029095.1,Phellopilus nigrolimitatus,Y,assembly_exact,fungi,Contig,GCA_021029095.1,na,Phellopilus nigrolimitatus
GCA_021432635.1,Thozetella sp. PMI_491,Y,assembly_exact,fungi,Scaffold,GCA_021432635.1,na,Thozetella sp. PMI_491
GCA_022578865.1,Xylaria sp. FL0043,Y,assembly_exact,fungi,Scaffold,GCA_022578865.1,na,Xylaria sp. FL0043
GCA_023383405.1,Chaetomium cochliodes,Y,assembly_exact,fungi,Contig,GCA_023383405.1,na,Chaetomium cochliodes
GCA_023897205.1,Exophiala sp. HKRS030,Y,assembly_exact,fungi,Scaffold,GCA_023897205.1,na,Exophiala sp. HKRS030
GCA_024706585.1,Penicillium simplicissimum,Y,assembly_exact,fungi,Contig,GCA_024706585.1,na,Penicillium simplicissimum
GCA_025688815.1,Aspergillus carlsbadensis,Y,assembly_exact,fungi,Scaffold,GCA_025688815.1,na,Aspergillus carlsbadensis
GCA_025890175.1,Ciborinia camelliae,Y,assembly_exact,fungi,Scaffold,GCA_025890175.1,na,Ciborinia camelliae
GCA_027575305.1,Coemansia sp. RSA 2708,Y,assembly_exact,fungi,Contig,GCA_027575305.1,na,Coemansia sp. RSA 2708
GCA_027578735.1,Coemansia sp. RSA 1287,Y,assembly_exact,fungi,Scaffold,GCA_027578735.1,na,Coemansia sp. RSA 1287
GCA_027604685.1,Lobulomyces angularis,Y,assembly_exact,fungi,Scaffold,GCA_027604685.1,na,Lobulomyces angularis
GCA_027921405.1,Lentinula detonsa,Y,assembly_exact,fungi,Contig,GCA_027921405.1,na,Lentinula detonsa
GCA_028554645.1,Omphalotus guepiniiformis,Y,assembly_exact,fungi,Contig,GCA_028554645.1,na,Omphalotus guepiniiformis
GCA_030015455.1,Microsporum ferrugineum,Y,assembly_exact,fungi,Contig,GCA_030015455.1,na,Microsporum ferrugineum
GCA_030020325.1,Starmerella bacillaris,Y,assembly_exact,fungi,Scaffold,GCA_030020325.1,na,Starmerella bacillaris
GCA_030557505.1,[Candida] maris,Y,assembly_exact,fungi,Scaffold,GCA_030557505.1,na,Ogataea maris
GCA_030558305.1,Pichia phayaonensis,Y,assembly_exact,fungi,Scaffold,GCA_030558305.1,na,Pichia phayaonensis
GCA_030558335.1,[Candida] stauntonica,Y,assembly_exact,fungi,Scaffold,GCA_030558335.1,na,Petasospora stauntonica
GCA_030563565.1,Saturnispora sekii,Y,assembly_exact,fungi,Scaffold,GCA_030563565.1,na,Saturnispora sekii
GCA_030566025.1,Geotrichum cucujoidarum,Y,assembly_exact,fungi,Scaffold,GCA_030566025.1,na,Geotrichum cucujoidarum
GCA_030573535.1,Hanseniaspora occidentalis,Y,assembly_exact,fungi,Scaffold,GCA_030573535.1,na,Hanseniaspora occidentalis var. citrica
GCA_030574335.1,Meyerozyma elateridarum,Y,assembly_exact,fungi,Scaffold,GCA_030574335.1,na,Meyerozyma elateridarum
GCA_030578955.1,[Candida] insectamans,Y,assembly_exact,fungi,Scaffold,GCA_030578955.1,na,Hemisphaericaspora insectamans
GCA_031771865.1,Nothophaeocryptopus gaeumannii,Y,assembly_exact,fungi,Contig,GCA_031771865.1,na,Nothophaeocryptopus gaeumannii
GCA_032594075.1,Botrytis fabae,Y,assembly_exact,fungi,Complete Genome,GCA_032594075.1,na,Botrytis fabae
GCA_033576145.1,Cladorrhinum samala,Y,assembly_exact,fungi,Scaffold,GCA_033576145.1,na,Cladorrhinum samala
GCA_036872755.1,Orbilia blumenaviensis,Y,assembly_exact,fungi,Contig,GCA_036872755.1,na,Orbilia blumenaviensis
GCA_036937195.1,Nidularia pulvinata,Y,assembly_exact,fungi,Scaffold,GCA_036937195.1,na,Nidularia pulvinata
GCA_036971245.1,Arthrobotrys sphaeroides,Y,assembly_exact,fungi,Scaffold,GCA_036971245.1,na,Arthrobotrys sphaeroides
GCA_037040455.1,Irpex sp. P115-07,Y,assembly_exact,fungi,Contig,GCA_037040455.1,na,Irpex sp. P115-07
GCA_038089335.1,Boletellus aff. obscurococcineus,Y,assembly_exact,fungi,Scaffold,GCA_038089335.1,na,Boletellus aff. obscurococcineus
GCA_038089595.1,Bothia castanella,Y,assembly_exact,fungi,Scaffold,GCA_038089595.1,na,Bothia castanella
GCA_038093415.1,Xerocomellus chrysenteron,Y,assembly_exact,fungi,Scaffold,GCA_038093415.1,na,Xerocomellus chrysenteron
GCA_038093795.1,Retiboletus fuscus,Y,assembly_exact,fungi,Scaffold,GCA_038093795.1,na,Retiboletus fuscus
GCA_038993655.1,Talaromyces verruculosus,Y,assembly_versionless,fungi,Contig,GCA_038993655.2,na,Talaromyces verruculosus
GCA_039545235.1,Mrakia aquatica,Y,assembly_exact,fungi,Scaffold,GCA_039545235.1,na,Mrakia aquatica
GCF_000011425.1,Aspergillus nidulans,Y,assembly_exact,fungi,Chromosome,GCA_000011425.1,GCF_000011425.1,Aspergillus nidulans FGSC A4
GCF_000151425.1,Trichophyton rubrum,Y,assembly_exact,fungi,Scaffold,GCA_000151425.1,GCF_000151425.1,Trichophyton rubrum CBS 118892
GCF_000271605.1,Fomitiporia mediterranea,Y,assembly_exact,fungi,Scaffold,GCA_000271605.1,GCF_000271605.1,Fomitiporia mediterranea MF3/22
GCF_000439145.1,Rhizophagus irregularis,Y,assembly_exact,fungi,Scaffold,GCA_000439145.3,GCF_000439145.1,Rhizophagus irregularis DAOM 181602=DAOM 197198
GCF_000835555.1,Rhinocladiella mackenziei,Y,assembly_exact,fungi,Scaffold,GCA_000835555.1,GCF_000835555.1,Rhinocladiella mackenziei CBS 650.93
GCF_025024155.1,Gamsiella multidivaricata,Y,assembly_exact,fungi,Contig,GCA_025024155.1,GCF_025024155.1,Gamsiella multidivaricata
GCF_028827395.1,Penicillium hordei,Y,assembly_exact,fungi,Contig,GCA_028827395.1,GCF_028827395.1,Penicillium hordei
GCF_033439665.1,Chaetomium strumarium,Y,assembly_exact,fungi,Contig,GCA_033439665.1,GCF_033439665.1,Chaetomium strumarium
GCA_000149225.2,Lachancea kluyveri,Y,assembly_exact,fungi,Chromosome,GCA_000149225.2,na,Lachancea kluyveri NRRL Y-12651
GCA_001600695.1,Ascoidea asiatica,Y,assembly_exact,fungi,Scaffold,GCA_001600695.1,na,Ascoidea asiatica
GCA_001654545.1,Fusarium agapanthi,Y,assembly_exact,fungi,Scaffold,GCA_001654545.1,na,Fusarium agapanthi
GCA_001950555.1,Pichiaceae sp. JCM 15000,Y,assembly_exact,fungi,Scaffold,GCA_001950555.1,na,Pichiaceae sp. JCM 15000
GCA_001986395.2,Irpex lacteus,Y,assembly_exact,fungi,Contig,GCA_001986395.2,na,Irpex lacteus
GCA_002104945.1,Piromyces finnis,Y,assembly_exact,fungi,Contig,GCA_002104945.1,na,Piromyces finnis
GCA_002900995.3,Ganoderma boninense,Y,assembly_exact,fungi,Chromosome,GCA_002900995.3,na,Ganoderma boninense
GCA_002938355.1,Panaeolus cyanescens,Y,assembly_exact,fungi,Scaffold,GCA_002938355.1,na,Panaeolus cyanescens
GCA_003070745.1,Tuber borchii,Y,assembly_exact,fungi,Contig,GCA_003070745.1,na,Tuber borchii
GCA_003705175.3,Torulaspora franciscae,Y,assembly_exact,fungi,Scaffold,GCA_003705175.3,na,Torulaspora franciscae
GCA_003705955.2,Zygosaccharomyces kombuchaensis,Y,assembly_exact,fungi,Scaffold,GCA_003705955.2,na,Zygosaccharomyces kombuchaensis
GCA_003951145.1,Jimgerdemannia lactiflua,Y,assembly_exact,fungi,Contig,GCA_003951145.1,na,Jimgerdemannia lactiflua
GCA_004367935.1,Colletotrichum sidae,Y,assembly_exact,fungi,Scaffold,GCA_004367935.1,na,Colletotrichum sidae
GCA_008931935.1,Penicillium sp. BW_MB,Y,assembly_exact,fungi,Scaffold,GCA_008931935.1,na,Penicillium sp. BW_MB
GCA_008931945.1,Penicillium sp. BW_162_3FA,Y,assembly_exact,fungi,Scaffold,GCA_008931945.1,na,Penicillium sp. BW_162_3FA
GCA_013396255.1,Fusarium sp. NRRL 25303,Y,assembly_exact,fungi,Scaffold,GCA_013396255.1,na,Fusarium sp. NRRL 25303
GCA_014281115.1,Laburnicola sp. R22_1,Y,assembly_exact,fungi,Contig,GCA_014281115.1,na,Laburnicola sp. R22_1
GCA_015529505.1,Haplosporangium sp. Z 11,Y,assembly_exact,fungi,Scaffold,GCA_015529505.1,na,Haplosporangium sp. Z 11
GCA_016859225.1,Thielaviopsis cerberus,Y,assembly_exact,fungi,Scaffold,GCA_016859225.1,na,Thielaviopsis cerberus
GCA_017948575.1,Cyberlindnera subsufficiens,Y,assembly_exact,fungi,Scaffold,GCA_017948575.1,na,Williopsis subsufficiens
GCA_018115615.1,Pestalotiopsis sp. DP-2020a,Y,assembly_exact,fungi,Scaffold,GCA_018115615.1,na,Pestalotiopsis sp. DP-2020a
GCA_018855395.1,Arthromyces matolae,Y,assembly_exact,fungi,Scaffold,GCA_018855395.1,na,Arthromyces matolae
GCA_019616975.1,Serendipita sp. 396,Y,assembly_exact,fungi,Scaffold,GCA_019616975.1,na,Serendipita sp. 396
GCA_019775935.1,Neoascochyta sp. HWLR27,Y,assembly_exact,fungi,Scaffold,GCA_019775935.1,na,Neoascochyta sp. HWLR27
GCA_021014935.1,Hygrophoropsis aurantiaca,Y,assembly_exact,fungi,Scaffold,GCA_021014935.1,na,Hygrophoropsis aurantiaca
GCA_023515745.1,Amoeboaphelidium protococcarum,Y,assembly_exact,fungi,Scaffold,GCA_023515745.1,na,Amoeboaphelidium protococcarum
GCA_023627405.1,Penicillium sp. S1316,Y,assembly_exact,fungi,Scaffold,GCA_023627405.1,na,Penicillium sp. S1316
GCA_024271875.1,Kuraishia molischiana,Y,assembly_exact,fungi,Scaffold,GCA_024271875.1,na,Kuraishia molischiana
GCA_024663435.1,Pisolithus sp. B1,Y,assembly_exact,fungi,Contig,GCA_024663435.1,na,Pisolithus sp. B1
GCA_024752435.1,Allantophomopsis cytisporea,Y,assembly_exact,fungi,Complete Genome,GCA_024752435.1,na,Allantophomopsis cytisporea
GCA_025685495.1,Huntiella abstrusa,Y,assembly_exact,fungi,Scaffold,GCA_025685495.1,na,Huntiella abstrusa
GCA_026120165.1,Leptosphaerulina australis,Y,assembly_exact,fungi,Scaffold,GCA_026120165.1,na,Leptosphaerulina australis
GCA_026319125.1,Colletotrichum noveboracense,Y,assembly_exact,fungi,Contig,GCA_026319125.1,na,Colletotrichum noveboracense
GCA_027576915.1,Dipsacomyces acuminosporus,Y,assembly_exact,fungi,Scaffold,GCA_027576915.1,na,Dipsacomyces acuminosporus
GCA_027577995.1,Coemansia sp. RSA 2671,Y,assembly_exact,fungi,Scaffold,GCA_027577995.1,na,Coemansia sp. RSA 2671
GCA_027886325.1,Lentinula aff. detonsa,Y,assembly_exact,fungi,Scaffold,GCA_027886325.1,na,Lentinula aff. detonsa
GCA_028566675.1,Hypoxylon intermedium,Y,assembly_exact,fungi,Scaffold,GCA_028566675.1,na,Hypoxylon intermedium
GCA_028637585.1,Xylariaceae sp. X187,Y,assembly_exact,fungi,Contig,GCA_028637585.1,na,Xylariaceae sp. X187
GCA_030142185.1,Penicillium thymicola,Y,assembly_exact,fungi,Scaffold,GCA_030142185.1,na,Penicillium thymicola
GCA_030555635.1,Sugiyamaella neomexicana,Y,assembly_exact,fungi,Scaffold,GCA_030555635.1,na,Sugiyamaella neomexicana
GCA_030559045.1,[Candida] mesenterica,Y,assembly_exact,fungi,Scaffold,GCA_030559045.1,na,[Candida] mesenterica
GCA_030561385.1,Suhomyces bribrorum,Y,assembly_exact,fungi,Scaffold,GCA_030561385.1,na,Suhomyces bribrorum
GCA_030568635.1,[Candida] caryicola,Y,assembly_exact,fungi,Scaffold,GCA_030568635.1,na,Suhomyces caryicola
GCA_030571655.1,Jamesozyma lodderae,Y,assembly_exact,fungi,Scaffold,GCA_030571655.1,na,Jamesozyma lodderae
GCA_030574815.1,[Candida] germanica,Y,assembly_exact,fungi,Scaffold,GCA_030574815.1,na,[Candida] germanica
GCA_030674225.1,Blastobotrys terrestris,Y,assembly_exact,fungi,Scaffold,GCA_030674225.1,na,Blastobotrys terrestris
GCA_033439685.1,Apodospora peruviana,Y,assembly_exact,fungi,Contig,GCA_033439685.1,na,Apodospora peruviana
GCA_038089615.1,Aureoboletus auriporus,Y,assembly_exact,fungi,Scaffold,GCA_038089615.1,na,Aureoboletus auriporus
GCA_038093555.1,Butyriboletus appendiculatus,Y,assembly_exact,fungi,Scaffold,GCA_038093555.1,na,Butyriboletus appendiculatus
GCA_038094575.1,Phylloporus cf. nigrescens,Y,assembly_exact,fungi,Scaffold,GCA_038094575.1,na,Phylloporus cf. nigrescens
GCF_001027345.1,Cutaneotrichosporon oleaginosum,Y,assembly_exact,fungi,Scaffold,GCA_001027345.1,GCF_001027345.1,Cutaneotrichosporon oleaginosum
GCF_001078395.1,Aspergillus udagawae,Y,assembly_exact,fungi,Scaffold,GCA_001078395.2,GCF_001078395.1,Aspergillus udagawae
GCF_002926055.2,Candidozyma haemuli,Y,assembly_exact,fungi,Contig,GCA_002926055.1,GCF_002926055.2,Candidozyma haemuli
GCF_003184925.1,Aspergillus vadensis,Y,assembly_exact,fungi,Scaffold,GCA_003184925.1,GCF_003184925.1,Aspergillus vadensis CBS 113365
GCF_021821965.1,Ordospora pajunii,Y,assembly_exact,fungi,Contig,GCA_021821965.1,GCF_021821965.1,Ordospora pajunii
GCF_033296635.1,Dichotomopilus funicola,Y,assembly_exact,fungi,Scaffold,GCA_033296635.1,GCF_033296635.1,Dichotomopilus funicola
GCA_000497715.1,Spathaspora arborariae,Y,assembly_exact,fungi,Scaffold,GCA_000497715.1,na,Spathaspora arborariae UFMG-19.1A
GCA_000512565.3,Kwoniella dejecticola,Y,assembly_exact,fungi,Complete Genome,GCA_000512565.3,GCF_000512565.2,Kwoniella dejecticola CBS 10117
GCA_001050175.1,Trichoderma parareesei,Y,assembly_exact,fungi,Scaffold,GCA_001050175.1,na,Trichoderma parareesei
GCA_001599895.1,Priceomyces haplophilus,Y,assembly_exact,fungi,Scaffold,GCA_001599895.1,na,Priceomyces haplophilus
GCA_001939245.1,Talaromyces wortmannii,Y,assembly_exact,fungi,Scaffold,GCA_001939245.1,na,Talaromyces wortmannii
GCA_002105065.1,Naematelia encephala,Y,assembly_exact,fungi,Contig,GCA_002105065.1,na,Naematelia encephala
GCA_002785995.1,Mycosphaerelloides madeirae,Y,assembly_exact,fungi,Scaffold,GCA_002785995.1,na,Mycosphaerelloides madeirae
GCA_002995055.1,Rhizopogon rudus,Y,assembly_exact,fungi,Scaffold,GCA_002995055.1,na,Rhizopogon rudus
GCA_003315975.1,Lactifluus echinatus,Y,assembly_exact,fungi,Scaffold,GCA_003315975.1,na,Lactifluus echinatus
GCA_003426235.1,Xylaria polymorpha,Y,assembly_exact,fungi,Scaffold,GCA_003426235.1,na,Xylaria polymorpha
GCA_003707475.1,Dipodascus albidus,Y,assembly_exact,fungi,Scaffold,GCA_003707475.1,na,Dipodascus albidus
GCA_004123355.1,Amphirosellinia nigrospora,Y,assembly_exact,fungi,Scaffold,GCA_004123355.1,na,Amphirosellinia nigrospora
GCA_004335245.1,Didymella lethalis,Y,assembly_exact,fungi,Contig,GCA_004335245.1,na,Didymella lethalis
GCA_009805535.1,Laburnicola sp. JP-R-44,Y,assembly_exact,fungi,Scaffold,GCA_009805535.1,na,Laburnicola sp. JP-R-44
GCA_010094025.1,Viridothelium virens,Y,assembly_exact,fungi,Scaffold,GCA_010094025.1,na,Viridothelium virens
GCA_010356995.1,Trichodelitschia bisporula,Y,assembly_exact,fungi,Scaffold,GCA_010356995.1,na,Trichodelitschia bisporula
GCA_013053245.1,Agrocybe pediades,Y,assembly_exact,fungi,Contig,GCA_013053245.1,na,Agrocybe pediades
GCA_013266185.1,Fusarium sarcochroum,Y,assembly_exact,fungi,Scaffold,GCA_013266185.1,na,Fusarium sarcochroum
GCA_014183025.1,Harringtonia lauricola,Y,assembly_exact,fungi,Scaffold,GCA_014183025.1,na,Harringtonia lauricola
GCA_014621405.1,Stylonectria norvegica,Y,assembly_exact,fungi,Scaffold,GCA_014621405.1,na,Stylonectria norvegica
GCA_015708705.1,Naganishia vishniacii,Y,assembly_exact,fungi,Scaffold,GCA_015708705.1,na,Naganishia vishniacii ANT03-052
GCA_015849325.1,Mortierella antarctica,Y,assembly_exact,fungi,Scaffold,GCA_015849325.1,na,Mortierella antarctica
GCA_017312325.1,Pleurotus citrinopileatus,Y,assembly_exact,fungi,Contig,GCA_017312325.1,na,Pleurotus citrinopileatus
GCA_018287875.1,Nigrospora sphaerica,Y,assembly_exact,fungi,Contig,GCA_018287875.1,na,Nigrospora sphaerica
GCA_021396235.1,Sporothrix pallida,Y,assembly_exact,fungi,Scaffold,GCA_021396235.1,na,Sporothrix pallida
GCA_022114105.1,Tolypocladium guangdongense,Y,assembly_exact,fungi,Scaffold,GCA_022114105.1,na,Tolypocladium guangdongense
GCA_022702365.1,Epichloe sibirici,Y,assembly_exact,fungi,Contig,GCA_022702365.1,na,Epichloe sibirici
GCA_024140265.1,Backusella liffmaniae,Y,assembly_exact,fungi,Scaffold,GCA_024140265.1,na,Backusella liffmaniae
GCA_027569885.1,Aspergillus diversus,Y,assembly_exact,fungi,Contig,GCA_027569885.1,na,Aspergillus diversus
GCA_027569935.1,Clonostachys sp. G952,Y,assembly_exact,fungi,Contig,GCA_027569935.1,na,Clonostachys sp. G952
GCA_027596845.1,Quaeritorhiza haematococci,Y,assembly_exact,fungi,Scaffold,GCA_027596845.1,na,Quaeritorhiza haematococci
GCA_027919855.1,Lentinula guzmanii,Y,assembly_exact,fungi,Contig,GCA_027919855.1,na,Lentinula guzmanii
GCA_030561745.1,Metschnikowia gelsemii,Y,assembly_exact,fungi,Scaffold,GCA_030561745.1,na,Metschnikowia gelsemii
GCA_030563685.1,Suhomyces kilbournensis,Y,assembly_exact,fungi,Scaffold,GCA_030563685.1,na,Suhomyces kilbournensis
GCA_030570775.1,Ogataea pignaliae,Y,assembly_exact,fungi,Scaffold,GCA_030570775.1,na,Ogataea pignaliae
GCA_030572615.1,Metschnikowia lachancei,Y,assembly_exact,fungi,Scaffold,GCA_030572615.1,na,Metschnikowia lachancei
GCA_030574475.1,Trigonopsis californica,Y,assembly_exact,fungi,Scaffold,GCA_030574475.1,na,Trigonopsis californica
GCA_030674255.1,Wickerhamomyces queroliae,Y,assembly_exact,fungi,Scaffold,GCA_030674255.1,na,Hansenula queroliae
GCA_031125485.1,Saccharomycopsis javanensis,Y,assembly_exact,fungi,Scaffold,GCA_031125485.1,na,Saccharomycopsis javanensis
GCA_038090755.1,Leccinum truebloodii,Y,assembly_exact,fungi,Scaffold,GCA_038090755.1,na,Leccinum truebloodii
GCA_038091155.1,Harrya chromipes,Y,assembly_exact,fungi,Scaffold,GCA_038091155.1,na,Harrya chromipes
GCA_038091515.1,Leccinum subrobustum,Y,assembly_exact,fungi,Scaffold,GCA_038091515.1,na,Leccinum subrobustum
GCA_038091815.1,Leccinum obscurum,Y,assembly_exact,fungi,Scaffold,GCA_038091815.1,na,Leccinum obscurum
GCF_000143535.2,Botrytis cinerea,Y,assembly_exact,fungi,Complete Genome,GCA_000143535.4,GCF_000143535.2,Botrytis cinerea B05.10
GCF_000171015.1,Trichoderma atroviride,Y,assembly_exact,fungi,Contig,GCA_000171015.2,GCF_000171015.1,Trichoderma atroviride IMI 206040
GCF_000803265.1,Ordospora colligata,Y,assembly_exact,fungi,Contig,GCA_000803265.1,GCF_000803265.1,Ordospora colligata OC4
GCF_010093935.1,Zasmidium cellare,Y,assembly_exact,fungi,Scaffold,GCA_010093935.1,GCF_010093935.1,Zasmidium cellare ATCC 36951
GCA_000316135.1,Trachipleistophora hominis,Y,assembly_exact,fungi,Scaffold,GCA_000316135.1,na,Trachipleistophora hominis
GCA_001244265.2,Microbotryum lychnidis-dioicae,Y,assembly_exact,fungi,Scaffold,GCA_001244265.2,na,Microbotryum lychnidis-dioicae p1A1 Lamole
GCA_001571465.2,Talaromyces pinophilus,Y,assembly_exact,fungi,Complete Genome,GCA_001571465.2,na,Talaromyces pinophilus
GCA_001599815.1,Furcasterigmium furcatum,Y,assembly_exact,fungi,Scaffold,GCA_001599815.1,na,Furcasterigmium furcatum
GCA_001655765.1,Spathaspora gorwiae,Y,assembly_exact,fungi,Scaffold,GCA_001655765.1,na,Hemisphaericaspora gorwae
GCA_001692915.1,Glonium stellatum,Y,assembly_exact,fungi,Scaffold,GCA_001692915.1,na,Glonium stellatum
GCA_002093855.1,Fusarium praegraminearum,Y,assembly_exact,fungi,Scaffold,GCA_002093855.1,na,Fusarium praegraminearum
GCA_002153405.1,Mycosphaerella populi,Y,assembly_exact,fungi,Scaffold,GCA_002153405.1,na,Mycosphaerella populi pn0402
GCA_003314125.1,Hygrophorus russula,Y,assembly_exact,fungi,Scaffold,GCA_003314125.1,na,Hygrophorus russula
GCA_003705745.3,Blastobotrys muscicola,Y,assembly_exact,fungi,Scaffold,GCA_003705745.3,na,Blastobotrys muscicola
GCA_003708055.3,Torulaspora maleeae,Y,assembly_exact,fungi,Scaffold,GCA_003708055.3,na,Torulaspora maleeae
GCA_004802645.1,Amesia nigricolor,Y,assembly_exact,fungi,Contig,GCA_004802645.1,na,Amesomyces nigricolor
GCA_005281575.1,Taphrina deformans,Y,assembly_exact,fungi,Scaffold,GCA_005281575.1,na,Taphrina deformans
GCA_006112555.1,Tuber indicum,Y,assembly_exact,fungi,Contig,GCA_006112555.1,na,Tuber indicum
GCA_009805225.1,Neurospora sp. LNF1-1,Y,assembly_exact,fungi,Scaffold,GCA_009805225.1,na,Neurospora sp. LNF1-1
GCA_014858625.1,Venturia carpophila,Y,assembly_exact,fungi,Contig,GCA_014858625.1,na,Venturia carpophila
GCA_016584345.1,Suillus ampliporus,Y,assembly_exact,fungi,Contig,GCA_016584345.1,na,Suillus ampliporus
GCA_016695465.1,Suillus americanus,Y,assembly_exact,fungi,Scaffold,GCA_016695465.1,na,Suillus americanus
GCA_017656675.1,Fusarium nepalense,Y,assembly_exact,fungi,Scaffold,GCA_017656675.1,na,Fusarium nepalense
GCA_018360465.1,Claviceps humidiphila,Y,assembly_exact,fungi,Contig,GCA_018360465.1,na,Claviceps humidiphila
GCA_019425655.1,Rhizophagus prolifer,Y,assembly_exact,fungi,Contig,GCA_019425655.1,na,Rhizophagus prolifer
GCA_019426095.1,Ganoderma lucidum,Y,assembly_exact,fungi,Scaffold,GCA_019426095.1,na,Ganoderma lucidum
GCA_019827475.1,Penicillium cf. chrysogenum,Y,assembly_exact,fungi,Scaffold,GCA_019827475.1,na,Penicillium cf. chrysogenum
GCA_019915015.1,Auriscalpium vulgare,Y,assembly_exact,fungi,Contig,GCA_019915015.1,na,Auriscalpium vulgare
GCA_021396225.1,Sporothrix inflata,Y,assembly_exact,fungi,Scaffold,GCA_021396225.1,na,Sporothrix inflata
GCA_022385805.1,Pilatotrama ljubarskyi,Y,assembly_exact,fungi,Scaffold,GCA_022385805.1,na,Pilatotrama ljubarskyi
GCA_022392935.1,Ophiostoma cf. undulatum,Y,assembly_exact,fungi,Scaffold,GCA_022392935.1,na,Ophiostoma cf. undulatum
GCA_022577645.1,Clavispora santaluciae,Y,assembly_exact,fungi,Contig,GCA_022577645.1,na,Clavispora santaluciae
GCA_025765595.1,Obelidium mucronatum,Y,assembly_exact,fungi,Contig,GCA_025765595.1,na,Obelidium mucronatum
GCA_026284005.1,Thecaphora frezii,Y,assembly_exact,fungi,Contig,GCA_026284005.1,na,Thecaphora frezii
GCA_029299265.1,Leptographium wageneri,Y,assembly_exact,fungi,Contig,GCA_029299265.1,na,Leptographium wageneri
GCA_030271035.1,Microascus cirrosus,Y,assembly_exact,fungi,Scaffold,GCA_030271035.1,na,Microascus cirrosus
GCA_030564565.1,Pichia sp. NRRL Y-12830,Y,assembly_exact,fungi,Scaffold,GCA_030564565.1,na,Pichia sp. NRRL Y-12830
GCA_030571845.1,Suhomyces yuchorum,Y,assembly_exact,fungi,Scaffold,GCA_030571845.1,na,Suhomyces yuchorum
GCA_030573515.1,Hanseniaspora jakobsenii,Y,assembly_exact,fungi,Scaffold,GCA_030573515.1,na,Hanseniaspora jakobsenii
GCA_030573755.1,Starmera amethionina,Y,assembly_exact,fungi,Scaffold,GCA_030573755.1,na,Starmera amethionina
GCA_030579075.1,[Candida] dajiaensis,Y,assembly_exact,fungi,Scaffold,GCA_030579075.1,na,Taiozyma dajiaensis
GCA_030579355.1,Botryozyma nematodophila,Y,assembly_exact,fungi,Scaffold,GCA_030579355.1,na,Botryozyma nematodophila
GCA_030580195.1,Torulaspora gathmanii,Y,assembly_exact,fungi,Scaffold,GCA_030580195.1,na,Torulaspora gathmanii
GCA_030581475.1,Yamadazyma akitaensis,Y,assembly_exact,fungi,Scaffold,GCA_030581475.1,na,Yamadazyma akitaensis
GCA_030584925.1,Starmerella vitae,Y,assembly_exact,fungi,Scaffold,GCA_030584925.1,na,Starmerella vitae
GCA_030585045.1,Candida parablackwelliae,Y,assembly_exact,fungi,Scaffold,GCA_030585045.1,na,Zhuliangozyma parablackwelliae
GCA_031125475.1,Saccharomycopsis lassenensis,Y,assembly_exact,fungi,Scaffold,GCA_031125475.1,na,Saccharomycopsis lassenensis
GCA_035926095.1,Elasticomyces elasticus,Y,assembly_exact,fungi,Scaffold,GCA_035926095.1,na,Elasticomyces elasticus
GCA_038088545.1,Diaporthe humulicola,Y,assembly_exact,fungi,Contig,GCA_038088545.1,na,Diaporthe humulicola
GCA_038088955.1,Neotropicomus parvogracilis,Y,assembly_exact,fungi,Scaffold,GCA_038088955.1,na,Neotropicomus parvogracilis
GCA_038090575.1,Tylopilus cf. pernanus,Y,assembly_exact,fungi,Scaffold,GCA_038090575.1,na,Tylopilus cf. pernanus
GCA_946403475.1,Torulaspora quercuum,Y,name_exact,fungi,,,,Torulaspora quercuum
GCF_002237265.1,Aspergillus thermomutatus,Y,assembly_exact,fungi,Contig,GCA_002237265.2,GCF_002237265.1,Aspergillus thermomutatus
GCF_003184545.1,Aspergillus heteromorphus,Y,assembly_exact,fungi,Contig,GCA_003184545.1,GCF_003184545.1,Aspergillus heteromorphus CBS 117.55
GCF_016758755.1,Suillus discolor,Y,assembly_exact,fungi,Contig,GCA_016758755.1,GCF_016758755.1,Suillus discolor
GCF_022496945.1,Annulohypoxylon maeteangense,Y,assembly_exact,fungi,Scaffold,GCA_022496945.1,GCF_022496945.1,Annulohypoxylon maeteangense
GCA_000328965.1,Ascocoryne sarcoides,Y,assembly_exact,fungi,Scaffold,GCA_000328965.1,na,Ascocoryne sarcoides NRRL 50072
GCA_001599255.1,[Candida] succiphila,Y,assembly_exact,fungi,Scaffold,GCA_001599255.1,na,Wenyingozyma succiphila
GCA_001600875.1,Solicoccozyma terricola,Y,assembly_exact,fungi,Scaffold,GCA_001600875.1,na,Solicoccozyma terricola
GCA_001662575.1,Pseudogymnoascus sp. 23342-1-I1,Y,assembly_exact,fungi,Scaffold,GCA_001662575.1,na,Pseudogymnoascus sp. 23342-1-I1
GCA_001662645.1,Pseudogymnoascus sp. 03VT05,Y,assembly_exact,fungi,Scaffold,GCA_001662645.1,na,Pseudogymnoascus sp. 03VT05
GCA_002168265.2,Fusarium euwallaceae,Y,assembly_exact,fungi,Scaffold,GCA_002168265.2,na,Fusarium euwallaceae
GCA_002794785.1,Coniferiporia sulphurascens,Y,assembly_exact,fungi,Contig,GCA_002794785.1,na,Coniferiporia sulphurascens
GCA_002995295.1,Rhizopogon vulgaris,Y,assembly_exact,fungi,Scaffold,GCA_002995295.1,na,Rhizopogon vulgaris
GCA_002995455.1,Rhizopogon fuscorubens,Y,assembly_exact,fungi,Scaffold,GCA_002995455.1,na,Rhizopogon fuscorubens
GCA_003589665.1,Aspergillus sclerotialis,Y,assembly_exact,fungi,Contig,GCA_003589665.1,na,Aspergillus sclerotialis
GCA_003670145.1,Fusarium subtropicale,Y,assembly_exact,fungi,Scaffold,GCA_003670145.1,na,Fusarium subtropicale
GCA_003693665.1,Chaetothyriales sp. CBS 134920,Y,assembly_exact,fungi,Scaffold,GCA_003693665.1,na,Chaetothyriales sp. CBS 134920
GCA_003709005.1,Magnaporthales sp. P1609,Y,assembly_exact,fungi,Contig,GCA_003709005.1,na,Magnaporthales sp. P1609
GCA_003947045.1,Fusarium ambrosium,Y,assembly_exact,fungi,Scaffold,GCA_003947045.1,na,Fusarium ambrosium
GCA_004325065.1,Hamiltosporidium magnivora,Y,assembly_exact,fungi,Contig,GCA_004325065.1,na,Hamiltosporidium magnivora
GCA_004367155.1,Fusarium clavum,Y,assembly_exact,fungi,Scaffold,GCA_004367155.1,na,Fusarium clavum
GCA_004919595.1,Kodamaea ohmeri,Y,assembly_exact,fungi,Contig,GCA_004919595.1,na,Kodamaea ohmeri
GCA_007182795.1,Xylaria flabelliformis,Y,assembly_exact,fungi,Scaffold,GCA_007182795.1,na,Xylaria flabelliformis
GCA_014904935.1,Melanogaster broomeanus,Y,assembly_exact,fungi,Scaffold,GCA_014904935.1,na,Melanogaster broomeanus
GCA_014925785.1,Mycena galopus,Y,assembly_exact,fungi,Contig,GCA_014925785.1,na,Mycena galopus ATCC 62051
GCA_015852495.1,Podila epicladia,Y,assembly_exact,fungi,Scaffold,GCA_015852495.1,na,Podila epicladia
GCA_018801565.1,Epichloe coenophiala,Y,assembly_exact,fungi,Contig,GCA_018801565.1,na,Epichloe coenophiala
GCA_019925295.1,Sporothrix pseudoabietina,Y,assembly_exact,fungi,Scaffold,GCA_019925295.1,na,Sporothrix pseudoabietina
GCA_020002355.1,Intubia oerlemansii,Y,assembly_exact,fungi,Scaffold,GCA_020002355.1,na,Intubia oerlemansii
GCA_025426655.1,Cytospora mali,Y,assembly_exact,fungi,Contig,GCA_025426655.1,na,Cytospora mali
GCA_026225975.1,Clarireedia hainanense,Y,assembly_exact,fungi,Scaffold,GCA_026225975.1,na,Clarireedia hainanense
GCA_027578855.1,Coemansia sp. RSA 1721,Y,assembly_exact,fungi,Scaffold,GCA_027578855.1,na,Coemansia sp. RSA 1721
GCA_029233265.1,Mycena alexandri,Y,assembly_exact,fungi,Contig,GCA_029233265.1,na,Mycena alexandri
GCA_029532395.1,Schizosaccharomyces lindneri,Y,assembly_exact,fungi,Contig,GCA_029532395.1,na,Schizosaccharomyces lindneri
GCA_030435815.1,Sarocladium strictum,Y,assembly_exact,fungi,Contig,GCA_030435815.1,na,Sarocladium strictum
GCA_030557985.1,[Candida] ficus,Y,assembly_exact,fungi,Scaffold,GCA_030557985.1,na,Millerago ficus
GCA_030561725.1,[Candida] bentonensis,Y,assembly_exact,fungi,Scaffold,GCA_030561725.1,na,Grinbergsozyma bentonensis
GCA_030564485.1,Meyerozyma athensensis,Y,assembly_exact,fungi,Scaffold,GCA_030564485.1,na,Meyerozyma athensensis
GCA_030564545.1,Saturnispora mendoncae,Y,assembly_exact,fungi,Scaffold,GCA_030564545.1,na,Saturnispora mendoncae
GCA_030564585.1,Martiniozyma abietophila,Y,assembly_exact,fungi,Scaffold,GCA_030564585.1,na,Martiniozyma abietophila
GCA_030570195.1,Pichia exigua,Y,assembly_exact,fungi,Scaffold,GCA_030570195.1,na,Pichia exigua
GCA_030571755.1,Saccharomycopsis olivae (nom. inval.),Y,assembly_exact,fungi,Scaffold,GCA_030571755.1,na,Saccharomycopsis olivae (nom. inval.)
GCA_030573195.1,[Candida] chilensis,Y,assembly_exact,fungi,Scaffold,GCA_030573195.1,na,Nothofagozyma chilensis
GCA_030573575.1,Hanseniaspora sp. CRUB 1602,Y,assembly_exact,fungi,Scaffold,GCA_030573575.1,na,Hanseniaspora sp. CRUB 1602
GCA_030579015.1,Candida blackwelliae,Y,assembly_exact,fungi,Scaffold,GCA_030579015.1,na,Zhuliangozyma blackwelliae
GCA_030579695.1,Starmerella kuoi,Y,assembly_exact,fungi,Scaffold,GCA_030579695.1,na,Starmerella kuoi
GCA_030770425.1,Darksidea phi,Y,assembly_exact,fungi,Scaffold,GCA_030770425.1,na,Darksidea phi
GCA_032191455.1,Microsporidia sp. MB,Y,assembly_exact,fungi,Scaffold,GCA_032191455.1,na,Microsporidia sp. MB
GCA_033297215.1,Podospora fimiseda,Y,assembly_exact,fungi,Scaffold,GCA_033297215.1,na,Podospora fimiseda
GCA_037576215.1,Armillaria gallica,Y,assembly_exact,fungi,Contig,GCA_037576215.1,na,Armillaria gallica
GCA_038092255.1,Leccinum aurantiacum,Y,assembly_exact,fungi,Scaffold,GCA_038092255.1,na,Leccinum aurantiacum
GCA_038092995.1,Xerocomus minutiporus,Y,assembly_exact,fungi,Scaffold,GCA_038092995.1,na,Xerocomus minutiporus
GCA_038094175.1,Boletellus aff. lepidospora,Y,assembly_exact,fungi,Scaffold,GCA_038094175.1,na,Boletellus aff. lepidospora
GCF_002251995.1,Wickerhamiella sorbophila,Y,assembly_exact,fungi,Contig,GCA_002251995.2,GCF_002251995.1,Wickerhamiella sorbophila
GCF_007821495.1,Lachnellula hyalina,Y,assembly_exact,fungi,Contig,GCA_007821495.1,GCF_007821495.1,Lachnellula hyalina
GCF_014466165.1,Pleurotus ostreatus,Y,assembly_exact,fungi,Contig,GCA_014466165.1,GCF_014466165.1,Pleurotus ostreatus
GCF_023601865.1,Aspergillus affinis,Y,assembly_exact,fungi,Scaffold,GCA_023601865.2,GCF_023601865.1,Aspergillus affinis
GCF_025118155.1,Cokeromyces recurvatus,Y,assembly_exact,fungi,Contig,GCA_025118155.1,GCF_025118155.1,Cokeromyces recurvatus
GCF_037102585.1,Saccharomycopsis crataegensis,Y,assembly_exact,fungi,Scaffold,GCA_037102585.1,GCF_037102585.1,Saccharomycopsis crataegensis
GCA_000442785.1,Papiliotrema flavescens,Y,assembly_exact,fungi,Scaffold,GCA_000442785.1,na,Papiliotrema flavescens NRRL Y-50378
GCA_000827465.1,Tulasnella calospora,Y,assembly_exact,fungi,Scaffold,GCA_000827465.1,na,Tulasnella calospora MUT 4182
GCA_001567575.1,Fusarium sambucinum,Y,assembly_exact,fungi,Contig,GCA_001567575.1,na,Fusarium sambucinum
GCA_001640685.1,Catunica adiposa,Y,assembly_exact,fungi,Scaffold,GCA_001640685.1,na,Catunica adiposa
GCA_001931935.1,Aspergillus aff. floccosus IMV 01167,Y,assembly_exact,fungi,Scaffold,GCA_001931935.1,na,Aspergillus aff. floccosus IMV 01167
GCA_002778105.1,Ceratocystiopsis brevicomis,Y,assembly_exact,fungi,Scaffold,GCA_002778105.1,na,Ceratocystiopsis brevicomis
GCA_002778125.1,Dryadomyces quercivorus,Y,assembly_exact,fungi,Contig,GCA_002778125.1,na,Dryadomyces quercivorus
GCA_003206725.1,Blastomyces emzantsi,Y,assembly_exact,fungi,Scaffold,GCA_003206725.1,na,Blastomyces emzantsi
GCA_003705765.3,Blastobotrys mokoenaii,Y,assembly_exact,fungi,Contig,GCA_003705765.3,na,Blastobotrys mokoenaii
GCA_003705975.2,Tetrapisispora iriomotensis,Y,assembly_exact,fungi,Contig,GCA_003705975.2,na,Tetrapisispora iriomotensis
GCA_004522665.1,Venturia nashicola,Y,assembly_exact,fungi,Contig,GCA_004522665.1,na,Venturia nashicola
GCA_004802725.1,Antrodiella citrinella,Y,assembly_exact,fungi,Scaffold,GCA_004802725.1,na,Antrodiella citrinella
GCA_005350895.1,Colletotrichum tanaceti,Y,assembly_exact,fungi,Scaffold,GCA_005350895.1,na,Colletotrichum tanaceti
GCA_009666385.1,Saccharomyces eubayanus x Saccharomyces uvarum,Y,assembly_exact,fungi,Scaffold,GCA_009666385.1,na,Saccharomyces eubayanus x Saccharomyces uvarum
GCA_009804845.1,Neurospora sp. FGSC 26637,Y,assembly_exact,fungi,Scaffold,GCA_009804845.1,na,Neurospora sp. FGSC 26637
GCA_011745625.1,Cladosporium sp. TM138-S3,Y,assembly_versionless,fungi,Scaffold,GCA_011745625.2,GCF_011745625.1,Cladosporium halotolerans
GCA_013184455.1,Fusarium continuum,Y,assembly_exact,fungi,Scaffold,GCA_013184455.1,na,Fusarium continuum
GCA_013376435.1,Cyclocybe cylindracea,Y,assembly_exact,fungi,Scaffold,GCA_013376435.1,na,Cyclocybe cylindracea
GCA_015179035.1,Tirmania nivea,Y,assembly_exact,fungi,Contig,GCA_015179035.1,na,Tirmania nivea
GCA_016162255.1,Blastobotrys adeninivorans,Y,assembly_exact,fungi,Scaffold,GCA_016162255.1,na,Blastobotrys adeninivorans
GCA_017140155.1,Fusarium devonianum,Y,assembly_exact,fungi,Scaffold,GCA_017140155.1,na,Fusarium devonianum
GCA_019455505.1,Pleochaeta shiraiana,Y,assembly_exact,fungi,Scaffold,GCA_019455505.1,na,Pleochaeta shiraiana
GCA_022058765.1,Clavispora paralusitaniae,Y,assembly_exact,fungi,Contig,GCA_022058765.1,na,Clavispora paralusitaniae
GCA_022478815.1,Daldinia bambusicola,Y,assembly_exact,fungi,Scaffold,GCA_022478815.1,na,Daldinia bambusicola
GCA_023082095.1,Dothiorella sarmentorum,Y,assembly_exact,fungi,Scaffold,GCA_023082095.1,na,Dothiorella sarmentorum
GCA_023624055.1,Paecilomyces sp. PK2413,Y,assembly_exact,fungi,Scaffold,GCA_023624055.1,na,Paecilomyces sp. PK2413
GCA_024345325.1,Cystobasidium tubakii,Y,assembly_exact,fungi,Contig,GCA_024345325.1,na,Cystobasidium tubakii
GCA_024663475.1,Pisolithus thermaeus,Y,assembly_exact,fungi,Contig,GCA_024663475.1,na,Pisolithus thermaeus
GCA_025201745.1,Xylariaceae sp. FL1651,Y,assembly_exact,fungi,Scaffold,GCA_025201745.1,na,Xylariaceae sp. FL1651
GCA_025328985.1,Colletotrichum sp. SAR11_239,Y,assembly_exact,fungi,Scaffold,GCA_025328985.1,na,Colletotrichum sp. SAR11_239
GCA_027602005.1,Geranomyces michiganensis,Y,assembly_exact,fungi,Scaffold,GCA_027602005.1,na,Geranomyces michiganensis
GCA_028637885.1,Xylariaceae sp. Mn132,Y,assembly_exact,fungi,Scaffold,GCA_028637885.1,na,Xylariaceae sp. Mn132
GCA_029204335.1,Mycena vulgaris,Y,assembly_exact,fungi,Contig,GCA_029204335.1,na,Mycena vulgaris
GCA_030567175.1,Cyberlindnera lachancei,Y,assembly_exact,fungi,Scaffold,GCA_030567175.1,na,Williopsis lachancei
GCA_030570315.1,Pichia sp. NRRL Y-12827,Y,assembly_exact,fungi,Scaffold,GCA_030570315.1,na,Pichia sp. NRRL Y-12827
GCA_030571575.1,Kazachstania viticola,Y,assembly_exact,fungi,Scaffold,GCA_030571575.1,na,Kazachstania viticola
GCA_030572215.1,Limtongozyma cylindracea,Y,assembly_exact,fungi,Scaffold,GCA_030572215.1,na,Limtongozyma cylindracea
GCA_030572775.1,[Lipomyces] yamanashiensis,Y,assembly_exact,fungi,Scaffold,GCA_030572775.1,na,[Lipomyces] yamanashiensis
GCA_030579915.1,Starmerella bombi,Y,assembly_exact,fungi,Scaffold,GCA_030579915.1,na,Starmerella bombi
GCA_030583345.1,Schwanniomyces pseudopolymorphus,Y,assembly_exact,fungi,Scaffold,GCA_030583345.1,na,Schwanniomyces pseudopolymorphus
GCA_037178605.1,Colletotrichum euphorbiae,Y,assembly_exact,fungi,Contig,GCA_037178605.1,na,Colletotrichum euphorbiae
GCA_037974945.1,Mucor circinelloides,Y,assembly_exact,fungi,Contig,GCA_037974945.1,na,Mucor circinelloides
GCA_038092115.1,Leccinum brunneo-olivaceum,Y,assembly_exact,fungi,Scaffold,GCA_038092115.1,na,Leccinum brunneo-olivaceum
GCA_038407015.1,Ceratocystis ficicola,Y,assembly_exact,fungi,Contig,GCA_038407015.1,na,Ceratocystis ficicola
GCA_038497645.1,Lipomyces chichibuensis,Y,assembly_exact,fungi,Scaffold,GCA_038497645.1,GCF_038497645.1,Lipomyces chichibuensis
GCF_000187425.2,Metarhizium robertsii,Y,assembly_exact,fungi,Scaffold,GCA_000187425.2,GCF_000187425.2,Metarhizium robertsii ARSEF 23
GCF_002105155.1,Lobosporangium transversale,Y,assembly_exact,fungi,Contig,GCA_002105155.1,GCF_002105155.1,Lobosporangium transversale
GCF_002117355.1,Rhodonia placenta,Y,assembly_exact,fungi,Scaffold,GCA_002117355.1,GCF_002117355.1,Postia placenta MAD-698-R-SB12
GCF_004011695.2,Ascochyta rabiei,Y,assembly_exact,fungi,Complete Genome,GCA_004011695.2,GCF_004011695.2,Ascochyta rabiei
GCA_000222935.2,Aciculosporium take,Y,assembly_exact,fungi,Contig,GCA_000222935.2,na,Aciculosporium take MAFF-241224
GCA_001664025.1,Hanseniaspora valbyensis,Y,assembly_exact,fungi,Scaffold,GCA_001664025.1,na,Hanseniaspora valbyensis NRRL Y-1626
GCA_003314085.1,Hymenopellis raphanipes,Y,assembly_exact,fungi,Scaffold,GCA_003314085.1,na,Hymenopellis raphanipes
GCA_003369635.1,Coleophoma crateriformis,Y,assembly_exact,fungi,Scaffold,GCA_003369635.1,na,Coleophoma crateriformis
GCA_003693505.1,Pseudonectria foliicola,Y,assembly_exact,fungi,Scaffold,GCA_003693505.1,na,Pseudonectria foliicola
GCA_003693555.1,Coccinonectria pachysandricola,Y,assembly_exact,fungi,Scaffold,GCA_003693555.1,na,Coccinonectria pachysandricola
GCA_003705795.3,Blastobotrys americana,Y,assembly_exact,fungi,Scaffold,GCA_003705795.3,na,Blastobotrys americanus
GCA_009732865.1,Stipitochalara longipes,Y,assembly_exact,fungi,Scaffold,GCA_009732865.1,na,Stipitochalara longipes BDJ
GCA_010015705.1,Aulographum hederae,Y,assembly_exact,fungi,Scaffold,GCA_010015705.1,na,Aulographum hederae CBS 113979
GCA_014824365.1,Fusarium sp. NRRL 66894,Y,assembly_exact,fungi,Scaffold,GCA_014824365.1,na,Fusarium sp. NRRL 66894
GCA_014839625.1,Penicillium ucsense,Y,assembly_exact,fungi,Scaffold,GCA_014839625.1,na,Penicillium ucsense
GCA_015039355.1,Ramaria rubella,Y,assembly_exact,fungi,Scaffold,GCA_015039355.1,na,Ramaria rubella
GCA_019633455.1,Tulasnella sp. 419,Y,assembly_exact,fungi,Scaffold,GCA_019633455.1,na,Tulasnella sp. 419
GCA_019828555.1,Toxicocladosporium irritans,Y,assembly_exact,fungi,Scaffold,GCA_019828555.1,na,Toxicocladosporium irritans
GCA_020975405.1,Keithomyces neogunnii,Y,assembly_exact,fungi,Contig,GCA_020975405.1,na,Keithomyces neogunnii
GCA_023212975.1,Komagataella kurtzmanii,Y,assembly_exact,fungi,Contig,GCA_023212975.1,na,Komagataella kurtzmanii
GCA_023375675.1,Cytospora piceicola,Y,assembly_exact,fungi,Scaffold,GCA_023375675.1,na,Cytospora piceicola
GCA_024139275.1,Backusella macrospora,Y,assembly_exact,fungi,Scaffold,GCA_024139275.1,na,Backusella macrospora
GCA_024271865.1,Nakazawaea ambrosiae,Y,assembly_exact,fungi,Scaffold,GCA_024271865.1,na,Nakazawaea ambrosiae
GCA_024584535.1,Colletotrichum gigasporum,Y,assembly_exact,fungi,Complete Genome,GCA_024584535.1,na,Colletotrichum gigasporum
GCA_025201675.1,Cunninghamella echinulata,Y,assembly_exact,fungi,Scaffold,GCA_025201675.1,na,Cunninghamella echinulata
GCA_025258505.1,Fusarium asiaticum,Y,assembly_exact,fungi,Complete Genome,GCA_025258505.1,na,Fusarium asiaticum
GCA_025399215.1,Globomyces pollinis-pini,Y,assembly_exact,fungi,Scaffold,GCA_025399215.1,na,Globomyces pollinis-pini
GCA_025919625.1,Trichoderma arundinaceum,Y,assembly_exact,fungi,Scaffold,GCA_025919625.1,na,Trichoderma arundinaceum
GCA_026119935.1,Endothia cerciana,Y,assembly_exact,fungi,Scaffold,GCA_026119935.1,na,Endothia cerciana
GCA_027576955.1,Dimargaris xerosporica,Y,assembly_exact,fungi,Scaffold,GCA_027576955.1,na,Dimargaris xerosporica
GCA_027578915.1,Coemansia sp. RSA 1200,Y,assembly_exact,fungi,Scaffold,GCA_027578915.1,na,Coemansia sp. RSA 1200
GCA_028828865.1,Penicillium sp. IBT 16267x,Y,assembly_exact,fungi,Contig,GCA_028828865.1,na,Penicillium sp. IBT 16267x
GCA_030557085.1,Candida gigantensis,Y,assembly_exact,fungi,Scaffold,GCA_030557085.1,na,Candida gigantensis
GCA_030558825.1,Blastobotrys niveus,Y,assembly_exact,fungi,Scaffold,GCA_030558825.1,na,Blastobotrys niveus
GCA_030563745.1,Kodamaea alishanica (nom. inval.),Y,assembly_exact,fungi,Scaffold,GCA_030563745.1,na,Kodamaea alishanica (nom. inval.)
GCA_030564625.1,Zygoascus hellenicus,Y,assembly_exact,fungi,Scaffold,GCA_030564625.1,na,Zygoascus hellenicus
GCA_030566085.1,Geotrichum histeridarum,Y,assembly_exact,fungi,Scaffold,GCA_030566085.1,na,Geotrichum histeridarum
GCA_030568575.1,Suhomyces ambrosiae,Y,assembly_exact,fungi,Contig,GCA_030568575.1,na,Suhomyces ambrosiae
GCA_030569875.1,Nakaseomyces bracarensis,Y,assembly_exact,fungi,Scaffold,GCA_030569875.1,na,Nakaseomyces bracarensis
GCA_030579655.1,Starmera dryadoides,Y,assembly_exact,fungi,Scaffold,GCA_030579655.1,na,Liangdongia dryadoides
GCA_030580175.1,Diutina pseudorugosa,Y,assembly_exact,fungi,Scaffold,GCA_030580175.1,na,Diutina pseudorugosa
GCA_030705105.1,Suhomyces sp. yHKS641,Y,assembly_exact,fungi,Scaffold,GCA_030705105.1,na,Suhomyces sp. yHKS641
GCA_033439705.1,Cercophora scortea,Y,assembly_exact,fungi,Contig,GCA_033439705.1,na,Cercophora scortea
GCA_036971385.1,Dactylellina parvicollis,Y,assembly_exact,fungi,Scaffold,GCA_036971385.1,na,Dactylellina parvicollis
GCA_038092295.1,Leccinum arenicola,Y,assembly_exact,fungi,Scaffold,GCA_038092295.1,na,Leccinum arenicola
GCA_039545415.1,Udeniomyces megalosporus,Y,assembly_exact,fungi,Scaffold,GCA_039545415.1,na,Udeniomyces megalosporus
GCA_039880775.1,Diaporthe vaccinii,Y,assembly_exact,fungi,Scaffold,GCA_039880775.1,na,Diaporthe vaccinii
GCF_000026365.1,Zygosaccharomyces rouxii,Y,assembly_exact,fungi,Chromosome,GCA_000026365.1,GCF_000026365.1,Zygosaccharomyces rouxii
GCF_000721765.1,Aureobasidium namibiae,Y,assembly_exact,fungi,Scaffold,GCA_000721765.1,GCF_000721765.1,Aureobasidium namibiae CBS 147.97
GCF_000835475.1,Cladophialophora bantiana,Y,assembly_exact,fungi,Scaffold,GCA_000835475.1,GCF_000835475.1,Cladophialophora bantiana CBS 173.52
GCF_001720155.1,Cryptococcus wingfieldii,Y,assembly_exact,fungi,Scaffold,GCA_001720155.1,GCF_001720155.1,Cryptococcus wingfieldii CBS 7118
GCF_008694065.1,Daldinia childiae,Y,assembly_exact,fungi,Scaffold,GCA_008694065.1,GCF_008694065.1,Daldinia childiae
GCF_025094135.1,Mucor mucedo,Y,assembly_exact,fungi,Contig,GCA_025094135.1,GCF_025094135.1,Mucor mucedo
GCF_030435595.1,Desarmillaria tabescens,Y,assembly_exact,fungi,Contig,GCA_030435595.1,GCF_030435595.1,Desarmillaria tabescens
GCF_030869305.1,Colletotrichum tamarilloi,Y,assembly_exact,fungi,Scaffold,GCA_030869305.1,GCF_030869305.1,Colletotrichum tamarilloi
GCF_033297405.1,Parathielavia appendiculata,Y,assembly_exact,fungi,Scaffold,GCA_033297405.1,GCF_033297405.1,Parathielavia appendiculata
GCF_035610405.1,Australozyma saopauloensis,Y,assembly_exact,fungi,Complete Genome,GCA_035610405.1,GCF_035610405.1,Australozyma saopauloensis
GCF_037950935.1,Myxozyma melibiosi,Y,assembly_exact,fungi,Contig,GCA_037950935.1,GCF_037950935.1,Myxozyma melibiosi
GCA_000750935.1,Pseudogymnoascus sp. VKM F-4519 (FW-2642),Y,assembly_exact,fungi,Contig,GCA_000750935.1,na,Pseudogymnoascus sp. VKM F-4519 (FW-2642)
GCA_000827265.1,Collybiopsis luxurians,Y,assembly_exact,fungi,Scaffold,GCA_000827265.1,na,Collybiopsis luxurians FD-317 M1
GCA_001511075.1,Aspergillus calidoustus,Y,assembly_exact,fungi,Scaffold,GCA_001511075.1,na,Aspergillus calidoustus
GCA_002000375.1,Penicillium sp. HKF2,Y,assembly_exact,fungi,Scaffold,GCA_002000375.1,na,Penicillium sp. HKF2
GCA_002157105.1,Piromyces sp. E2,Y,assembly_exact,fungi,Scaffold,GCA_002157105.1,na,Piromyces sp. E2
GCA_002786065.1,Microcyclospora pomicola,Y,assembly_exact,fungi,Scaffold,GCA_002786065.1,na,Microcyclospora pomicola
GCA_003004725.1,Moesziomyces sp. F16C1,Y,assembly_exact,fungi,Contig,GCA_003004725.1,na,Moesziomyces sp. F16C1
GCA_003316205.1,Boletus bicolor,Y,assembly_exact,fungi,Scaffold,GCA_003316205.1,na,Boletus bicolor
GCA_003316355.1,Tuber calosporum,Y,assembly_exact,fungi,Scaffold,GCA_003316355.1,na,Tuber calosporum
GCA_003708285.2,Cyberlindnera xylosilytica,Y,assembly_exact,fungi,Scaffold,GCA_003708285.2,na,Petasospora xylosilytica
GCA_003709825.1,Chaetothyriales sp. CBS 135597,Y,assembly_exact,fungi,Scaffold,GCA_003709825.1,na,Chaetothyriales sp. CBS 135597
GCA_009829795.1,Lasiodiplodia gonubiensis,Y,assembly_exact,fungi,Scaffold,GCA_009829795.1,na,Lasiodiplodia gonubiensis
GCA_013365195.1,Cercospora citrullina,Y,assembly_exact,fungi,Scaffold,GCA_013365195.1,na,Cercospora citrullina
GCA_016109585.1,Phialophora expanda,Y,assembly_exact,fungi,Scaffold,GCA_016109585.1,na,Phialophora expanda
GCA_018360185.1,Claviceps lovelessii,Y,assembly_exact,fungi,Contig,GCA_018360185.1,na,Claviceps lovelessii
GCA_018524765.1,Podaxis sp. AQ799166,Y,assembly_exact,fungi,Scaffold,GCA_018524765.1,na,Podaxis sp. AQ799166
GCA_019054715.1,Fusarium sp. S19/10,Y,assembly_exact,fungi,Scaffold,GCA_019054715.1,na,Fusarium sp. S19/10
GCA_022414665.1,Arthrinium puccinioides,Y,assembly_exact,fungi,Contig,GCA_022414665.1,na,Arthrinium puccinioides
GCA_022577815.1,Wickerhamiella nectarea,Y,assembly_exact,fungi,Contig,GCA_022577815.1,na,Wickerhamiella nectarea
GCA_022578705.1,Xylariaceae sp. FL1019,Y,assembly_exact,fungi,Scaffold,GCA_022578705.1,na,Xylariaceae sp. FL1019
GCA_024713685.1,Morchella sp. 2014-9hei,Y,assembly_exact,fungi,Contig,GCA_024713685.1,na,Morchella sp. 2014-9hei
GCA_024713925.1,Morchella sp. 2016-103,Y,assembly_exact,fungi,Contig,GCA_024713925.1,na,Morchella sp. 2016-103
GCA_026120035.1,Coleophoma eucalyptorum,Y,assembly_exact,fungi,Scaffold,GCA_026120035.1,na,Coleophoma eucalyptorum
GCA_028828415.1,Cordyceps cateniannulata,Y,assembly_exact,fungi,Contig,GCA_028828415.1,na,Cordyceps cateniannulata
GCA_029641185.1,Pseudofabraea citricarpa,Y,assembly_exact,fungi,Contig,GCA_029641185.1,na,Pseudofabraea citricarpa
GCA_030462955.1,[Candida] solani,Y,assembly_exact,fungi,Scaffold,GCA_030462955.1,na,Waltiozyma solani
GCA_030556755.1,Nakazawaea anatomiae,Y,assembly_exact,fungi,Scaffold,GCA_030556755.1,na,Nakazawaea anatomiae
GCA_030557285.1,Sungouiella pseudointermedia,Y,assembly_exact,fungi,Scaffold,GCA_030557285.1,na,Sungouiella pseudointermedia
GCA_030557475.1,[Candida] nanaspora,Y,assembly_exact,fungi,Scaffold,GCA_030557475.1,na,Wenyingozyma nanaspora
GCA_030558655.1,Monosporozyma yasuniensis,Y,assembly_exact,fungi,Scaffold,GCA_030558655.1,na,Monosporozyma yasuniensis
GCA_030565065.1,Pichia cephalocereana,Y,assembly_exact,fungi,Scaffold,GCA_030565065.1,na,Pichia cephalocereana
GCA_030578495.1,Starmerella sirachaensis,Y,assembly_exact,fungi,Contig,GCA_030578495.1,na,Starmerella sirachaensis
GCA_030579435.1,Ogataea nitratoaversa,Y,assembly_exact,fungi,Scaffold,GCA_030579435.1,na,Ogataea nitratoaversa
GCA_032158085.1,Aspergillus hortae,Y,assembly_exact,fungi,Scaffold,GCA_032158085.1,na,Aspergillus hortae
GCA_033575675.1,Parathielavia hyrcaniae,Y,assembly_exact,fungi,Scaffold,GCA_033575675.1,na,Parathielavia hyrcaniae
GCA_037577435.1,Fusarium sulawesiense,Y,assembly_exact,fungi,Contig,GCA_037577435.1,na,Fusarium sulawesiense
GCA_038088775.1,Boletus barrowsii,Y,assembly_exact,fungi,Scaffold,GCA_038088775.1,na,Boletus barrowsii
GCA_038090435.1,Phylloporus scabripes,Y,assembly_exact,fungi,Scaffold,GCA_038090435.1,na,Phylloporus scabripes
GCA_038091615.1,Leccinum solheimii,Y,assembly_exact,fungi,Scaffold,GCA_038091615.1,na,Leccinum solheimii
GCA_038093535.1,Boletus reticulatus,Y,assembly_exact,fungi,Contig,GCA_038093535.1,na,Boletus reticulatus
GCA_038407185.1,Chalaropsis ovoidea,Y,assembly_exact,fungi,Contig,GCA_038407185.1,na,Chalaropsis ovoidea
GCA_900074715.1,Lachancea meyersii,Y,name_exact,fungi,,,,Lachancea meyersii
GCA_949640775.1,Jamesozyma spencerorum,Y,name_exact,fungi,,,,Jamesozyma spencerorum
GCF_000300595.1,Phanerochaete carnosa,Y,assembly_exact,fungi,Scaffold,GCA_000300595.1,GCF_000300595.1,Phanerochaete carnosa HHB-10118-sp
GCF_000497045.1,Kalmanozyma brasiliensis,Y,assembly_exact,fungi,Scaffold,GCA_000497045.1,GCF_000497045.1,Kalmanozyma brasiliensis GHG001
GCF_000836295.1,Verruconis gallopava,Y,assembly_exact,fungi,Scaffold,GCA_000836295.1,GCF_000836295.1,Verruconis gallopava
GCF_001896365.1,Talaromyces amestolkiae,Y,assembly_exact,fungi,Scaffold,GCA_001896365.1,GCF_001896365.1,Talaromyces amestolkiae
GCF_003184535.1,Aspergillus eucalypticola,Y,assembly_exact,fungi,Contig,GCA_003184535.1,GCF_003184535.1,Aspergillus eucalypticola CBS 122712
GCF_013085055.1,Fusarium oxysporum,Y,assembly_exact,fungi,Complete Genome,GCA_013085055.1,GCF_013085055.1,Fusarium oxysporum Fo47
GCF_019207285.1,Ogataea haglerorum,Y,assembly_exact,fungi,Scaffold,GCA_019207285.1,GCF_019207285.1,Ogataea haglerorum
GCF_030384665.1,Lodderomyces elongisporus,Y,assembly_exact,fungi,Complete Genome,GCA_030384665.1,GCF_030384665.1,Lodderomyces elongisporus
GCF_030869225.1,Colletotrichum abscissum,Y,assembly_exact,fungi,Scaffold,GCA_030869225.1,GCF_030869225.1,Colletotrichum abscissum
GCA_000002945.3,Schizosaccharomyces pombe,Y,assembly_exact,fungi,Chromosome,GCA_000002945.3,GCF_000002945.2,Schizosaccharomyces pombe
GCA_000151175.1,Trichophyton equinum,Y,assembly_exact,fungi,Scaffold,GCA_000151175.1,na,Trichophyton equinum CBS 127.97
GCA_000504465.1,Cryomyces antarcticus,Y,assembly_exact,fungi,Contig,GCA_000504465.1,na,Cryomyces antarcticus CCFEE 534
GCA_000738655.1,Venturia pyrina,Y,assembly_exact,fungi,Scaffold,GCA_000738655.1,na,Venturia pyrina ICMP 11032
GCA_001414455.1,Hymenoscyphus fructigenus,Y,assembly_exact,fungi,Contig,GCA_001414455.1,na,Hymenoscyphus fructigenus
GCA_001600715.1,Cutaneotrichosporon cutaneum,Y,assembly_exact,fungi,Scaffold,GCA_001600715.1,na,Cutaneotrichosporon cutaneum
GCA_001650995.1,Gongronella sp. w5,Y,assembly_exact,fungi,Scaffold,GCA_001650995.1,na,Gongronella sp. w5
GCA_002234255.1,Fusarium sp. Na10,Y,assembly_exact,fungi,Scaffold,GCA_002234255.1,na,Fusarium sp. Na10
GCA_002370645.1,Metschnikowia sp. 00-154.1,Y,assembly_exact,fungi,Scaffold,GCA_002370645.1,na,Metschnikowia sp. 00-154.1
GCA_002994865.1,Rhizopogon parksii,Y,assembly_exact,fungi,Scaffold,GCA_002994865.1,na,Rhizopogon parksii
GCA_003313075.1,Termitomyces sp. MG16,Y,assembly_exact,fungi,Scaffold,GCA_003313075.1,na,Termitomyces sp. MG16
GCA_004367075.1,Fusarium incarnatum,Y,assembly_exact,fungi,Scaffold,GCA_004367075.1,na,Fusarium incarnatum
GCA_014065205.1,Tuber brumale,Y,assembly_exact,fungi,Scaffold,GCA_014065205.1,na,Tuber brumale
GCA_015679585.1,Entomortierella beljakovae,Y,assembly_exact,fungi,Scaffold,GCA_015679585.1,na,Entomortierella beljakovae
GCA_016630955.3,Didymella arachidicola,Y,assembly_exact,fungi,Chromosome,GCA_016630955.3,na,Didymella arachidicola
GCA_018257855.2,Cladonia borealis,Y,assembly_exact,fungi,Contig,GCA_018257855.2,na,Cladonia borealis
GCA_018360135.1,Claviceps sorghi,Y,assembly_exact,fungi,Contig,GCA_018360135.1,na,Claviceps sorghi
GCA_019775635.1,Cladosporium sp. VS III D KN 1,Y,assembly_exact,fungi,Scaffold,GCA_019775635.1,na,Cladosporium sp. VS III D KN 1
GCA_019976485.1,Apiospora pterosperma,Y,assembly_exact,fungi,Contig,GCA_019976485.1,na,Apiospora pterosperma
GCA_020081605.1,Albifimbria verrucaria,Y,assembly_exact,fungi,Scaffold,GCA_020081605.1,na,Albifimbria verrucaria
GCA_022593225.1,Xylaria sp. FL0064,Y,assembly_exact,fungi,Contig,GCA_022593225.1,na,Xylaria sp. FL0064
GCA_022963135.1,Ustilago loliicola,Y,assembly_exact,fungi,Contig,GCA_022963135.1,na,Ustilago loliicola
GCA_023512815.1,Cercospora zeae-maydis,Y,assembly_exact,fungi,Contig,GCA_023512815.1,na,Cercospora zeae-maydis
GCA_024180945.1,Macrophomina tecta,Y,assembly_exact,fungi,Contig,GCA_024180945.1,na,Macrophomina tecta
GCA_024243985.1,Nematocida sp. LUAm3,Y,assembly_exact,fungi,Scaffold,GCA_024243985.1,na,Nematocida sp. LUAm3
GCA_024713875.1,Morchella sp. 2016-57,Y,assembly_exact,fungi,Contig,GCA_024713875.1,na,Morchella sp. 2016-57
GCA_025502685.1,Pascua sp. PH4015B,Y,assembly_exact,fungi,Scaffold,GCA_025502685.1,na,Pascua sp. PH4015B
GCA_026210745.1,Exobasidium rhododendri,Y,assembly_exact,fungi,Complete Genome,GCA_026210745.1,na,Exobasidium rhododendri
GCA_027569205.1,Aspergillus kassunensis,Y,assembly_exact,fungi,Contig,GCA_027569205.1,na,Aspergillus kassunensis
GCA_027569585.1,Penicillium silybi,Y,assembly_exact,fungi,Contig,GCA_027569585.1,na,Penicillium silybi
GCA_027577635.1,Coemansia sp. RSA 475,Y,assembly_exact,fungi,Scaffold,GCA_027577635.1,na,Coemansia sp. RSA 475
GCA_027596195.1,Podochytrium sp. JEL0797,Y,assembly_exact,fungi,Contig,GCA_027596195.1,na,Podochytrium sp. JEL0797
GCA_027627325.1,Phlebia brevispora,Y,assembly_exact,fungi,Contig,GCA_027627325.1,na,Phlebia brevispora
GCA_030563665.1,[Candida] broadrunensis,Y,assembly_exact,fungi,Scaffold,GCA_030563665.1,na,Scheffersomyces broadrunensis
GCA_030564665.1,Starmerella apis,Y,assembly_exact,fungi,Scaffold,GCA_030564665.1,na,Entelexis apis
GCA_030565405.1,Ogataea paraovalis,Y,assembly_exact,fungi,Scaffold,GCA_030565405.1,na,Ogataea paraovalis
GCA_030567025.1,Geotrichum europaeum,Y,assembly_exact,fungi,Scaffold,GCA_030567025.1,na,Geotrichum europaeum
GCA_030569835.1,Pichia sp. NRRL Y-27261,Y,assembly_exact,fungi,Scaffold,GCA_030569835.1,na,Pichia sp. NRRL Y-27261
GCA_030574315.1,Ogataea siamensis,Y,assembly_exact,fungi,Scaffold,GCA_030574315.1,na,Ogataea siamensis
GCA_030580355.1,Debaryomycetaceae sp. yHKB357,Y,assembly_exact,fungi,Scaffold,GCA_030580355.1,na,Debaryomycetaceae sp. yHKB357
GCA_030582775.1,[Candida] endomychidarum,Y,assembly_exact,fungi,Contig,GCA_030582775.1,na,[Candida] endomychidarum
GCA_030582895.1,Candidozyma ruelliae,Y,assembly_exact,fungi,Scaffold,GCA_030582895.1,na,Candidozyma ruelliae
GCA_031010415.1,Talaromyces nanjingensis,Y,assembly_exact,fungi,Contig,GCA_031010415.1,na,Talaromyces nanjingensis
GCA_031124835.1,Saccharomycopsis synnaedendra,Y,assembly_exact,fungi,Contig,GCA_031124835.1,na,Saccharomycopsis synnaedendra
GCA_038089695.1,Xanthoconium separans,Y,assembly_exact,fungi,Scaffold,GCA_038089695.1,na,Xanthoconium separans
GCA_038094475.1,Phylloporus aff. rhodophaeus,Y,assembly_exact,fungi,Scaffold,GCA_038094475.1,na,Phylloporus aff. rhodophaeus
GCA_038362705.1,Apiospora aurea,Y,assembly_exact,fungi,Contig,GCA_038362705.1,GCF_038362705.1,Apiospora aurea
GCA_038364195.1,Apiospora sp. TS-2023a,Y,assembly_exact,fungi,Contig,GCA_038364195.1,na,Apiospora sp. TS-2023a
GCA_039545395.1,Filobasidium uniguttulatum,Y,assembly_exact,fungi,Scaffold,GCA_039545395.1,na,Filobasidium uniguttulatum
GCA_039700045.1,Malbranchea zuffiana,Y,assembly_exact,fungi,Contig,GCA_039700045.1,na,Malbranchea zuffiana
GCA_900074745.1,Lachancea mirantina,Y,name_exact,fungi,,,,Lachancea mirantina
GCF_000835495.1,Cladophialophora immunda,Y,assembly_exact,fungi,Scaffold,GCA_000835495.1,GCF_000835495.1,Cladophialophora immunda
GCF_004355905.1,Pyricularia grisea,Y,assembly_exact,fungi,Chromosome,GCA_004355905.1,GCF_004355905.1,Pyricularia grisea
GCF_010094145.1,Didymella exigua,Y,assembly_exact,fungi,Scaffold,GCA_010094145.1,GCF_010094145.1,Didymella exigua CBS 183.55
GCF_020360975.1,Hirsutella rhossiliensis,Y,name_exact,fungi,,,,Hirsutella rhossiliensis
GCF_030864355.1,Cutaneotrichosporon cavernicola,Y,assembly_exact,fungi,Complete Genome,GCA_030864355.1,GCF_030864355.1,Cutaneotrichosporon cavernicola
GCF_900007375.1,Fusarium venenatum,Y,name_exact,fungi,,,,Fusarium venenatum
GCA_000611695.1,Rhizomucor miehei,Y,assembly_exact,fungi,Scaffold,GCA_000611695.1,na,Rhizomucor miehei CAU432
GCA_001179725.1,Macrocystidia cucumis,Y,assembly_exact,fungi,Scaffold,GCA_001179725.1,na,Macrocystidia cucumis
GCA_001599015.1,Apiotrichum domesticum,Y,assembly_exact,fungi,Scaffold,GCA_001599015.1,na,Apiotrichum domesticum
GCA_001600575.1,Didymobotryum rigidum,Y,assembly_exact,fungi,Scaffold,GCA_001600575.1,na,Didymobotryum rigidum
GCA_001662595.1,Pseudogymnoascus sp. 24MN13,Y,assembly_exact,fungi,Scaffold,GCA_001662595.1,na,Pseudogymnoascus sp. 24MN13
GCA_002803225.1,Gamarada debralockiae,Y,assembly_exact,fungi,Contig,GCA_002803225.1,na,Gamarada debralockiae
GCA_002893705.1,Metschnikowia drosophilae,Y,assembly_exact,fungi,Scaffold,GCA_002893705.1,na,Metschnikowia drosophilae
GCA_002938375.1,Psilocybe cyanescens,Y,assembly_exact,fungi,Scaffold,GCA_002938375.1,na,Psilocybe cyanescens
GCA_002939055.1,Hypocreales sp. Mo6-1,Y,assembly_exact,fungi,Contig,GCA_002939055.1,na,Hypocreales sp. Mo6-1
GCA_003313055.1,Termitomyces sp. MG145,Y,assembly_exact,fungi,Scaffold,GCA_003313055.1,na,Termitomyces sp. MG145
GCA_004916875.1,Botrytis galanthina,Y,assembly_exact,fungi,Scaffold,GCA_004916875.1,na,Botrytis galanthina
GCA_006503525.1,Cryphonectria nitschkei,Y,assembly_exact,fungi,Scaffold,GCA_006503525.1,na,Cryphonectria nitschkei
GCA_011066345.1,Trichoderma lentiforme,Y,assembly_exact,fungi,Scaffold,GCA_011066345.1,na,Trichoderma lentiforme
GCA_013364905.1,Diaporthe capsici,Y,assembly_exact,fungi,Contig,GCA_013364905.1,na,Diaporthe capsici
GCA_013623525.1,Fusarium dimerum,Y,assembly_exact,fungi,Scaffold,GCA_013623525.1,na,Fusarium dimerum
GCA_014824405.1,Fusarium sp. NRRL 66896,Y,assembly_exact,fungi,Scaffold,GCA_014824405.1,na,Fusarium sp. NRRL 66896
GCA_015501075.1,Gymnopilus junonius,Y,assembly_exact,fungi,Contig,GCA_015501075.1,na,Gymnopilus junonius
GCA_016098155.1,Actinomortierella ambigua,Y,assembly_exact,fungi,Scaffold,GCA_016098155.1,na,Actinomortierella ambigua
GCA_017311285.1,Pneumocystis oryctolagi,Y,assembly_exact,fungi,Scaffold,GCA_017311285.1,na,Pneumocystis oryctolagi
GCA_018398575.1,Ampelomyces quisqualis,Y,assembly_exact,fungi,Scaffold,GCA_018398575.1,na,Ampelomyces quisqualis
GCA_018985225.1,Amoeboradix gromovi,Y,assembly_exact,fungi,Contig,GCA_018985225.1,na,Amoeboradix gromovi
GCA_019565615.1,Trichoderma simmonsii,Y,assembly_exact,fungi,Complete Genome,GCA_019565615.1,na,Trichoderma simmonsii
GCA_019804575.2,Pseudotulostoma volvatum,Y,assembly_exact,fungi,Scaffold,GCA_019804575.2,na,Pseudotulostoma volvatum
GCA_023213015.1,Komagataella mondaviorum,Y,assembly_exact,fungi,Contig,GCA_023213015.1,na,Komagataella mondaviorum
GCA_023627475.1,Aspergillus sp. S3505,Y,assembly_exact,fungi,Scaffold,GCA_023627475.1,na,Aspergillus sp. S3505
GCA_023627715.1,Periconia sp. R9002,Y,assembly_exact,fungi,Scaffold,GCA_023627715.1,na,Periconia sp. R9002
GCA_023630055.1,Trichosporon sp. PB005A,Y,assembly_exact,fungi,Scaffold,GCA_023630055.1,na,Trichosporon sp. PB005A
GCA_023920165.1,Curvularia clavata,Y,assembly_exact,fungi,Complete Genome,GCA_023920165.1,na,Curvularia clavata
GCA_024139415.1,Backusella tarrabulga,Y,assembly_exact,fungi,Scaffold,GCA_024139415.1,na,Backusella tarrabulga
GCA_024586305.1,Debaryomyces sp. S3305,Y,assembly_exact,fungi,Scaffold,GCA_024586305.1,na,Debaryomyces sp. S3305
GCA_024613165.1,Pisolithus albus,Y,assembly_exact,fungi,Contig,GCA_024613165.1,na,Pisolithus albus
GCA_024668715.1,Aspergillus texensis,Y,assembly_exact,fungi,Scaffold,GCA_024668715.1,na,Aspergillus texensis
GCA_025765615.1,Zopfochytrium polystomum,Y,assembly_exact,fungi,Contig,GCA_025765615.1,na,Zopfochytrium polystomum
GCA_026120015.1,Dendrostoma leiphaemia,Y,assembly_exact,fungi,Scaffold,GCA_026120015.1,na,Dendrostoma leiphaemia
GCA_026958235.1,Clonostachys rosea,Y,assembly_exact,fungi,Complete Genome,GCA_026958235.1,na,Clonostachys rosea
GCA_028827375.1,Penicillium desertorum,Y,assembly_exact,fungi,Contig,GCA_028827375.1,na,Penicillium desertorum
GCA_028827385.1,Penicillium freii,Y,assembly_exact,fungi,Contig,GCA_028827385.1,na,Penicillium freii
GCA_029204075.1,Mycena capillaripes,Y,assembly_exact,fungi,Contig,GCA_029204075.1,na,Mycena capillaripes
GCA_030571615.1,Jamesozyma hellenica,Y,assembly_exact,fungi,Scaffold,GCA_030571615.1,na,Jamesozyma hellenica
GCA_030575015.1,Cephaloascus albidus,Y,assembly_exact,fungi,Scaffold,GCA_030575015.1,na,Cephaloascus albidus
GCA_030674215.1,Kodamaea nitidulidarum,Y,assembly_exact,fungi,Scaffold,GCA_030674215.1,na,Kodamaea nitidulidarum
GCA_030782485.1,Beauveria brongniartii,Y,assembly_exact,fungi,Contig,GCA_030782485.1,na,Beauveria brongniartii
GCA_030787035.1,Aschersonia sp. MBC 877,Y,assembly_exact,fungi,Contig,GCA_030787035.1,na,Aschersonia sp. MBC 877
GCA_032629725.1,Gremmenia infestans,Y,assembly_exact,fungi,Contig,GCA_032629725.1,na,Gremmenia infestans
GCA_036936965.1,Cystoderma amianthinum,Y,assembly_exact,fungi,Scaffold,GCA_036936965.1,na,Cystoderma amianthinum
GCA_037040325.1,Mucor sp. M7501,Y,assembly_exact,fungi,Scaffold,GCA_037040325.1,na,Mucor sp. M7501
GCA_037042525.1,Aspergillus sp. P7301S-1,Y,assembly_exact,fungi,Scaffold,GCA_037042525.1,na,Aspergillus sp. P7301S-1
GCA_038051015.1,Phyllosticta paracitricarpa,Y,assembly_exact,fungi,Contig,GCA_038051015.1,na,Phyllosticta paracitricarpa
GCA_038089355.1,Pulveroboletus ridleyi,Y,assembly_exact,fungi,Scaffold,GCA_038089355.1,na,Pulveroboletus ridleyi
GCA_038091695.1,Leccinum proximum,Y,assembly_exact,fungi,Scaffold,GCA_038091695.1,na,Leccinum proximum
GCA_038094335.1,Tylopilus aff. striatulus,Y,assembly_exact,fungi,Scaffold,GCA_038094335.1,na,Tylopilus aff. striatulus
GCF_000150825.1,Verticillium alfalfae,Y,assembly_exact,fungi,Scaffold,GCA_000150825.1,GCF_000150825.1,Verticillium alfalfae VaMs.102
GCF_000320585.1,Heterobasidion irregulare,Y,assembly_exact,fungi,Scaffold,GCA_000320585.2,GCF_000320585.1,Heterobasidion irregulare TC 32-1
GCF_000359705.1,Exserohilum turcicum,Y,assembly_exact,fungi,Scaffold,GCA_000359705.1,GCF_000359705.1,Exserohilum turcica Et28A
GCF_028974085.1,Penicillium chermesinum,Y,assembly_exact,fungi,Contig,GCA_028974085.1,GCF_028974085.1,Penicillium chermesinum
GCF_900007245.1,Priceomyces carsonii,Y,name_exact,fungi,,,,Priceomyces carsonii
GCA_000750735.1,Pseudogymnoascus sp. VKM F-4246,Y,assembly_exact,fungi,Contig,GCA_000750735.1,na,Pseudogymnoascus sp. VKM F-4246
GCA_000800745.1,Diaporthe longicolla,Y,assembly_exact,fungi,Scaffold,GCA_000800745.1,na,Diaporthe longicolla
GCA_001051155.2,Chrysoporthe austroafricana,Y,assembly_exact,fungi,Scaffold,GCA_001051155.2,na,Chrysoporthe austroafricana
GCA_001599075.1,Ambrosiozyma kashinagicola,Y,assembly_exact,fungi,Scaffold,GCA_001599075.1,na,Ambrosiozyma kashinagicola
GCA_001599275.1,Wickerhamiella domercqiae,Y,assembly_exact,fungi,Scaffold,GCA_001599275.1,na,Wickerhamiella domercqiae
GCA_001691755.2,Amanita polypyramis,Y,assembly_exact,fungi,Scaffold,GCA_001691755.2,na,Amanita polypyramis BW_CC
GCA_001972325.1,Termitomyces sp. JCM 13351,Y,assembly_exact,fungi,Scaffold,GCA_001972325.1,na,Termitomyces sp. JCM 13351
GCA_002374385.1,Metschnikowia borealis,Y,assembly_exact,fungi,Scaffold,GCA_002374385.1,na,Metschnikowia borealis
GCA_002895615.1,Saccharomycopsis sp. UWO(PS) 91-127.1,Y,assembly_exact,fungi,Scaffold,GCA_002895615.1,na,Saccharomycopsis sp. UWO(PS) 91-127.1
GCA_002980515.1,Fusarium burgessii,Y,assembly_exact,fungi,Scaffold,GCA_002980515.1,na,Fusarium burgessii
GCA_003316435.1,Russula virescens,Y,assembly_exact,fungi,Scaffold,GCA_003316435.1,na,Russula virescens
GCA_003664465.1,Trichophyton mentagrophytes,Y,assembly_exact,fungi,Scaffold,GCA_003664465.1,na,Trichophyton mentagrophytes
GCA_003945565.1,Tolypocladium inflatum,Y,assembly_exact,fungi,Contig,GCA_003945565.1,na,Tolypocladium inflatum
GCA_004367095.1,Fusarium nanum,Y,assembly_exact,fungi,Scaffold,GCA_004367095.1,na,Fusarium nanum
GCA_009806335.1,Davidsoniella australis,Y,assembly_exact,fungi,Contig,GCA_009806335.1,na,Davidsoniella australis
GCA_010015785.1,Saccharata proteae,Y,assembly_exact,fungi,Scaffold,GCA_010015785.1,na,Saccharata proteae CBS 121410
GCA_011320165.1,Fusarium protoensiforme,Y,assembly_exact,fungi,Scaffold,GCA_011320165.1,na,Fusarium protoensiforme
GCA_011800155.1,Flammulina velutipes,Y,assembly_exact,fungi,Chromosome,GCA_011800155.1,na,Flammulina velutipes
GCA_013416785.2,Fusarium sp. BWC1,Y,assembly_exact,fungi,Scaffold,GCA_013416785.2,na,Fusarium sp. BWC1
GCA_014235955.1,Colletotrichum sojae,Y,assembly_exact,fungi,Scaffold,GCA_014235955.1,na,Colletotrichum sojae
GCA_014851275.1,Cryphonectria japonica,Y,assembly_exact,fungi,Scaffold,GCA_014851275.1,na,Cryphonectria japonica
GCA_015179015.1,Boletus edulis,Y,assembly_exact,fungi,Contig,GCA_015179015.1,na,Boletus edulis BED1
GCA_015501585.1,Rhodocollybia butyracea,Y,assembly_exact,fungi,Contig,GCA_015501585.1,na,Rhodocollybia butyracea
GCA_016165855.1,Pseudocercospora ulei,Y,assembly_exact,fungi,Scaffold,GCA_016165855.1,na,Pseudocercospora ulei
GCA_017657355.1,Termitomyces sp. K1Ac,Y,assembly_exact,fungi,Scaffold,GCA_017657355.1,na,Termitomyces sp. K1Ac
GCA_022544895.1,Biscogniauxia sp. FL1348,Y,assembly_exact,fungi,Contig,GCA_022544895.1,na,Biscogniauxia sp. FL1348
GCA_022606435.1,Calonectria montana,Y,assembly_exact,fungi,Contig,GCA_022606435.1,na,Calonectria montana
GCA_022813555.1,Botryosphaeria agaves,Y,assembly_exact,fungi,Scaffold,GCA_022813555.1,na,Botryosphaeria agaves
GCA_023014345.1,Galerina sulciceps,Y,assembly_exact,fungi,Contig,GCA_023014345.1,na,Galerina sulciceps
GCA_023621305.1,Alternaria sp. M3903,Y,assembly_exact,fungi,Scaffold,GCA_023621305.1,na,Alternaria sp. M3903
GCA_023621355.1,Cladosporium sphaerospermum,Y,assembly_exact,fungi,Scaffold,GCA_023621355.1,na,Cladosporium sphaerospermum
GCA_023627535.1,Aspergillus sp. S1802E,Y,assembly_exact,fungi,Scaffold,GCA_023627535.1,na,Aspergillus sp. S1802E
GCA_024340505.1,Tolypocladium nubicola,Y,assembly_exact,fungi,Scaffold,GCA_024340505.1,na,Tolypocladium nubicola
GCA_025200755.1,Ceratobasidium sp. C01,Y,assembly_exact,fungi,Scaffold,GCA_025200755.1,na,Ceratobasidium sp. C01
GCA_027569635.1,Lasiosphaeriaceae sp. G1095,Y,assembly_exact,fungi,Contig,GCA_027569635.1,na,Lasiosphaeriaceae sp. G1095
GCA_027946515.1,Gnomoniopsis smithogilvyi,Y,assembly_exact,fungi,Scaffold,GCA_027946515.1,na,Gnomoniopsis smithogilvyi
GCA_027946555.1,Gnomoniopsis sp. IMI 355080,Y,assembly_exact,fungi,Contig,GCA_027946555.1,na,Gnomoniopsis sp. IMI 355080
GCA_029298715.1,Ophiostoma ulmi,Y,assembly_exact,fungi,Contig,GCA_029298715.1,na,Ophiostoma ulmi
GCA_029449235.1,Linnemannia schmuckeri,Y,assembly_exact,fungi,Contig,GCA_029449235.1,na,Linnemannia schmuckeri
GCA_030566065.1,Debaryomyces robertsiae,Y,assembly_exact,fungi,Scaffold,GCA_030566065.1,na,Debaryomyces robertsiae
GCA_030571145.1,Pichia sp. yHKS168,Y,assembly_exact,fungi,Scaffold,GCA_030571145.1,na,Pichia sp. yHKS168
GCA_030580435.1,Lipomyces anomalus,Y,assembly_exact,fungi,Contig,GCA_030580435.1,na,Babjevia anomala
GCA_030582675.1,Suhomyces sp. yHQL142,Y,assembly_exact,fungi,Scaffold,GCA_030582675.1,na,Suhomyces sp. yHQL142
GCA_030582875.1,Australozyma picinguabensis,Y,assembly_exact,fungi,Scaffold,GCA_030582875.1,na,Australozyma picinguabensis
GCA_030674525.1,Metschnikowia chrysoperlae,Y,assembly_exact,fungi,Scaffold,GCA_030674525.1,na,Metschnikowia chrysoperlae
GCA_032988165.1,Emmonsiellopsis sp. PD_33,Y,assembly_exact,fungi,Scaffold,GCA_032988165.1,na,Emmonsiellopsis sp. PD_33
GCA_036712075.1,Penicillium sp. DT28,Y,assembly_exact,fungi,Scaffold,GCA_036712075.1,na,Penicillium sp. DT28
GCA_036937015.1,Crucibulum parvulum,Y,assembly_exact,fungi,Scaffold,GCA_036937015.1,na,Crucibulum parvulum
GCA_036971715.1,Arthrobotrys musiformis,Y,assembly_exact,fungi,Contig,GCA_036971715.1,na,Arthrobotrys musiformis
GCA_037042445.1,Wickerhamomyces sp. Y91-04,Y,assembly_exact,fungi,Contig,GCA_037042445.1,na,Wickerhamomyces sp. Y91-04
GCA_037575805.1,Lecanicillium sp. G3,Y,assembly_exact,fungi,Scaffold,GCA_037575805.1,na,Lecanicillium sp. G3
GCA_038090455.1,Garcileccinum viscosum,Y,assembly_exact,fungi,Scaffold,GCA_038090455.1,na,Garcileccinum viscosum
GCA_038092615.1,Boletus sphaerocystis,Y,assembly_exact,fungi,Scaffold,GCA_038092615.1,na,Boletus sphaerocystis
GCF_003290485.1,Malassezia restricta,Y,assembly_exact,fungi,Complete Genome,GCA_003290485.1,GCF_003290485.1,Malassezia restricta
GCF_014595645.1,Diaporthe citri,Y,assembly_exact,fungi,Contig,GCA_014595645.1,GCF_014595645.1,Diaporthe citri
GCF_021365285.1,Talaromyces proteolyticus,Y,assembly_exact,fungi,Contig,GCA_021365285.1,GCF_021365285.1,Talaromyces proteolyticus
GCF_028829835.1,Penicillium mononematosum,Y,assembly_exact,fungi,Contig,GCA_028829835.1,GCF_028829835.1,Penicillium mononematosum
GCA_000611715.1,Scolecobasidium constrictum,Y,assembly_exact,fungi,Contig,GCA_000611715.1,na,Scolecobasidium constrictum UM 578
GCA_000709145.1,Balansia obtecta,Y,assembly_exact,fungi,Contig,GCA_000709145.1,na,Balansia obtecta B249
GCA_000787455.1,Evansstolkia leycettana,Y,assembly_exact,fungi,Contig,GCA_000787455.1,na,Evansstolkia leycettana
GCA_001599375.1,Phoma herbarum,Y,assembly_exact,fungi,Scaffold,GCA_001599375.1,na,Phoma herbarum
GCA_001599395.1,Scheffersomyces lignosus,Y,assembly_exact,fungi,Scaffold,GCA_001599395.1,na,Scheffersomyces lignosus
GCA_002938385.1,Gymnopilus dilepis,Y,assembly_exact,fungi,Scaffold,GCA_002938385.1,na,Gymnopilus dilepis
GCA_003717165.1,Protomyces inundatus,Y,assembly_exact,fungi,Contig,GCA_003717165.1,na,Protomyces inundatus
GCA_004155945.1,Monosporascus sp. mg162,Y,assembly_exact,fungi,Scaffold,GCA_004155945.1,na,Monosporascus sp. mg162
GCA_004367475.1,Fusarium camptoceras,Y,assembly_exact,fungi,Scaffold,GCA_004367475.1,na,Fusarium camptoceras
GCA_006508115.1,Apiospora malaysiana,Y,assembly_exact,fungi,Scaffold,GCA_006508115.1,na,Apiospora malaysiana
GCA_011800875.2,Suillus brevipes,Y,assembly_exact,fungi,Scaffold,GCA_011800875.2,na,Suillus brevipes Sb2
GCA_013186375.1,Fusarium aywerte,Y,assembly_exact,fungi,Scaffold,GCA_013186375.1,na,Fusarium aywerte
GCA_014805555.1,Astathelohania contejeani,Y,assembly_exact,fungi,Scaffold,GCA_014805555.1,na,Astathelohania contejeani
GCA_014898925.1,Fusarium nelsonii,Y,assembly_exact,fungi,Scaffold,GCA_014898925.1,na,Fusarium nelsonii
GCA_015179125.1,Gautieria morchelliformis,Y,assembly_exact,fungi,Contig,GCA_015179125.1,na,Gautieria morchelliformis
GCA_016801325.1,Hypholoma fasciculare,Y,assembly_exact,fungi,Scaffold,GCA_016801325.1,na,Hypholoma fasciculare
GCA_019926025.1,Rhodotorula kratochvilovae,Y,assembly_exact,fungi,Contig,GCA_019926025.1,na,Rhodotorula kratochvilovae
GCA_020747015.1,Pyrenochaeta sp. MPI-SDFR-AT-0127,Y,assembly_exact,fungi,Contig,GCA_020747015.1,na,Pyrenochaeta sp. MPI-SDFR-AT-0127
GCA_020975735.1,Ophiocordyceps xuefengensis,Y,assembly_exact,fungi,Contig,GCA_020975735.1,na,Ophiocordyceps xuefengensis
GCA_021365295.1,Tricladium varicosporioides,Y,assembly_exact,fungi,Contig,GCA_021365295.1,na,Tricladium varicosporioides
GCA_021527695.1,Naematelia aurantialba,Y,assembly_exact,fungi,Contig,GCA_021527695.1,na,Naematelia aurantialba
GCA_022345705.2,Sabuloglossum arenarium,Y,assembly_exact,fungi,Scaffold,GCA_022345705.2,na,Sabuloglossum arenarium
GCA_022495065.1,Xylaria telfairii,Y,assembly_exact,fungi,Scaffold,GCA_022495065.1,na,Xylaria telfairii
GCA_022496185.1,Multifurca ochricompacta,Y,assembly_exact,fungi,Contig,GCA_022496185.1,na,Multifurca ochricompacta
GCA_022963125.1,Ustilago nuda,Y,assembly_exact,fungi,Contig,GCA_022963125.1,na,Ustilago nuda
GCA_024195555.1,Aureobasidium sp. EXF-12298,Y,assembly_exact,fungi,Contig,GCA_024195555.1,na,Aureobasidium sp. EXF-12298
GCA_024343385.1,Tremella yokohamensis,Y,assembly_exact,fungi,Scaffold,GCA_024343385.1,na,Tremella yokohamensis
GCA_025802455.2,Iodosphaeria phyllophila,Y,assembly_exact,fungi,Scaffold,GCA_025802455.2,na,Iodosphaeria phyllophila
GCA_027579115.1,Coemansia javaensis,Y,assembly_exact,fungi,Scaffold,GCA_027579115.1,na,Coemansia javaensis
GCA_028828275.1,Penicillium frequentans,Y,assembly_exact,fungi,Contig,GCA_028828275.1,na,Penicillium frequentans
GCA_029299165.1,Ophiostoma himal-ulmi,Y,assembly_exact,fungi,Contig,GCA_029299165.1,na,Ophiostoma himal-ulmi
GCA_029378245.1,Roridomyces roridus,Y,assembly_exact,fungi,Contig,GCA_029378245.1,na,Roridomyces roridus
GCA_030555655.1,Starmerella floris,Y,assembly_exact,fungi,Scaffold,GCA_030555655.1,na,Starmerella floris
GCA_030555945.1,Gaillardinia entomophila,Y,assembly_exact,fungi,Scaffold,GCA_030555945.1,na,Gaillardinia entomophila
GCA_030561065.1,Sporopachydermia cereana,Y,assembly_exact,fungi,Scaffold,GCA_030561065.1,na,Sporopachydermia cereana
GCA_030567085.1,Hermanozyma ubatubensis,Y,assembly_exact,fungi,Scaffold,GCA_030567085.1,na,Hermanozyma ubatubensis
GCA_030567775.1,[Candida] nemodendra,Y,assembly_exact,fungi,Scaffold,GCA_030567775.1,na,Ogataea nemodendra
GCA_030574355.1,Kurtzmaniella natalensis,Y,assembly_exact,fungi,Scaffold,GCA_030574355.1,na,Kurtzmaniella natalensis
GCA_030582695.1,[Candida] golubevii,Y,assembly_exact,fungi,Scaffold,GCA_030582695.1,na,[Candida] golubevii
GCA_030583035.1,[Candida] taylorii,Y,assembly_exact,fungi,Scaffold,GCA_030583035.1,na,[Candida] taylorii
GCA_031081845.1,Debaryomycetaceae sp. UCDFST 68-768.1,Y,assembly_exact,fungi,Scaffold,GCA_031081845.1,na,Debaryomycetaceae sp. UCDFST 68-768.1
GCA_033296875.1,Achaetomium macrosporum,Y,assembly_exact,fungi,Scaffold,GCA_033296875.1,na,Achaetomium macrosporum
GCA_035772785.1,Phlebiopsis flavidoalba,Y,assembly_exact,fungi,Contig,GCA_035772785.1,na,Phlebiopsis flavidoalba
GCA_037043795.1,Cunninghamella bertholletiae,Y,assembly_exact,fungi,Scaffold,GCA_037043795.1,na,Cunninghamella bertholletiae
GCA_037176845.1,Paramarasmius palmivorus,Y,assembly_exact,fungi,Contig,GCA_037176845.1,na,Paramarasmius palmivorus
GCA_037974915.1,Ceratobasidium theobromae,Y,assembly_exact,fungi,Contig,GCA_037974915.1,na,Ceratobasidium theobromae
GCA_038088635.1,Veloboletus limbatus,Y,assembly_exact,fungi,Scaffold,GCA_038088635.1,na,Veloboletus limbatus
GCA_038363865.1,Apiospora hydei,Y,assembly_exact,fungi,Contig,GCA_038363865.1,GCF_038363865.1,Apiospora hydei
GCF_000002715.2,Aspergillus clavatus,Y,assembly_exact,fungi,Scaffold,GCA_000002715.1,GCF_000002715.2,Aspergillus clavatus NRRL 1
GCF_000143105.1,Leptographium clavigerum,Y,assembly_exact,fungi,Scaffold,GCA_000143105.2,GCF_000143105.1,Grosmannia clavigera kw1407
GCF_000340215.1,Pseudocercospora fijiensis,Y,assembly_exact,fungi,Scaffold,GCA_000340215.1,GCF_000340215.1,Pseudocercospora fijiensis CIRAD86
GCF_013461495.1,Botrytis fragariae,Y,assembly_exact,fungi,Contig,GCA_013461495.1,GCF_013461495.1,Botrytis fragariae
GCF_030867605.1,Colletotrichum paranaense,Y,assembly_exact,fungi,Contig,GCA_030867605.1,GCF_030867605.1,Colletotrichum paranaense
GCA_000512605.3,Kwoniella pini,Y,assembly_exact,fungi,Complete Genome,GCA_000512605.3,GCF_000512605.2,Kwoniella pini CBS 10737
GCA_001447215.1,Diaporthe aspalathi,Y,assembly_exact,fungi,Scaffold,GCA_001447215.1,na,Diaporthe aspalathi
GCA_001599435.1,Chalaropsis thielavioides,Y,assembly_exact,fungi,Scaffold,GCA_001599435.1,na,Chalaropsis thielavioides
GCA_001599755.1,Gliomastix tumulicola,Y,assembly_exact,fungi,Scaffold,GCA_001599755.1,na,Gliomastix tumulicola
GCA_001600555.1,Albophoma yamanashiensis,Y,assembly_exact,fungi,Scaffold,GCA_001600555.1,na,Albophoma yamanashiensis
GCA_001660795.1,Leptoxyphium fumago,Y,assembly_exact,fungi,Contig,GCA_001660795.1,na,Leptoxyphium fumago
GCA_002162495.1,Myriosclerotinia curreyana,Y,assembly_exact,fungi,Scaffold,GCA_002162495.1,na,Myriosclerotinia curreyana
GCA_002785985.1,Microcyclosporella mali,Y,assembly_exact,fungi,Scaffold,GCA_002785985.1,na,Microcyclosporella mali
GCA_003049485.1,Ophioceras dolichostomum,Y,assembly_exact,fungi,Scaffold,GCA_003049485.1,na,Ophioceras dolichostomum
GCA_003708105.3,Middelhovenomyces tepae,Y,assembly_exact,fungi,Scaffold,GCA_003708105.3,na,Middelhovenomyces tepae
GCA_014898415.1,Stromatinia cepivora,Y,assembly_exact,fungi,Contig,GCA_014898415.1,na,Stromatinia cepivora
GCA_014904835.1,Paxillus ammoniavirescens,Y,assembly_exact,fungi,Scaffold,GCA_014904835.1,na,Paxillus ammoniavirescens
GCA_015679515.1,Mortierella sp. NVP85,Y,assembly_exact,fungi,Scaffold,GCA_015679515.1,na,Mortierella sp. NVP85
GCA_016508685.1,Cytospora piceae,Y,assembly_exact,fungi,Contig,GCA_016508685.1,na,Cytospora piceae
GCA_016880755.1,Aspergillus sp. 2663,Y,assembly_exact,fungi,Scaffold,GCA_016880755.1,na,Aspergillus sp. 2663
GCA_019915105.1,Strobilurus luchuensis,Y,assembly_exact,fungi,Contig,GCA_019915105.1,na,Strobilurus luchuensis
GCA_020631695.1,Trichoderma cornu-damae,Y,assembly_exact,fungi,Chromosome,GCA_020631695.1,na,Trichoderma cornu-damae
GCA_021029105.1,Cristinia sonorae,Y,assembly_exact,fungi,Contig,GCA_021029105.1,na,Cristinia sonorae
GCA_021209875.1,Rosellinia necatrix,Y,assembly_exact,fungi,Contig,GCA_021209875.1,na,Rosellinia necatrix
GCA_021655885.1,Fusarium abutilonis,Y,assembly_exact,fungi,Scaffold,GCA_021655885.1,na,Fusarium abutilonis
GCA_021655895.1,Fusarium sp. NRRL 66739,Y,assembly_exact,fungi,Scaffold,GCA_021655895.1,na,Fusarium sp. NRRL 66739
GCA_022160365.1,Vararia minispora,Y,assembly_exact,fungi,Scaffold,GCA_022160365.1,na,Vararia minispora EC-137
GCA_022627015.2,Podosphaera aphanis,Y,assembly_versionless,fungi,Scaffold,GCA_022627015.3,na,Podosphaera aphanis
GCA_023242295.1,Diaporthe ilicicola,Y,assembly_exact,fungi,Scaffold,GCA_023242295.1,na,Diaporthe ilicicola
GCA_023625875.1,Trichocomaceae sp. PYS4502,Y,assembly_exact,fungi,Scaffold,GCA_023625875.1,na,Trichocomaceae sp. PYS4502
GCA_024478385.1,Botrytis elliptica,Y,assembly_exact,fungi,Contig,GCA_024478385.1,na,Botrytis elliptica
GCA_025786725.1,Syncephalis fuscata,Y,assembly_exact,fungi,Contig,GCA_025786725.1,na,Syncephalis fuscata
GCA_026226035.1,Clarireedia monteithiana,Y,assembly_exact,fungi,Scaffold,GCA_026226035.1,na,Clarireedia monteithiana
GCA_026260285.1,Colletotrichum sansevieriae,Y,assembly_exact,fungi,Scaffold,GCA_026260285.1,na,Colletotrichum sansevieriae
GCA_027569665.1,Aspergillus bridgeri,Y,assembly_exact,fungi,Contig,GCA_027569665.1,na,Aspergillus bridgeri
GCA_027577675.1,Coemansia sp. RSA 376,Y,assembly_exact,fungi,Scaffold,GCA_027577675.1,na,Coemansia sp. RSA 376
GCA_027578355.1,Coemansia sp. RSA 2320,Y,assembly_exact,fungi,Scaffold,GCA_027578355.1,na,Coemansia sp. RSA 2320
GCA_027597005.1,Phlyctochytrium bullatum,Y,assembly_exact,fungi,Scaffold,GCA_027597005.1,na,Phlyctochytrium bullatum
GCA_027604005.1,Dinochytrium kinnereticum,Y,assembly_exact,fungi,Scaffold,GCA_027604005.1,na,Dinochytrium kinnereticum
GCA_027924225.1,Bjerkandera adusta,Y,assembly_exact,fungi,Scaffold,GCA_027924225.1,na,Bjerkandera adusta
GCA_028408415.1,Monosporozyma aerobia,Y,assembly_exact,fungi,Scaffold,GCA_028408415.1,na,Monosporozyma aerobia
GCA_029873605.1,Rhodosporidiobolus sp. SP3-3/4,Y,assembly_exact,fungi,Scaffold,GCA_029873605.1,na,Rhodosporidiobolus sp. SP3-3/4
GCA_030039215.1,Naganishia onofrii,Y,assembly_exact,fungi,Contig,GCA_030039215.1,na,Naganishia onofrii
GCA_030435635.1,Armillaria borealis,Y,assembly_exact,fungi,Contig,GCA_030435635.1,na,Armillaria borealis
GCA_030560915.1,Pichia sp. NRRL Y-12824,Y,assembly_exact,fungi,Scaffold,GCA_030560915.1,na,Pichia sp. NRRL Y-12824
GCA_030564235.1,Blastobotrys elegans,Y,assembly_exact,fungi,Scaffold,GCA_030564235.1,na,Blastobotrys elegans
GCA_030564305.1,[Candida] glaebosa,Y,assembly_exact,fungi,Scaffold,GCA_030564305.1,na,Suzukiozyma glaebosa
GCA_030568195.1,Dipodascopsis uninucleata,Y,assembly_exact,fungi,Scaffold,GCA_030568195.1,na,Dipodascopsis uninucleata var. uninucleata
GCA_030568895.1,[Candida] suthepensis,Y,assembly_exact,fungi,Scaffold,GCA_030568895.1,na,Casaregolazyma suthepensis
GCA_030570055.1,Blastobotrys chiropterorum,Y,assembly_exact,fungi,Scaffold,GCA_030570055.1,na,Blastobotrys chiropterorum
GCA_030573885.1,Tetrapisispora pingtungensis (nom. inval.),Y,assembly_exact,fungi,Contig,GCA_030573885.1,na,Tetrapisispora pingtungensis (nom. inval.)
GCA_030674335.1,[Candida] ascalaphidarum,Y,assembly_exact,fungi,Scaffold,GCA_030674335.1,na,[Candida] ascalaphidarum
GCA_036785495.1,Colletotrichum neosansevieriae,Y,assembly_exact,fungi,Contig,GCA_036785495.1,na,Colletotrichum neosansevieriae
GCA_036971725.1,Arthrobotrys conoides,Y,assembly_exact,fungi,Contig,GCA_036971725.1,na,Arthrobotrys conoides
GCA_038089435.1,Boletus austroedulis,Y,assembly_exact,fungi,Scaffold,GCA_038089435.1,na,Boletus austroedulis
GCA_038091855.1,Leccinellum luteum,Y,assembly_exact,fungi,Scaffold,GCA_038091855.1,na,Leccinellum luteum
GCA_038092935.1,Boletus roseobadius,Y,assembly_exact,fungi,Scaffold,GCA_038092935.1,na,Boletus roseobadius
GCA_039881045.1,Chaetomium olivaceum,Y,assembly_exact,fungi,Contig,GCA_039881045.1,na,Chaetomium olivaceum
GCA_900074765.1,Lachancea fermentati,Y,name_exact,fungi,,,,Lachancea fermentati
GCA_928856705.1,Ustilago xerochloae,Y,name_exact,fungi,,,,Ustilago xerochloae
GCF_000235365.1,Eremothecium cymbalariae,Y,assembly_exact,fungi,Chromosome,GCA_000235365.1,GCF_000235365.1,Eremothecium cymbalariae DBVPG#7215
GCF_000349005.2,Pneumocystis murina,Y,assembly_exact,fungi,Contig,GCA_000349005.2,GCF_000349005.2,Pneumocystis murina B123
GCF_000349305.1,Malassezia sympodialis,Y,assembly_exact,fungi,Scaffold,GCA_000349305.2,GCF_000349305.1,Malassezia sympodialis ATCC 42132
GCF_000585515.1,Cladophialophora yegresii,Y,assembly_exact,fungi,Scaffold,GCA_000585515.1,GCF_000585515.1,Cladophialophora yegresii CBS 114405
GCF_000769745.1,Penicillium expansum,Y,assembly_exact,fungi,Contig,GCA_000769745.1,GCF_000769745.1,Penicillium expansum
GCF_001632365.1,Laetiporus sulphureus,Y,assembly_exact,fungi,Scaffold,GCA_001632365.1,GCF_001632365.1,Laetiporus sulphureus 93-53
GCF_001661345.1,Ascoidea rubescens,Y,assembly_exact,fungi,Scaffold,GCA_001661345.1,GCF_001661345.1,Ascoidea rubescens DSM 1968
GCF_001883845.1,Diplodia corticola,Y,assembly_exact,fungi,Scaffold,GCA_001883845.1,GCF_001883845.1,Diplodia corticola
GCF_003357145.1,Venustampulla echinocandica,Y,assembly_exact,fungi,Scaffold,GCA_003357145.1,GCF_003357145.1,Venustampulla echinocandica
GCF_008704595.1,Diutina rugosa,Y,assembly_exact,fungi,Scaffold,GCA_008704595.1,GCF_008704595.1,Diutina rugosa
GCF_009193445.1,Aspergillus pseudotamarii,Y,assembly_exact,fungi,Scaffold,GCA_009193445.1,GCF_009193445.1,Aspergillus pseudotamarii
GCF_013340325.1,Aspergillus tubingensis,Y,assembly_exact,fungi,Scaffold,GCA_013340325.1,GCF_013340325.1,Aspergillus tubingensis
GCF_028826915.1,Penicillium bovifimosum,Y,assembly_exact,fungi,Contig,GCA_028826915.1,GCF_028826915.1,Penicillium bovifimosum
GCF_028828005.1,Penicillium manginii,Y,assembly_exact,fungi,Contig,GCA_028828005.1,GCF_028828005.1,Penicillium manginii
GCF_035222475.1,Podospora pseudopauciseta,Y,assembly_exact,fungi,Chromosome,GCA_035222475.1,GCF_035222475.1,Podospora pseudopauciseta
GCA_000500795.1,Endocronartium harknessii,Y,assembly_exact,fungi,Scaffold,GCA_000500795.1,na,Endocronartium harknessii PhW48OC
GCA_000697055.1,Saksenaea vasiformis,Y,assembly_exact,fungi,Contig,GCA_000697055.1,na,Saksenaea vasiformis B4078
GCA_000731825.1,Hypocrella siamensis,Y,assembly_exact,fungi,Contig,GCA_000731825.1,na,Hypocrella siamensis
GCA_001006505.1,Tilletia horrida,Y,assembly_exact,fungi,Scaffold,GCA_001006505.1,na,Tilletia horrida
GCA_001563135.1,Colletotrichum simmondsii,Y,assembly_exact,fungi,Scaffold,GCA_001563135.1,na,Colletotrichum simmondsii
GCA_001680625.1,Fusarium azukiicola,Y,assembly_exact,fungi,Contig,GCA_001680625.1,na,Fusarium azukiicola
GCA_002165215.1,Fusarium pininemorale,Y,assembly_exact,fungi,Scaffold,GCA_002165215.1,na,Fusarium pininemorale
GCA_003313605.1,Tuber umbilicatum,Y,assembly_exact,fungi,Scaffold,GCA_003313605.1,na,Tuber umbilicatum
GCA_003316055.1,Boletus speciosus,Y,assembly_exact,fungi,Scaffold,GCA_003316055.1,na,Boletus speciosus
GCA_003706095.2,Ogataea trehaloabstinens,Y,assembly_exact,fungi,Scaffold,GCA_003706095.2,na,Ogataea trehaloabstinens
GCA_003707645.2,Ogataea trehalophila,Y,assembly_exact,fungi,Scaffold,GCA_003707645.2,na,Ogataea trehalophila
GCA_003947015.1,Fusarium sp. AF-6,Y,assembly_exact,fungi,Contig,GCA_003947015.1,na,Fusarium sp. AF-6
GCA_004155925.1,Monosporascus sp. MG133,Y,assembly_exact,fungi,Scaffold,GCA_004155925.1,na,Monosporascus sp. MG133
GCA_005356805.1,Cercospora cf. sigesbeckiae,Y,assembly_exact,fungi,Scaffold,GCA_005356805.1,na,Cercospora cf. sigesbeckiae
GCA_009806085.1,Neurospora cerealis,Y,assembly_exact,fungi,Scaffold,GCA_009806085.1,na,Neurospora cerealis
GCA_012978405.1,Pseudocercospora macadamiae,Y,assembly_exact,fungi,Scaffold,GCA_012978405.1,na,Pseudocercospora macadamiae
GCA_013186775.1,Fusarium dlaminii,Y,assembly_exact,fungi,Contig,GCA_013186775.1,na,Fusarium dlaminii
GCA_013623715.1,Fusarium verrucosum,Y,assembly_exact,fungi,Scaffold,GCA_013623715.1,na,Fusarium verrucosum
GCA_014822085.1,Fusarium stilboides,Y,assembly_exact,fungi,Scaffold,GCA_014822085.1,na,Fusarium stilboides
GCA_016098105.1,Actinomortierella wolfii,Y,assembly_exact,fungi,Scaffold,GCA_016098105.1,na,Actinomortierella wolfii
GCA_016906875.1,Brettanomyces sp. HC-2020a,Y,assembly_exact,fungi,Scaffold,GCA_016906875.1,na,Brettanomyces sp. HC-2020a
GCA_017309325.2,Elsinoe batatas,Y,assembly_exact,fungi,Contig,GCA_017309325.2,na,Elsinoe batatas
GCA_018357685.1,Trichophyton schoenleinii,Y,assembly_versionless,fungi,Contig,GCA_018357685.2,na,Trichophyton schoenleinii
GCA_018886245.1,Fusarium brachygibbosum,Y,assembly_exact,fungi,Scaffold,GCA_018886245.1,na,Fusarium brachygibbosum
GCA_019925545.1,Ophiostoma angusticollis,Y,assembly_exact,fungi,Scaffold,GCA_019925545.1,na,Ophiostoma angusticollis
GCA_022315185.1,Agaricus sinodeliciosus,Y,assembly_exact,fungi,Scaffold,GCA_022315185.1,na,Agaricus sinodeliciosus
GCA_022836615.1,Annulohypoxylon bovei,Y,assembly_exact,fungi,Scaffold,GCA_022836615.1,na,Annulohypoxylon bovei var. microspora
GCA_023628075.1,Naganishia sp. PG3902-1,Y,assembly_exact,fungi,Scaffold,GCA_023628075.1,na,Naganishia sp. PG3902-1
GCA_024713755.1,Morchella sp. 2018-W16,Y,assembly_exact,fungi,Contig,GCA_024713755.1,na,Morchella sp. 2018-W16
GCA_026262405.1,Curvularia hawaiiensis,Y,assembly_exact,fungi,Scaffold,GCA_026262405.1,na,Curvularia hawaiiensis
GCA_026538355.1,Cryptococcus sp. GC_Crypt_5,Y,assembly_exact,fungi,Contig,GCA_026538355.1,na,Cryptococcus sp. GC_Crypt_5
GCA_027579215.1,Coemansia sp. BCRC 34490,Y,assembly_exact,fungi,Scaffold,GCA_027579215.1,na,Coemansia sp. BCRC 34490
GCA_027600645.1,Nowakowskiella sp. JEL0407,Y,assembly_exact,fungi,Contig,GCA_027600645.1,na,Nowakowskiella sp. JEL0407
GCA_029298735.1,Ophiostoma sp. CBS 140.51,Y,assembly_exact,fungi,Scaffold,GCA_029298735.1,na,Ophiostoma sp. CBS 140.51
GCA_029298855.1,Ophiostoma populinum,Y,assembly_exact,fungi,Contig,GCA_029298855.1,na,Ophiostoma populinum
GCA_030462865.1,Tortispora agaves,Y,assembly_exact,fungi,Scaffold,GCA_030462865.1,na,Tortispora agaves
GCA_030512305.1,Cercophora samala,Y,assembly_exact,fungi,Scaffold,GCA_030512305.1,na,Cercophora samala
GCA_030555795.1,Starmerella sorbosivorans,Y,assembly_exact,fungi,Scaffold,GCA_030555795.1,na,Entelexis sorbosivorans
GCA_030556525.1,[Candida] quercuum,Y,assembly_exact,fungi,Scaffold,GCA_030556525.1,na,Wickerhamomyces quercuum
GCA_030556915.1,Wickerhamiella qilinensis,Y,assembly_exact,fungi,Scaffold,GCA_030556915.1,na,Wickerhamiella qilinensis
GCA_030563645.1,Saturnispora halmiae,Y,assembly_exact,fungi,Scaffold,GCA_030563645.1,na,Saturnispora halmiae
GCA_030565325.1,Candida coleopterorum,Y,assembly_exact,fungi,Scaffold,GCA_030565325.1,na,Insectozyma coleopterorum
GCA_030565365.1,Zygoascus flipseniorum,Y,assembly_exact,fungi,Scaffold,GCA_030565365.1,na,Zygoascus flipseniorum
GCA_030567395.1,Citeromyces hawaiiensis,Y,assembly_exact,fungi,Scaffold,GCA_030567395.1,na,Citeromyces hawaiiensis
GCA_030573035.1,Pichia nanzhaoensis,Y,assembly_exact,fungi,Scaffold,GCA_030573035.1,na,Pichia nanzhaoensis
GCA_036850795.1,Cordyceps javanica,Y,assembly_exact,fungi,Contig,GCA_036850795.1,na,Cordyceps javanica
GCA_037042885.1,Auricularia sp. M12,Y,assembly_exact,fungi,Chromosome,GCA_037042885.1,na,Auricularia sp. M12
GCA_038089195.1,Brasilioporus rufonigricans,Y,assembly_exact,fungi,Scaffold,GCA_038089195.1,na,Brasilioporus rufonigricans
GCA_038090175.1,Austroboletus eburneus,Y,assembly_exact,fungi,Scaffold,GCA_038090175.1,na,Austroboletus eburneus
GCA_038407095.1,Ceratocystis destructans,Y,assembly_exact,fungi,Contig,GCA_038407095.1,na,Ceratocystis destructans
GCA_038503075.1,Gyromitra esculenta,Y,assembly_exact,fungi,Scaffold,GCA_038503075.1,na,Gyromitra esculenta
GCA_039545375.1,Trichosporon faecale,Y,assembly_exact,fungi,Scaffold,GCA_039545375.1,na,Trichosporon faecale
GCF_000146945.2,Sclerotinia sclerotiorum,Y,assembly_exact,fungi,Scaffold,GCA_000146945.2,GCF_000146945.2,Sclerotinia sclerotiorum 1980 UF-70
GCF_000149555.1,Fusarium verticillioides,Y,assembly_exact,fungi,Chromosome,GCA_000149555.1,GCF_000149555.1,Fusarium verticillioides 7600
GCF_000182895.1,Coprinopsis cinerea,Y,assembly_exact,fungi,Scaffold,GCA_000182895.1,GCF_000182895.1,Coprinopsis cinerea okayama7#130
GCF_000184455.2,Aspergillus oryzae,Y,assembly_exact,fungi,Chromosome,GCA_000184455.3,GCF_000184455.2,Aspergillus oryzae RIB40
GCF_000338955.1,Baudoinia panamericana,Y,assembly_exact,fungi,Scaffold,GCA_000338955.1,GCF_000338955.1,Baudoinia panamericana UAMH 10762
GCF_000400465.1,Wallemia ichthyophaga,Y,assembly_exact,fungi,Scaffold,GCA_000400465.1,GCF_000400465.1,Wallemia ichthyophaga EXF-994
GCF_002079055.1,Saccharomyces paradoxus,Y,assembly_exact,fungi,Chromosome,GCA_002079055.1,GCF_002079055.1,Saccharomyces paradoxus
GCF_017499595.1,Psilocybe cubensis,Y,assembly_exact,fungi,Chromosome,GCA_017499595.2,GCF_017499595.1,Psilocybe cubensis
GCF_022578975.1,Hypoxylon trugodes,Y,assembly_exact,fungi,Scaffold,GCA_022578975.1,GCF_022578975.1,Hypoxylon trugodes
GCF_025331425.1,Radiomyces spectabilis,Y,assembly_exact,fungi,Contig,GCA_025331425.1,GCF_025331425.1,Radiomyces spectabilis
GCF_025526975.1,Fimicolochytrium jonesii,Y,assembly_exact,fungi,Contig,GCA_025526975.1,GCF_025526975.1,Fimicolochytrium jonesii
GCF_028828085.1,Penicillium nucicola,Y,assembly_exact,fungi,Contig,GCA_028828085.1,GCF_028828085.1,Penicillium nucicola
GCA_000331835.2,Trichoderma hamatum,Y,assembly_exact,fungi,Scaffold,GCA_000331835.2,na,Trichoderma hamatum GD12
GCA_000344655.2,Fomitopsis schrenkii,Y,assembly_exact,fungi,Scaffold,GCA_000344655.2,na,Fomitopsis schrenkii
GCA_000347475.1,Penicillium paxilli,Y,assembly_exact,fungi,Scaffold,GCA_000347475.1,na,Penicillium paxilli ATCC 26601
GCA_002370635.1,Metschnikowia cerradonensis,Y,assembly_exact,fungi,Scaffold,GCA_002370635.1,na,Metschnikowia cerradonensis
GCA_002591385.1,Cordyceps sp. RAO-2017,Y,assembly_exact,fungi,Scaffold,GCA_002591385.1,na,Cordyceps sp. RAO-2017
GCA_002778245.1,Raffaelea albimanens,Y,assembly_exact,fungi,Contig,GCA_002778245.1,na,Raffaelea albimanens
GCA_002812735.1,Scedosporium dehoogii,Y,assembly_exact,fungi,Contig,GCA_002812735.1,na,Scedosporium dehoogii
GCA_003086725.1,Furculomyces boomerangus,Y,assembly_exact,fungi,Scaffold,GCA_003086725.1,na,Furculomyces boomerangus
GCA_003314545.1,Ramaria sp. MG151,Y,assembly_exact,fungi,Scaffold,GCA_003314545.1,na,Ramaria sp. MG151
GCA_003316335.1,Hemileccinum impolitum,Y,assembly_exact,fungi,Scaffold,GCA_003316335.1,na,Hemileccinum impolitum
GCA_011392555.1,Penicillium rolfsii,Y,assembly_exact,fungi,Scaffold,GCA_011392555.1,na,Penicillium rolfsii
GCA_013363205.1,Fusarium tuaranense,Y,assembly_exact,fungi,Scaffold,GCA_013363205.1,na,Fusarium tuaranense
GCA_014805645.1,Spiromastix sp. SCSIO F190,Y,assembly_exact,fungi,Contig,GCA_014805645.1,na,Spiromastix sp. SCSIO F190
GCA_014904975.1,Marasmius fiardii,Y,assembly_exact,fungi,Scaffold,GCA_014904975.1,na,Marasmius fiardii PR-910
GCA_016906575.1,Ceratobasidium sp. AG-Ba,Y,assembly_exact,fungi,Complete Genome,GCA_016906575.1,na,Ceratobasidium sp. AG-Ba
GCA_018296165.2,Termitomyces sp. T153,Y,assembly_exact,fungi,Scaffold,GCA_018296165.2,na,Termitomyces sp. T153
GCA_019633425.1,Tulasnella sp. 424,Y,assembly_exact,fungi,Scaffold,GCA_019633425.1,na,Tulasnella sp. 424
GCA_019669835.1,Amylocarpus encephaloides,Y,assembly_exact,fungi,Scaffold,GCA_019669835.1,na,Amylocarpus encephaloides
GCA_020087025.1,Mrakiaceae sp. VS III B KN 2,Y,assembly_exact,fungi,Scaffold,GCA_020087025.1,na,Mrakiaceae sp. VS III B KN 2
GCA_022023575.1,Geotrichum ghanense,Y,assembly_exact,fungi,Contig,GCA_022023575.1,na,Geotrichum ghanense
GCA_022419385.1,Paraconiothyrium sp. Pb-2020,Y,assembly_exact,fungi,Scaffold,GCA_022419385.1,na,Paraconiothyrium sp. Pb-2020
GCA_022814375.1,Aspergillus quadricinctus,Y,assembly_exact,fungi,Scaffold,GCA_022814375.1,na,Aspergillus quadricinctus
GCA_023626175.1,Talaromyces sp. PX1902,Y,assembly_exact,fungi,Scaffold,GCA_023626175.1,na,Talaromyces sp. PX1902
GCA_024140375.1,Backusella westeae,Y,assembly_exact,fungi,Scaffold,GCA_024140375.1,na,Backusella westeae
GCA_025617375.2,Acarospora socialis,Y,assembly_exact,fungi,Scaffold,GCA_025617375.2,na,Acarospora socialis
GCA_025768815.1,Aspergillus sp. PM3604,Y,assembly_exact,fungi,Scaffold,GCA_025768815.1,na,Aspergillus sp. PM3604
GCA_026745395.1,Tympanopsis confertula,Y,assembly_exact,fungi,Scaffold,GCA_026745395.1,na,Tympanopsis confertula
GCA_027406045.1,Colletotrichum liaoningense,Y,assembly_exact,fungi,Contig,GCA_027406045.1,na,Colletotrichum liaoningense
GCA_027575855.1,Linderina macrospora,Y,assembly_exact,fungi,Scaffold,GCA_027575855.1,na,Linderina macrospora
GCA_027945595.1,Fusarium torreyae,Y,assembly_exact,fungi,Scaffold,GCA_027945595.1,na,Fusarium torreyae
GCA_029542965.1,Malassezia yamatoensis,Y,assembly_exact,fungi,Complete Genome,GCA_029542965.1,na,Malassezia yamatoensis
GCA_030557885.1,Lachancea quebecensis,Y,assembly_exact,fungi,Scaffold,GCA_030557885.1,na,Lachancea quebecensis
GCA_030565705.1,Metschnikowia baotianmanensis,Y,assembly_exact,fungi,Scaffold,GCA_030565705.1,na,Metschnikowia baotianmanensis
GCA_030567595.1,Kuraishia piskuri,Y,assembly_exact,fungi,Scaffold,GCA_030567595.1,na,Kuraishia piskuri
GCA_030569495.1,Pichia cabralensis,Y,assembly_exact,fungi,Scaffold,GCA_030569495.1,na,Pichia cabralensis
GCA_030572355.1,[Candida] dendronema,Y,assembly_exact,fungi,Scaffold,GCA_030572355.1,na,[Candida] dendronema
GCA_030579875.1,Sugiyamaella paludigena,Y,assembly_exact,fungi,Scaffold,GCA_030579875.1,na,Sugiyamaella paludigena
GCA_030580395.1,Myxozyma nipponensis,Y,assembly_exact,fungi,Scaffold,GCA_030580395.1,na,Myxozyma nipponensis
GCA_030868995.1,Colletotrichum melonis,Y,assembly_exact,fungi,Scaffold,GCA_030868995.1,na,Colletotrichum melonis
GCA_037974285.1,Rhodotorula glutinis,Y,assembly_exact,fungi,Contig,GCA_037974285.1,na,Rhodotorula glutinis
GCA_038092395.1,Boletus variipes,Y,assembly_exact,fungi,Scaffold,GCA_038092395.1,na,Boletus variipes var. fagicola
GCA_038094255.1,Porphyrellus aff. niger,Y,assembly_exact,fungi,Scaffold,GCA_038094255.1,na,Porphyrellus aff. niger
GCA_039700735.1,Pichia pseudocactophila,Y,assembly_exact,fungi,Contig,GCA_039700735.1,na,Pichia pseudocactophila
GCF_000149335.2,Coccidioides immitis,Y,assembly_exact,fungi,Scaffold,GCA_000149335.2,GCF_000149335.2,Coccidioides immitis RS
GCF_003184785.1,Aspergillus japonicus,Y,assembly_exact,fungi,Scaffold,GCA_003184785.1,GCF_003184785.1,Aspergillus japonicus CBS 114.51
GCF_012550715.1,Geosmithia morbida,Y,assembly_exact,fungi,Scaffold,GCA_012550715.1,GCF_012550715.1,Geosmithia morbida
GCF_019112545.1,Guyanagaster necrorhizus,Y,assembly_exact,fungi,Scaffold,GCA_019112545.1,GCF_019112545.1,Guyanagaster necrorhizus
GCF_027946475.1,Didymosphaeria variabile,Y,assembly_exact,fungi,Contig,GCA_027946475.1,GCF_027946475.1,Didymosphaeria variabile
GCA_001599675.1,Basipetospora chlamydospora,Y,assembly_exact,fungi,Scaffold,GCA_001599675.1,na,Basipetospora chlamydospora
GCA_001889945.1,Aspergillus brasiliensis,Y,assembly_exact,fungi,Scaffold,GCA_001889945.1,GCF_001889945.1,Aspergillus brasiliensis CBS 101740
GCA_002242745.2,Lecanicillium sp. LEC01,Y,assembly_exact,fungi,Scaffold,GCA_002242745.2,na,Lecanicillium sp. LEC01
GCA_002851705.1,Verticillium albo-atrum,Y,assembly_exact,fungi,Scaffold,GCA_002851705.1,na,Verticillium albo-atrum
GCA_003708315.3,Groenewaldozyma salmanticensis,Y,assembly_exact,fungi,Scaffold,GCA_003708315.3,na,Groenewaldozyma salmanticensis
GCA_003795315.1,Cytospora schulzeri,Y,assembly_exact,fungi,Scaffold,GCA_003795315.1,na,Cytospora schulzeri
GCA_004114245.1,Zoopage sp. CT-All,Y,assembly_exact,fungi,Scaffold,GCA_004114245.1,na,Zoopage sp. CT-All
GCA_004679275.1,Dentipellis fragilis,Y,assembly_exact,fungi,Scaffold,GCA_004679275.1,na,Dentipellis fragilis
GCA_004786275.1,Botryotinia convoluta,Y,assembly_exact,fungi,Scaffold,GCA_004786275.1,na,Botryotinia convoluta
GCA_008802775.1,Taphrina betulina,Y,assembly_exact,fungi,Scaffold,GCA_008802775.1,na,Taphrina betulina
GCA_009800995.1,Colletotrichum sp. COLG31,Y,assembly_exact,fungi,Scaffold,GCA_009800995.1,na,Colletotrichum sp. COLG31
GCA_011033785.1,Fusarium cf. falciforme,Y,assembly_exact,fungi,Scaffold,GCA_011033785.1,na,Fusarium cf. falciforme
GCA_012931995.1,Fusarium albosuccineum,Y,assembly_exact,fungi,Scaffold,GCA_012931995.1,na,Fusarium albosuccineum
GCA_013618295.1,Fusarium armeniacum,Y,assembly_exact,fungi,Scaffold,GCA_013618295.1,na,Fusarium armeniacum
GCA_013623725.1,Fusarium robinianum,Y,assembly_exact,fungi,Scaffold,GCA_013623725.1,na,Fusarium robinianum
GCA_013624355.1,Fusarium caatingaense,Y,assembly_exact,fungi,Scaffold,GCA_013624355.1,na,Fusarium caatingaense
GCA_014825675.1,Cystofilobasidium ferigula,Y,assembly_exact,fungi,Scaffold,GCA_014825675.1,na,Cystofilobasidium ferigula
GCA_014839865.1,Apophysomyces ossiformis,Y,assembly_exact,fungi,Scaffold,GCA_014839865.1,na,Apophysomyces ossiformis
GCA_014850475.1,Cryphonectria naterciae,Y,assembly_exact,fungi,Scaffold,GCA_014850475.1,na,Cryphonectria naterciae
GCA_015039365.1,Amanita rubescens,Y,assembly_exact,fungi,Contig,GCA_015039365.1,na,Amanita rubescens
GCA_019627725.1,Serendipita sp. 401,Y,assembly_exact,fungi,Scaffold,GCA_019627725.1,na,Serendipita sp. 401
GCA_021199905.1,Pestalotiopsis sp. MUOB 440515,Y,assembly_exact,fungi,Contig,GCA_021199905.1,na,Pestalotiopsis sp. MUOB 440515
GCA_022385655.1,Xylaria intraflava,Y,assembly_exact,fungi,Scaffold,GCA_022385655.1,na,Xylaria intraflava
GCA_023101225.1,Fusarium solani-melongenae,Y,assembly_exact,fungi,Complete Genome,GCA_023101225.1,na,Fusarium solani-melongenae
GCA_026120125.1,Pseudocercospora vitis,Y,assembly_exact,fungi,Scaffold,GCA_026120125.1,na,Pseudocercospora vitis
GCA_026413255.1,Fereydounia khargensis,Y,assembly_exact,fungi,Scaffold,GCA_026413255.1,na,Fereydounia khargensis
GCA_027478255.1,Dispira simplex,Y,assembly_exact,fungi,Scaffold,GCA_027478255.1,na,Dispira simplex
GCA_027478835.1,Coemansia sp. RSA 25,Y,assembly_exact,fungi,Scaffold,GCA_027478835.1,na,Coemansia sp. RSA 25
GCA_027579525.1,Coemansia furcata,Y,assembly_exact,fungi,Scaffold,GCA_027579525.1,na,Coemansia furcata
GCA_027595805.1,Coemansia sp. Benny D160-2,Y,assembly_exact,fungi,Contig,GCA_027595805.1,na,Coemansia sp. Benny D160-2
GCA_029448695.1,Elsinoe perseae,Y,assembly_exact,fungi,Contig,GCA_029448695.1,na,Elsinoe perseae
GCA_029959215.1,Tricholoma bakamatsutake,Y,assembly_exact,fungi,Complete Genome,GCA_029959215.1,na,Tricholoma bakamatsutake
GCA_030411725.1,Echria macrotheca,Y,assembly_exact,fungi,Scaffold,GCA_030411725.1,na,Echria macrotheca
GCA_030563225.1,[Candida] hungchunana,Y,assembly_exact,fungi,Scaffold,GCA_030563225.1,na,Petasospora hungchunana
GCA_030568455.1,Teunomyces tritomae,Y,assembly_exact,fungi,Scaffold,GCA_030568455.1,na,Teunomyces tritomae
GCA_030568515.1,Suhomyces guaymorum,Y,assembly_exact,fungi,Scaffold,GCA_030568515.1,na,Suhomyces guaymorum
GCA_030570395.1,Saturnispora gosingensis,Y,assembly_exact,fungi,Scaffold,GCA_030570395.1,na,Saturnispora gosingensis
GCA_030572255.1,Kodamaea fukazawae,Y,assembly_exact,fungi,Scaffold,GCA_030572255.1,na,Kodamaea fukazawae
GCA_030585065.1,Blastobotrys persicus,Y,assembly_exact,fungi,Scaffold,GCA_030585065.1,na,Blastobotrys persicus
GCA_030704985.1,Nakazawaea laoshanensis,Y,assembly_exact,fungi,Scaffold,GCA_030704985.1,na,Nakazawaea laoshanensis
GCA_038089755.1,Leccinellum rugosiceps,Y,assembly_exact,fungi,Scaffold,GCA_038089755.1,na,Leccinellum rugosiceps
GCA_038092215.1,Leccinum broughii,Y,assembly_exact,fungi,Scaffold,GCA_038092215.1,na,Leccinum broughii
GCA_038094055.1,Chalciporus sphaerocephalus,Y,assembly_exact,fungi,Contig,GCA_038094055.1,na,Chalciporus sphaerocephalus
GCA_900518995.1,Yarrowia yakushimensis,Y,name_exact,fungi,,,,Yarrowia yakushimensis
GCF_001773325.1,Penicillium arizonense,Y,assembly_exact,fungi,Scaffold,GCA_001773325.1,GCF_001773325.1,Penicillium arizonense
GCF_003054445.1,Pichia kudriavzevii,Y,assembly_exact,fungi,Complete Genome,GCA_003054445.1,GCF_003054445.1,Pichia kudriavzevii
GCF_014898295.1,Botrytis byssoidea,Y,assembly_exact,fungi,Contig,GCA_014898295.1,GCF_014898295.1,Botrytis byssoidea
GCA_001481415.2,Sanghuangporus baumii,Y,assembly_exact,fungi,Scaffold,GCA_001481415.2,na,Sanghuangporus baumii
GCA_001600855.1,Saitozyma sp. JCM 24511,Y,assembly_exact,fungi,Scaffold,GCA_001600855.1,na,Saitozyma sp. JCM 24511
GCA_002018275.1,Huntiella bhutanensis,Y,assembly_exact,fungi,Scaffold,GCA_002018275.1,na,Huntiella bhutanensis
GCA_002916505.1,Tolypocladium paradoxum,Y,assembly_exact,fungi,Scaffold,GCA_002916505.1,na,Tolypocladium paradoxum
GCA_003614735.1,Thamnocephalis sphaerospora,Y,assembly_exact,fungi,Scaffold,GCA_003614735.1,na,Thamnocephalis sphaerospora
GCA_009667055.1,Saccharomyces cerevisiae x Saccharomyces eubayanus x Saccharomyces kudriavzevii x Saccharomyces uvarum,Y,assembly_exact,fungi,Scaffold,GCA_009667055.1,na,Saccharomyces cerevisiae x Saccharomyces eubayanus x Saccharomyces kudriavzevii x Saccharomyces uvarum
GCA_009935795.1,Pholiota adiposa,Y,assembly_exact,fungi,Contig,GCA_009935795.1,na,Pholiota adiposa
GCA_010015655.1,Bimuria novae-zelandiae,Y,assembly_exact,fungi,Scaffold,GCA_010015655.1,na,Bimuria novae-zelandiae CBS 107.79
GCA_012656285.1,Aspergillus fumigatiaffinis,Y,assembly_exact,fungi,Scaffold,GCA_012656285.1,na,Aspergillus fumigatiaffinis
GCA_012932015.1,Fusarium acutatum,Y,assembly_exact,fungi,Scaffold,GCA_012932015.1,na,Fusarium acutatum
GCA_013461545.1,Syncephalastrum contaminatum,Y,assembly_exact,fungi,Scaffold,GCA_013461545.1,na,Syncephalastrum contaminatum
GCA_017654825.1,Cryptococcus sp. T15_22C,Y,assembly_exact,fungi,Contig,GCA_017654825.1,na,Cryptococcus sp. T15_22C
GCA_018344475.1,[Candida] silvatica,Y,assembly_exact,fungi,Scaffold,GCA_018344475.1,na,Xiuguozyma silvatica
GCA_018854895.1,Tricholoma furcatifolium,Y,assembly_exact,fungi,Scaffold,GCA_018854895.1,na,Tricholoma furcatifolium
GCA_019677225.1,Absidia healeyae,Y,assembly_exact,fungi,Scaffold,GCA_019677225.1,na,Absidia healeyae
GCA_019925285.1,Graphium sp. VPRI43844,Y,assembly_exact,fungi,Scaffold,GCA_019925285.1,na,Graphium sp. VPRI43844
GCA_020744415.1,Dendryphion nanum,Y,assembly_exact,fungi,Contig,GCA_020744415.1,na,Dendryphion nanum
GCA_022160305.1,Artomyces pyxidatus,Y,assembly_exact,fungi,Scaffold,GCA_022160305.1,na,Artomyces pyxidatus
GCA_022376275.1,Xylariomycetidae sp. FL2044,Y,assembly_exact,fungi,Contig,GCA_022376275.1,na,Xylariomycetidae sp. FL2044
GCA_022578965.1,Xylaria sp. FL1777,Y,assembly_exact,fungi,Scaffold,GCA_022578965.1,na,Xylaria sp. FL1777
GCA_023625095.1,Aspergillus sp. S2111Y,Y,assembly_exact,fungi,Scaffold,GCA_023625095.1,na,Aspergillus sp. S2111Y
GCA_023625915.1,Talaromyces sp. PB3603,Y,assembly_exact,fungi,Scaffold,GCA_023625915.1,na,Talaromyces sp. PB3603
GCA_023650705.1,Epichloe brachyelytri,Y,assembly_exact,fungi,Complete Genome,GCA_023650705.1,na,Epichloe brachyelytri
GCA_024243935.1,Nematocida sp. AWRm79,Y,assembly_exact,fungi,Scaffold,GCA_024243935.1,na,Nematocida sp. AWRm79
GCA_025526915.1,Entophlyctis helioformis,Y,assembly_exact,fungi,Contig,GCA_025526915.1,na,Entophlyctis helioformis
GCA_025948275.1,Fusarium avenaceum,Y,assembly_exact,fungi,Complete Genome,GCA_025948275.1,na,Fusarium avenaceum
GCA_027569275.1,Emericellopsis terricola,Y,assembly_exact,fungi,Contig,GCA_027569275.1,na,Emericellopsis terricola
GCA_027578695.1,Coemansia sp. RSA 1365,Y,assembly_exact,fungi,Scaffold,GCA_027578695.1,na,Coemansia sp. RSA 1365
GCA_027578835.1,Coemansia sp. RSA 2050,Y,assembly_exact,fungi,Scaffold,GCA_027578835.1,na,Coemansia sp. RSA 2050
GCA_027604725.1,Entophlyctis luteolus,Y,assembly_exact,fungi,Scaffold,GCA_027604725.1,na,Entophlyctis luteolus
GCA_027946445.1,Ascochyta clinopodiicola,Y,assembly_exact,fungi,Contig,GCA_027946445.1,na,Ascochyta clinopodiicola
GCA_027946495.1,Didymella sp. IMI 355093,Y,assembly_exact,fungi,Contig,GCA_027946495.1,na,Didymella sp. IMI 355093
GCA_029590615.1,Nemania bipapillata,Y,assembly_exact,fungi,Contig,GCA_029590615.1,na,Nemania bipapillata
GCA_030039265.1,Naganishia cerealis,Y,assembly_exact,fungi,Contig,GCA_030039265.1,na,Naganishia cerealis
GCA_030389615.1,Epichloe typhina,Y,assembly_exact,fungi,Complete Genome,GCA_030389615.1,na,Epichloe typhina subsp. poae
GCA_030556625.1,Cyberlindnera euphorbiiphila,Y,assembly_exact,fungi,Scaffold,GCA_030556625.1,na,Petasospora euphorbiiphila
GCA_030556725.1,Metschnikowia viticola,Y,assembly_exact,fungi,Scaffold,GCA_030556725.1,na,Metschnikowia viticola
GCA_030558065.1,Geotrichum phurueaensis,Y,assembly_exact,fungi,Scaffold,GCA_030558065.1,na,Geotrichum phurueaensis
GCA_030572235.1,Ambrosiozyma kamigamensis,Y,assembly_exact,fungi,Scaffold,GCA_030572235.1,na,Ambrosiozyma kamigamensis
GCA_030581535.1,Yamadazyma siamensis,Y,assembly_exact,fungi,Scaffold,GCA_030581535.1,na,Yamadazyma siamensis
GCA_030582275.1,Wickerhamomyces pijperi,Y,assembly_exact,fungi,Scaffold,GCA_030582275.1,na,Waltiozyma pijperi
GCA_030674785.1,[Candida] pseudoaaseri,Y,assembly_exact,fungi,Contig,GCA_030674785.1,na,[Candida] pseudoaaseri
GCA_033296885.1,Triangularia verruculosa,Y,assembly_exact,fungi,Scaffold,GCA_033296885.1,na,Triangularia verruculosa
GCA_036320915.1,Linnemannia elongata,Y,assembly_exact,fungi,Contig,GCA_036320915.1,na,Linnemannia elongata
GCA_036785465.1,Colletotrichum agaves,Y,assembly_exact,fungi,Contig,GCA_036785465.1,na,Colletotrichum agaves
GCA_037043885.1,Penicillium goetzii,Y,assembly_exact,fungi,Contig,GCA_037043885.1,na,Penicillium goetzii
GCA_038088915.1,Sutorius aff. eximius,Y,assembly_exact,fungi,Scaffold,GCA_038088915.1,na,Sutorius aff. eximius
GCA_038093755.1,Tylopilus microsporus,Y,assembly_exact,fungi,Scaffold,GCA_038093755.1,na,Tylopilus microsporus
GCA_963692855.1,Mycena citricolor,Y,name_exact,fungi,,,,Mycena citricolor
GCF_000403515.1,Pseudozyma hubeiensis,Y,assembly_exact,fungi,Scaffold,GCA_000403515.1,GCF_000403515.1,Pseudozyma hubeiensis SY62
GCF_002105095.1,Pseudomassariella vexata,Y,assembly_exact,fungi,Contig,GCA_002105095.1,GCF_002105095.1,Pseudomassariella vexata
GCF_030347475.1,Cadophora gregata,Y,assembly_exact,fungi,Contig,GCA_030347475.1,GCF_030347475.1,Cadophora gregata
GCA_000383075.1,Nosema bombycis,Y,assembly_exact,fungi,Scaffold,GCA_000383075.1,na,Nosema bombycis CQ1
GCA_000696995.1,Apophysomyces elegans,Y,assembly_exact,fungi,Contig,GCA_000696995.1,na,Apophysomyces elegans B7760
GCA_000729825.1,Epichloe sp. AL9924,Y,assembly_exact,fungi,Contig,GCA_000729825.1,na,Epichloe sp. AL9924
GCA_000827195.1,Laccaria amethystina,Y,assembly_exact,fungi,Scaffold,GCA_000827195.1,na,Laccaria amethystina LaAM-08-1
GCA_001039675.1,Nakaseomyces delphensis,Y,assembly_exact,fungi,Contig,GCA_001039675.1,na,Nakaseomyces delphensis CBS 2170
GCA_001644535.1,Pyrenochaeta sp. DS3sAY3a,Y,assembly_exact,fungi,Scaffold,GCA_001644535.1,na,Pyrenochaeta sp. DS3sAY3a
GCA_001692895.1,Cenococcum geophilum,Y,assembly_exact,fungi,Scaffold,GCA_001692895.1,GCF_001692895.1,Cenococcum geophilum 1.58
GCA_002120305.1,Hypoxylon sp. CO27-5,Y,assembly_exact,fungi,Scaffold,GCA_002120305.1,na,Hypoxylon sp. CO27-5
GCA_002215965.1,Aspergillus persii,Y,assembly_exact,fungi,Scaffold,GCA_002215965.1,na,Aspergillus persii
GCA_002335605.1,Prillingera fragicola,Y,assembly_exact,fungi,Scaffold,GCA_002335605.1,na,Prillingera fragicola
GCA_002382855.1,Penicillium occitanis (nom. inval.),Y,assembly_exact,fungi,Contig,GCA_002382855.1,na,Penicillium occitanis (nom. inval.)
GCA_002946425.1,Rutstroemia sp. NJR-2017a BBW,Y,assembly_exact,fungi,Contig,GCA_002946425.1,na,Rutstroemia sp. NJR-2017a BBW
GCA_003547095.1,Diversispora epigaea,Y,assembly_exact,fungi,Scaffold,GCA_003547095.1,na,Diversispora epigaea
GCA_003706475.3,Candida corydali,Y,assembly_exact,fungi,Scaffold,GCA_003706475.3,na,Insectozyma corydali
GCA_003708535.3,Kazachstania bromeliacearum,Y,assembly_exact,fungi,Scaffold,GCA_003708535.3,na,Kazachstania bromeliacearum
GCA_007113925.1,Teratosphaeria gauchensis,Y,assembly_exact,fungi,Contig,GCA_007113925.1,na,Teratosphaeria gauchensis
GCA_013177575.1,Candida sojae,Y,assembly_exact,fungi,Contig,GCA_013177575.1,na,Candida sojae
GCA_013435955.1,Diaporthe sp. HANT25,Y,assembly_exact,fungi,Scaffold,GCA_013435955.1,na,Diaporthe sp. HANT25
GCA_016767195.1,Stagonosporopsis rhizophila,Y,assembly_exact,fungi,Complete Genome,GCA_016767195.1,na,Stagonosporopsis rhizophila
GCA_018360145.1,Claviceps africana,Y,assembly_exact,fungi,Contig,GCA_018360145.1,na,Claviceps africana
GCA_019616945.1,Ceratobasidium sp. 414,Y,assembly_exact,fungi,Scaffold,GCA_019616945.1,na,Ceratobasidium sp. 414
GCA_020744155.1,Ilyonectria sp. MPI-CAGE-AT-0026,Y,assembly_exact,fungi,Contig,GCA_020744155.1,na,Ilyonectria sp. MPI-CAGE-AT-0026
GCA_020746835.1,Stachybotrys elegans,Y,assembly_exact,fungi,Contig,GCA_020746835.1,na,Stachybotrys elegans
GCA_022701365.1,Mycocentrospora acerina,Y,assembly_exact,fungi,Scaffold,GCA_022701365.1,na,Mycocentrospora acerina
GCA_023213065.1,Komagataella ulmi,Y,assembly_exact,fungi,Contig,GCA_023213065.1,na,Komagataella ulmi
GCA_024345305.1,Mrakia gelida,Y,assembly_exact,fungi,Contig,GCA_024345305.1,na,Mrakia gelida
GCA_024713795.1,Morchella sp. 2015-shanyang,Y,assembly_exact,fungi,Contig,GCA_024713795.1,na,Morchella sp. 2015-shanyang
GCA_026873275.1,Pseudopithomyces maydicus,Y,assembly_exact,fungi,Contig,GCA_026873275.1,na,Pseudopithomyces maydicus
GCA_028828255.1,Penicillium fimorum,Y,assembly_exact,fungi,Contig,GCA_028828255.1,na,Penicillium fimorum
GCA_030444945.1,Hyphopichia fennica,Y,assembly_exact,fungi,Scaffold,GCA_030444945.1,na,Hyphopichia fennica
GCA_030557665.1,Trichomonascus apis,Y,assembly_exact,fungi,Scaffold,GCA_030557665.1,na,Blastobotrys apis
GCA_030558545.1,Bipolaris gigantea,Y,assembly_exact,fungi,Scaffold,GCA_030558545.1,na,Bipolaris gigantea
GCA_030564425.1,Wickerhamiella cacticola,Y,assembly_exact,fungi,Scaffold,GCA_030564425.1,na,Wickerhamiella cacticola
GCA_030573475.1,Hanseniaspora thailandica (nom. inval.),Y,assembly_exact,fungi,Scaffold,GCA_030573475.1,na,Hanseniaspora thailandica (nom. inval.)
GCA_030573815.1,Kurtzmaniella cleridarum,Y,assembly_exact,fungi,Scaffold,GCA_030573815.1,na,Kurtzmaniella cleridarum
GCA_030579755.1,Starmerella gropengiesseri,Y,assembly_exact,fungi,Scaffold,GCA_030579755.1,na,Entelexis gropengiesseri
GCA_030581955.1,Kurtzmaniella fragi,Y,assembly_exact,fungi,Scaffold,GCA_030581955.1,na,Kurtzmaniella fragi
GCA_030777785.1,Beauveria caledonica,Y,assembly_exact,fungi,Contig,GCA_030777785.1,na,Beauveria caledonica
GCA_036937115.1,Nidularia sp. FH-822889,Y,assembly_exact,fungi,Scaffold,GCA_036937115.1,na,Nidularia sp. FH-822889
GCA_037039685.1,Ceratobasidium sp. AG-K,Y,assembly_exact,fungi,Scaffold,GCA_037039685.1,na,Ceratobasidium sp. AG-K
GCA_038090075.1,Xanthoconium purpureum,Y,assembly_exact,fungi,Scaffold,GCA_038090075.1,na,Xanthoconium purpureum
GCA_038090495.1,Heimioporus retisporus,Y,assembly_exact,fungi,Scaffold,GCA_038090495.1,na,Heimioporus retisporus
GCA_038092355.1,Caloboletus inedulis,Y,assembly_exact,fungi,Scaffold,GCA_038092355.1,na,Caloboletus inedulis
GCA_902825475.1,Hypomontagnella monticulosa,Y,name_exact,fungi,,,,Hypomontagnella monticulosa
GCF_000002545.3,Nakaseomyces glabratus,Y,assembly_exact,fungi,Chromosome,GCA_000002545.2,GCF_000002545.3,Nakaseomyces glabratus
GCF_002847045.1,Aspergillus candidus,Y,assembly_exact,fungi,Scaffold,GCA_002847045.1,GCF_002847045.1,Aspergillus candidus
GCF_010093885.1,Aplosporella prunicola,Y,assembly_exact,fungi,Scaffold,GCA_010093885.1,GCF_010093885.1,Aplosporella prunicola CBS 121167
GCF_013368755.1,Talaromyces rugulosus,Y,assembly_exact,fungi,Complete Genome,GCA_013368755.1,GCF_013368755.1,Talaromyces rugulosus
GCF_020623625.1,Saccharomycodes ludwigii,Y,assembly_exact,fungi,Chromosome,GCA_020623625.1,GCF_020623625.1,Saccharomycodes ludwigii
GCF_024610255.1,Candida jiufengensis,Y,assembly_exact,fungi,Scaffold,GCA_024610255.1,GCF_024610255.1,Lodderomyces jiufengensis
GCA_000412225.2,[Ashbya] aceris (nom. inval.),Y,assembly_exact,fungi,Complete Genome,GCA_000412225.2,na,[Ashbya] aceris (nom. inval.)
GCA_000750675.1,Pseudogymnoascus sp. VKM F-3808,Y,assembly_exact,fungi,Contig,GCA_000750675.1,na,Pseudogymnoascus sp. VKM F-3808
GCA_001661315.1,Nadsonia fulvescens,Y,assembly_exact,fungi,Scaffold,GCA_001661315.1,na,Nadsonia fulvescens var. elongata DSM 6958
GCA_001956345.1,Ramalina peruviana,Y,assembly_exact,fungi,Scaffold,GCA_001956345.1,na,Ramalina peruviana
GCA_002370475.1,Metschnikowia drakensbergensis,Y,assembly_exact,fungi,Scaffold,GCA_002370475.1,na,Metschnikowia drakensbergensis
GCA_002572855.1,[Emmonsia] crescens,Y,assembly_exact,fungi,Scaffold,GCA_002572855.1,na,[Emmonsia] crescens
GCA_002786025.1,Zasmidium citrigriseum,Y,assembly_exact,fungi,Scaffold,GCA_002786025.1,na,Zasmidium citrigriseum
GCA_003116955.1,Cutaneotrichosporon mucoides,Y,assembly_exact,fungi,Scaffold,GCA_003116955.1,na,Cutaneotrichosporon mucoides
GCA_003184365.1,Evernia prunastri,Y,assembly_exact,fungi,Scaffold,GCA_003184365.1,na,Evernia prunastri
GCA_003550305.1,Glomus cerebriforme,Y,assembly_exact,fungi,Scaffold,GCA_003550305.1,na,Glomus cerebriforme
GCA_003708295.3,Cyberlindnera mycetangii,Y,assembly_exact,fungi,Scaffold,GCA_003708295.3,na,Petasospora mycetangii
GCA_003955835.1,Exophiala lecanii-corni,Y,assembly_exact,fungi,Complete Genome,GCA_003955835.1,na,Exophiala lecanii-corni
GCA_004366825.1,Colletotrichum spinosum,Y,assembly_exact,fungi,Scaffold,GCA_004366825.1,na,Colletotrichum spinosum
GCA_008629635.2,Kwoniella shandongensis,Y,assembly_exact,fungi,Complete Genome,GCA_008629635.2,GCF_008629635.2,Kwoniella shandongensis
GCA_010405425.1,Lentithecium fluviatile,Y,assembly_exact,fungi,Scaffold,GCA_010405425.1,na,Lentithecium fluviatile CBS 122367
GCA_011036685.1,Fusarium cf. nygamai,Y,assembly_exact,fungi,Scaffold,GCA_011036685.1,na,Fusarium cf. nygamai
GCA_014705525.1,Colletotrichum sp. HC292,Y,assembly_exact,fungi,Scaffold,GCA_014705525.1,na,Colletotrichum sp. HC292
GCA_014899045.1,Fusarium palustre,Y,assembly_exact,fungi,Scaffold,GCA_014899045.1,na,Fusarium palustre
GCA_015179045.1,Kalaharituber pfeilii,Y,assembly_exact,fungi,Contig,GCA_015179045.1,na,Kalaharituber pfeilii
GCA_015956445.1,Thelephora terrestris,Y,assembly_exact,fungi,Contig,GCA_015956445.1,na,Thelephora terrestris
GCA_016946835.1,Neocallimastix lanati (nom. inval.),Y,assembly_exact,fungi,Contig,GCA_016946835.1,na,Neocallimastix lanati (nom. inval.)
GCA_018282025.1,Sphagnurus paluster,Y,assembly_exact,fungi,Scaffold,GCA_018282025.1,na,Sphagnurus paluster
GCA_018851305.1,Calocybe cyanea,Y,assembly_exact,fungi,Scaffold,GCA_018851305.1,na,Calocybe cyanea
GCA_018851835.1,Hypsizygus ulmarius,Y,assembly_exact,fungi,Scaffold,GCA_018851835.1,na,Hypsizygus ulmarius
GCA_019632305.1,Tulasnella sp. 403,Y,assembly_exact,fungi,Scaffold,GCA_019632305.1,na,Tulasnella sp. 403
GCA_019915075.1,Strobilurus stephanocystis,Y,assembly_exact,fungi,Contig,GCA_019915075.1,na,Strobilurus stephanocystis
GCA_022190145.1,Pezicula rhizophila,Y,assembly_exact,fungi,Scaffold,GCA_022190145.1,na,Pezicula rhizophila
GCA_022457145.1,Colletotrichum magnum,Y,assembly_exact,fungi,Scaffold,GCA_022457145.1,na,Colletotrichum magnum
GCA_022606115.1,Daedaleopsis nitida,Y,assembly_exact,fungi,Contig,GCA_022606115.1,na,Daedaleopsis nitida
GCA_022606195.1,Trametes polyzona,Y,assembly_exact,fungi,Contig,GCA_022606195.1,na,Trametes polyzona
GCA_022606235.1,Abortiporus biennis,Y,assembly_exact,fungi,Contig,GCA_022606235.1,na,Abortiporus biennis
GCA_022702355.1,Cercospora zeina,Y,assembly_exact,fungi,Contig,GCA_022702355.1,na,Cercospora zeina
GCA_022702485.1,Simplicillium sp. C3G150-2,Y,assembly_exact,fungi,Contig,GCA_022702485.1,na,Simplicillium sp. C3G150-2
GCA_023628735.1,Trichoderma sp. PF4103,Y,assembly_exact,fungi,Scaffold,GCA_023628735.1,na,Trichoderma sp. PF4103
GCA_023703485.1,Diaporthe caulivora,Y,assembly_exact,fungi,Contig,GCA_023703485.1,na,Diaporthe caulivora
GCA_027406105.1,Colletotrichum endophyticum,Y,assembly_exact,fungi,Contig,GCA_027406105.1,na,Colletotrichum endophyticum
GCA_027578415.1,Coemansia sp. RSA 1972,Y,assembly_exact,fungi,Scaffold,GCA_027578415.1,na,Coemansia sp. RSA 1972
GCA_027627215.1,Lecanicillium saksenae,Y,assembly_exact,fungi,Contig,GCA_027627215.1,na,Lecanicillium saksenae
GCA_029490675.1,Cercospora nicotianae,Y,assembly_exact,fungi,Contig,GCA_029490675.1,na,Cercospora nicotianae
GCA_029542885.1,Malassezia caprae,Y,assembly_exact,fungi,Complete Genome,GCA_029542885.1,na,Malassezia caprae
GCA_030556505.1,[Candida] pseudofarinosa,Y,assembly_exact,fungi,Contig,GCA_030556505.1,na,Millerozyma pseudofarinosa
GCA_030557065.1,Metschnikowia rubicola,Y,assembly_exact,fungi,Scaffold,GCA_030557065.1,na,Metschnikowia rubicola
GCA_030565085.1,Sugiyamaella pinicola,Y,assembly_exact,fungi,Scaffold,GCA_030565085.1,na,Sugiyamaella pinicola
GCA_030569195.1,Hyphopichia khmerensis,Y,assembly_exact,fungi,Scaffold,GCA_030569195.1,na,Hyphopichia khmerensis
GCA_030570235.1,Meyerozyma smithsonii,Y,assembly_exact,fungi,Contig,GCA_030570235.1,na,Meyerozyma smithsonii
GCA_030574195.1,Groenewaldozyma auringiensis,Y,assembly_exact,fungi,Scaffold,GCA_030574195.1,na,Groenewaldozyma auringiensis
GCA_030574975.1,Teunomyces atbi,Y,assembly_exact,fungi,Scaffold,GCA_030574975.1,na,Teunomyces atbi
GCA_030580135.1,[Candida] easanensis,Y,assembly_exact,fungi,Scaffold,GCA_030580135.1,na,Petasospora easanensis
GCA_030710325.1,Penicillium sp. 91 TS-2023,Y,assembly_exact,fungi,Contig,GCA_030710325.1,na,Penicillium sp. 91 TS-2023
GCA_036034705.1,Thielaviopsis punctulata,Y,assembly_exact,fungi,Chromosome,GCA_036034705.1,na,Thielaviopsis punctulata
GCA_036971435.1,Dactylellina sp. 'tibetensis',Y,assembly_exact,fungi,Scaffold,GCA_036971435.1,na,Dactylellina sp. 'tibetensis'
GCA_037044235.1,Meruliopsis variegata,Y,assembly_exact,fungi,Contig,GCA_037044235.1,na,Meruliopsis variegata
GCA_037356195.1,Penicillium sp. F50,Y,assembly_exact,fungi,Scaffold,GCA_037356195.1,na,Penicillium sp. F50
GCA_038089975.1,Boletellus ananiceps,Y,assembly_exact,fungi,Scaffold,GCA_038089975.1,na,Boletellus ananiceps
GCA_038091195.1,Phylloporus rhodoxanthus,Y,assembly_exact,fungi,Scaffold,GCA_038091195.1,na,Phylloporus rhodoxanthus
GCA_947243795.1,Saccharomyces uvarum,Y,name_exact,fungi,,,,Saccharomyces uvarum
GCA_951394405.1,Coprinellus micaceus,Y,name_exact,fungi,,,,Coprinellus micaceus
GCF_000091045.1,Cryptococcus deneoformans,Y,assembly_exact,fungi,Chromosome,GCA_000091045.1,GCF_000091045.1,Cryptococcus deneoformans JEC21
GCF_000149985.1,Pyrenophora tritici-repentis,Y,assembly_exact,fungi,Scaffold,GCA_000149985.1,GCF_000149985.1,Pyrenophora tritici-repentis Pt-1C-BFP
GCF_000348985.1,Huiozyma naganishii,Y,assembly_exact,fungi,Chromosome,GCA_000348985.1,GCF_000348985.1,Huiozyma naganishii CBS 8797
GCF_000836115.1,Exophiala spinifera,Y,assembly_exact,fungi,Scaffold,GCA_000836115.1,GCF_000836115.1,Exophiala spinifera
GCF_002846915.1,Aspergillus ochraceoroseus,Y,assembly_exact,fungi,Contig,GCA_002846915.2,GCF_002846915.1,Aspergillus ochraceoroseus IBT 24754
GCF_016647625.1,Suillus subalutaceus,Y,assembly_exact,fungi,Contig,GCA_016647625.1,GCF_016647625.1,Suillus subalutaceus
GCA_000827395.1,Paxillus rubicundulus,Y,assembly_exact,fungi,Scaffold,GCA_000827395.1,na,Paxillus rubicundulus Ve08.2h10
GCA_001600515.1,Yarrowia sp. JCM 30694,Y,assembly_exact,fungi,Scaffold,GCA_001600515.1,na,Yarrowia sp. JCM 30694
GCA_001754015.1,Brettanomyces anomalus,Y,assembly_exact,fungi,Scaffold,GCA_001754015.1,na,Brettanomyces anomalus
GCA_002374535.1,Metschnikowia kamakouana,Y,assembly_exact,fungi,Scaffold,GCA_002374535.1,na,Metschnikowia kamakouana
GCA_003260565.1,Monilinia fructigena,Y,assembly_exact,fungi,Contig,GCA_003260565.1,na,Monilinia fructigena
GCA_003550325.1,Gigaspora rosea,Y,assembly_exact,fungi,Scaffold,GCA_003550325.1,na,Gigaspora rosea
GCA_003708965.2,Debaryomyces subglobosus,Y,assembly_exact,fungi,Scaffold,GCA_003708965.2,na,Debaryomyces subglobosus
GCA_003788595.2,Choiromyces venosus,Y,assembly_exact,fungi,Scaffold,GCA_003788595.2,na,Choiromyces venosus 120613-1
GCA_004155035.1,Monosporascus sp. 5C6A,Y,assembly_exact,fungi,Scaffold,GCA_004155035.1,na,Monosporascus sp. 5C6A
GCA_004155055.1,Monosporascus sp. CRB-8-3,Y,assembly_exact,fungi,Scaffold,GCA_004155055.1,na,Monosporascus sp. CRB-8-3
GCA_004931855.1,Pichia inconspicua,Y,assembly_exact,fungi,Scaffold,GCA_004931855.1,na,Pichia inconspicua
GCA_008274985.1,Aspergillus sojae,Y,assembly_exact,fungi,Complete Genome,GCA_008274985.1,na,Aspergillus sojae
GCA_010015725.1,Amniculicola lignicola,Y,assembly_exact,fungi,Scaffold,GCA_010015725.1,na,Amniculicola lignicola CBS 123094
GCA_013305525.1,Aspergillus quadrilineatus,Y,assembly_exact,fungi,Scaffold,GCA_013305525.1,na,Aspergillus quadrilineatus
GCA_015502485.1,Mortierella sp. GBA39,Y,assembly_exact,fungi,Scaffold,GCA_015502485.1,na,Mortierella sp. GBA39
GCA_018524465.1,Podaxis pistillaris,Y,assembly_exact,fungi,Scaffold,GCA_018524465.1,na,Podaxis pistillaris
GCA_019137255.1,Corinectria fuckeliana,Y,assembly_exact,fungi,Scaffold,GCA_019137255.1,na,Corinectria fuckeliana
GCA_019915035.1,Auriscalpium orientale,Y,assembly_exact,fungi,Contig,GCA_019915035.1,na,Auriscalpium orientale
GCA_021655865.1,Fusarium guadeloupense,Y,assembly_exact,fungi,Scaffold,GCA_021655865.1,na,Fusarium guadeloupense
GCA_022818075.1,Armillaria altimontana,Y,assembly_exact,fungi,Scaffold,GCA_022818075.1,na,Armillaria altimontana
GCA_023212605.1,Moesziomyces parantarcticus,Y,assembly_exact,fungi,Contig,GCA_023212605.1,na,Moesziomyces parantarcticus
GCA_023212995.1,Komagataella populi,Y,assembly_exact,fungi,Contig,GCA_023212995.1,na,Komagataella populi
GCA_024243835.1,Enteropsectra breve,Y,assembly_exact,fungi,Scaffold,GCA_024243835.1,na,Enteropsectra breve
GCA_025201805.1,Parasitella parasitica,Y,assembly_exact,fungi,Scaffold,GCA_025201805.1,na,Parasitella parasitica
GCA_026122735.1,Penicillium bialowiezense,Y,assembly_exact,fungi,Contig,GCA_026122735.1,na,Penicillium bialowiezense
GCA_027579255.1,Coemansia pectinata,Y,assembly_exact,fungi,Scaffold,GCA_027579255.1,na,Coemansia pectinata
GCA_027603645.1,Gaertneriomyces sp. JEL0708,Y,assembly_exact,fungi,Scaffold,GCA_027603645.1,na,Gaertneriomyces sp. JEL0708
GCA_028458525.1,Ophiosphaerella herpotricha,Y,assembly_exact,fungi,Contig,GCA_028458525.1,na,Ophiosphaerella herpotricha
GCA_029635245.1,Nannizziopsis arthrosporioides,Y,assembly_exact,fungi,Complete Genome,GCA_029635245.1,na,Nannizziopsis arthrosporioides
GCA_030567875.1,[Candida] nitratophila,Y,assembly_exact,fungi,Scaffold,GCA_030567875.1,na,Wenyingozyma nitratophila
GCA_030570115.1,Wilhelminamyces savonicus,Y,assembly_exact,fungi,Scaffold,GCA_030570115.1,na,Wilhelminamyces savonicus
GCA_030570435.1,Pichia ethanolica,Y,assembly_exact,fungi,Scaffold,GCA_030570435.1,na,Pichia ethanolica
GCA_030581855.1,Yueomyces sinensis,Y,assembly_exact,fungi,Scaffold,GCA_030581855.1,na,Yueomyces sinensis
GCA_030780945.1,Aschersonia sp. MBC 593,Y,assembly_exact,fungi,Contig,GCA_030780945.1,na,Aschersonia sp. MBC 593
GCA_036780745.1,Vairimorpha bombi,Y,assembly_exact,fungi,Scaffold,GCA_036780745.1,na,Vairimorpha bombi
GCA_036971365.1,Dactylellina leptospora,Y,assembly_exact,fungi,Scaffold,GCA_036971365.1,na,Dactylellina leptospora
GCA_038092095.1,Leccinum colubrinum,Y,assembly_exact,fungi,Scaffold,GCA_038092095.1,na,Leccinum colubrinum
GCA_038092195.1,Leccinum barrowsii,Y,assembly_exact,fungi,Scaffold,GCA_038092195.1,na,Leccinum barrowsii
GCA_038094195.1,Pulveroboletus aff. carminiporus,Y,assembly_exact,fungi,Scaffold,GCA_038094195.1,na,Pulveroboletus aff. carminiporus
GCF_000149925.1,Puccinia graminis,Y,assembly_exact,fungi,Scaffold,GCA_000149925.1,GCF_000149925.1,Puccinia graminis f. sp. tritici CRL 75-36-700-3
GCF_000151355.1,Fusarium vanettenii,Y,assembly_exact,fungi,Scaffold,GCA_000151355.1,GCF_000151355.1,Fusarium vanettenii 77-13-4
GCF_000181695.2,Malassezia globosa,Y,assembly_exact,fungi,Contig,GCA_000181695.2,GCF_000181695.2,Malassezia globosa CBS 7966
GCF_000576695.1,Kuraishia capsulata,Y,assembly_exact,fungi,Scaffold,GCA_000576695.1,GCF_000576695.1,Kuraishia capsulata CBS 1993
GCF_014461135.1,Mycena indigotica,Y,assembly_exact,fungi,Contig,GCA_014461135.1,GCF_014461135.1,Mycena indigotica
GCF_025602895.1,Polychytrium aggregatum,Y,assembly_exact,fungi,Contig,GCA_025602895.1,GCF_025602895.1,Polychytrium aggregatum
GCF_028826965.1,Penicillium alfredii,Y,assembly_exact,fungi,Contig,GCA_028826965.1,GCF_028826965.1,Penicillium alfredii
GCF_033297395.1,Canariomyces notabilis,Y,assembly_exact,fungi,Scaffold,GCA_033297395.1,GCF_033297395.1,Canariomyces notabilis
GCF_036426115.1,Kwoniella botswanensis,Y,assembly_exact,fungi,Complete Genome,GCA_036426115.1,GCF_036426115.1,Kwoniella botswanensis
GCA_000697455.1,Basidiobolus heterosporus,Y,assembly_exact,fungi,Contig,GCA_000697455.1,na,Basidiobolus heterosporus B8920
GCA_001302255.2,Trametes hirsuta,Y,assembly_exact,fungi,Chromosome,GCA_001302255.2,na,Trametes hirsuta
GCA_001936155.1,Saccharomycopsis fibuligera,Y,assembly_exact,fungi,Complete Genome,GCA_001936155.1,na,Saccharomycopsis fibuligera
GCA_002162615.1,Myriosclerotinia duriaeana,Y,assembly_exact,fungi,Scaffold,GCA_002162615.1,na,Myriosclerotinia duriaeana
GCA_003144235.1,Violaceomyces palustris,Y,assembly_exact,fungi,Scaffold,GCA_003144235.1,na,Violaceomyces palustris
GCA_003568695.1,Protomyces arabidopsidicola,Y,assembly_exact,fungi,Contig,GCA_003568695.1,na,Protomyces arabidopsidicola
GCA_004802695.1,Phellinidium pouzarii,Y,assembly_exact,fungi,Contig,GCA_004802695.1,na,Phellinidium pouzarii
GCA_005281515.1,Taphrina wiesneri,Y,assembly_exact,fungi,Scaffold,GCA_005281515.1,na,Taphrina wiesneri
GCA_010093795.1,Sporormia fimetaria,Y,assembly_exact,fungi,Scaffold,GCA_010093795.1,na,Sporormia fimetaria CBS 119925
GCA_012274445.1,Sclerotiophoma versabilis,Y,assembly_exact,fungi,Contig,GCA_012274445.1,na,Sclerotiophoma versabilis
GCA_013423405.1,Zygosaccharomyces siamensis,Y,assembly_exact,fungi,Scaffold,GCA_013423405.1,na,Zygosaccharomyces siamensis
GCA_013618405.1,Fusarium hainanense,Y,assembly_exact,fungi,Scaffold,GCA_013618405.1,na,Fusarium hainanense
GCA_016880775.1,Phymatotrichopsis omnivora,Y,assembly_exact,fungi,Scaffold,GCA_016880775.1,na,Phymatotrichopsis omnivora
GCA_018137895.1,Diaporthe sp. DP-2020a,Y,assembly_exact,fungi,Scaffold,GCA_018137895.1,na,Diaporthe sp. DP-2020a
GCA_018343915.1,Agroathelia rolfsii,Y,assembly_exact,fungi,Contig,GCA_018343915.1,na,Agroathelia rolfsii
GCA_019054735.1,Fusarium sp. S18/39,Y,assembly_exact,fungi,Scaffold,GCA_019054735.1,na,Fusarium sp. S18/39
GCA_020744175.1,Auriculariales sp. MPI-PUGE-AT-0066,Y,assembly_exact,fungi,Contig,GCA_020744175.1,na,Auriculariales sp. MPI-PUGE-AT-0066
GCA_021018615.1,Phlebopus sp. FC_14,Y,assembly_exact,fungi,Contig,GCA_021018615.1,na,Phlebopus sp. FC_14
GCA_021525015.1,Lactarius pseudohatsudake,Y,assembly_exact,fungi,Contig,GCA_021525015.1,na,Lactarius pseudohatsudake
GCA_022606155.1,Trametes elegans,Y,assembly_exact,fungi,Contig,GCA_022606155.1,na,Trametes elegans
GCA_024516155.1,Pyronema omphalodes,Y,assembly_exact,fungi,Contig,GCA_024516155.1,na,Pyronema omphalodes
GCA_025531455.1,Apiotrichum sp. Y4204,Y,assembly_exact,fungi,Scaffold,GCA_025531455.1,na,Apiotrichum sp. Y4204
GCA_025531525.1,Pichia sp. P7020A,Y,assembly_exact,fungi,Scaffold,GCA_025531525.1,na,Pichia sp. P7020A
GCA_027577255.1,Coemansia sp. S100,Y,assembly_exact,fungi,Scaffold,GCA_027577255.1,na,Coemansia sp. S100
GCA_027604245.1,Boothiomyces sp. JEL0838,Y,assembly_exact,fungi,Contig,GCA_027604245.1,na,Boothiomyces sp. JEL0838
GCA_028455935.1,Simplicillium aogashimaense,Y,assembly_exact,fungi,Chromosome,GCA_028455935.1,na,Simplicillium aogashimaense
GCA_030278935.1,Trichoderma polysporum,Y,assembly_exact,fungi,Scaffold,GCA_030278935.1,na,Trichoderma polysporum
GCA_030462855.1,Saturnispora bothae,Y,assembly_exact,fungi,Scaffold,GCA_030462855.1,na,Saturnispora bothae
GCA_030556545.1,Kodamaea sagamina,Y,assembly_exact,fungi,Scaffold,GCA_030556545.1,na,Kodamaea sagamina
GCA_030563525.1,Nadsonia commutata,Y,assembly_exact,fungi,Scaffold,GCA_030563525.1,na,Nadsonia commutata
GCA_030564445.1,Kodamaea leandrae,Y,assembly_exact,fungi,Contig,GCA_030564445.1,na,Kodamaea leandrae
GCA_030564525.1,[Candida] berthetii,Y,assembly_exact,fungi,Scaffold,GCA_030564525.1,na,Liangdongia berthetii
GCA_030565385.1,Kodamaea neixiangensis,Y,assembly_exact,fungi,Scaffold,GCA_030565385.1,na,Kodamaea neixiangensis
GCA_030571115.1,Wickerhamomyces sp. yHMH617,Y,assembly_exact,fungi,Scaffold,GCA_030571115.1,na,Wickerhamomyces sp. yHMH617
GCA_030571395.1,Nakaseomyces sp. UFMG-CM-Y6046,Y,assembly_exact,fungi,Scaffold,GCA_030571395.1,na,Nakaseomyces sp. UFMG-CM-Y6046
GCA_030574075.1,Clavispora opuntiae,Y,assembly_exact,fungi,Scaffold,GCA_030574075.1,na,Clavispora opuntiae
GCA_030574535.1,Tortispora starmeri,Y,assembly_exact,fungi,Scaffold,GCA_030574535.1,na,Tortispora starmeri
GCA_030579195.1,[Candida] diospyri,Y,assembly_exact,fungi,Scaffold,GCA_030579195.1,na,[Candida] diospyri
GCA_030580475.1,[Candida] patagonica (nom. inval.),Y,assembly_exact,fungi,Scaffold,GCA_030580475.1,na,Casaregolazyma patagonica
GCA_030585145.1,Suhomyces faveliae,Y,assembly_exact,fungi,Scaffold,GCA_030585145.1,na,Suhomyces faveliae
GCA_030674565.1,Ogataea thermomethanolica (nom. inval.),Y,assembly_exact,fungi,Contig,GCA_030674565.1,na,Ogataea thermomethanolica
GCA_030770415.1,Pleoardoris graminearum,Y,assembly_exact,fungi,Scaffold,GCA_030770415.1,na,Pleoardoris graminearum
GCA_031142775.1,Microdochium paspali,Y,assembly_exact,fungi,Contig,GCA_031142775.1,na,Microdochium paspali
GCA_032988185.1,Onygenales sp. PD_12,Y,assembly_exact,fungi,Scaffold,GCA_032988185.1,na,Onygenales sp. PD_12
GCA_038091715.1,Leccinum ponderosum,Y,assembly_exact,fungi,Scaffold,GCA_038091715.1,na,Leccinum ponderosum
GCA_038381195.1,Phyllosticta capitalensis,Y,assembly_exact,fungi,Contig,GCA_038381195.1,na,Phyllosticta capitalensis
GCA_911649655.1,Penicillium sclerotiorum,Y,name_exact,fungi,,,,Penicillium sclerotiorum
GCF_003025095.1,Trichoderma harzianum,Y,assembly_exact,fungi,Scaffold,GCA_003025095.1,GCF_003025095.1,Trichoderma harzianum CBS 226.95
GCF_003942205.1,Apiotrichum porosum,Y,assembly_exact,fungi,Contig,GCA_003942205.1,GCF_003942205.1,Apiotrichum porosum
GCF_010015565.1,Dissoconium aciculare,Y,assembly_exact,fungi,Scaffold,GCA_010015565.1,GCF_010015565.1,Dissoconium aciculare CBS 342.82
GCA_000338015.2,Ganoderma multipileum,Y,assembly_exact,fungi,Contig,GCA_000338015.2,na,Ganoderma multipileum BCRC 37180
GCA_000465215.2,Pyrenophora seminiperda,Y,assembly_exact,fungi,Scaffold,GCA_000465215.2,na,Pyrenophora seminiperda CCB06
GCA_000697705.1,Botryobasidium botryosum,Y,assembly_exact,fungi,Scaffold,GCA_000697705.1,na,Botryobasidium botryosum FD-172 SS1
GCA_001599915.1,Symbiotaphrina buchneri,Y,assembly_exact,fungi,Scaffold,GCA_001599915.1,na,Symbiotaphrina buchneri
GCA_001600175.1,Erythrobasidium yunnanense,Y,assembly_exact,fungi,Scaffold,GCA_001600175.1,na,Erythrobasidium yunnanense
GCA_002893665.1,Metschnikowia orientalis,Y,assembly_exact,fungi,Scaffold,GCA_002893665.1,na,Metschnikowia orientalis
GCA_003031705.1,Calonectria naviculata,Y,assembly_exact,fungi,Scaffold,GCA_003031705.1,na,Calonectria naviculata
GCA_003268315.1,Stemphylium lycopersici,Y,assembly_versionless,fungi,Scaffold,GCA_003268315.2,na,Stemphylium lycopersici
GCA_003316615.1,Amanita pseudoporphyria,Y,assembly_exact,fungi,Scaffold,GCA_003316615.1,na,Amanita pseudoporphyria
GCA_003449175.1,Ceratocystis smalleyi,Y,assembly_exact,fungi,Scaffold,GCA_003449175.1,na,Ceratocystis smalleyi
GCA_003521275.1,Tricholoma sp. MG99,Y,assembly_exact,fungi,Scaffold,GCA_003521275.1,na,Tricholoma sp. MG99
GCA_003717255.1,Protomyces gravidus,Y,assembly_exact,fungi,Contig,GCA_003717255.1,na,Protomyces gravidus
GCA_004332605.1,Steccherinum ochraceum,Y,assembly_exact,fungi,Scaffold,GCA_004332605.1,na,Steccherinum ochraceum
GCA_009805345.1,Neurospora sp. FGSC 26628,Y,assembly_exact,fungi,Scaffold,GCA_009805345.1,na,Neurospora sp. FGSC 26628
GCA_012295355.1,Brettanomyces naardenensis,Y,assembly_exact,fungi,Scaffold,GCA_012295355.1,na,Brettanomyces naardenensis
GCA_013694445.1,Torulaspora globosa,Y,assembly_exact,fungi,Complete Genome,GCA_013694445.1,na,Torulaspora globosa
GCA_016256075.1,Dictyocoela muelleri,Y,assembly_exact,fungi,Scaffold,GCA_016256075.1,na,Dictyocoela muelleri
GCA_018360345.1,Claviceps sp. LM84 group G4,Y,assembly_exact,fungi,Contig,GCA_018360345.1,na,Claviceps sp. LM84 group G4
GCA_018467035.1,Scorias spongiosa,Y,assembly_exact,fungi,Contig,GCA_018467035.1,na,Scorias spongiosa
GCA_019202945.1,Corynespora olivacea,Y,assembly_exact,fungi,Scaffold,GCA_019202945.1,na,Corynespora olivacea
GCA_019425465.1,Colletotrichum falcatum,Y,assembly_exact,fungi,Contig,GCA_019425465.1,na,Colletotrichum falcatum
GCA_019616915.1,Ceratobasidium sp. 423,Y,assembly_exact,fungi,Scaffold,GCA_019616915.1,na,Ceratobasidium sp. 423
GCA_020091625.1,Termitomyces sp. 'cryptogamus',Y,assembly_exact,fungi,Scaffold,GCA_020091625.1,na,Termitomyces sp. 'cryptogamus'
GCA_020102295.1,Metarhizium humberi,Y,assembly_exact,fungi,Scaffold,GCA_020102295.1,na,Metarhizium humberi
GCA_020883615.1,Fusarium virguliforme,Y,assembly_exact,fungi,Contig,GCA_020883615.1,na,Fusarium virguliforme
GCA_021596325.1,Parafenestella ontariensis,Y,assembly_exact,fungi,Scaffold,GCA_021596325.1,na,Parafenestella ontariensis
GCA_022814565.1,Phaeophleospora eucalypticola,Y,assembly_exact,fungi,Scaffold,GCA_022814565.1,na,Phaeophleospora eucalypticola
GCA_023065455.1,Cladonia rangiferina,Y,assembly_exact,fungi,Contig,GCA_023065455.1,na,Cladonia rangiferina
GCA_025558075.1,Gaertneriomyces semiglobifer,Y,assembly_exact,fungi,Contig,GCA_025558075.1,na,Gaertneriomyces semiglobifer
GCA_025999795.1,Monascus purpureus,Y,assembly_exact,fungi,Chromosome,GCA_025999795.1,na,Monascus purpureus
GCA_029299015.1,Ophiostoma montium,Y,assembly_exact,fungi,Scaffold,GCA_029299015.1,na,Ophiostoma montium
GCA_030068005.1,Cladophialophora exuberans,Y,assembly_exact,fungi,Contig,GCA_030068005.1,na,Cladophialophora exuberans
GCA_030407055.1,Armillaria mellea,Y,assembly_exact,fungi,Contig,GCA_030407055.1,na,Armillaria mellea
GCA_030558855.1,Blastobotrys indianensis,Y,assembly_exact,fungi,Scaffold,GCA_030558855.1,na,Blastobotrys indianensis
GCA_030565185.1,Scheffersomyces titani,Y,assembly_exact,fungi,Scaffold,GCA_030565185.1,na,Scheffersomyces titani
GCA_030566045.1,Dipodascus geniculatus,Y,assembly_exact,fungi,Scaffold,GCA_030566045.1,na,Dipodascus geniculatus
GCA_030569655.1,[Candida] tallmaniae,Y,assembly_exact,fungi,Scaffold,GCA_030569655.1,na,[Candida] tallmaniae
GCA_030572835.1,Trichomonascus vanleenenianus,Y,assembly_exact,fungi,Scaffold,GCA_030572835.1,na,Blastobotrys vanleenenianus
GCA_030574855.1,Wickerhamomyces rabaulensis,Y,assembly_exact,fungi,Scaffold,GCA_030574855.1,na,Taiozyma rabaulensis
GCA_030579415.1,Pichia eremophila,Y,assembly_exact,fungi,Scaffold,GCA_030579415.1,na,Pichia eremophila
GCA_030580155.1,Diutina siamensis,Y,assembly_exact,fungi,Scaffold,GCA_030580155.1,na,Diutina siamensis
GCA_033030425.1,Verpa conica,Y,assembly_exact,fungi,Contig,GCA_033030425.1,na,Verpa conica
GCA_033807795.1,Monosporozyma servazzii,Y,assembly_exact,fungi,Complete Genome,GCA_033807795.1,na,Monosporozyma servazzii
GCA_034638255.1,Coprinus comatus,Y,assembly_exact,fungi,Contig,GCA_034638255.1,na,Coprinus comatus
GCA_035048945.1,Penicillium sp. E22,Y,assembly_exact,fungi,Scaffold,GCA_035048945.1,na,Penicillium sp. E22
GCA_037356075.1,Neofusicoccum sp. Z40,Y,assembly_exact,fungi,Contig,GCA_037356075.1,na,Neofusicoccum sp. Z40
GCA_038087015.1,Cerrena zonata,Y,assembly_exact,fungi,Contig,GCA_038087015.1,na,Cerrena zonata
GCA_038089535.1,Hemileccinum rubropunctum,Y,assembly_exact,fungi,Scaffold,GCA_038089535.1,na,Hemileccinum rubropunctum
GCA_038093115.1,Hortiboletus flavorubellus,Y,assembly_exact,fungi,Scaffold,GCA_038093115.1,na,Hortiboletus flavorubellus
GCA_038094755.1,Caloboletus firmus,Y,assembly_exact,fungi,Scaffold,GCA_038094755.1,na,Caloboletus firmus
GCA_038382285.1,Ceratocystis cubensis,Y,assembly_exact,fungi,Contig,GCA_038382285.1,na,Ceratocystis cubensis
GCA_943181505.1,Phakopsora pachyrhizi,Y,name_exact,fungi,,,,Phakopsora pachyrhizi
GCF_000409485.1,Glarea lozoyensis,Y,assembly_exact,fungi,Scaffold,GCA_000409485.1,GCF_000409485.1,Glarea lozoyensis ATCC 20868
GCF_001651985.1,Fonsecaea erecta,Y,assembly_exact,fungi,Scaffold,GCA_001651985.1,GCF_001651985.1,Fonsecaea erecta
GCF_001890725.1,Aspergillus wentii,Y,assembly_exact,fungi,Scaffold,GCA_001890725.1,GCF_001890725.1,Aspergillus wentii DTO 134E9
GCF_010093625.1,Macroventuria anomochaeta,Y,assembly_exact,fungi,Scaffold,GCA_010093625.1,GCF_010093625.1,Macroventuria anomochaeta
GCF_030913465.1,Colletotrichum navitas,Y,assembly_exact,fungi,Contig,GCA_030913465.1,GCF_030913465.1,Colletotrichum navitas
GCA_001414345.1,Hymenoscyphus infarciens,Y,assembly_exact,fungi,Contig,GCA_001414345.1,na,Hymenoscyphus infarciens
GCA_001541205.1,Rhodotorula sp. JG-1b,Y,assembly_exact,fungi,Scaffold,GCA_001541205.1,na,Rhodotorula sp. JG-1b
GCA_001599155.1,Wickerhamia fluorescens,Y,assembly_exact,fungi,Scaffold,GCA_001599155.1,na,Wickerhamia fluorescens
GCA_001600755.1,Ogataea methanolica,Y,assembly_exact,fungi,Scaffold,GCA_001600755.1,na,Ogataea methanolica
GCA_001630475.1,Sertulicium niveocremeum,Y,assembly_exact,fungi,Scaffold,GCA_001630475.1,na,Sistotremastrum niveocremeum HHB9708
GCA_001895945.1,Trametes pubescens,Y,assembly_exact,fungi,Scaffold,GCA_001895945.1,na,Trametes pubescens
GCA_002850765.1,Aspergillus taichungensis,Y,assembly_exact,fungi,Scaffold,GCA_002850765.1,na,Aspergillus taichungensis
GCA_002991585.1,Ilyonectria mors-panacis,Y,assembly_exact,fungi,Contig,GCA_002991585.1,na,Ilyonectria mors-panacis
GCA_003012975.1,Juglanconis juglandina,Y,assembly_exact,fungi,Contig,GCA_003012975.1,na,Juglanconis juglandina
GCA_003316345.1,Tricholoma terreum,Y,assembly_exact,fungi,Scaffold,GCA_003316345.1,na,Tricholoma terreum
GCA_003705695.2,Blastobotrys serpentis,Y,assembly_exact,fungi,Scaffold,GCA_003705695.2,na,Blastobotrys serpentis
GCA_003706265.2,Nakazawaea holstii,Y,assembly_exact,fungi,Scaffold,GCA_003706265.2,na,Nakazawaea holstii
GCA_003988805.1,Ploettnerulaceae sp. D365,Y,assembly_exact,fungi,Scaffold,GCA_003988805.1,na,Ploettnerulaceae sp. D365
GCA_009193595.1,Aspergillus bertholletiae,Y,assembly_exact,fungi,Scaffold,GCA_009193595.1,na,Aspergillus bertholletiae
GCA_016758945.1,Mucor plumbeus,Y,assembly_exact,fungi,Scaffold,GCA_016758945.1,na,Mucor plumbeus
GCA_017657335.1,Termitomyces titanicus,Y,assembly_exact,fungi,Scaffold,GCA_017657335.1,na,Termitomyces titanicus
GCA_018360225.1,Claviceps pusilla,Y,assembly_exact,fungi,Contig,GCA_018360225.1,na,Claviceps pusilla
GCA_018360325.1,Claviceps aff. humidiphila group G2b,Y,assembly_exact,fungi,Contig,GCA_018360325.1,na,Claviceps aff. humidiphila group G2b
GCA_019096195.1,Boletus sp. NGJ,Y,assembly_exact,fungi,Scaffold,GCA_019096195.1,na,Boletus sp. NGJ
GCA_020280145.1,Barnettozyma botsteinii,Y,assembly_exact,fungi,Scaffold,GCA_020280145.1,na,Gotozyma botsteinii
GCA_020744375.1,Dactylonectria estremocensis,Y,assembly_exact,fungi,Contig,GCA_020744375.1,na,Dactylonectria estremocensis
GCA_021399435.1,Diaporthe sp. PMI_573,Y,assembly_exact,fungi,Contig,GCA_021399435.1,na,Diaporthe sp. PMI_573
GCA_022497025.1,Hypoxylon sp. FL0890,Y,assembly_exact,fungi,Scaffold,GCA_022497025.1,na,Hypoxylon sp. FL0890
GCA_023158955.1,Sungouiella xylosa,Y,assembly_exact,fungi,Contig,GCA_023158955.1,na,Sungouiella xylosa
GCA_024140245.1,Backusella tuberculispora,Y,assembly_exact,fungi,Scaffold,GCA_024140245.1,na,Backusella tuberculispora
GCA_025531625.1,Pichia sp. PX1907B,Y,assembly_exact,fungi,Scaffold,GCA_025531625.1,na,Pichia sp. PX1907B
GCA_026225955.1,Clarireedia paspali,Y,assembly_exact,fungi,Scaffold,GCA_026225955.1,na,Clarireedia paspali
GCA_027578075.1,Coemansia sp. RSA 2559,Y,assembly_exact,fungi,Scaffold,GCA_027578075.1,na,Coemansia sp. RSA 2559
GCA_027578595.1,Coemansia sp. RSA 1836,Y,assembly_exact,fungi,Scaffold,GCA_027578595.1,na,Coemansia sp. RSA 1836
GCA_029281435.1,Mycena haematopus,Y,assembly_exact,fungi,Contig,GCA_029281435.1,na,Mycena haematopus
GCA_029289565.1,Mycena galericulata,Y,assembly_exact,fungi,Contig,GCA_029289565.1,na,Mycena galericulata
GCA_030549205.1,Apiosordaria backusii,Y,assembly_exact,fungi,Contig,GCA_030549205.1,na,Apiosordaria backusii
GCA_030556025.1,Pichia sp. NRRL YB-4149,Y,assembly_exact,fungi,Scaffold,GCA_030556025.1,na,Pichia sp. NRRL YB-4149
GCA_030557175.1,Cyberlindnera japonica,Y,assembly_exact,fungi,Scaffold,GCA_030557175.1,na,Petasospora japonica
GCA_030557995.1,Clavispora vitiphila,Y,assembly_exact,fungi,Scaffold,GCA_030557995.1,na,Clavispora vitiphila
GCA_030560865.1,Nadsonia starkeyi-henricii,Y,assembly_exact,fungi,Scaffold,GCA_030560865.1,na,Nadsonia starkeyi-henricii
GCA_030563105.1,Metschnikowia lopburiensis,Y,assembly_exact,fungi,Scaffold,GCA_030563105.1,na,Metschnikowia lopburiensis
GCA_030568275.1,Lipomyces orientalis,Y,assembly_exact,fungi,Scaffold,GCA_030568275.1,na,Lipomyces orientalis
GCA_030571295.1,[Candida] citri,Y,assembly_exact,fungi,Scaffold,GCA_030571295.1,na,[Candida] citri
GCA_030571535.1,Monosporozyma solicola,Y,assembly_exact,fungi,Scaffold,GCA_030571535.1,na,Monosporozyma solicola
GCA_030572075.1,Yamadazyma ubonensis,Y,assembly_exact,fungi,Scaffold,GCA_030572075.1,na,Yamadazyma ubonensis
GCA_030572415.1,[Candida] membranifaciens,Y,assembly_exact,fungi,Contig,GCA_030572415.1,na,[Candida] membranifaciens
GCA_030573835.1,Tetrapisispora taiwanensis (nom. inval.),Y,assembly_exact,fungi,Scaffold,GCA_030573835.1,na,Tetrapisispora taiwanensis (nom. inval.)
GCA_030575195.1,Sugiyamaella boreocaroliniensis,Y,assembly_exact,fungi,Scaffold,GCA_030575195.1,na,Sugiyamaella boreocaroliniensis
GCA_030579895.1,Sugiyamaella grinbergsii,Y,assembly_exact,fungi,Scaffold,GCA_030579895.1,na,Sugiyamaella grinbergsii
GCA_030583405.1,Sugiyamaella americana,Y,assembly_exact,fungi,Scaffold,GCA_030583405.1,na,Sugiyamaella americana
GCA_030708095.1,Trichoderma sp. CBMAI-0020,Y,assembly_exact,fungi,Contig,GCA_030708095.1,na,Trichoderma sp. CBMAI-0020
GCA_033439795.1,Sordaria brevicollis,Y,assembly_exact,fungi,Contig,GCA_033439795.1,na,Sordaria brevicollis
GCA_037577415.1,Fusarium compactum,Y,assembly_exact,fungi,Contig,GCA_037577415.1,na,Fusarium compactum
GCA_038088755.1,Boletus aff. separans,Y,assembly_exact,fungi,Scaffold,GCA_038088755.1,na,Boletus aff. separans
GCA_038089275.1,Pulveroboletus cf. rosaemariae,Y,assembly_exact,fungi,Scaffold,GCA_038089275.1,na,Pulveroboletus cf. rosaemariae
GCA_038092835.1,Boletus pseudoseparans,Y,assembly_exact,fungi,Scaffold,GCA_038092835.1,na,Boletus pseudoseparans
GCF_000264905.1,Stereum hirsutum,Y,assembly_exact,fungi,Scaffold,GCA_000264905.1,GCF_000264905.1,Stereum hirsutum FP-91666 SS1
GCF_001204775.2,Aspergillus nomiae,Y,assembly_exact,fungi,Contig,GCA_001204775.2,GCF_001204775.2,Aspergillus nomiae NRRL 13137
GCF_001447935.2,Debaryomyces fabryi,Y,assembly_exact,fungi,Contig,GCA_001447935.2,GCF_001447935.2,Debaryomyces fabryi
GCF_001636725.1,Cordyceps fumosorosea,Y,assembly_exact,fungi,Scaffold,GCA_001636725.1,GCF_001636725.1,Cordyceps fumosorosea ARSEF 2679
GCF_001661335.1,Babjeviella inositovora,Y,assembly_exact,fungi,Scaffold,GCA_001661335.1,GCF_001661335.1,Babjeviella inositovora NRRL Y-12698
GCF_003344945.1,Aspergillus welwitschiae,Y,assembly_exact,fungi,Scaffold,GCA_003344945.1,GCF_003344945.1,Aspergillus welwitschiae
GCA_000442015.1,Rozella allomycis,Y,assembly_exact,fungi,Scaffold,GCA_000442015.1,na,Rozella allomycis CSF55
GCA_000444155.1,Cladonia macilenta,Y,assembly_exact,fungi,Scaffold,GCA_000444155.1,na,Cladonia macilenta KoLRI003786
GCA_000812125.1,Aspergillus ustus,Y,assembly_exact,fungi,Scaffold,GCA_000812125.1,na,Aspergillus ustus
GCA_000817185.1,Magnusiomyces clavatus,Y,assembly_exact,fungi,Scaffold,GCA_000817185.1,na,Magnusiomyces clavatus CNRMA 12.647
GCA_001262555.1,Fusarium nygamai,Y,assembly_exact,fungi,Scaffold,GCA_001262555.1,na,Fusarium nygamai
GCA_001936135.1,Saccharomycopsis fibuligera x Saccharomycopsis cf. fibuligera,Y,assembly_exact,fungi,Chromosome,GCA_001936135.1,na,Saccharomycopsis fibuligera x Saccharomycopsis cf. fibuligera
GCA_002370815.1,Metschnikowia hamakuensis,Y,assembly_exact,fungi,Scaffold,GCA_002370815.1,na,Metschnikowia hamakuensis
GCA_002370875.1,Metschnikowia arizonensis,Y,assembly_exact,fungi,Scaffold,GCA_002370875.1,na,Metschnikowia arizonensis
GCA_003707605.2,Tetrapisispora fleetii,Y,assembly_exact,fungi,Scaffold,GCA_003707605.2,na,Tetrapisispora fleetii
GCA_003707945.3,Wickerhamomyces bovis,Y,assembly_exact,fungi,Scaffold,GCA_003707945.3,na,Taiozyma bovis
GCA_003708205.2,Isabelozyma gotoi,Y,assembly_exact,fungi,Scaffold,GCA_003708205.2,na,Isabelozyma gotoi
GCA_003990745.1,Jimgerdemannia flammicorona,Y,assembly_exact,fungi,Contig,GCA_003990745.1,na,Jimgerdemannia flammicorona
GCA_004769165.1,Aspergillus cejpii,Y,assembly_exact,fungi,Contig,GCA_004769165.1,na,Aspergillus cejpii
GCA_008079325.1,Morchella conica,Y,assembly_exact,fungi,Scaffold,GCA_008079325.1,na,Morchella conica
GCA_009804965.1,Neurospora sp. FGSC 26632,Y,assembly_exact,fungi,Scaffold,GCA_009804965.1,na,Neurospora sp. FGSC 26632
GCA_010015515.1,Trichoderma sp. TW21990_1,Y,assembly_exact,fungi,Scaffold,GCA_010015515.1,na,Trichoderma sp. TW21990_1
GCA_013180725.1,Saccharomyces cerevisiae x Saccharomyces kudriavzevii x Saccharomyces uvarum,Y,assembly_exact,fungi,Scaffold,GCA_013180725.1,na,Saccharomyces cerevisiae x Saccharomyces kudriavzevii x Saccharomyces uvarum
GCA_013266205.1,Fusarium decemcellulare,Y,assembly_exact,fungi,Scaffold,GCA_013266205.1,na,Fusarium decemcellulare
GCA_013396015.1,Fusarium mexicanum,Y,assembly_exact,fungi,Scaffold,GCA_013396015.1,na,Fusarium mexicanum
GCA_013420875.1,Thelonectria rubi,Y,assembly_exact,fungi,Scaffold,GCA_013420875.1,na,Thelonectria rubi
GCA_014825545.1,Cystofilobasidium capitatum,Y,assembly_exact,fungi,Scaffold,GCA_014825545.1,na,Cystofilobasidium capitatum
GCA_015680625.1,Mortierella hygrophila,Y,assembly_exact,fungi,Scaffold,GCA_015680625.1,na,Mortierella hygrophila
GCA_016800925.1,Suillus spraguei,Y,assembly_exact,fungi,Contig,GCA_016800925.1,na,Suillus spraguei
GCA_016920805.1,Stagonosporopsis cucurbitacearum,Y,assembly_exact,fungi,Scaffold,GCA_016920805.1,na,Stagonosporopsis cucurbitacearum
GCA_022664585.2,Zalerion maritima,Y,assembly_exact,fungi,Scaffold,GCA_022664585.2,na,Zalerion maritima
GCA_023626235.1,Talaromyces sp. PYS2902,Y,assembly_exact,fungi,Scaffold,GCA_023626235.1,na,Talaromyces sp. PYS2902
GCA_023626375.1,Talaromyces sp. PF30-5,Y,assembly_exact,fungi,Scaffold,GCA_023626375.1,na,Talaromyces sp. PF30-5
GCA_023628975.1,Wickerhamiella pararugosa,Y,assembly_exact,fungi,Scaffold,GCA_023628975.1,na,Wickerhamiella pararugosa
GCA_023653515.1,Trichoderma orchidacearum,Y,assembly_exact,fungi,Scaffold,GCA_023653515.1,na,Trichoderma orchidacearum
GCA_024243955.1,Pancytospora epiphaga,Y,assembly_exact,fungi,Scaffold,GCA_024243955.1,na,Pancytospora epiphaga
GCA_027578955.1,Coemansia sp. RSA 1250,Y,assembly_exact,fungi,Scaffold,GCA_027578955.1,na,Coemansia sp. RSA 1250
GCA_029850275.1,Chrysosporium keratinophilum,Y,assembly_exact,fungi,Scaffold,GCA_029850275.1,na,Chrysosporium keratinophilum
GCA_030347605.1,Trichosporon sp. DN520,Y,assembly_exact,fungi,Contig,GCA_030347605.1,na,Trichosporon sp. DN520
GCA_030558145.1,Barnettozyma sucrosica (nom. inval.),Y,assembly_exact,fungi,Scaffold,GCA_030558145.1,na,Barnettozyma sucrosica
GCA_030563985.1,Geotrichum restrictum,Y,assembly_exact,fungi,Scaffold,GCA_030563985.1,na,Geotrichum restrictum
GCA_030565045.1,Starmera caribaea,Y,assembly_exact,fungi,Scaffold,GCA_030565045.1,na,Starmera caribaea
GCA_030567235.1,Hanseniaspora clermontiae,Y,assembly_exact,fungi,Scaffold,GCA_030567235.1,na,Hanseniaspora clermontiae
GCA_030573015.1,Metschnikowia peoriensis,Y,assembly_exact,fungi,Scaffold,GCA_030573015.1,na,Metschnikowia peoriensis
GCA_030573655.1,Cylindricascospora bacillispora,Y,assembly_exact,fungi,Scaffold,GCA_030573655.1,na,Cylindricascospora bacillispora
GCA_030582575.1,Candida buenavistaensis,Y,assembly_exact,fungi,Scaffold,GCA_030582575.1,na,Candida buenavistaensis
GCA_030783925.1,Aschersonia sp. MBC 735,Y,assembly_exact,fungi,Contig,GCA_030783925.1,na,Aschersonia sp. MBC 735
GCA_032988195.1,Arachnomyces sp. PD_36,Y,assembly_exact,fungi,Scaffold,GCA_032988195.1,na,Arachnomyces sp. PD_36
GCA_033819885.1,Microbotryomycetes sp. JL201,Y,assembly_versionless,fungi,Contig,GCA_033819885.2,na,Microbotryomycetes sp. JL201
GCA_036971405.1,Orbilia quercus,Y,assembly_exact,fungi,Scaffold,GCA_036971405.1,na,Orbilia quercus
GCA_038089375.1,Pseudoaustroboletus valens,Y,assembly_exact,fungi,Scaffold,GCA_038089375.1,na,Pseudoaustroboletus valens
GCA_038089835.1,Retiboletus flavoniger,Y,assembly_exact,fungi,Scaffold,GCA_038089835.1,na,Retiboletus flavoniger
GCA_038090735.1,Xerocomellus amylosporus,Y,assembly_exact,fungi,Scaffold,GCA_038090735.1,na,Xerocomellus amylosporus
GCA_038091165.1,Rubroboletus pulcherrimus,Y,assembly_exact,fungi,Scaffold,GCA_038091165.1,na,Rubroboletus pulcherrimus
GCA_038091415.1,Leccinum variicolor,Y,assembly_exact,fungi,Scaffold,GCA_038091415.1,na,Leccinum variicolor
GCA_038091935.1,Leccinum insigne,Y,assembly_exact,fungi,Scaffold,GCA_038091935.1,na,Leccinum insigne
GCF_000149035.1,Colletotrichum graminicola,Y,assembly_exact,fungi,Scaffold,GCA_000149035.1,GCF_000149035.1,Colletotrichum graminicola M1.001
GCF_000338995.1,Bipolaris sorokiniana,Y,assembly_exact,fungi,Scaffold,GCA_000338995.1,GCF_000338995.1,Bipolaris sorokiniana ND90Pr
GCF_002865645.1,Hyaloscypha bicolor,Y,assembly_exact,fungi,Scaffold,GCA_002865645.1,GCF_002865645.1,Hyaloscypha bicolor E
GCF_003144135.1,Microstroma glucosiphilum,Y,assembly_exact,fungi,Scaffold,GCA_003144135.1,GCF_003144135.1,Microstroma glucosiphilum
GCF_020744475.1,Fusarium redolens,Y,assembly_exact,fungi,Contig,GCA_020744475.1,GCF_020744475.1,Fusarium redolens
GCF_024613125.1,Pisolithus orientalis,Y,assembly_exact,fungi,Contig,GCA_024613125.1,GCF_024613125.1,Pisolithus orientalis
GCF_030549165.1,Lasiosphaeria miniovina,Y,assembly_exact,fungi,Contig,GCA_030549165.1,GCF_030549165.1,Lasiosphaeria miniovina
GCA_000230595.3,Edhazardia aedis,Y,assembly_exact,fungi,Scaffold,GCA_000230595.3,na,Edhazardia aedis USNM 41457
GCA_000504405.2,Mycosphaerella sp. Ston1,Y,assembly_exact,fungi,Scaffold,GCA_000504405.2,na,Mycosphaerella sp. Ston1
GCA_000835395.1,Exophiala sideris,Y,assembly_exact,fungi,Scaffold,GCA_000835395.1,na,Exophiala sideris
GCA_001625285.1,Colletotrichum incanum,Y,assembly_exact,fungi,Scaffold,GCA_001625285.1,na,Colletotrichum incanum
GCA_001662585.1,Pseudogymnoascus sp. WSF 3629,Y,assembly_exact,fungi,Scaffold,GCA_001662585.1,na,Pseudogymnoascus sp. WSF 3629
GCA_002287475.2,Pyrrhoderma noxium,Y,assembly_exact,fungi,Chromosome,GCA_002287475.2,na,Pyrrhoderma noxium
GCA_002374735.1,Metschnikowia sp. 13-106.1,Y,assembly_exact,fungi,Scaffold,GCA_002374735.1,na,Metschnikowia sp. 13-106.1
GCA_003707895.3,Ambrosiozyma pseudovanderkliftii,Y,assembly_exact,fungi,Scaffold,GCA_003707895.3,na,Ambrosiozyma pseudovanderkliftii
GCA_004016085.1,Claviceps quebecensis,Y,assembly_exact,fungi,Contig,GCA_004016085.1,na,Claviceps quebecensis
GCA_004335285.1,Ascochyta fabae,Y,assembly_exact,fungi,Contig,GCA_004335285.1,na,Ascochyta fabae
GCA_007556565.1,Elsinoe fawcettii,Y,assembly_exact,fungi,Scaffold,GCA_007556565.1,na,Elsinoe fawcettii
GCA_010094045.1,Lojkania enalia,Y,assembly_exact,fungi,Scaffold,GCA_010094045.1,na,Lojkania enalia
GCA_011634665.1,Mortierella sp. BCC40632,Y,assembly_exact,fungi,Contig,GCA_011634665.1,na,Mortierella sp. BCC40632
GCA_012365135.1,Pyrenophora graminea,Y,assembly_exact,fungi,Scaffold,GCA_012365135.1,na,Pyrenophora graminea
GCA_013305925.1,Geotrichum reessii,Y,assembly_exact,fungi,Scaffold,GCA_013305925.1,na,Geotrichum reessii
GCA_017580825.2,Aureobasidium zeae,Y,assembly_exact,fungi,Contig,GCA_017580825.2,na,Aureobasidium zeae
GCA_017607445.1,Histoplasma ohiense,Y,assembly_exact,fungi,Contig,GCA_017607445.1,na,Histoplasma ohiense
GCA_018360255.1,Claviceps maximensis,Y,assembly_exact,fungi,Contig,GCA_018360255.1,na,Claviceps maximensis
GCA_018524685.1,Podaxis sp. MADm22,Y,assembly_exact,fungi,Scaffold,GCA_018524685.1,na,Podaxis sp. MADm22
GCA_019155655.1,Kregervanrija delftensis,Y,assembly_exact,fungi,Contig,GCA_019155655.1,na,Kregervanrija delftensis
GCA_020746995.1,Plectosphaerella cucumerina,Y,assembly_exact,fungi,Contig,GCA_020746995.1,na,Plectosphaerella cucumerina
GCA_023079495.1,Xylaria sp. L1 SY-2022,Y,assembly_exact,fungi,Contig,GCA_023079495.1,na,Xylaria sp. L1 SY-2022
GCA_023159215.1,Xylariaceae sp. AK1471,Y,assembly_exact,fungi,Contig,GCA_023159215.1,na,Xylariaceae sp. AK1471
GCA_025174535.1,Cantharellus purpuraceus,Y,assembly_exact,fungi,Contig,GCA_025174535.1,na,Cantharellus purpuraceus
GCA_027575805.1,Mycoemilia scoparia,Y,assembly_exact,fungi,Scaffold,GCA_027575805.1,na,Mycoemilia scoparia
GCA_029298975.1,Ophiostoma novo-ulmi,Y,assembly_exact,fungi,Contig,GCA_029298975.1,na,Ophiostoma novo-ulmi subsp. americana
GCA_030039245.1,Naganishia vaughanmartiniae,Y,assembly_exact,fungi,Contig,GCA_030039245.1,na,Naganishia vaughanmartiniae
GCA_030407005.1,Desarmillaria ectypa,Y,assembly_exact,fungi,Contig,GCA_030407005.1,na,Desarmillaria ectypa
GCA_030556775.1,Scheffersomyces quercinus,Y,assembly_exact,fungi,Scaffold,GCA_030556775.1,na,Scheffersomyces quercinus
GCA_030557155.1,Cyberlindnera amylophila,Y,assembly_exact,fungi,Scaffold,GCA_030557155.1,na,Petasospora amylophila
GCA_030561465.1,Suhomyces kunorum,Y,assembly_exact,fungi,Scaffold,GCA_030561465.1,na,Suhomyces kunorum
GCA_030565145.1,Candida parachauliodes,Y,assembly_exact,fungi,Contig,GCA_030565145.1,na,Insectozyma parachauliodis
GCA_030578575.1,Ogataea neopini,Y,assembly_exact,fungi,Scaffold,GCA_030578575.1,na,Ogataea neopini
GCA_030579935.1,Ambrosiozyma cicatricosa,Y,assembly_exact,fungi,Scaffold,GCA_030579935.1,na,Ambrosiozyma cicatricosa
GCA_030780645.1,Aschersonia sp. MBC 508,Y,assembly_exact,fungi,Contig,GCA_030780645.1,na,Aschersonia sp. MBC 508
GCA_031081905.1,Debaryomycetaceae sp. ZIM 2471,Y,assembly_exact,fungi,Scaffold,GCA_031081905.1,na,Debaryomycetaceae sp. ZIM 2471
GCA_033807695.1,Daedaleopsis sinensis,Y,assembly_exact,fungi,Chromosome,GCA_033807695.1,na,Daedaleopsis sinensis
GCA_036971165.1,Arthrobotrys iridis,Y,assembly_exact,fungi,Scaffold,GCA_036971165.1,na,Arthrobotrys iridis
GCA_038021145.1,Phyllosticta citriasiana,Y,assembly_exact,fungi,Contig,GCA_038021145.1,GCF_038021145.1,Phyllosticta citriasiana
GCA_038089855.1,Royoungia palumana,Y,assembly_exact,fungi,Scaffold,GCA_038089855.1,na,Royoungia palumana
GCA_038090595.1,Leccinum subfulvum,Y,assembly_exact,fungi,Scaffold,GCA_038090595.1,na,Leccinum subfulvum
GCA_038091315.1,Porphyrellus cyaneotinctus,Y,assembly_exact,fungi,Scaffold,GCA_038091315.1,na,Porphyrellus cyaneotinctus
GCA_038091835.1,Leccinum ochraceum,Y,assembly_exact,fungi,Scaffold,GCA_038091835.1,na,Leccinum ochraceum
GCA_928865425.1,Ustilago cynodontis,Y,name_exact,fungi,,,,Ustilago cynodontis
GCA_949709075.1,Wickerhamomyces alni,Y,name_exact,fungi,,,,Wickerhamomyces alni
GCF_000026945.1,Candida dubliniensis,Y,assembly_exact,fungi,Complete Genome,GCA_000026945.1,GCF_000026945.1,Candida dubliniensis CD36
GCF_000150035.1,Vanderwaltozyma polyspora,Y,assembly_exact,fungi,Scaffold,GCA_000150035.1,GCF_000150035.1,Vanderwaltozyma polyspora DSM 70294
GCF_000226115.1,Thermothielavioides terrestris,Y,assembly_exact,fungi,Complete Genome,GCA_000226115.1,GCF_000226115.1,Thermothielavioides terrestris NRRL 8126
GCF_000315645.1,Penicillium digitatum,Y,assembly_exact,fungi,Scaffold,GCA_000315645.2,GCF_000315645.1,Penicillium digitatum Pd1
GCF_000835515.1,Exophiala oligosperma,Y,assembly_exact,fungi,Scaffold,GCA_000835515.1,GCF_000835515.1,Exophiala oligosperma
GCF_003019875.1,Amorphotheca resinae,Y,assembly_exact,fungi,Scaffold,GCA_003019875.1,GCF_003019875.1,Amorphotheca resinae ATCC 22711
GCF_013402915.1,Zygotorulaspora mrakii,Y,assembly_exact,fungi,Complete Genome,GCA_013402915.1,GCF_013402915.1,Zygotorulaspora mrakii
GCF_014235925.1,Colletotrichum truncatum,Y,assembly_versionless,fungi,Contig,GCA_014235925.2,GCF_014235925.2,Colletotrichum truncatum
GCF_015533775.1,Penicillium roqueforti,Y,assembly_exact,fungi,Scaffold,GCA_015533775.1,GCF_015533775.1,Penicillium roqueforti
GCF_023758025.1,Alternaria triticimaculans,Y,assembly_exact,fungi,Scaffold,GCA_023758025.1,GCF_023758025.1,Alternaria triticimaculans
GCA_000785685.1,Uromyces viciae-fabae,Y,assembly_exact,fungi,Scaffold,GCA_000785685.1,na,Uromyces viciae-fabae
GCA_001414355.1,Hymenoscyphus salicellus,Y,assembly_exact,fungi,Contig,GCA_001414355.1,na,Hymenoscyphus salicellus
GCA_001599055.1,Thielaviopsis ethacetica,Y,assembly_exact,fungi,Scaffold,GCA_001599055.1,na,Thielaviopsis ethacetica
GCA_001600315.1,Apiotrichum gamsii,Y,assembly_exact,fungi,Scaffold,GCA_001600315.1,na,Apiotrichum gamsii
GCA_001931775.1,Fomitopsis pinicola,Y,assembly_exact,fungi,Scaffold,GCA_001931775.1,na,Fomitopsis pinicola
GCA_002921095.1,Cladosporium sp. SL-16,Y,assembly_exact,fungi,Contig,GCA_002921095.1,na,Cladosporium sp. SL-16
GCA_003314055.1,Lactifluus hygrophoroides,Y,assembly_exact,fungi,Scaffold,GCA_003314055.1,na,Lactifluus hygrophoroides
GCA_003316505.1,Suillus alpinus,Y,assembly_exact,fungi,Scaffold,GCA_003316505.1,na,Suillus alpinus
GCA_003707835.3,Suhomyces emberorum,Y,assembly_exact,fungi,Scaffold,GCA_003707835.3,na,Suhomyces emberorum
GCA_003988855.1,Arachnopeziza araneosa,Y,assembly_exact,fungi,Scaffold,GCA_003988855.1,na,Arachnopeziza araneosa
GCA_011503125.2,Botryosphaeria dothidea,Y,assembly_exact,fungi,Contig,GCA_011503125.2,na,Botryosphaeria dothidea
GCA_014825535.1,Cystofilobasidium bisporidii,Y,assembly_exact,fungi,Scaffold,GCA_014825535.1,na,Cystofilobasidium bisporidii
GCA_015499995.1,Flammula alnicola,Y,assembly_exact,fungi,Contig,GCA_015499995.1,na,Flammula alnicola
GCA_016628065.1,Suillus lakei,Y,assembly_exact,fungi,Contig,GCA_016628065.1,na,Suillus lakei
GCA_017140175.1,Fusarium staphyleae,Y,assembly_exact,fungi,Scaffold,GCA_017140175.1,na,Fusarium staphyleae
GCA_018360215.1,Claviceps spartinae,Y,assembly_exact,fungi,Contig,GCA_018360215.1,na,Claviceps spartinae
GCA_019191175.1,Fusarium veterinarium,Y,assembly_exact,fungi,Scaffold,GCA_019191175.1,na,Fusarium veterinarium
GCA_019627735.1,Serendipita sp. 400,Y,assembly_exact,fungi,Scaffold,GCA_019627735.1,na,Serendipita sp. 400
GCA_021464525.1,Rhizophagus sp. LPA8_4_AMF,Y,assembly_exact,fungi,Contig,GCA_021464525.1,na,Rhizophagus sp. LPA8_4_AMF
GCA_022813625.1,Aaosphaeria pasadenensis,Y,assembly_exact,fungi,Scaffold,GCA_022813625.1,na,Aaosphaeria pasadenensis
GCA_023619815.1,Aspergillus neotritici,Y,assembly_exact,fungi,Scaffold,GCA_023619815.1,na,Aspergillus neotritici
GCA_024734325.1,Lactarius hatsudake,Y,assembly_exact,fungi,Contig,GCA_024734325.1,na,Lactarius hatsudake
GCA_025435555.1,Chytriomyces cf. hyalinus JEL632,Y,assembly_exact,fungi,Scaffold,GCA_025435555.1,na,Chytriomyces cf. hyalinus JEL632
GCA_025503055.1,Sordariomycetes sp. B11D1,Y,assembly_exact,fungi,Scaffold,GCA_025503055.1,na,Sordariomycetes sp. B11D1
GCA_027577495.1,Coemansia sp. RSA 720,Y,assembly_exact,fungi,Scaffold,GCA_027577495.1,na,Coemansia sp. RSA 720
GCA_027577535.1,Coemansia sp. RSA 552,Y,assembly_exact,fungi,Scaffold,GCA_027577535.1,na,Coemansia sp. RSA 552
GCA_027577795.1,Coemansia sp. RSA 530,Y,assembly_exact,fungi,Scaffold,GCA_027577795.1,na,Coemansia sp. RSA 530
GCA_027627235.1,Agrocybe chaxingu,Y,assembly_exact,fungi,Scaffold,GCA_027627235.1,na,Agrocybe chaxingu
GCA_030407065.1,Armillaria nabsnona,Y,assembly_exact,fungi,Contig,GCA_030407065.1,na,Armillaria nabsnona
GCA_030556585.1,Geotrichum carabidarum,Y,assembly_exact,fungi,Scaffold,GCA_030556585.1,na,Geotrichum carabidarum
GCA_030559035.1,Ogataea wickerhamii,Y,assembly_exact,fungi,Scaffold,GCA_030559035.1,na,Ogataea wickerhamii
GCA_030561405.1,Suhomyces atakaporum,Y,assembly_exact,fungi,Scaffold,GCA_030561405.1,na,Suhomyces atakaporum
GCA_030561945.1,Metschnikowia krissii,Y,assembly_exact,fungi,Scaffold,GCA_030561945.1,na,Metschnikowia krissii
GCA_030568555.1,Suhomyces bolitotheri,Y,assembly_exact,fungi,Contig,GCA_030568555.1,na,Suhomyces bolitotheri
GCA_030569395.1,Cyberlindnera rhodanensis,Y,assembly_exact,fungi,Scaffold,GCA_030569395.1,na,Petasospora rhodanensis
GCA_030569995.1,Lachancea cidri,Y,assembly_exact,fungi,Scaffold,GCA_030569995.1,na,Lachancea cidri
GCA_030579155.1,Sungouiella ecuadorensis,Y,assembly_exact,fungi,Scaffold,GCA_030579155.1,na,Sungouiella ecuadorensis
GCA_030581615.1,Alloascoidea africana,Y,assembly_exact,fungi,Scaffold,GCA_030581615.1,na,Alloascoidea africana
GCA_037952705.1,Haplographium delicatum,Y,assembly_exact,fungi,Scaffold,GCA_037952705.1,na,Haplographium delicatum
GCA_038089555.1,Chalciporus chontae,Y,assembly_exact,fungi,Scaffold,GCA_038089555.1,na,Chalciporus chontae
GCA_038090015.1,Leccinellum albellum,Y,assembly_exact,fungi,Scaffold,GCA_038090015.1,na,Leccinellum albellum
GCA_038091255.1,Tylopilus intermedius,Y,assembly_exact,fungi,Scaffold,GCA_038091255.1,na,Tylopilus intermedius
GCA_038092875.1,Lanmaoa pseudosensibilis,Y,assembly_exact,fungi,Scaffold,GCA_038092875.1,na,Lanmaoa pseudosensibilis
GCF_000150675.1,Verticillium dahliae,Y,assembly_exact,fungi,Scaffold,GCA_000150675.2,GCF_000150675.1,Verticillium dahliae VdLs.17
GCF_001299255.1,Cyphellophora attinorum,Y,assembly_exact,fungi,Contig,GCA_001299255.1,GCF_001299255.1,Cyphellophora attinorum
GCF_001661255.1,Wickerhamomyces anomalus,Y,assembly_exact,fungi,Scaffold,GCA_001661255.1,GCF_001661255.1,Wickerhamomyces anomalus NRRL Y-366-8
GCF_002742065.1,Cercospora beticola,Y,assembly_exact,fungi,Chromosome,GCA_002742065.1,GCF_002742065.1,Cercospora beticola
GCF_003369625.1,Aspergillus mulundensis,Y,assembly_exact,fungi,Scaffold,GCA_003369625.1,GCF_003369625.1,Aspergillus mulundensis
GCF_028502605.1,Trichoderma breve,Y,assembly_exact,fungi,Chromosome,GCA_028502605.1,GCF_028502605.1,Trichoderma breve
GCF_028827165.1,Penicillium cosmopolitanum,Y,assembly_exact,fungi,Contig,GCA_028827165.1,GCF_028827165.1,Penicillium cosmopolitanum
GCA_000482085.2,Cladonia metacorallifera,Y,assembly_exact,fungi,Scaffold,GCA_000482085.2,na,Cladonia metacorallifera KoLRI002260
GCA_000827495.1,Hypholoma sublateritium,Y,assembly_exact,fungi,Scaffold,GCA_000827495.1,na,Hypholoma sublateritium FD-334 SS-4
GCA_001642415.1,Nematocida sp. ERTm5,Y,assembly_exact,fungi,Scaffold,GCA_001642415.1,na,Nematocida ironsii
GCA_002120335.1,Hypoxylon sp. EC38,Y,assembly_exact,fungi,Scaffold,GCA_002120335.1,na,Hypoxylon sp. EC38
GCA_002242865.1,Clarireedia sp. CPB17,Y,assembly_exact,fungi,Scaffold,GCA_002242865.1,na,Clarireedia sp. CPB17
GCA_002796735.1,Alternaria brassicicola,Y,assembly_exact,fungi,Contig,GCA_002796735.1,na,Alternaria brassicicola
GCA_002851715.1,Verticillium klebahnii,Y,assembly_exact,fungi,Scaffold,GCA_002851715.1,na,Verticillium klebahnii
GCA_002916455.1,Penicillium sp. CF05,Y,assembly_exact,fungi,Scaffold,GCA_002916455.1,na,Penicillium sp. CF05
GCA_002927005.1,Aspergillus pseudoterreus,Y,assembly_exact,fungi,Scaffold,GCA_002927005.1,na,Aspergillus pseudoterreus
GCA_003316565.1,Russula foetens,Y,assembly_exact,fungi,Scaffold,GCA_003316565.1,na,Russula foetens
GCA_003614995.1,Cladosporium phlei,Y,assembly_exact,fungi,Contig,GCA_003614995.1,na,Cladosporium phlei
GCA_003707545.3,Lipomyces oligophaga,Y,assembly_exact,fungi,Contig,GCA_003707545.3,na,Lipomyces oligophaga
GCA_003707665.2,Ogataea pini,Y,assembly_exact,fungi,Scaffold,GCA_003707665.2,na,Ogataea pini
GCA_003708845.3,Sungouiozyma intestinalis,Y,assembly_exact,fungi,Scaffold,GCA_003708845.3,na,Sungouiozyma intestinalis
GCA_003990785.1,Endogone sp. FLAS-F59071,Y,assembly_exact,fungi,Contig,GCA_003990785.1,na,Endogone sp. FLAS-F59071
GCA_004380915.1,Calonectria pseudonaviculata,Y,assembly_exact,fungi,Scaffold,GCA_004380915.1,na,Calonectria pseudonaviculata
GCA_004522025.1,Didymella segeticola,Y,assembly_exact,fungi,Contig,GCA_004522025.1,na,Didymella segeticola
GCA_006352305.1,Cryptococcus floricola,Y,assembly_exact,fungi,Chromosome,GCA_006352305.1,na,Cryptococcus floricola
GCA_009756545.1,Metschnikowia dekortorum,Y,assembly_exact,fungi,Scaffold,GCA_009756545.1,na,Metschnikowia dekortorum
GCA_010758995.1,Sporobolomyces pararoseus,Y,assembly_exact,fungi,Scaffold,GCA_010758995.1,na,Sporobolomyces pararoseus
GCA_013403855.1,Calonectria honghensis,Y,assembly_exact,fungi,Scaffold,GCA_013403855.1,na,Calonectria honghensis
GCA_014872975.1,Diaporthe citriasiana,Y,assembly_exact,fungi,Contig,GCA_014872975.1,na,Diaporthe citriasiana
GCA_015679605.1,Podila epigama,Y,assembly_exact,fungi,Scaffold,GCA_015679605.1,na,Podila epigama
GCA_020744335.1,Fusarium sp. MPI-SDFR-AT-0072,Y,assembly_exact,fungi,Contig,GCA_020744335.1,na,Fusarium sp. MPI-SDFR-AT-0072
GCA_021014315.1,Aureobasidium mangrovei,Y,assembly_exact,fungi,Scaffold,GCA_021014315.1,na,Aureobasidium mangrovei
GCA_021524915.1,Lactarius akahatsu,Y,assembly_exact,fungi,Contig,GCA_021524915.1,na,Lactarius akahatsu
GCA_022506055.1,Microbotryum violaceum,Y,assembly_exact,fungi,Contig,GCA_022506055.1,na,Microbotryum violaceum
GCA_022539325.1,Xylariaceae sp. FL0804,Y,assembly_exact,fungi,Contig,GCA_022539325.1,na,Xylariaceae sp. FL0804
GCA_023509845.1,Ceratocystis lukuohia,Y,assembly_exact,fungi,Contig,GCA_023509845.1,na,Ceratocystis lukuohia
GCA_025331445.1,Blakeslea trispora,Y,assembly_exact,fungi,Contig,GCA_025331445.1,na,Blakeslea trispora
GCA_025594325.1,Blastocladiella emersonii,Y,assembly_exact,fungi,Contig,GCA_025594325.1,na,Blastocladiella emersonii ATCC 22665
GCA_027578535.1,Coemansia sp. RSA 1933,Y,assembly_exact,fungi,Scaffold,GCA_027578535.1,na,Coemansia sp. RSA 1933
GCA_028455995.1,Scleromitrula shiraiana,Y,assembly_exact,fungi,Contig,GCA_028455995.1,na,Scleromitrula shiraiana
GCA_029532625.1,Lomentospora prolificans,Y,assembly_exact,fungi,Contig,GCA_029532625.1,na,Lomentospora prolificans
GCA_029542805.1,Malassezia cuniculi,Y,assembly_exact,fungi,Complete Genome,GCA_029542805.1,na,Malassezia cuniculi
GCA_029783445.1,Fomitopsis palustris,Y,assembly_exact,fungi,Contig,GCA_029783445.1,na,Fomitopsis palustris
GCA_030052745.1,Pleurostoma richardsiae,Y,assembly_exact,fungi,Scaffold,GCA_030052745.1,na,Pleurostoma richardsiae
GCA_030411535.1,Beauveria australis,Y,assembly_exact,fungi,Contig,GCA_030411535.1,na,Beauveria australis
GCA_030563925.1,Wickerhamiella sergipiensis,Y,assembly_exact,fungi,Scaffold,GCA_030563925.1,na,Wickerhamiella sergipiensis
GCA_030581635.1,Clavispora carvajalis,Y,assembly_exact,fungi,Scaffold,GCA_030581635.1,na,Clavispora carvajalis
GCA_030583445.1,Debaryomyces nepalensis,Y,assembly_exact,fungi,Scaffold,GCA_030583445.1,na,Debaryomyces nepalensis
GCA_030705145.1,Hagleromyces aurorensis,Y,assembly_exact,fungi,Scaffold,GCA_030705145.1,na,Hagleromyces aurorensis
GCA_032768795.1,Tremella fuciformis,Y,assembly_exact,fungi,Complete Genome,GCA_032768795.1,na,Tremella fuciformis
GCA_036971225.1,Arthrobotrys sinensis,Y,assembly_exact,fungi,Scaffold,GCA_036971225.1,na,Arthrobotrys sinensis
GCA_038092735.1,Chalciporus rubritubifer,Y,assembly_exact,fungi,Scaffold,GCA_038092735.1,na,Chalciporus rubritubifer
GCF_000320565.1,Sphaerulina musiva,Y,assembly_exact,fungi,Scaffold,GCA_000320565.2,GCF_000320565.1,Sphaerulina musiva SO2202
GCF_003184845.1,Aspergillus ibericus,Y,assembly_exact,fungi,Scaffold,GCA_003184845.1,GCF_003184845.1,Aspergillus ibericus CBS 121593
GCF_028829455.1,Penicillium robsamsonii,Y,assembly_exact,fungi,Contig,GCA_028829455.1,GCF_028829455.1,Penicillium robsamsonii
GCA_000223055.1,Claviceps fusiformis,Y,assembly_exact,fungi,Contig,GCA_000223055.1,na,Claviceps fusiformis PRL 1980
GCA_001430925.1,Byssoonygena ceratinophila,Y,assembly_exact,fungi,Scaffold,GCA_001430925.1,na,Byssoonygena ceratinophila
GCA_001970855.1,Smittium culicis,Y,assembly_exact,fungi,Scaffold,GCA_001970855.1,na,Smittium culicis
GCA_002105175.1,Absidia repens,Y,assembly_exact,fungi,Contig,GCA_002105175.1,na,Absidia repens
GCA_002286855.1,Bipolaris cookei,Y,assembly_exact,fungi,Scaffold,GCA_002286855.1,na,Bipolaris cookei
GCA_002933655.1,Cercospora berteroae,Y,assembly_exact,fungi,Scaffold,GCA_002933655.1,na,Cercospora berteroae
GCA_003184645.1,Aspergillus ellipticus,Y,assembly_exact,fungi,Scaffold,GCA_003184645.1,na,Aspergillus ellipticus CBS 707.79
GCA_003313875.1,Russula aff. compacta,Y,assembly_exact,fungi,Scaffold,GCA_003313875.1,na,Russula aff. compacta
GCA_003707065.3,Trigonopsis variabilis,Y,assembly_exact,fungi,Scaffold,GCA_003707065.3,na,Trigonopsis variabilis
GCA_003707425.3,Kodamaea restingae,Y,assembly_exact,fungi,Scaffold,GCA_003707425.3,na,Kodamaea restingae
GCA_004335205.1,Ascochyta viciae-villosae,Y,assembly_exact,fungi,Contig,GCA_004335205.1,na,Ascochyta viciae-villosae
GCA_009805215.1,Neurospora discreta,Y,assembly_exact,fungi,Scaffold,GCA_009805215.1,na,Neurospora discreta FGSC 8579
GCA_012184525.1,Xenoacremonium recifei,Y,assembly_exact,fungi,Scaffold,GCA_012184525.1,na,Xenoacremonium recifei
GCA_013435705.1,Claviceps paspali,Y,assembly_exact,fungi,Scaffold,GCA_013435705.1,na,Claviceps paspali
GCA_015844325.1,Aspergillus nanangensis,Y,assembly_exact,fungi,Scaffold,GCA_015844325.1,na,Aspergillus nanangensis
GCA_016758895.1,Umbelopsis vinacea,Y,assembly_exact,fungi,Scaffold,GCA_016758895.1,na,Umbelopsis vinacea
GCA_017656775.1,Fusarium louisianense,Y,assembly_exact,fungi,Scaffold,GCA_017656775.1,na,Fusarium louisianense
GCA_018849495.1,Termitomyces sp. T123_Mx157,Y,assembly_exact,fungi,Scaffold,GCA_018849495.1,na,Termitomyces sp. T123_Mx157
GCA_019677255.1,Absidia sp. UoMAU379,Y,assembly_exact,fungi,Scaffold,GCA_019677255.1,na,Absidia sp. UoMAU379
GCA_023509735.1,Fusarium liriodendri,Y,assembly_exact,fungi,Scaffold,GCA_023509735.1,na,Fusarium liriodendri
GCA_023626575.1,Penicillium sp. PF1803,Y,assembly_exact,fungi,Scaffold,GCA_023626575.1,na,Penicillium sp. PF1803
GCA_023628775.1,Lecanicillium sp. S3808,Y,assembly_exact,fungi,Scaffold,GCA_023628775.1,na,Lecanicillium sp. S3808
GCA_023758145.1,Alternaria sp. BMP 2799,Y,assembly_exact,fungi,Scaffold,GCA_023758145.1,na,Alternaria sp. BMP 2799
GCA_027569095.1,Aspergillus conjunctus,Y,assembly_exact,fungi,Contig,GCA_027569095.1,na,Aspergillus conjunctus
GCA_027886205.1,Fusarium piperis,Y,assembly_exact,fungi,Scaffold,GCA_027886205.1,na,Fusarium piperis
GCA_027886635.1,Lentinula boryana,Y,assembly_exact,fungi,Scaffold,GCA_027886635.1,na,Lentinula boryana
GCA_029717575.1,Peribolospora kevripleyi,Y,assembly_exact,fungi,Scaffold,GCA_029717575.1,na,Peribolospora kevripleyi
GCA_030450195.1,Saccharomycopsis sp. KB-2023a,Y,assembly_exact,fungi,Scaffold,GCA_030450195.1,na,Saccharomycopsis sp. KB-2023a
GCA_030556345.1,Oligophagozyma castellii,Y,assembly_exact,fungi,Contig,GCA_030556345.1,na,Oligophagozyma castellii
GCA_030563465.1,[Candida] diddensiae,Y,assembly_exact,fungi,Scaffold,GCA_030563465.1,na,[Candida] diddensiae
GCA_030570855.1,[Candida] digboiensis,Y,assembly_exact,fungi,Scaffold,GCA_030570855.1,na,Tardiomyces digboiensis
GCA_030571815.1,Wickerhamiella siamensis,Y,assembly_exact,fungi,Contig,GCA_030571815.1,na,Wickerhamiella siamensis
GCA_030578435.1,Scheffersomyces lignicola (nom. inval.),Y,assembly_exact,fungi,Scaffold,GCA_030578435.1,na,Scheffersomyces lignicola
GCA_030578455.1,Metschnikowia sp. yHQL527,Y,assembly_exact,fungi,Scaffold,GCA_030578455.1,na,Metschnikowia sp. yHQL527
GCA_030579315.1,Kluyveromyces siamensis,Y,assembly_exact,fungi,Scaffold,GCA_030579315.1,na,Kluyveromyces siamensis
GCA_036244875.1,Rhodotorula paludigena,Y,assembly_exact,fungi,Contig,GCA_036244875.1,na,Rhodotorula paludigena
GCA_036427605.1,Cryptococcus sp. DSM 104549,Y,assembly_exact,fungi,Complete Genome,GCA_036427605.1,na,Cryptococcus sp. DSM 104549
GCA_037041695.1,Irpex sp. PG99-01B2,Y,assembly_exact,fungi,Scaffold,GCA_037041695.1,na,Irpex sp. PG99-01B2
GCA_038088895.1,Xerocomus potaroensis,Y,assembly_exact,fungi,Scaffold,GCA_038088895.1,na,Xerocomus potaroensis
GCA_038089155.1,Nevesoporus exiguus,Y,assembly_exact,fungi,Scaffold,GCA_038089155.1,na,Nevesoporus exiguus
GCA_038089255.1,Austroboletus rostrupii,Y,assembly_exact,fungi,Scaffold,GCA_038089255.1,na,Austroboletus rostrupii
GCA_038090995.1,Boletus vermiculosus,Y,assembly_exact,fungi,Scaffold,GCA_038090995.1,na,Boletus vermiculosus
GCA_038091295.1,Tylopilus felleus,Y,assembly_exact,fungi,Scaffold,GCA_038091295.1,na,Tylopilus felleus
GCA_038091675.1,Leccinum proliferum,Y,assembly_exact,fungi,Scaffold,GCA_038091675.1,na,Leccinum proliferum
GCA_038094375.1,Tubosaeta aff. heterosetosa,Y,assembly_exact,fungi,Scaffold,GCA_038094375.1,na,Tubosaeta aff. heterosetosa
GCA_900519025.1,Yarrowia porcina,Y,name_exact,fungi,,,,Yarrowia porcina
GCA_939531405.1,Metschnikowia zobellii,Y,name_exact,fungi,,,,Metschnikowia zobellii
GCF_000275845.1,Dichomitus squalens,Y,assembly_exact,fungi,Scaffold,GCA_000275845.1,GCF_000275845.1,Dichomitus squalens LYAD-421 SS1
GCF_000320785.1,Rhodotorula toruloides,Y,assembly_exact,fungi,Scaffold,GCA_000320785.2,GCF_000320785.1,Rhodotorula toruloides NP11
GCF_000938715.1,Lachancea lanzarotensis,Y,assembly_exact,fungi,Scaffold,GCA_000938715.1,GCF_000938715.1,Lachancea lanzarotensis
GCF_016097325.1,Aspergillus melleus,Y,assembly_exact,fungi,Contig,GCA_016097325.1,GCF_016097325.1,Aspergillus melleus
GCF_024244095.1,Nematocida homosporus,Y,assembly_exact,fungi,Scaffold,GCA_024244095.1,GCF_024244095.1,Nematocida homosporus
GCA_000296255.1,Omphalotus olearius,Y,assembly_exact,fungi,Scaffold,GCA_000296255.1,na,Omphalotus olearius VT 653.13
GCA_000504365.2,Pseudocercospora pini-densiflorae,Y,assembly_exact,fungi,Scaffold,GCA_000504365.2,na,Pseudocercospora pini-densiflorae CBS 125139
GCA_000576735.1,Penicillium fuscoglaucum,Y,assembly_exact,fungi,Scaffold,GCA_000576735.1,na,Penicillium fuscoglaucum FM041
GCA_000697475.1,Lichtheimia corymbifera,Y,assembly_exact,fungi,Contig,GCA_000697475.1,na,Lichtheimia corymbifera B2541
GCA_001048715.1,Penicillium brasilianum,Y,assembly_exact,fungi,Scaffold,GCA_001048715.1,na,Penicillium brasilianum
GCA_001414485.1,Calycina herbarum,Y,assembly_exact,fungi,Contig,GCA_001414485.1,na,Calycina herbarum
GCA_001937105.1,Colletotrichum chlorophyti,Y,assembly_exact,fungi,Scaffold,GCA_001937105.1,na,Colletotrichum chlorophyti
GCA_002749535.1,Apophysomyces variabilis,Y,assembly_exact,fungi,Scaffold,GCA_002749535.1,na,Apophysomyces variabilis
GCA_002776505.1,Ceratocystis cacaofunesta,Y,assembly_exact,fungi,Scaffold,GCA_002776505.1,na,Ceratocystis cacaofunesta
GCA_003184685.1,Aspergillus indologenus,Y,assembly_exact,fungi,Scaffold,GCA_003184685.1,na,Aspergillus indologenus CBS 114.80
GCA_003615045.1,Caulochytrium protostelioides,Y,assembly_exact,fungi,Scaffold,GCA_003615045.1,na,Caulochytrium protostelioides
GCA_003705865.1,Lipomyces doorenjongii,Y,assembly_exact,fungi,Scaffold,GCA_003705865.1,na,Lipomyces doorenjongii
GCA_013184375.1,Fusarium newnesense,Y,assembly_exact,fungi,Scaffold,GCA_013184375.1,na,Fusarium newnesense
GCA_013266165.1,Fusarium graminum,Y,assembly_exact,fungi,Scaffold,GCA_013266165.1,na,Fusarium graminum
GCA_013406995.1,Calonectria aciculata,Y,assembly_exact,fungi,Scaffold,GCA_013406995.1,na,Calonectria aciculata
GCA_014058305.1,Pleurotus tuber-regium,Y,assembly_exact,fungi,Contig,GCA_014058305.1,na,Pleurotus tuber-regium
GCA_014462655.1,Mycena venus,Y,assembly_exact,fungi,Contig,GCA_014462655.1,na,Mycena venus
GCA_016906335.1,Novakomyces olei,Y,assembly_exact,fungi,Contig,GCA_016906335.1,na,Novakomyces olei
GCA_018524425.1,Podaxis sp. AQ795752,Y,assembly_exact,fungi,Scaffold,GCA_018524425.1,na,Podaxis sp. AQ795752
GCA_018857285.1,Termitomyces sp. Mi166#008,Y,assembly_exact,fungi,Scaffold,GCA_018857285.1,na,Termitomyces sp. Mi166#008
GCA_019395275.1,Puccinia brachypodii,Y,assembly_exact,fungi,Scaffold,GCA_019395275.1,na,Puccinia brachypodii
GCA_019925685.1,Ceratocystiopsis sp. VPRI43766,Y,assembly_exact,fungi,Scaffold,GCA_019925685.1,na,Ceratocystiopsis sp. VPRI43766
GCA_023014335.1,Galerina marginata,Y,assembly_exact,fungi,Contig,GCA_023014335.1,na,Galerina marginata
GCA_024340005.1,Tolypocladium tropicale,Y,assembly_exact,fungi,Scaffold,GCA_024340005.1,na,Tolypocladium tropicale
GCA_025586815.1,Penicillium glycyrrhizacola,Y,assembly_exact,fungi,Scaffold,GCA_025586815.1,na,Penicillium glycyrrhizacola
GCA_025677815.1,Phascolomyces articulosus,Y,assembly_exact,fungi,Contig,GCA_025677815.1,na,Phascolomyces articulosus
GCA_027923365.1,Zalaria sp. Him3,Y,assembly_exact,fungi,Scaffold,GCA_027923365.1,na,Zalaria sp. Him3
GCA_027943155.1,Podospora tetraspora,Y,assembly_exact,fungi,Contig,GCA_027943155.1,na,Podospora tetraspora
GCA_027946455.1,Neocucurbitaria cava,Y,assembly_exact,fungi,Contig,GCA_027946455.1,na,Neocucurbitaria cava
GCA_030407195.1,[Candida] tunisiensis,Y,assembly_exact,fungi,Scaffold,GCA_030407195.1,na,[Candida] tunisiensis
GCA_030557635.1,Hemisphaericaspora nanyangensis (nom. inval.),Y,assembly_exact,fungi,Scaffold,GCA_030557635.1,na,Hemisphaericaspora nanyangensis
GCA_030565105.1,Vanderwaltozyma verrucispora,Y,assembly_exact,fungi,Scaffold,GCA_030565105.1,na,Vanderwaltozyma verrucispora
GCA_030569255.1,Candida sakaeoensis (nom. inval.),Y,assembly_exact,fungi,Scaffold,GCA_030569255.1,na,Insectozyma sakaeoensis
GCA_030569715.1,Cyberlindnera samutprakarnensis,Y,assembly_exact,fungi,Scaffold,GCA_030569715.1,na,Williopsis samutprakarnensis
GCA_030569815.1,Diutina ranongensis (nom. inval.),Y,assembly_exact,fungi,Scaffold,GCA_030569815.1,na,Diutina ranongensis (nom. inval.)
GCA_030583145.1,Metschnikowia vanudenii,Y,assembly_exact,fungi,Scaffold,GCA_030583145.1,na,Metschnikowia vanudenii
GCA_030674715.1,Clavispora phyllophila,Y,assembly_exact,fungi,Scaffold,GCA_030674715.1,na,Clavispora phyllophila
GCA_030734395.1,Sarocladium kiliense,Y,assembly_exact,fungi,Contig,GCA_030734395.1,na,Sarocladium kiliense
GCA_030869315.1,Colletotrichum cuscutae,Y,assembly_exact,fungi,Scaffold,GCA_030869315.1,na,Colletotrichum cuscutae
GCA_032598715.1,Debaryomycetaceae sp. JAC-2022a,Y,assembly_exact,fungi,Complete Genome,GCA_032598715.1,na,Debaryomycetaceae sp. JAC-2022a
GCA_032989685.1,Arthroderma sp. PD_2,Y,assembly_exact,fungi,Contig,GCA_032989685.1,na,Arthroderma sp. PD_2
GCA_036428585.1,Kwoniella sp. CBS 9459,Y,assembly_exact,fungi,Complete Genome,GCA_036428585.1,na,Kwoniella sp. CBS 9459
GCA_036872775.1,Oleoguttula sp. CCFEE 5521,Y,assembly_exact,fungi,Contig,GCA_036872775.1,na,Oleoguttula sp. CCFEE 5521
GCA_036971205.1,Arthrobotrys pseudoclavata,Y,assembly_exact,fungi,Scaffold,GCA_036971205.1,na,Arthrobotrys pseudoclavata
GCA_038089315.1,Crocinoboletus aff. laetissimus,Y,assembly_exact,fungi,Scaffold,GCA_038089315.1,na,Crocinoboletus aff. laetissimus
GCA_038091235.1,Tylopilus rubrobrunneus,Y,assembly_exact,fungi,Scaffold,GCA_038091235.1,na,Tylopilus rubrobrunneus
GCF_015039405.1,Cantharellus anzutake,Y,assembly_exact,fungi,Contig,GCA_015039405.1,GCF_015039405.1,Cantharellus anzutake
GCF_023278565.1,Colletotrichum lupini,Y,assembly_exact,fungi,Complete Genome,GCA_023278565.1,GCF_023278565.1,Colletotrichum lupini
GCF_028827145.1,Penicillium concentricum,Y,assembly_exact,fungi,Contig,GCA_028827145.1,GCF_028827145.1,Penicillium concentricum
GCF_030867785.1,Colletotrichum acutatum,Y,assembly_exact,fungi,Contig,GCA_030867785.1,GCF_030867785.1,Colletotrichum acutatum
GCA_000442125.1,Opeltia flavorubescens,Y,assembly_exact,fungi,Scaffold,GCA_000442125.1,na,Opeltia flavorubescens
GCA_000739165.1,Podila verticillata,Y,assembly_exact,fungi,Scaffold,GCA_000739165.1,na,Podila verticillata NRRL 6337
GCA_000750755.1,Pseudogymnoascus sp. VKM F-4513 (FW-928),Y,assembly_exact,fungi,Contig,GCA_000750755.1,na,Pseudogymnoascus sp. VKM F-4513 (FW-928)
GCA_001272575.2,Ophiocordyceps unilateralis,Y,assembly_exact,fungi,Scaffold,GCA_001272575.2,na,Ophiocordyceps unilateralis
GCA_001483325.1,Huntiella savannae,Y,assembly_exact,fungi,Scaffold,GCA_001483325.1,na,Huntiella savannae
GCA_001708105.1,Komagataella pastoris,Y,assembly_exact,fungi,Chromosome,GCA_001708105.1,na,Komagataella pastoris
GCA_002370615.1,Metschnikowia aberdeeniae,Y,assembly_exact,fungi,Scaffold,GCA_002370615.1,na,Metschnikowia aberdeeniae
GCA_002911495.2,Spathaspora sp. UFMG-CM-Y285,Y,assembly_exact,fungi,Contig,GCA_002911495.2,na,Spathaspora sp. UFMG-CM-Y285
GCA_003635345.1,Coniochaeta pulveracea,Y,assembly_exact,fungi,Scaffold,GCA_003635345.1,na,Coniochaeta pulveracea
GCA_003689335.1,Venturia asperata,Y,assembly_exact,fungi,Scaffold,GCA_003689335.1,na,Venturia asperata
GCA_005281525.1,Taphrina communis,Y,assembly_exact,fungi,Scaffold,GCA_005281525.1,na,Taphrina communis
GCA_007821535.1,Lachnellula occidentalis,Y,assembly_exact,fungi,Contig,GCA_007821535.1,na,Lachnellula occidentalis
GCA_008692225.1,Monilinia fructicola,Y,assembly_exact,fungi,Contig,GCA_008692225.1,na,Monilinia fructicola
GCA_009828645.1,Calcarisporium arbuscula,Y,assembly_exact,fungi,Contig,GCA_009828645.1,na,Calcarisporium arbuscula
GCA_012980535.1,Pleurotus pulmonarius,Y,assembly_exact,fungi,Contig,GCA_012980535.1,na,Pleurotus pulmonarius
GCA_013623515.1,Fusarium illudens,Y,assembly_exact,fungi,Scaffold,GCA_013623515.1,na,Fusarium illudens
GCA_014898675.1,Athelia sp. TMB,Y,assembly_exact,fungi,Scaffold,GCA_014898675.1,na,Athelia sp. TMB
GCA_014898995.1,Fusarium sibiricum,Y,assembly_exact,fungi,Scaffold,GCA_014898995.1,na,Fusarium sibiricum
GCA_016628085.1,Suillus occidentalis,Y,assembly_exact,fungi,Contig,GCA_016628085.1,na,Suillus occidentalis
GCA_017311265.1,Pneumocystis canis,Y,assembly_exact,fungi,Scaffold,GCA_017311265.1,na,Pneumocystis canis
GCA_019633535.1,Tulasnella sp. JGI-2019a,Y,assembly_exact,fungi,Scaffold,GCA_019633535.1,na,Tulasnella sp. JGI-2019a
GCA_019702505.1,Alternaria panax,Y,assembly_exact,fungi,Scaffold,GCA_019702505.1,na,Alternaria panax
GCA_020726445.1,Chaetomium sp. MPI-SDFR-AT-0129,Y,assembly_exact,fungi,Contig,GCA_020726445.1,na,Chaetomium sp. MPI-SDFR-AT-0129
GCA_021398005.1,Sporothrix luriei,Y,assembly_exact,fungi,Scaffold,GCA_021398005.1,na,Sporothrix luriei
GCA_022577695.1,Wickerhamiella spandovensis,Y,assembly_exact,fungi,Contig,GCA_022577695.1,na,Wickerhamiella spandovensis
GCA_022817945.1,Nakazawaea ishiwadae,Y,assembly_exact,fungi,Contig,GCA_022817945.1,na,Nakazawaea ishiwadae
GCA_023650635.1,Epichloe baconii,Y,assembly_exact,fungi,Complete Genome,GCA_023650635.1,na,Epichloe baconii
GCA_025328355.1,Colletotrichum sp. SAR11_57,Y,assembly_exact,fungi,Scaffold,GCA_025328355.1,na,Colletotrichum sp. SAR11_57
GCA_025504975.1,Plenodomus lindquistii,Y,assembly_exact,fungi,Contig,GCA_025504975.1,na,Plenodomus lindquistii
GCA_027596035.1,Thoreauomyces humboldtii,Y,assembly_exact,fungi,Scaffold,GCA_027596035.1,na,Thoreauomyces humboldtii
GCA_028505775.1,Aspergillus minisclerotigenes,Y,assembly_exact,fungi,Chromosome,GCA_028505775.1,na,Aspergillus minisclerotigenes
GCA_029467805.1,Pleurotus eryngii,Y,assembly_exact,fungi,Contig,GCA_029467805.1,na,Pleurotus eryngii var. eryngii
GCA_029603245.1,Rhizopogon salebrosus,Y,assembly_exact,fungi,Scaffold,GCA_029603245.1,na,Rhizopogon salebrosus TDB-379
GCA_030247855.1,Knufia peltigerae,Y,assembly_versionless,fungi,Scaffold,GCA_030247855.2,na,Knufia peltigerae
GCA_030561765.1,[Candida] hainanensis,Y,assembly_exact,fungi,Scaffold,GCA_030561765.1,na,[Candida] hainanensis
GCA_030565025.1,Schwanniomyces yamadae,Y,assembly_exact,fungi,Scaffold,GCA_030565025.1,na,Schwanniomyces yamadae
GCA_030572035.1,Yamadazyma takamatsuzukensis,Y,assembly_exact,fungi,Contig,GCA_030572035.1,na,Yamadazyma takamatsuzukensis
GCA_030574995.1,Suhomyces maxii,Y,assembly_exact,fungi,Scaffold,GCA_030574995.1,na,Suhomyces maxii
GCA_030578995.1,Sungouiella berkhoutiae,Y,assembly_exact,fungi,Scaffold,GCA_030578995.1,na,Sungouiella berkhoutiae
GCA_030579775.1,Starmerella cellae,Y,assembly_exact,fungi,Scaffold,GCA_030579775.1,na,Starmerella cellae
GCA_030705165.1,Kluyveromyces starmeri,Y,assembly_exact,fungi,Contig,GCA_030705165.1,na,Kluyveromyces starmeri
GCA_031081755.1,Debaryomycetaceae sp. CAB 1570,Y,assembly_exact,fungi,Scaffold,GCA_031081755.1,na,Debaryomycetaceae sp. CAB 1570
GCA_034387635.1,Rhodosporidiobolus odoratus,Y,assembly_exact,fungi,Contig,GCA_034387635.1,na,Rhodosporidiobolus odoratus
GCA_036245725.1,Mrakia hoshinonis,Y,assembly_exact,fungi,Scaffold,GCA_036245725.1,na,Mrakia hoshinonis
GCA_036872985.1,Pleurotus tuoliensis,Y,assembly_exact,fungi,Contig,GCA_036872985.1,na,Pleurotus tuoliensis
GCA_036937135.1,Nidula niveotomentosa,Y,assembly_exact,fungi,Scaffold,GCA_036937135.1,na,Nidula niveotomentosa
GCA_037952775.1,Clonostachys chloroleuca,Y,assembly_exact,fungi,Scaffold,GCA_037952775.1,na,Clonostachys chloroleuca
GCA_038090915.1,Boletus eberwhitei,Y,assembly_exact,fungi,Scaffold,GCA_038090915.1,na,Boletus eberwhitei
GCF_000507465.2,Kwoniella mangrovensis,Y,assembly_exact,fungi,Chromosome,GCA_000507465.4,GCF_000507465.2,Kwoniella mangroviensis CBS 8507
GCF_002849105.1,Aspergillus steynii,Y,assembly_exact,fungi,Contig,GCA_002849105.1,GCF_002849105.1,Aspergillus steynii IBT 23096
GCF_022114955.1,Emericellopsis cladophorae,Y,assembly_exact,fungi,Scaffold,GCA_022114955.2,GCF_022114955.1,Emericellopsis cladophorae
GCF_025882075.1,Dioszegia hungarica,Y,assembly_exact,fungi,Contig,GCA_025882075.1,GCF_025882075.1,Dioszegia hungarica
GCF_029542925.1,Malassezia vespertilionis,Y,assembly_exact,fungi,Complete Genome,GCA_029542925.1,GCF_029542925.1,Malassezia vespertilionis
GCA_000966865.1,Fusarium sp. JS626,Y,assembly_exact,fungi,Scaffold,GCA_000966865.1,na,Fusarium sp. JS626
GCA_001600095.1,Bullera alba,Y,assembly_exact,fungi,Scaffold,GCA_001600095.1,na,Bullera alba
GCA_001600615.1,Dioszegia crocea,Y,assembly_exact,fungi,Scaffold,GCA_001600615.1,na,Dioszegia crocea
GCA_002104985.1,Rhizoclosmatium globosum,Y,assembly_exact,fungi,Contig,GCA_002104985.1,na,Rhizoclosmatium globosum
GCA_002270565.1,Stenocarpella maydis,Y,assembly_exact,fungi,Scaffold,GCA_002270565.1,na,Stenocarpella maydis
GCA_002982035.1,Fusarium algeriense,Y,assembly_exact,fungi,Scaffold,GCA_002982035.1,na,Fusarium algeriense
GCA_003086735.1,Smittium simulii,Y,assembly_exact,fungi,Scaffold,GCA_003086735.1,na,Smittium simulii
GCA_003123655.1,Paecilomyces sp. COH1141,Y,assembly_exact,fungi,Scaffold,GCA_003123655.1,na,Paecilomyces sp. COH1141
GCA_003314385.1,Gomphus sp. MG54,Y,assembly_exact,fungi,Scaffold,GCA_003314385.1,na,Gomphus sp. MG54
GCA_003545705.1,Acidomyces sp. 'richmondensis',Y,assembly_exact,fungi,Contig,GCA_003545705.1,na,Acidomyces sp. 'richmondensis'
GCA_003675405.1,Hericium coralloides,Y,assembly_exact,fungi,Contig,GCA_003675405.1,na,Hericium coralloides
GCA_007735645.1,Venturia effusa,Y,assembly_exact,fungi,Complete Genome,GCA_007735645.1,na,Venturia effusa
GCA_007821475.1,Lachnellula arida,Y,assembly_exact,fungi,Contig,GCA_007821475.1,na,Lachnellula arida
GCA_013170925.1,Podosphaera leucotricha,Y,assembly_exact,fungi,Contig,GCA_013170925.1,na,Podosphaera leucotricha
GCA_013623685.1,Fusarium transvaalense,Y,assembly_exact,fungi,Scaffold,GCA_013623685.1,na,Fusarium transvaalense
GCA_015178975.1,Hysterangium stoloniferum,Y,assembly_exact,fungi,Contig,GCA_015178975.1,na,Hysterangium stoloniferum
GCA_016617785.1,Sporobolomyces roseus,Y,assembly_exact,fungi,Contig,GCA_016617785.1,na,Sporobolomyces roseus
GCA_016695475.1,Suillus decipiens,Y,assembly_exact,fungi,Scaffold,GCA_016695475.1,na,Suillus decipiens
GCA_017639365.1,Yarrowia sp. E02,Y,assembly_exact,fungi,Contig,GCA_017639365.1,na,Yarrowia sp. E02
GCA_018410145.1,Penicillium corylophilum,Y,assembly_exact,fungi,Scaffold,GCA_018410145.1,na,Penicillium corylophilum
GCA_019616345.1,Ceratobasidium sp. 395,Y,assembly_exact,fungi,Scaffold,GCA_019616345.1,na,Ceratobasidium sp. 395
GCA_020736865.1,Ganoderma leucocontextum,Y,assembly_exact,fungi,Contig,GCA_020736865.1,na,Ganoderma leucocontextum
GCA_021031095.1,Bathelium albidoporum,Y,assembly_exact,fungi,Scaffold,GCA_021031095.1,na,Bathelium albidoporum
GCA_021365275.1,Xylariales sp. PMI_506,Y,assembly_exact,fungi,Contig,GCA_021365275.1,na,Xylariales sp. PMI_506
GCA_022385755.1,Trametopsis cervina,Y,assembly_exact,fungi,Scaffold,GCA_022385755.1,na,Trametopsis cervina
GCA_022495235.1,Xylaria curta,Y,assembly_exact,fungi,Scaffold,GCA_022495235.1,na,Xylaria curta
GCA_022814505.1,Talaromyces liani,Y,assembly_exact,fungi,Scaffold,GCA_022814505.1,na,Talaromyces liani
GCA_022985105.1,Penicillium ochrochloron,Y,assembly_exact,fungi,Scaffold,GCA_022985105.1,na,Penicillium ochrochloron
GCA_025201785.1,Xylaria longipes,Y,assembly_exact,fungi,Scaffold,GCA_025201785.1,na,Xylaria longipes
GCA_025330015.1,Colletotrichum sp. SAR 10_77,Y,assembly_exact,fungi,Scaffold,GCA_025330015.1,na,Colletotrichum sp. SAR 10_77
GCA_025583755.1,Cordyceps tenuipes,Y,assembly_exact,fungi,Scaffold,GCA_025583755.1,na,Cordyceps tenuipes
GCA_025768905.1,Aspergillus sp. MA 6041,Y,assembly_exact,fungi,Scaffold,GCA_025768905.1,na,Aspergillus sp. MA 6041
GCA_027569115.1,Aspergillus fructus,Y,assembly_exact,fungi,Contig,GCA_027569115.1,na,Aspergillus fructus
GCA_028974015.1,Penicillium cf. griseofulvum,Y,assembly_exact,fungi,Contig,GCA_028974015.1,na,Penicillium cf. griseofulvum
GCA_029281495.1,Mycena filopes,Y,assembly_exact,fungi,Contig,GCA_029281495.1,na,Mycena filopes
GCA_029542905.1,Malassezia arunalokei,Y,assembly_exact,fungi,Complete Genome,GCA_029542905.1,na,Malassezia arunalokei
GCA_029606185.1,Paecilomyces formosus,Y,assembly_exact,fungi,Scaffold,GCA_029606185.1,na,Paecilomyces formosus
GCA_030558325.1,Wilhelminamyces tanticharoeniae,Y,assembly_exact,fungi,Scaffold,GCA_030558325.1,na,Wilhelminamyces tanticharoeniae
GCA_030564645.1,Candida morakotiae,Y,assembly_exact,fungi,Scaffold,GCA_030564645.1,na,Insectozyma morakotiae
GCA_030567635.1,Nakazawaea wickerhamii,Y,assembly_exact,fungi,Scaffold,GCA_030567635.1,na,Nakazawaea wickerhamii
GCA_030569115.1,Sungouiella ezoensis,Y,assembly_exact,fungi,Scaffold,GCA_030569115.1,na,Sungouiella ezoensis
GCA_030583085.1,Hermanozyma aechmeae,Y,assembly_exact,fungi,Scaffold,GCA_030583085.1,na,Hermanozyma aechmeae
GCA_030705025.1,Myxozyma udenii,Y,assembly_exact,fungi,Scaffold,GCA_030705025.1,na,Myxozyma udenii
GCA_030705125.1,Zygoascus bituminiphila,Y,assembly_exact,fungi,Scaffold,GCA_030705125.1,na,Zygoascus bituminiphila
GCA_033439255.1,Hericium rajendrae,Y,assembly_exact,fungi,Chromosome,GCA_033439255.1,na,Hericium rajendrae
GCA_037041025.1,Starmerella sp. DX6506,Y,assembly_exact,fungi,Contig,GCA_037041025.1,na,Starmerella sp. DX6506
GCA_037356155.1,Penicillium sp. D9,Y,assembly_exact,fungi,Contig,GCA_037356155.1,na,Penicillium sp. D9
GCA_038089035.1,Boletellus dicymbophilus,Y,assembly_exact,fungi,Scaffold,GCA_038089035.1,na,Boletellus dicymbophilus
GCA_038094555.1,Boletus aff. phaeocephalus,Y,assembly_exact,fungi,Scaffold,GCA_038094555.1,na,Boletus aff. phaeocephalus
GCA_038094695.1,Chiua aff. virens,Y,assembly_exact,fungi,Scaffold,GCA_038094695.1,na,Chiua aff. virens
GCF_000149425.1,Meyerozyma guilliermondii,Y,assembly_exact,fungi,Scaffold,GCA_000149425.1,GCF_000149425.1,Meyerozyma guilliermondii ATCC 6260
GCF_000185945.1,Cryptococcus gattii,Y,assembly_exact,fungi,Chromosome,GCA_000185945.1,GCF_000185945.1,Cryptococcus gattii WM276
GCF_000292625.1,Dacryopinax primogenitus,Y,assembly_exact,fungi,Scaffold,GCA_000292625.1,GCF_000292625.1,Dacryopinax primogenitus
GCF_001661405.1,Cyberlindnera jadinii,Y,assembly_exact,fungi,Scaffold,GCA_001661405.1,GCF_001661405.1,Williopsis jadinii
GCF_003184585.1,Aspergillus saccharolyticus,Y,assembly_exact,fungi,Scaffold,GCA_003184585.1,GCF_003184585.1,Aspergillus saccharolyticus JOP 1030-1
GCF_003184625.1,Aspergillus neoniger,Y,assembly_exact,fungi,Scaffold,GCA_003184625.1,GCF_003184625.1,Aspergillus neoniger CBS 115656
GCF_021365365.1,Ilyonectria robusta,Y,assembly_exact,fungi,Contig,GCA_021365365.1,GCF_021365365.1,Ilyonectria robusta
GCF_022376445.1,Fomitopsis serialis,Y,assembly_exact,fungi,Contig,GCA_022376445.1,GCF_022376445.1,Fomitopsis serialis
GCF_022495145.1,Xylaria bambusicola,Y,assembly_exact,fungi,Scaffold,GCA_022495145.1,GCF_022495145.1,Xylaria bambusicola
GCF_028827545.1,Penicillium diatomitis,Y,assembly_exact,fungi,Contig,GCA_028827545.1,GCF_028827545.1,Penicillium diatomitis
GCF_035927105.1,Exophiala bonariae,Y,assembly_exact,fungi,Contig,GCA_035927105.1,GCF_035927105.1,Exophiala bonariae
GCA_000812075.1,Scedosporium aurantiacum,Y,assembly_exact,fungi,Scaffold,GCA_000812075.1,na,Scedosporium aurantiacum
GCA_001513895.1,Graphilbum fragrans,Y,assembly_exact,fungi,Scaffold,GCA_001513895.1,na,Graphilbum fragrans
GCA_001599315.1,Starmerella bombicola,Y,assembly_exact,fungi,Scaffold,GCA_001599315.1,na,Starmerella bombicola
GCA_001599935.1,Holtermannia corniformis,Y,assembly_exact,fungi,Scaffold,GCA_001599935.1,na,Holtermannia corniformis
GCA_002573585.1,Helicocarpus griseus,Y,assembly_exact,fungi,Scaffold,GCA_002573585.1,na,Helicocarpus griseus UAMH5409
GCA_002794775.1,Porodaedalea pini,Y,assembly_exact,fungi,Contig,GCA_002794775.1,na,Porodaedalea pini
GCA_003313065.1,Sarcodon sp. MG97,Y,assembly_exact,fungi,Scaffold,GCA_003313065.1,na,Sarcodon sp. MG97
GCA_003315915.1,Macrolepiota dolichaula,Y,assembly_exact,fungi,Scaffold,GCA_003315915.1,na,Macrolepiota dolichaula
GCA_003316525.1,Termitomyces eurrhizus,Y,assembly_exact,fungi,Scaffold,GCA_003316525.1,na,Termitomyces eurrhizus
GCA_004299825.1,Cercospora sojina,Y,assembly_exact,fungi,Complete Genome,GCA_004299825.1,na,Cercospora sojina
GCA_010093605.1,Lophium mytilinum,Y,assembly_exact,fungi,Scaffold,GCA_010093605.1,na,Lophium mytilinum
GCA_013395995.1,Fusarium pseudoanthophilum,Y,assembly_exact,fungi,Scaffold,GCA_013395995.1,na,Fusarium pseudoanthophilum
GCA_014621435.1,Neopestalotiopsis clavispora,Y,assembly_exact,fungi,Scaffold,GCA_014621435.1,na,Neopestalotiopsis clavispora
GCA_019633495.1,Tulasnella sp. 427,Y,assembly_exact,fungi,Scaffold,GCA_019633495.1,na,Tulasnella sp. 427
GCA_020726575.1,Plectosphaerella plurivora,Y,assembly_exact,fungi,Contig,GCA_020726575.1,na,Plectosphaerella plurivora
GCA_021188095.1,Diaporthe vexans,Y,assembly_exact,fungi,Contig,GCA_021188095.1,na,Diaporthe vexans
GCA_021401465.1,Teratosphaeria epicoccoides,Y,assembly_exact,fungi,Scaffold,GCA_021401465.1,na,Teratosphaeria epicoccoides
GCA_022592435.1,Cerioporus squamosus,Y,assembly_exact,fungi,Contig,GCA_022592435.1,na,Cerioporus squamosus
GCA_022702645.1,Microbotryum intermedium,Y,assembly_exact,fungi,Contig,GCA_022702645.1,na,Microbotryum intermedium
GCA_023313575.1,Eutypella sp. D-1,Y,assembly_exact,fungi,Contig,GCA_023313575.1,na,Eutypella sp. D-1
GCA_023626135.1,Talaromyces sp. R2412,Y,assembly_exact,fungi,Scaffold,GCA_023626135.1,na,Talaromyces sp. R2412
GCA_023630325.1,Syncephalastrum sp. PYS2702,Y,assembly_exact,fungi,Scaffold,GCA_023630325.1,na,Syncephalastrum sp. PYS2702
GCA_023634325.1,Cladosporium cucumerinum,Y,assembly_exact,fungi,Contig,GCA_023634325.1,na,Cladosporium cucumerinum
GCA_024115155.1,Thelonectria blattea,Y,assembly_exact,fungi,Scaffold,GCA_024115155.1,na,Thelonectria blattea
GCA_024713865.1,Morchella sp. 2016-72,Y,assembly_exact,fungi,Scaffold,GCA_024713865.1,na,Morchella sp. 2016-72
GCA_027569075.1,Aspergillus asperescens,Y,assembly_exact,fungi,Contig,GCA_027569075.1,na,Aspergillus asperescens
GCA_027943355.1,Dothideomycetes sp. NU200,Y,assembly_exact,fungi,Contig,GCA_027943355.1,na,Dothideomycetes sp. NU200
GCA_028011355.1,Lentinula aciculospora,Y,assembly_exact,fungi,Contig,GCA_028011355.1,na,Lentinula aciculospora
GCA_030062975.1,Pichia kluyveri,Y,assembly_exact,fungi,Chromosome,GCA_030062975.1,na,Pichia kluyveri
GCA_030180035.1,Pseudogymnoascus sp. SDFLT0511,Y,assembly_exact,fungi,Contig,GCA_030180035.1,na,Pseudogymnoascus sp. SDFLT0511
GCA_030449045.1,Isabelozyma pseudorhagii,Y,assembly_exact,fungi,Scaffold,GCA_030449045.1,na,Isabelozyma pseudorhagii
GCA_030463045.1,Geotrichum macrosporum,Y,assembly_exact,fungi,Scaffold,GCA_030463045.1,na,Geotrichum macrosporum
GCA_030556275.1,Lipomyces sp. NRRL Y-27488,Y,assembly_exact,fungi,Scaffold,GCA_030556275.1,na,Lipomyces sp. NRRL Y-27488
GCA_030561785.1,[Candida] ortonii,Y,assembly_exact,fungi,Scaffold,GCA_030561785.1,na,Ogataea ortonii
GCA_030562185.1,Lachancea sp. yHQL494,Y,assembly_exact,fungi,Scaffold,GCA_030562185.1,na,Lachancea sp. yHQL494
GCA_030563825.1,Australozyma nongkhaiensis,Y,assembly_exact,fungi,Scaffold,GCA_030563825.1,na,Australozyma nongkhaiensis
GCA_030566815.1,Sungouiella suratensis,Y,assembly_exact,fungi,Scaffold,GCA_030566815.1,na,Sungouiella suratensis
GCA_030573455.1,Hanseniaspora pseudoguilliermondii,Y,assembly_exact,fungi,Scaffold,GCA_030573455.1,na,Hanseniaspora pseudoguilliermondii
GCA_030574295.1,Kodamaea arcana,Y,assembly_exact,fungi,Scaffold,GCA_030574295.1,na,Kodamaea arcana
GCA_030579575.1,Sporopachydermia lactativora,Y,assembly_exact,fungi,Scaffold,GCA_030579575.1,na,Sporopachydermia lactativora
GCA_030581935.1,Metschnikowia corniflorae,Y,assembly_exact,fungi,Scaffold,GCA_030581935.1,na,Metschnikowia corniflorae
GCA_033675105.1,Podospora appendiculata,Y,assembly_exact,fungi,Contig,GCA_033675105.1,na,Podospora appendiculata
GCA_037014335.1,Collybia sordida,Y,assembly_exact,fungi,Contig,GCA_037014335.1,na,Collybia sordida
GCA_037289395.1,Beauveria scarabaeidicola,Y,assembly_exact,fungi,Scaffold,GCA_037289395.1,na,Beauveria scarabaeidicola
GCA_037414295.1,Penicillium sp. F2(2024),Y,assembly_exact,fungi,Contig,GCA_037414295.1,na,Penicillium sp. F2(2024)
GCA_037952655.1,Hymenoscyphus sp. LP001,Y,assembly_exact,fungi,Scaffold,GCA_037952655.1,na,Hymenoscyphus sp. LP001
GCA_038090095.1,Zangia roseola,Y,assembly_exact,fungi,Scaffold,GCA_038090095.1,na,Zangia roseola
GCA_038090975.1,Boletellus pseudochrysenteroides,Y,assembly_exact,fungi,Scaffold,GCA_038090975.1,na,Boletellus pseudochrysenteroides
GCF_000988165.1,Vairimorpha ceranae,Y,assembly_exact,fungi,Contig,GCA_000988165.1,GCF_000988165.1,Vairimorpha ceranae
GCF_001329695.1,Rhodotorula graminis,Y,assembly_exact,fungi,Scaffold,GCA_001329695.1,GCF_001329695.1,Rhodotorula graminis WP1
GCF_001642055.1,Alternaria alternata,Y,assembly_exact,fungi,Scaffold,GCA_001642055.1,GCF_001642055.1,Alternaria alternata
GCF_009176365.1,Aspergillus alliaceus,Y,assembly_exact,fungi,Scaffold,GCA_009176365.1,GCF_009176365.1,Aspergillus alliaceus
GCF_022578515.1,Annulohypoxylon truncatum,Y,assembly_exact,fungi,Scaffold,GCA_022578515.1,GCF_022578515.1,Annulohypoxylon truncatum
GCF_025766255.1,Zychaea mexicana,Y,assembly_exact,fungi,Contig,GCA_025766255.1,GCF_025766255.1,Zychaea mexicana
GCF_028829775.1,Penicillium samsonianum,Y,assembly_exact,fungi,Contig,GCA_028829775.1,GCF_028829775.1,Penicillium samsonianum
GCF_030411735.1,Phialemonium atrogriseum,Y,assembly_exact,fungi,Scaffold,GCA_030411735.1,GCF_030411735.1,Phialemonium atrogriseum
GCF_036370985.1,Arxiozyma heterogenica,Y,assembly_exact,fungi,Contig,GCA_036370985.1,GCF_036370985.1,Arxiozyma heterogenica
GCA_000300575.2,Agaricus bisporus,Y,assembly_exact,fungi,Chromosome,GCA_000300575.2,na,Agaricus bisporus var. bisporus H97
GCA_000934395.1,Fistulina hepatica,Y,assembly_exact,fungi,Scaffold,GCA_000934395.1,na,Fistulina hepatica ATCC 64428
GCA_001749795.1,Hanseniaspora opuntiae,Y,assembly_exact,fungi,Scaffold,GCA_001749795.1,na,Hanseniaspora opuntiae
GCA_002157035.1,Melampsora medusae,Y,assembly_exact,fungi,Scaffold,GCA_002157035.1,na,Melampsora medusae f. sp. deltoidis
GCA_002370145.1,[Candida] ipomoeae,Y,assembly_exact,fungi,Scaffold,GCA_002370145.1,na,[Candida] ipomoeae
GCA_003314065.1,Lactarius sp. MG50,Y,assembly_exact,fungi,Scaffold,GCA_003314065.1,na,Lactarius sp. MG50
GCA_003611235.1,Golovinomyces cichoracearum,Y,assembly_exact,fungi,Scaffold,GCA_003611235.1,na,Golovinomyces cichoracearum
GCA_003706365.1,Citeromyces siamensis,Y,assembly_exact,fungi,Scaffold,GCA_003706365.1,na,Citeromyces siamensis
GCA_004217705.1,Metschnikowia aff. pulcherrima,Y,assembly_exact,fungi,Complete Genome,GCA_004217705.1,na,Metschnikowia aff. pulcherrima
GCA_013372555.1,Elsinoe arachidis,Y,assembly_exact,fungi,Contig,GCA_013372555.1,na,Elsinoe arachidis
GCA_014705045.1,Colletotrichum theobromicola,Y,assembly_exact,fungi,Scaffold,GCA_014705045.1,na,Colletotrichum theobromicola
GCA_014899095.1,Fusarium buxicola,Y,assembly_exact,fungi,Scaffold,GCA_014899095.1,na,Fusarium buxicola
GCA_015502455.1,Mortierella sp. AM989,Y,assembly_exact,fungi,Scaffold,GCA_015502455.1,na,Mortierella sp. AM989
GCA_015679535.1,Podila horticola,Y,assembly_exact,fungi,Scaffold,GCA_015679535.1,na,Podila horticola
GCA_017354895.1,Podospora comata,Y,assembly_exact,fungi,Chromosome,GCA_017354895.1,na,Podospora comata
GCA_019857685.1,Papiliotrema terrestris,Y,assembly_exact,fungi,Scaffold,GCA_019857685.1,na,Papiliotrema terrestris
GCA_019914985.1,Auriscalpium microsporum,Y,assembly_exact,fungi,Contig,GCA_019914985.1,na,Auriscalpium microsporum
GCA_019925625.1,Graphilbum ipis-grandicollis,Y,assembly_exact,fungi,Scaffold,GCA_019925625.1,na,Graphilbum ipis-grandicollis
GCA_020736525.1,Chaetomium sp. MPI-CAGE-AT-0009,Y,assembly_exact,fungi,Contig,GCA_020736525.1,na,Chaetomium sp. MPI-CAGE-AT-0009
GCA_021437015.1,Aspergillus jensenii,Y,assembly_exact,fungi,Contig,GCA_021437015.1,na,Aspergillus jensenii
GCA_021527775.1,Lactarius sanguifluus,Y,assembly_exact,fungi,Contig,GCA_021527775.1,na,Lactarius sanguifluus
GCA_022376555.1,Russula compacta,Y,assembly_exact,fungi,Contig,GCA_022376555.1,na,Russula compacta
GCA_022432375.1,Nemania sp. FL0031,Y,assembly_exact,fungi,Contig,GCA_022432375.1,na,Nemania sp. FL0031
GCA_022496965.1,Annulohypoxylon nitens,Y,assembly_exact,fungi,Scaffold,GCA_022496965.1,na,Annulohypoxylon nitens
GCA_022609375.1,Xenosphaeropsis pyriputrescens,Y,assembly_exact,fungi,Scaffold,GCA_022609375.1,na,Xenosphaeropsis pyriputrescens
GCA_022695765.1,Annulohypoxylon moriforme,Y,assembly_exact,fungi,Scaffold,GCA_022695765.1,na,Annulohypoxylon moriforme
GCA_023624935.1,Aspergillus sp. PA3604,Y,assembly_exact,fungi,Scaffold,GCA_023624935.1,na,Aspergillus sp. PA3604
GCA_023629255.1,Pichia sp. PB3310,Y,assembly_exact,fungi,Scaffold,GCA_023629255.1,na,Pichia sp. PB3310
GCA_025201725.1,Chytriomyces sp. MP71,Y,assembly_exact,fungi,Scaffold,GCA_025201725.1,na,Chytriomyces sp. MP71
GCA_025738555.1,Cyathus striatus,Y,assembly_exact,fungi,Contig,GCA_025738555.1,na,Cyathus striatus
GCA_027475525.1,Macrolepiota albuminosa,Y,assembly_exact,fungi,Scaffold,GCA_027475525.1,na,Macrolepiota albuminosa
GCA_027569225.1,Aspergillus panamensis,Y,assembly_exact,fungi,Contig,GCA_027569225.1,na,Aspergillus panamensis
GCA_028638325.1,Xylariaceae sp. Mn153,Y,assembly_exact,fungi,Scaffold,GCA_028638325.1,na,Xylariaceae sp. Mn153
GCA_029542945.1,Malassezia obtusa,Y,assembly_exact,fungi,Complete Genome,GCA_029542945.1,na,Malassezia obtusa
GCA_030564725.1,[Candida] sophiae-reginae,Y,assembly_exact,fungi,Scaffold,GCA_030564725.1,na,Chernovozyma sophiae-reginae
GCA_030571375.1,Botryozyma mucatilis,Y,assembly_exact,fungi,Scaffold,GCA_030571375.1,na,Botryozyma mucatilis
GCA_030580315.1,Yueomyces sp. yHKB289,Y,assembly_exact,fungi,Scaffold,GCA_030580315.1,na,Yueomyces sp. yHKB289
GCA_030583255.1,Metschnikowia kunwiensis,Y,assembly_exact,fungi,Scaffold,GCA_030583255.1,na,Metschnikowia kunwiensis
GCA_031081885.1,Priceomyces melissophilus,Y,assembly_exact,fungi,Scaffold,GCA_031081885.1,na,Priceomyces melissophilus
GCA_031124825.1,Saccharomycopsis vini,Y,assembly_exact,fungi,Scaffold,GCA_031124825.1,na,Saccharomycopsis vini
GCA_033119265.1,Coniosporium uncinatum,Y,assembly_exact,fungi,Contig,GCA_033119265.1,na,Coniosporium uncinatum
GCA_037074945.1,Tetracladium marchalianum,Y,assembly_versionless,fungi,Contig,GCA_037074945.2,na,Tetracladium marchalianum
GCA_037356035.1,Xylaria sp. Z50,Y,assembly_exact,fungi,Contig,GCA_037356035.1,na,Xylaria sp. Z50
GCA_038363915.1,Apiospora saccharicola,Y,assembly_exact,fungi,Contig,GCA_038363915.1,na,Apiospora saccharicola
GCA_900518985.1,Yarrowia alimentaria,Y,name_exact,fungi,,,,Yarrowia alimentaria
GCA_949129085.1,Zygosaccharomyces pseudobailii,Y,name_exact,fungi,,,,Zygosaccharomyces pseudobailii
GCF_000151145.1,Microsporum canis,Y,assembly_exact,fungi,Scaffold,GCA_000151145.1,GCF_000151145.1,Microsporum canis CBS 113480
GCF_006535985.1,Synchytrium microbalum,Y,assembly_exact,fungi,Scaffold,GCA_006535985.1,GCF_006535985.1,Synchytrium microbalum
GCF_011947395.1,Colletotrichum karsti,Y,assembly_exact,fungi,Scaffold,GCA_011947395.2,GCF_011947395.1,Colletotrichum karsti
GCF_019049425.1,Scheffersomyces spartinae,Y,assembly_exact,fungi,Contig,GCA_019049425.1,GCF_019049425.1,Lizanozyma spartinae
GCA_000750995.1,Pseudogymnoascus sp. VKM F-4520 (FW-2644),Y,assembly_exact,fungi,Contig,GCA_000750995.1,na,Pseudogymnoascus sp. VKM F-4520 (FW-2644)
GCA_001305275.1,Talaromyces verruculosus,Y,assembly_exact,fungi,Scaffold,GCA_001305275.1,na,Talaromyces verruculosus
GCA_001691785.3,Amanita brunnescens,Y,assembly_exact,fungi,Scaffold,GCA_001691785.3,na,Amanita brunnescens Koide BX004
GCA_001887945.1,Spraguea lophii,Y,assembly_exact,fungi,Contig,GCA_001887945.1,na,Spraguea lophii
GCA_002104935.1,Hesseltinella vesiculosa,Y,assembly_exact,fungi,Contig,GCA_002104935.1,na,Hesseltinella vesiculosa
GCA_002980475.2,Fusarium beomiforme,Y,assembly_exact,fungi,Scaffold,GCA_002980475.2,na,Fusarium beomiforme
GCA_003705115.2,Ogataea henricii,Y,assembly_exact,fungi,Scaffold,GCA_003705115.2,na,Ogataea henricii
GCA_003706035.2,Peterozyma xylosa,Y,assembly_exact,fungi,Scaffold,GCA_003706035.2,na,Peterozyma xylosa
GCA_003707405.2,[Candida] schatavii,Y,assembly_exact,fungi,Scaffold,GCA_003707405.2,na,Dujonia schatavii
GCA_003707925.3,Zygoascus ofunaensis,Y,assembly_exact,fungi,Scaffold,GCA_003707925.3,na,Daia ofunaensis
GCA_007388105.1,Coniochaeta prunicola,Y,assembly_exact,fungi,Scaffold,GCA_007388105.1,na,Coniochaeta prunicola
GCA_011750695.1,Penicillium sp. OUCMDZ-019,Y,assembly_exact,fungi,Scaffold,GCA_011750695.1,na,Penicillium sp. OUCMDZ-019
GCA_012978555.1,Fusarium drepaniforme,Y,assembly_exact,fungi,Scaffold,GCA_012978555.1,na,Fusarium drepaniforme
GCA_013368315.1,Tetrapyrgos nigripes,Y,assembly_exact,fungi,Contig,GCA_013368315.1,na,Tetrapyrgos nigripes
GCA_013407065.1,Morchella sp. a71,Y,assembly_exact,fungi,Scaffold,GCA_013407065.1,na,Morchella sp. a71
GCA_014905825.1,Lyophyllum atratum,Y,assembly_exact,fungi,Contig,GCA_014905825.1,na,Lyophyllum atratum
GCA_015039395.1,Ceratobasidium sp. AG-I,Y,assembly_exact,fungi,Scaffold,GCA_015039395.1,na,Ceratobasidium sp. AG-I
GCA_015178995.1,Trichophaea hybrida,Y,assembly_exact,fungi,Contig,GCA_015178995.1,na,Trichophaea hybrida
GCA_017607575.1,Termitomyces sp. Mn162,Y,assembly_exact,fungi,Scaffold,GCA_017607575.1,na,Termitomyces sp. Mn162
GCA_017871115.1,Cunninghamella blakesleeana,Y,assembly_exact,fungi,Contig,GCA_017871115.1,na,Cunninghamella blakesleeana
GCA_020726465.1,Chaetomium tenue,Y,assembly_exact,fungi,Contig,GCA_020726465.1,GCF_020726465.1,Chaetomium tenue
GCA_021030905.1,Pyrenula massariospora,Y,assembly_exact,fungi,Scaffold,GCA_021030905.1,na,Pyrenula massariospora
GCA_022497145.1,Rostrohypoxylon terebratum,Y,assembly_exact,fungi,Scaffold,GCA_022497145.1,na,Rostrohypoxylon terebratum
GCA_022578795.1,Xylariaceae sp. FL0255,Y,assembly_exact,fungi,Scaffold,GCA_022578795.1,na,Xylariaceae sp. FL0255
GCA_022641835.1,Cyberlindnera fabianii,Y,assembly_exact,fungi,Complete Genome,GCA_022641835.1,na,Petasospora fabianii
GCA_023087385.1,Diplodia sapinea,Y,assembly_exact,fungi,Scaffold,GCA_023087385.1,na,Diplodia sapinea
GCA_023677585.1,Meredithiella fracta,Y,assembly_exact,fungi,Contig,GCA_023677585.1,na,Meredithiella fracta
GCA_024140565.1,Backusella australiensis,Y,assembly_exact,fungi,Scaffold,GCA_024140565.1,na,Backusella australiensis
GCA_024516145.1,Pyronema domesticum,Y,assembly_exact,fungi,Contig,GCA_024516145.1,na,Pyronema domesticum
GCA_025327155.1,Colletotrichum sp. SAR 10_75,Y,assembly_exact,fungi,Scaffold,GCA_025327155.1,na,Colletotrichum sp. SAR 10_75
GCA_025677805.1,Umbelopsis sp. AD052,Y,assembly_exact,fungi,Contig,GCA_025677805.1,na,Umbelopsis sp. AD052
GCA_027578295.1,Coemansia sp. RSA 2336,Y,assembly_exact,fungi,Scaffold,GCA_027578295.1,na,Coemansia sp. RSA 2336
GCA_027595825.1,Coemansia biformis,Y,assembly_exact,fungi,Contig,GCA_027595825.1,na,Coemansia biformis
GCA_027627405.1,Leucocoprinus birnbaumii,Y,assembly_exact,fungi,Scaffold,GCA_027627405.1,na,Leucocoprinus birnbaumii
GCA_029378255.1,Mycena rosella,Y,assembly_exact,fungi,Contig,GCA_029378255.1,na,Mycena rosella
GCA_030556875.1,Zygoascus biomembranicola,Y,assembly_exact,fungi,Scaffold,GCA_030556875.1,na,Zygoascus biomembranicola
GCA_030558095.1,Teunomyces funiuensis,Y,assembly_exact,fungi,Contig,GCA_030558095.1,na,Teunomyces funiuensis
GCA_030570875.1,Citeromyces matritensis,Y,assembly_exact,fungi,Scaffold,GCA_030570875.1,na,Citeromyces matritensis
GCA_030574155.1,[Candida] insectalens,Y,assembly_exact,fungi,Scaffold,GCA_030574155.1,na,Xiuguozyma insectalens
GCA_030575035.1,Suhomyces vadensis,Y,assembly_exact,fungi,Scaffold,GCA_030575035.1,na,Suhomyces vadensis
GCA_030581995.1,Wickerhamomyces sp. NRRL YB-2243,Y,assembly_exact,fungi,Scaffold,GCA_030581995.1,na,Wickerhamomyces sp. NRRL YB-2243
GCA_030582535.1,Candida bohioensis,Y,assembly_exact,fungi,Scaffold,GCA_030582535.1,na,Insectozyma bohioensis
GCA_030582755.1,Wickerhamiella galacta,Y,assembly_exact,fungi,Scaffold,GCA_030582755.1,na,Wickerhamiella galacta
GCA_030914405.1,Beauveria sp. AdecLV25a,Y,assembly_exact,fungi,Contig,GCA_030914405.1,na,Beauveria sp. AdecLV25a
GCA_033439405.1,Fusarium sp. NFCCI 5145,Y,assembly_exact,fungi,Scaffold,GCA_033439405.1,na,Fusarium sp. NFCCI 5145
GCA_034423695.1,Penicillium polonicum,Y,assembly_exact,fungi,Chromosome,GCA_034423695.1,na,Penicillium polonicum
GCA_038089935.1,Boletellus emodensis,Y,assembly_exact,fungi,Scaffold,GCA_038089935.1,na,Boletellus emodensis
GCA_038090475.1,Wakefieldia striispora,Y,assembly_exact,fungi,Scaffold,GCA_038090475.1,na,Wakefieldia striispora
GCA_038092635.1,Xerocomus ferrugineus,Y,assembly_exact,fungi,Scaffold,GCA_038092635.1,na,Xerocomus ferrugineus
GCF_000002515.2,Kluyveromyces lactis,Y,assembly_exact,fungi,Complete Genome,GCA_000002515.1,GCF_000002515.2,Kluyveromyces lactis
GCF_000218685.1,Serpula lacrymans,Y,assembly_exact,fungi,Scaffold,GCA_000218685.1,GCF_000218685.1,Serpula lacrymans var. lacrymans S7.9
GCF_000738915.1,Nematocida ausubeli,Y,assembly_exact,fungi,Scaffold,GCA_000738915.1,GCF_000738915.1,Nematocida ausubeli
GCF_000820605.1,Sporothrix brasiliensis,Y,assembly_exact,fungi,Contig,GCA_000820605.1,GCF_000820605.1,Sporothrix brasiliensis 5110
GCF_000835505.1,Exophiala xenobiotica,Y,assembly_exact,fungi,Scaffold,GCA_000835505.1,GCF_000835505.1,Exophiala xenobiotica
GCF_004337985.1,Pyricularia pennisetigena,Y,assembly_exact,fungi,Chromosome,GCA_004337985.1,GCF_004337985.1,Pyricularia pennisetigena
GCF_010015735.1,Aaosphaeria arxii,Y,assembly_exact,fungi,Scaffold,GCA_010015735.1,GCF_010015735.1,Aaosphaeria arxii CBS 175.79
GCF_018404265.1,Aspergillus viridinutans,Y,assembly_exact,fungi,Scaffold,GCA_018404265.1,GCF_018404265.1,Aspergillus viridinutans
GCA_000315935.1,Thermomyces lanuginosus,Y,assembly_exact,fungi,Contig,GCA_000315935.1,na,Thermomyces lanuginosus SSBP
GCA_001600355.1,Meira nashicola,Y,assembly_exact,fungi,Scaffold,GCA_001600355.1,na,Meira nashicola
GCA_001632355.1,Sistotremastrum suecicum,Y,assembly_exact,fungi,Scaffold,GCA_001632355.1,na,Sistotremastrum suecicum HHB10207 ss-3
GCA_001661245.1,Pachysolen tannophilus,Y,assembly_exact,fungi,Scaffold,GCA_001661245.1,na,Pachysolen tannophilus NRRL Y-2460
GCA_001910725.1,Phanerodontia chrysosporium,Y,assembly_exact,fungi,Contig,GCA_001910725.1,na,Phanerodontia chrysosporium
GCA_002094185.1,Spathaspora boniae,Y,assembly_exact,fungi,Contig,GCA_002094185.1,na,Zhuliangozyma boniae
GCA_002162555.1,Monilinia aucupariae,Y,assembly_exact,fungi,Scaffold,GCA_002162555.1,na,Monilinia aucupariae
GCA_003314615.1,Pholiota microspora,Y,assembly_exact,fungi,Scaffold,GCA_003314615.1,na,Pholiota microspora
GCA_003610855.1,Erysiphe neolycopersici,Y,assembly_exact,fungi,Scaffold,GCA_003610855.1,na,Erysiphe neolycopersici
GCA_003614755.1,Syncephalis pseudoplumigaleata,Y,assembly_exact,fungi,Scaffold,GCA_003614755.1,na,Syncephalis pseudoplumigaleata
GCA_003708405.2,Candidozyma heveicola,Y,assembly_exact,fungi,Scaffold,GCA_003708405.2,na,Candidozyma heveicola
GCA_004335155.1,Ascochyta viciae,Y,assembly_exact,fungi,Contig,GCA_004335155.1,na,Ascochyta viciae
GCA_004802705.1,Bondarzewia mesenterica,Y,assembly_exact,fungi,Scaffold,GCA_004802705.1,na,Bondarzewia mesenterica
GCA_009192285.1,Morchella semilibera,Y,assembly_exact,fungi,Chromosome,GCA_009192285.1,na,Morchella semilibera
GCA_009733715.1,Herpomyces periplanetae,Y,assembly_exact,fungi,Scaffold,GCA_009733715.1,na,Herpomyces periplanetae
GCA_016098035.1,Mortierella sp. GBA30,Y,assembly_exact,fungi,Scaffold,GCA_016098035.1,na,Mortierella sp. GBA30
GCA_018343995.1,Wickerhamomyces sp. UFMG-CM-Y6624,Y,assembly_exact,fungi,Scaffold,GCA_018343995.1,na,Wickerhamomyces sp. UFMG-CM-Y6624
GCA_018360045.1,Claviceps capensis,Y,assembly_exact,fungi,Contig,GCA_018360045.1,na,Claviceps capensis
GCA_019775845.1,Myrmaecium sp. VS I D KN 1,Y,assembly_exact,fungi,Scaffold,GCA_019775845.1,na,Myrmaecium sp. VS I D KN 1
GCA_021396375.1,Sporothrix mexicana,Y,assembly_exact,fungi,Scaffold,GCA_021396375.1,na,Sporothrix mexicana
GCA_022578815.1,Xylariaceae sp. FL0016,Y,assembly_exact,fungi,Scaffold,GCA_022578815.1,na,Xylariaceae sp. FL0016
GCA_022702545.1,Phycomyces nitens,Y,assembly_exact,fungi,Contig,GCA_022702545.1,na,Phycomyces nitens
GCA_023273805.1,Exobasidium cylindrosporum,Y,assembly_exact,fungi,Complete Genome,GCA_023273805.1,na,Exobasidium cylindrosporum
GCA_024114885.1,Septoria linicola,Y,assembly_exact,fungi,Complete Genome,GCA_024114885.1,na,Septoria linicola
GCA_024195585.1,Aureobasidium sp. EXF-3400,Y,assembly_exact,fungi,Contig,GCA_024195585.1,na,Aureobasidium sp. EXF-3400
GCA_025201705.1,Dissophora ornata,Y,assembly_exact,fungi,Scaffold,GCA_025201705.1,na,Dissophora ornata
GCA_025528865.1,Pilobolus umbonatus,Y,assembly_exact,fungi,Contig,GCA_025528865.1,na,Pilobolus umbonatus
GCA_026770245.1,Clarireedia aff. paspali H2,Y,assembly_exact,fungi,Contig,GCA_026770245.1,na,Clarireedia aff. paspali H2
GCA_028220655.1,Shiraia bambusicola,Y,assembly_exact,fungi,Scaffold,GCA_028220655.1,na,Shiraia bambusicola
GCA_028551335.1,Armillaria sp. CMW 4456,Y,assembly_exact,fungi,Contig,GCA_028551335.1,na,Armillaria sp. CMW 4456
GCA_029531795.1,Sclerotinia nivalis,Y,assembly_exact,fungi,Contig,GCA_029531795.1,na,Sclerotinia nivalis
GCA_030378425.1,Periconia sp. TS-2,Y,assembly_exact,fungi,Scaffold,GCA_030378425.1,na,Periconia sp. TS-2
GCA_030512285.1,Cercophora newfieldiana,Y,assembly_exact,fungi,Contig,GCA_030512285.1,na,Cercophora newfieldiana
GCA_030563245.1,Wickerhamiella azymoides,Y,assembly_exact,fungi,Scaffold,GCA_030563245.1,na,Wickerhamiella azymoides
GCA_030565755.1,Ascobotryozyma cognata,Y,assembly_exact,fungi,Scaffold,GCA_030565755.1,na,Ascobotryozyma cognata
GCA_030567815.1,[Candida] piceae,Y,assembly_exact,fungi,Scaffold,GCA_030567815.1,na,Ogataea piceae
GCA_030579815.1,Sugiyamaella smithiae,Y,assembly_exact,fungi,Scaffold,GCA_030579815.1,na,Sugiyamaella smithiae
GCA_030581575.1,Teunomyces aglyptinius,Y,assembly_exact,fungi,Scaffold,GCA_030581575.1,na,Teunomyces aglyptinius
GCA_030779685.1,Cordyceps farinosa,Y,assembly_exact,fungi,Contig,GCA_030779685.1,na,Cordyceps farinosa
GCA_031001725.1,Pseudopyricularia javanii,Y,assembly_exact,fungi,Scaffold,GCA_031001725.1,na,Pseudopyricularia javanii
GCA_037042295.1,Irpex sp. Y119-03,Y,assembly_exact,fungi,Scaffold,GCA_037042295.1,na,Irpex sp. Y119-03
GCA_037576055.1,Fusarium sp. M6JPR69,Y,assembly_exact,fungi,Scaffold,GCA_037576055.1,na,Fusarium sp. M6JPR69
GCA_038092315.1,Leccinum ambiguum,Y,assembly_exact,fungi,Scaffold,GCA_038092315.1,na,Leccinum ambiguum
GCA_038092335.1,Boletus vinaceobasis,Y,assembly_exact,fungi,Scaffold,GCA_038092335.1,na,Boletus vinaceobasis
GCA_039880865.1,Aspergillus proliferans,Y,assembly_exact,fungi,Scaffold,GCA_039880865.1,na,Aspergillus proliferans
GCF_000315875.1,Candida orthopsilosis,Y,assembly_exact,fungi,Chromosome,GCA_000315875.1,GCF_000315875.1,Lodderomyces orthopsilosis Co 90-125
GCF_000354255.1,Bipolaris maydis,Y,assembly_exact,fungi,Scaffold,GCA_000354255.1,GCF_000354255.1,Bipolaris maydis ATCC 48331
GCF_001477535.1,Pneumocystis jirovecii,Y,assembly_exact,fungi,Contig,GCA_001477535.1,GCF_001477535.1,Pneumocystis jirovecii RU7
GCF_003144245.1,Jaminaea rosea,Y,assembly_exact,fungi,Scaffold,GCA_003144245.1,GCF_003144245.1,Jaminaea rosea
GCF_009193645.1,Aspergillus pseudonomiae,Y,assembly_exact,fungi,Scaffold,GCA_009193645.1,GCF_009193645.1,Aspergillus pseudonomiae
GCF_010015815.1,Dothidotthia symphoricarpi,Y,assembly_exact,fungi,Scaffold,GCA_010015815.1,GCF_010015815.1,Dothidotthia symphoricarpi CBS 119687
GCF_018924745.1,Marasmius oreades,Y,assembly_exact,fungi,Chromosome,GCA_018924745.1,GCF_018924745.1,Marasmius oreades
GCF_020726525.1,Truncatella angustata,Y,assembly_exact,fungi,Contig,GCA_020726525.1,GCF_020726525.1,Truncatella angustata
GCF_024043175.1,Alternaria infectoria,Y,assembly_exact,fungi,Scaffold,GCA_024043175.1,GCF_024043175.1,Alternaria infectoria
GCA_000517465.1,Moesziomyces aphidis,Y,assembly_exact,fungi,Scaffold,GCA_000517465.1,na,Moesziomyces aphidis
GCA_000750665.1,Pseudogymnoascus sp. VKM F-3557,Y,assembly_exact,fungi,Contig,GCA_000750665.1,na,Pseudogymnoascus sp. VKM F-3557
GCA_001689995.1,Tilletia indica,Y,assembly_exact,fungi,Scaffold,GCA_001689995.1,na,Tilletia indica
GCA_003184635.1,Aspergillus sclerotiicarbonarius,Y,assembly_exact,fungi,Scaffold,GCA_003184635.1,na,Aspergillus sclerotiicarbonarius CBS 121057
GCA_003385265.1,Neonectria hederae,Y,assembly_exact,fungi,Scaffold,GCA_003385265.1,na,Neonectria hederae
GCA_003707275.3,Kregervanrija fluxuum,Y,assembly_exact,fungi,Scaffold,GCA_003707275.3,na,Kregervanrija fluxuum
GCA_003709265.2,Grigorovia yakushimaensis,Y,assembly_exact,fungi,Scaffold,GCA_003709265.2,na,Grigorovia yakushimaensis
GCA_007674295.1,Antonospora locustae,Y,assembly_exact,fungi,Chromosome,GCA_007674295.1,na,Antonospora locustae
GCA_009806235.1,Neurospora sp. CHS-2018c,Y,assembly_exact,fungi,Scaffold,GCA_009806235.1,na,Neurospora sp. CHS-2018c
GCA_010015605.1,Decorospora gaudefroyi,Y,assembly_exact,fungi,Scaffold,GCA_010015605.1,na,Decorospora gaudefroyi
GCA_014706385.1,Phaffia rhodozyma,Y,assembly_exact,fungi,Contig,GCA_014706385.1,na,Phaffia rhodozyma
GCA_015502465.1,Mortierella sp. 14UC,Y,assembly_exact,fungi,Scaffold,GCA_015502465.1,na,Mortierella sp. 14UC
GCA_015708445.2,Clitopilus hobsonii,Y,assembly_exact,fungi,Complete Genome,GCA_015708445.2,na,Clitopilus hobsonii
GCA_016097115.2,Sporothrix protearum,Y,assembly_exact,fungi,Contig,GCA_016097115.2,na,Sporothrix protearum
GCA_018853505.1,Colletotrichum camelliae,Y,assembly_exact,fungi,Contig,GCA_018853505.1,na,Colletotrichum camelliae
GCA_019632295.1,Tulasnella sp. 418,Y,assembly_exact,fungi,Scaffold,GCA_019632295.1,na,Tulasnella sp. 418
GCA_020466075.1,Colletotrichum coccodes,Y,assembly_exact,fungi,Contig,GCA_020466075.1,na,Colletotrichum coccodes
GCA_021432655.1,Atractiella rhizophila,Y,assembly_exact,fungi,Scaffold,GCA_021432655.1,na,Atractiella rhizophila
GCA_021495925.1,Diplodia intermedia,Y,assembly_versionless,fungi,Scaffold,GCA_021495925.2,na,Diplodia intermedia
GCA_021525775.1,Lactarius deliciosus,Y,assembly_exact,fungi,Contig,GCA_021525775.1,na,Lactarius deliciosus
GCA_022376525.1,Russula vinacea,Y,assembly_exact,fungi,Contig,GCA_022376525.1,na,Russula vinacea
GCA_023212685.1,Pseudozyma pruni,Y,assembly_exact,fungi,Scaffold,GCA_023212685.1,na,Pseudozyma pruni
GCA_023626355.1,Penicillium sp. S1602,Y,assembly_exact,fungi,Scaffold,GCA_023626355.1,na,Penicillium sp. S1602
GCA_023626415.1,Penicillium sp. S1701,Y,assembly_exact,fungi,Scaffold,GCA_023626415.1,na,Penicillium sp. S1701
GCA_024139495.1,Backusella sp. ASU-2019c,Y,assembly_exact,fungi,Scaffold,GCA_024139495.1,na,Backusella sp. ASU-2019c
GCA_024604135.1,Cladosporium velox,Y,assembly_exact,fungi,Contig,GCA_024604135.1,na,Cladosporium velox
GCA_025716815.1,Dichotomocladium elegans,Y,assembly_exact,fungi,Contig,GCA_025716815.1,na,Dichotomocladium elegans
GCA_026538345.1,Cryptococcus sp. GC_Crypt_4,Y,assembly_exact,fungi,Contig,GCA_026538345.1,na,Cryptococcus sp. GC_Crypt_4
GCA_027604605.1,Borealophlyctis nickersoniae,Y,assembly_exact,fungi,Scaffold,GCA_027604605.1,na,Borealophlyctis nickersoniae
GCA_028637685.1,Xylariaceae sp. X3-2,Y,assembly_exact,fungi,Contig,GCA_028637685.1,na,Xylariaceae sp. X3-2
GCA_030412805.1,Westerdykella aurantiaca,Y,assembly_exact,fungi,Contig,GCA_030412805.1,na,Westerdykella aurantiaca
GCA_030557975.1,Soucietia sequanensis,Y,assembly_exact,fungi,Scaffold,GCA_030557975.1,na,Soucietia sequanensis
GCA_030565285.1,Wickerhamiella brachini,Y,assembly_exact,fungi,Scaffold,GCA_030565285.1,na,Wickerhamiella brachini
GCA_030567115.1,Cyberlindnera euphorbiae,Y,assembly_exact,fungi,Scaffold,GCA_030567115.1,na,Petasospora euphorbiae
GCA_030568175.1,Zygosaccharomyces lentus,Y,assembly_exact,fungi,Scaffold,GCA_030568175.1,na,Zygosaccharomyces lentus
GCA_030568935.1,Starmerella lactis-condensi,Y,assembly_exact,fungi,Scaffold,GCA_030568935.1,na,Starmerella lactis-condensi
GCA_030570135.1,Pichia deserticola,Y,assembly_exact,fungi,Scaffold,GCA_030570135.1,na,Pichia deserticola
GCA_030570335.1,Pichia rugopelliculosa,Y,assembly_exact,fungi,Scaffold,GCA_030570335.1,na,Pichia rugopelliculosa
GCA_037042015.1,Furcasterigmium sp. R96-07A1,Y,assembly_exact,fungi,Scaffold,GCA_037042015.1,na,Furcasterigmium sp. R96-07A1
GCA_038094035.1,Pulveroboletus aff. ridleyi,Y,assembly_exact,fungi,Scaffold,GCA_038094035.1,na,Pulveroboletus aff. ridleyi
GCF_000143185.2,Schizophyllum commune,Y,assembly_exact,fungi,Scaffold,GCA_000143185.2,GCF_000143185.2,Schizophyllum commune H4-8
GCF_000225545.1,Orbilia oligospora,Y,assembly_exact,fungi,Scaffold,GCA_000225545.1,GCF_000225545.1,Orbilia oligospora ATCC 24927
GCF_026873545.1,Fusarium falciforme,Y,assembly_exact,fungi,Complete Genome,GCA_026873545.1,GCF_026873545.1,Fusarium falciforme
GCF_028826855.1,Penicillium coprophilum,Y,assembly_exact,fungi,Contig,GCA_028826855.1,GCF_028826855.1,Penicillium coprophilum
GCF_903064755.1,Maudiozyma barnettii,Y,name_exact,fungi,,,,Maudiozyma barnettii
GCA_000497225.1,Amanita jacksonii,Y,assembly_exact,fungi,Scaffold,GCA_000497225.1,na,Amanita jacksonii TRTC168611
GCA_001600535.1,Yarrowia sp. JCM 30696,Y,assembly_exact,fungi,Scaffold,GCA_001600535.1,na,Yarrowia sp. JCM 30696
GCA_001879505.1,Calonectria pseudoreteaudii,Y,assembly_exact,fungi,Scaffold,GCA_001879505.1,na,Calonectria pseudoreteaudii
GCA_001972285.1,Erythrobasidium hasegawianum,Y,assembly_exact,fungi,Scaffold,GCA_001972285.1,na,Erythrobasidium hasegawianum
GCA_002370515.1,Metschnikowia proteae,Y,assembly_exact,fungi,Scaffold,GCA_002370515.1,na,Metschnikowia proteae
GCA_002973495.1,Apiotrichum akiyoshidainum,Y,assembly_exact,fungi,Contig,GCA_002973495.1,na,Apiotrichum akiyoshidainum
GCA_003706235.2,Ogataea naganishii,Y,assembly_exact,fungi,Scaffold,GCA_003706235.2,na,Wenyingozyma naganishii
GCA_003706955.3,Sungouiella blattae,Y,assembly_exact,fungi,Scaffold,GCA_003706955.3,na,Sungouiella blattae
GCA_003708425.3,Jamesozyma rosinii,Y,assembly_exact,fungi,Scaffold,GCA_003708425.3,na,Jamesozyma rosinii
GCA_005212705.1,Curvularia lunata,Y,assembly_exact,fungi,Scaffold,GCA_005212705.1,na,Curvularia lunata
GCA_005765155.1,Zelopaecilomyces penicillatus,Y,assembly_exact,fungi,Contig,GCA_005765155.1,na,Zelopaecilomyces penicillatus
GCA_008694245.1,Ganoderma sp. BRIUMSc,Y,assembly_exact,fungi,Scaffold,GCA_008694245.1,na,Ganoderma sp. BRIUMSc
GCA_009739215.1,Floccularia luteovirens,Y,assembly_exact,fungi,Contig,GCA_009739215.1,na,Floccularia luteovirens
GCA_013186925.1,Fusarium succisae,Y,assembly_exact,fungi,Contig,GCA_013186925.1,na,Fusarium succisae
GCA_013758895.1,Fusarium bulbicola,Y,assembly_exact,fungi,Scaffold,GCA_013758895.1,na,Fusarium bulbicola
GCA_014706365.1,Colletotrichum australisinense (nom. inval.),Y,assembly_exact,fungi,Contig,GCA_014706365.1,na,Colletotrichum australisinense (nom. inval.)
GCA_014885045.1,Fusarium sp. 'flavolapis',Y,assembly_exact,fungi,Contig,GCA_014885045.1,na,Fusarium sp. 'flavolapis'
GCA_015266385.1,Trichoderma oligosporum,Y,assembly_exact,fungi,Contig,GCA_015266385.1,na,Trichoderma oligosporum
GCA_015499985.1,Haplosporangium gracile,Y,assembly_exact,fungi,Scaffold,GCA_015499985.1,na,Haplosporangium gracile
GCA_015500005.1,Entomortierella lignicola,Y,assembly_exact,fungi,Scaffold,GCA_015500005.1,na,Entomortierella lignicola
GCA_015501605.1,Panaeolus papilionaceus,Y,assembly_exact,fungi,Contig,GCA_015501605.1,na,Panaeolus papilionaceus
GCA_016618355.2,Astraeus odoratus,Y,assembly_exact,fungi,Scaffold,GCA_016618355.2,na,Astraeus odoratus
GCA_016748015.1,Geosiphon pyriformis,Y,assembly_exact,fungi,Scaffold,GCA_016748015.1,na,Geosiphon pyriformis
GCA_019022765.1,Westerdykella sp. P71,Y,assembly_exact,fungi,Scaffold,GCA_019022765.1,na,Westerdykella sp. P71
GCA_019677355.1,Ceratobasidium sp. 370,Y,assembly_exact,fungi,Scaffold,GCA_019677355.1,na,Ceratobasidium sp. 370
GCA_019828545.1,Paracamarosporium sp. OC-R06-R3,Y,assembly_exact,fungi,Scaffold,GCA_019828545.1,na,Paracamarosporium sp. OC-R06-R3
GCA_019843635.1,Fusarium siculi,Y,assembly_exact,fungi,Scaffold,GCA_019843635.1,na,Fusarium siculi
GCA_021399465.1,Hyaloscypha sp. PMI_1271,Y,assembly_exact,fungi,Contig,GCA_021399465.1,na,Hyaloscypha sp. PMI_1271
GCA_022264855.1,Lenzites betulinus,Y,assembly_exact,fungi,Contig,GCA_022264855.1,na,Lenzites betulinus
GCA_022385695.1,Xylaria arbuscula,Y,assembly_exact,fungi,Scaffold,GCA_022385695.1,na,Xylaria arbuscula
GCA_023628235.1,Rhodotorula sp. S30-09,Y,assembly_exact,fungi,Scaffold,GCA_023628235.1,na,Rhodotorula sp. S30-09
GCA_024184665.2,Zalaria obscura,Y,assembly_exact,fungi,Contig,GCA_024184665.2,na,Zalaria obscura
GCA_024321975.1,Alternaria sp. 'sect. Undifilum',Y,assembly_exact,fungi,Contig,GCA_024321975.1,na,Alternaria sp. 'sect. Undifilum'
GCA_026151695.1,Berkeleyomyces rouxiae,Y,assembly_exact,fungi,Contig,GCA_026151695.1,na,Berkeleyomyces rouxiae
GCA_027577575.1,Coemansia sp. RSA 532,Y,assembly_exact,fungi,Scaffold,GCA_027577575.1,na,Coemansia sp. RSA 532
GCA_027627275.1,Coprinellus aureogranulatus,Y,assembly_exact,fungi,Scaffold,GCA_027627275.1,na,Coprinellus aureogranulatus
GCA_028829675.1,Penicillium tannophilum,Y,assembly_exact,fungi,Contig,GCA_028829675.1,na,Penicillium tannophilum
GCA_029449255.1,Mycena polygramma,Y,assembly_exact,fungi,Contig,GCA_029449255.1,na,Mycena polygramma
GCA_030247885.1,Taxawa tesnikishii (nom. ined.),Y,assembly_exact,fungi,Scaffold,GCA_030247885.1,na,Taxawa tesnikishii (nom. ined.)
GCA_030463185.1,Cladosporium sp. BF-F,Y,assembly_exact,fungi,Contig,GCA_030463185.1,na,Cladosporium sp. BF-F
GCA_030555745.1,Yamadazyma sp. yHKB15,Y,assembly_exact,fungi,Scaffold,GCA_030555745.1,na,Yamadazyma sp. yHKB15
GCA_030555755.1,Wickerhamiella kazuoi,Y,assembly_exact,fungi,Scaffold,GCA_030555755.1,na,Wickerhamiella kazuoi
GCA_030563545.1,Starmerella stigmatis (nom. inval.),Y,assembly_exact,fungi,Scaffold,GCA_030563545.1,na,Starmerella stigmatis (nom. inval.)
GCA_030567015.1,Sungouiella sharkensis,Y,assembly_exact,fungi,Scaffold,GCA_030567015.1,na,Sungouiella sharkensis
GCA_030569035.1,Kuraishia borneana,Y,assembly_exact,fungi,Scaffold,GCA_030569035.1,na,Kuraishia borneana
GCA_030571355.1,Maudiozyma serrabonitensis,Y,assembly_exact,fungi,Scaffold,GCA_030571355.1,na,Maudiozyma serrabonitensis
GCA_030579735.1,Starmerella floricola,Y,assembly_exact,fungi,Scaffold,GCA_030579735.1,na,Starmerella floricola
GCA_030582795.1,Metschnikowia chrysomelidarum,Y,assembly_exact,fungi,Scaffold,GCA_030582795.1,na,Metschnikowia chrysomelidarum
GCA_035773095.1,Papiliotrema fonsecae,Y,assembly_exact,fungi,Contig,GCA_035773095.1,na,Papiliotrema fonsecae
GCA_037042735.1,Aureobasidium sp. Y128-05A,Y,assembly_exact,fungi,Contig,GCA_037042735.1,na,Aureobasidium sp. Y128-05A
GCA_038092155.1,Leccinum cinnamomeum,Y,assembly_exact,fungi,Scaffold,GCA_038092155.1,na,Leccinum cinnamomeum
GCA_039545275.1,Pseudomicrostroma phylloplanum,Y,assembly_exact,fungi,Scaffold,GCA_039545275.1,na,Pseudomicrostroma phylloplanum
GCF_003184695.1,Aspergillus brunneoviolaceus,Y,assembly_exact,fungi,Scaffold,GCA_003184695.1,GCF_003184695.1,Aspergillus brunneoviolaceus CBS 621.78
GCF_003184825.1,Aspergillus fijiensis,Y,assembly_exact,fungi,Scaffold,GCA_003184825.1,GCF_003184825.1,Aspergillus fijiensis CBS 313.89
GCF_011074885.1,Brettanomyces bruxellensis,Y,assembly_exact,fungi,Complete Genome,GCA_011074885.2,GCF_011074885.1,Brettanomyces bruxellensis
GCF_016861865.1,Aspergillus puulaauensis,Y,assembly_exact,fungi,Complete Genome,GCA_016861865.1,GCF_016861865.1,Aspergillus puulaauensis
GCF_028827895.1,Penicillium longicatenatum,Y,assembly_exact,fungi,Contig,GCA_028827895.1,GCF_028827895.1,Penicillium longicatenatum
GCA_001455505.1,Leptographium lundbergii,Y,assembly_exact,fungi,Scaffold,GCA_001455505.1,na,Leptographium lundbergii
GCA_001657455.1,Spathaspora girioi,Y,assembly_exact,fungi,Scaffold,GCA_001657455.1,na,Spathaspora girioi
GCA_003049425.1,Magnaporthiopsis incrustans,Y,assembly_exact,fungi,Scaffold,GCA_003049425.1,na,Magnaporthiopsis incrustans
GCA_003315845.1,Lactarius trivialis,Y,assembly_exact,fungi,Scaffold,GCA_003315845.1,na,Lactarius trivialis
GCA_003707675.3,Ambrosiozyma philentoma,Y,assembly_exact,fungi,Contig,GCA_003707675.3,na,Ambrosiozyma philentoma
GCA_003946995.1,Fusarium oligoseptatum,Y,assembly_exact,fungi,Scaffold,GCA_003946995.1,na,Fusarium oligoseptatum
GCA_003957845.1,Oidium heveae,Y,assembly_exact,fungi,Scaffold,GCA_003957845.1,na,Oidium heveae
GCA_004028395.1,Leptographium galeiforme,Y,assembly_exact,fungi,Scaffold,GCA_004028395.1,na,Leptographium galeiforme
GCA_011317545.1,Coniella vitis,Y,assembly_exact,fungi,Contig,GCA_011317545.1,na,Coniella vitis
GCA_014461125.1,Mycena kentingensis (nom. inval.),Y,assembly_exact,fungi,Contig,GCA_014461125.1,na,Mycena kentingensis (nom. inval.)
GCA_014839905.1,Aphanoascus verrucosus,Y,assembly_exact,fungi,Scaffold,GCA_014839905.1,na,Aphanoascus verrucosus
GCA_015501055.1,Mucidula mucida,Y,assembly_exact,fungi,Contig,GCA_015501055.1,na,Mucidula mucida
GCA_018851285.1,Lyophyllum semitale,Y,assembly_exact,fungi,Scaffold,GCA_018851285.1,na,Lyophyllum semitale
GCA_019059555.1,Alternaria longipes,Y,assembly_exact,fungi,Chromosome,GCA_019059555.1,na,Alternaria longipes
GCA_019381815.1,Ogataea polymorpha x Ogataea parapolymorpha,Y,assembly_exact,fungi,Scaffold,GCA_019381815.1,na,Ogataea polymorpha x Ogataea parapolymorpha
GCA_019627755.1,Serendipita sp. 411,Y,assembly_exact,fungi,Scaffold,GCA_019627755.1,na,Serendipita sp. 411
GCA_020615335.1,Fusarium pilosicola,Y,assembly_exact,fungi,Contig,GCA_020615335.1,na,Fusarium pilosicola
GCA_020747065.1,Cadophora sp. MPI-SDFR-AT-0126,Y,assembly_exact,fungi,Contig,GCA_020747065.1,na,Cadophora sp. MPI-SDFR-AT-0126
GCA_021432605.1,Coniochaeta sp. PMI_546,Y,assembly_exact,fungi,Scaffold,GCA_021432605.1,na,Coniochaeta sp. PMI_546
GCA_021436955.2,Diplodia seriata,Y,assembly_versionless,fungi,Contig,GCA_021436955.3,GCF_021436955.1,Diplodia seriata
GCA_022497155.1,Whalleya microplaca,Y,assembly_exact,fungi,Scaffold,GCA_022497155.1,na,Whalleya microplaca
GCA_022578845.1,Hypoxylon cercidicola,Y,assembly_exact,fungi,Scaffold,GCA_022578845.1,na,Hypoxylon cercidicola
GCA_022578955.1,Hypoxylon sp. FL1857,Y,assembly_exact,fungi,Scaffold,GCA_022578955.1,na,Hypoxylon sp. FL1857
GCA_022702605.1,Microbotryum scabiosae,Y,assembly_exact,fungi,Contig,GCA_022702605.1,na,Microbotryum scabiosae
GCA_025331435.1,Choanephora cucurbitarum,Y,assembly_exact,fungi,Contig,GCA_025331435.1,na,Choanephora cucurbitarum
GCA_026184415.1,Trichothecium roseum,Y,assembly_exact,fungi,Complete Genome,GCA_026184415.1,na,Trichothecium roseum
GCA_027569015.1,Ascodesmis sphaerospora,Y,assembly_exact,fungi,Contig,GCA_027569015.1,na,Ascodesmis sphaerospora
GCA_028571165.1,Hypoxylon perforatum,Y,assembly_exact,fungi,Scaffold,GCA_028571165.1,na,Hypoxylon perforatum
GCA_028751805.1,Podosphaera xanthii,Y,assembly_exact,fungi,Contig,GCA_028751805.1,na,Podosphaera xanthii
GCA_029298705.1,Ophiostoma triangulosporum,Y,assembly_exact,fungi,Contig,GCA_029298705.1,na,Ophiostoma triangulosporum
GCA_030462985.1,Schwanniomyces sp. yHRVM31,Y,assembly_exact,fungi,Scaffold,GCA_030462985.1,na,Schwanniomyces sp. yHRVM31
GCA_030555905.1,Scheffersomyces cryptocercus,Y,assembly_exact,fungi,Scaffold,GCA_030555905.1,na,Scheffersomyces cryptocercus
GCA_030557235.1,Nakazawaea populi,Y,assembly_exact,fungi,Scaffold,GCA_030557235.1,na,Nakazawaea populi
GCA_030557465.1,Kuraishia cidri,Y,assembly_exact,fungi,Scaffold,GCA_030557465.1,na,Kuraishia cidri
GCA_030571675.1,Arxiozyma telluris,Y,assembly_exact,fungi,Scaffold,GCA_030571675.1,na,Arxiozyma telluris
GCA_030573555.1,Hanseniaspora hatyaiensis (nom. inval.),Y,assembly_exact,fungi,Scaffold,GCA_030573555.1,na,Hanseniaspora hatyaiensis (nom. inval.)
GCA_030579215.1,Maudiozyma pseudohumilis,Y,assembly_exact,fungi,Scaffold,GCA_030579215.1,na,Maudiozyma pseudohumilis
GCA_030581455.1,Wickerhamiella allomyrinae,Y,assembly_exact,fungi,Scaffold,GCA_030581455.1,na,Wickerhamiella allomyrinae
GCA_030582355.1,[Candida] spencermartinsiae,Y,assembly_exact,fungi,Scaffold,GCA_030582355.1,na,[Candida] spencermartinsiae
GCA_031081865.1,Schwanniomyces occidentalis,Y,assembly_exact,fungi,Scaffold,GCA_031081865.1,na,Schwanniomyces occidentalis var. occidentalis
GCA_032760415.1,Diplocarpon rosae,Y,assembly_exact,fungi,Contig,GCA_032760415.1,na,Diplocarpon rosae
GCA_033819875.1,Microbotryomycetes sp. JL221,Y,assembly_versionless,fungi,Contig,GCA_033819875.2,na,Microbotryomycetes sp. JL221
GCA_036784855.1,Aphelidium insulamus,Y,assembly_exact,fungi,Contig,GCA_036784855.1,na,Aphelidium insulamus
GCA_037952635.1,Bryoglossum gracile,Y,assembly_exact,fungi,Scaffold,GCA_037952635.1,na,Bryoglossum gracile
GCA_038091335.1,Phylloporus arenicola,Y,assembly_exact,fungi,Scaffold,GCA_038091335.1,na,Phylloporus arenicola
GCA_038092975.1,Chalciporus piperatoides,Y,assembly_exact,fungi,Scaffold,GCA_038092975.1,na,Chalciporus piperatoides
GCA_038093855.1,Rugiboletus extremiorientalis,Y,assembly_exact,fungi,Scaffold,GCA_038093855.1,na,Rugiboletus extremiorientalis
GCA_900519005.1,Yarrowia phangngaensis,Y,name_exact,fungi,,,,Yarrowia phangngaensis
GCF_000002525.2,Yarrowia lipolytica,Y,assembly_exact,fungi,Chromosome,GCA_000002525.1,GCF_000002525.2,Yarrowia lipolytica CLIB122
GCF_000006445.2,Debaryomyces hansenii,Y,assembly_exact,fungi,Chromosome,GCA_000006445.2,GCF_000006445.2,Debaryomyces hansenii CBS767
GCF_000392275.1,Phaeoacremonium minimum,Y,assembly_exact,fungi,Scaffold,GCA_000392275.1,GCF_000392275.1,Phaeoacremonium minimum UCRPA7
GCF_000747765.1,Moesziomyces antarcticus,Y,assembly_exact,fungi,Scaffold,GCA_000747765.1,GCF_000747765.1,Moesziomyces antarcticus
GCF_000804445.1,Metarhizium album,Y,assembly_exact,fungi,Scaffold,GCA_000804445.1,GCF_000804445.1,Metarhizium album ARSEF 1941
GCF_028974205.1,Penicillium antarcticum,Y,assembly_exact,fungi,Contig,GCA_028974205.1,GCF_028974205.1,Penicillium antarcticum
GCF_036850825.1,Scheffersomyces amazonensis,Y,assembly_exact,fungi,Contig,GCA_036850825.1,GCF_036850825.1,Scheffersomyces amazonensis
GCA_000447185.1,Vairimorpha apis,Y,assembly_exact,fungi,Scaffold,GCA_000447185.1,na,Vairimorpha apis BRL 01
GCA_000750815.1,Pseudogymnoascus sp. VKM F-4516 (FW-969),Y,assembly_exact,fungi,Contig,GCA_000750815.1,na,Pseudogymnoascus sp. VKM F-4516 (FW-969)
GCA_001399465.1,Hymenoscyphus scutula,Y,assembly_exact,fungi,Contig,GCA_001399465.1,na,Hymenoscyphus scutula
GCA_001414415.1,Hymenoscyphus repandus,Y,assembly_exact,fungi,Contig,GCA_001414415.1,na,Hymenoscyphus repandus
GCA_001599975.1,Cystobasidiopsis lactophilus,Y,assembly_exact,fungi,Scaffold,GCA_001599975.1,na,Cystobasidiopsis lactophilus
GCA_001630585.1,Pseudogymnoascus sp. BL549,Y,assembly_exact,fungi,Scaffold,GCA_001630585.1,na,Pseudogymnoascus sp. BL549
GCA_001683735.1,Grifola frondosa,Y,assembly_exact,fungi,Contig,GCA_001683735.1,na,Grifola frondosa
GCA_002286715.1,Dentipellis sp. KUC8613,Y,assembly_exact,fungi,Scaffold,GCA_002286715.1,na,Dentipellis sp. KUC8613
GCA_002368545.1,Ramichloridium luteum,Y,assembly_exact,fungi,Scaffold,GCA_002368545.1,na,Ramichloridium luteum
GCA_003708465.2,Kazachstania kunashirensis,Y,assembly_exact,fungi,Scaffold,GCA_003708465.2,na,Kazachstania kunashirensis
GCA_003942215.1,Saitozyma podzolica,Y,assembly_exact,fungi,Contig,GCA_003942215.1,na,Saitozyma podzolica
GCA_011034095.1,Fusarium cf. aywerte,Y,assembly_exact,fungi,Scaffold,GCA_011034095.1,na,Fusarium cf. aywerte
GCA_011316305.1,Rusavskia elegans,Y,assembly_exact,fungi,Contig,GCA_011316305.1,na,Rusavskia elegans
GCA_013364945.1,Fusarium tupiense,Y,assembly_exact,fungi,Scaffold,GCA_013364945.1,na,Fusarium tupiense
GCA_013406985.1,Calonectria crousiana,Y,assembly_exact,fungi,Scaffold,GCA_013406985.1,na,Calonectria crousiana
GCA_015679545.1,Mortierella sp. AD094,Y,assembly_exact,fungi,Scaffold,GCA_015679545.1,na,Mortierella sp. AD094
GCA_016808195.1,Cytospora chrysosperma,Y,assembly_exact,fungi,Scaffold,GCA_016808195.1,na,Cytospora chrysosperma
GCA_017656005.1,Incumbomyces lentus,Y,assembly_exact,fungi,Contig,GCA_017656005.1,na,Incumbomyces lentus
GCA_017657235.1,Termitomyces sp. T73sscA,Y,assembly_exact,fungi,Scaffold,GCA_017657235.1,na,Termitomyces sp. T73sscA
GCA_018831705.1,Torrubiellomyces zombiae,Y,assembly_exact,fungi,Scaffold,GCA_018831705.1,na,Torrubiellomyces zombiae
GCA_022376535.1,Xylariaceae sp. FL0662B,Y,assembly_exact,fungi,Contig,GCA_022376535.1,na,Xylariaceae sp. FL0662B
GCA_022432385.1,Xylariaceae sp. FL1272,Y,assembly_exact,fungi,Contig,GCA_022432385.1,na,Xylariaceae sp. FL1272
GCA_022813105.1,Cystobasidium onofrii,Y,assembly_exact,fungi,Scaffold,GCA_022813105.1,na,Cystobasidium onofrii
GCA_023105745.1,Austropuccinia psidii,Y,assembly_versionless,fungi,Chromosome,GCA_023105745.2,na,Austropuccinia psidii
GCA_023628555.1,Chaetomiaceae sp. R4402,Y,assembly_exact,fungi,Scaffold,GCA_023628555.1,na,Chaetomiaceae sp. R4402
GCA_024741835.1,Diplocarpon mali,Y,assembly_exact,fungi,Scaffold,GCA_024741835.1,na,Diplocarpon mali
GCA_025328625.1,Colletotrichum sp. SAR11_240,Y,assembly_exact,fungi,Scaffold,GCA_025328625.1,na,Colletotrichum sp. SAR11_240
GCA_026120085.1,Cadophora luteo-olivacea,Y,assembly_exact,fungi,Scaffold,GCA_026120085.1,na,Cadophora luteo-olivacea
GCA_030247845.1,Coniosporium tulheliwenetii,Y,assembly_exact,fungi,Contig,GCA_030247845.1,na,Coniosporium tulheliwenetii
GCA_030378345.1,Podosphaera fusca,Y,assembly_exact,fungi,Chromosome,GCA_030378345.1,na,Podosphaera fusca
GCA_030568655.1,Suhomyces prunicola,Y,assembly_exact,fungi,Contig,GCA_030568655.1,na,Suhomyces prunicola
GCA_030569055.1,[Candida] andamanensis (nom. inval.),Y,assembly_exact,fungi,Scaffold,GCA_030569055.1,na,Yamadazyma andamanensis
GCA_030569595.1,Pichia pseudolambica,Y,assembly_exact,fungi,Scaffold,GCA_030569595.1,na,Pichia pseudolambica
GCA_030572535.1,Wickerhamiella hasegawae,Y,assembly_exact,fungi,Scaffold,GCA_030572535.1,na,Wickerhamiella hasegawae
GCA_030583505.1,Sugiyamaella castrensis,Y,assembly_exact,fungi,Scaffold,GCA_030583505.1,na,Sugiyamaella castrensis
GCA_030998015.1,Ceratorhiza oryzae-sativae,Y,assembly_exact,fungi,Contig,GCA_030998015.1,na,Ceratorhiza oryzae-sativae
GCA_037356135.1,Talaromyces sp. F31,Y,assembly_exact,fungi,Scaffold,GCA_037356135.1,na,Talaromyces sp. F31
GCA_038089715.1,Veloporphyrellus conicus,Y,assembly_exact,fungi,Scaffold,GCA_038089715.1,na,Veloporphyrellus conicus
GCA_038091655.1,Leccinum pseudoinsigne,Y,assembly_exact,fungi,Scaffold,GCA_038091655.1,na,Leccinum pseudoinsigne
GCA_038094615.1,Heimioporus aff. retisporus,Y,assembly_exact,fungi,Scaffold,GCA_038094615.1,na,Heimioporus aff. retisporus
GCA_038363885.1,Apiospora rasikravindrae,Y,assembly_exact,fungi,Contig,GCA_038363885.1,na,Apiospora rasikravindrae
GCA_039119965.1,Talaromyces sp. DC2,Y,assembly_exact,fungi,Contig,GCA_039119965.1,na,Talaromyces sp. DC2
GCA_902806585.1,Xylaria hypoxylon,Y,name_exact,fungi,,,,Xylaria hypoxylon
GCA_928722275.1,Ustilago vetiveriae,Y,name_exact,fungi,,,,Ustilago vetiveriae
GCF_000150735.1,Paracoccidioides brasiliensis,Y,assembly_exact,fungi,Scaffold,GCA_000150735.2,GCF_000150735.1,Paracoccidioides brasiliensis Pb18
GCF_000281105.1,Coniosporium apollinis,Y,assembly_exact,fungi,Scaffold,GCA_000281105.1,GCF_000281105.1,Coniosporium apollinis CBS 100218
GCF_000760515.2,Mitosporidium daphniae,Y,assembly_exact,fungi,Contig,GCA_000760515.2,GCF_000760515.2,Mitosporidium daphniae
GCF_025201355.1,Halteromyces radiatus,Y,assembly_exact,fungi,Contig,GCA_025201355.1,GCF_025201355.1,Halteromyces radiatus
GCF_026229845.1,Diaporthe amygdali,Y,assembly_exact,fungi,Scaffold,GCA_026229845.1,GCF_026229845.1,Diaporthe amygdali
GCF_028827405.1,Penicillium crustosum,Y,assembly_exact,fungi,Contig,GCA_028827405.1,GCF_028827405.1,Penicillium crustosum
GCF_033439725.1,Neurospora tetraspora,Y,assembly_exact,fungi,Contig,GCA_033439725.1,GCF_033439725.1,Neurospora tetraspora
GCF_033458365.1,Neurospora hispaniola,Y,assembly_exact,fungi,Contig,GCA_033458365.1,GCF_033458365.1,Neurospora hispaniola
GCA_000832265.1,Phlebiopsis gigantea,Y,assembly_exact,fungi,Scaffold,GCA_000832265.1,na,Phlebiopsis gigantea 11061_1 CR5-6
GCA_001676865.1,Ceratocystiopsis minuta,Y,assembly_exact,fungi,Scaffold,GCA_001676865.1,na,Ceratocystiopsis minuta
GCA_001752645.1,Trichosporon ovoides,Y,assembly_exact,fungi,Scaffold,GCA_001752645.1,na,Trichosporon ovoides
GCA_002018265.1,Ceratocystis harringtonii,Y,assembly_exact,fungi,Scaffold,GCA_002018265.1,na,Ceratocystis harringtonii
GCA_002370135.1,Metschnikowia kipukae,Y,assembly_exact,fungi,Scaffold,GCA_002370135.1,na,Metschnikowia kipukae
GCA_002374635.1,Metschnikowia sp. 04-218.3,Y,assembly_exact,fungi,Scaffold,GCA_002374635.1,na,Metschnikowia sp. 04-218.3
GCA_002583695.1,Pleurotus salmoneostramineus,Y,assembly_exact,fungi,Scaffold,GCA_002583695.1,na,Pleurotus salmoneostramineus
GCA_003012165.1,Paramyrothecium roridum,Y,assembly_exact,fungi,Scaffold,GCA_003012165.1,na,Paramyrothecium roridum
GCA_003086715.1,Smittium megazygosporum,Y,assembly_exact,fungi,Scaffold,GCA_003086715.1,na,Smittium megazygosporum
GCA_003243815.1,[Candida] sake,Y,assembly_exact,fungi,Contig,GCA_003243815.1,na,Fermentozyma sake
GCA_003313805.1,Tricholoma flavovirens,Y,assembly_exact,fungi,Scaffold,GCA_003313805.1,na,Tricholoma flavovirens
GCA_003708545.1,Maudiozyma turicensis,Y,assembly_exact,fungi,Scaffold,GCA_003708545.1,na,Maudiozyma turicensis
GCA_003833135.1,Oehlia diaphana,Y,assembly_exact,fungi,Scaffold,GCA_003833135.1,na,Oehlia diaphana
GCA_004009845.1,Davidsoniella eucalypti,Y,assembly_exact,fungi,Scaffold,GCA_004009845.1,na,Davidsoniella eucalypti
GCA_004155935.1,Monosporascus sp. GIB2,Y,assembly_exact,fungi,Scaffold,GCA_004155935.1,na,Monosporascus sp. GIB2
GCA_010015825.1,Lophiotrema nucula,Y,assembly_exact,fungi,Scaffold,GCA_010015825.1,na,Lophiotrema nucula
GCA_010093695.1,Plenodomus tracheiphilus,Y,assembly_exact,fungi,Scaffold,GCA_010093695.1,na,Plenodomus tracheiphilus IPT5
GCA_010093705.1,Patellaria atrata,Y,assembly_exact,fungi,Scaffold,GCA_010093705.1,na,Patellaria atrata CBS 101060
GCA_012932025.1,Fusarium austroafricanum,Y,assembly_exact,fungi,Scaffold,GCA_012932025.1,na,Fusarium austroafricanum
GCA_013184445.1,Fusarium sp. NRRL 53497,Y,assembly_exact,fungi,Scaffold,GCA_013184445.1,na,Fusarium sp. NRRL 53497
GCA_013396295.1,Fusarium heterosporum,Y,assembly_exact,fungi,Scaffold,GCA_013396295.1,na,Fusarium heterosporum
GCA_013423385.1,Naganishia liquefaciens,Y,assembly_exact,fungi,Scaffold,GCA_013423385.1,na,Naganishia liquefaciens
GCA_014250555.1,Aspergillus oerlinghausenensis,Y,assembly_exact,fungi,Scaffold,GCA_014250555.1,na,Aspergillus oerlinghausenensis
GCA_017140785.1,Calonectria pauciramosa,Y,assembly_exact,fungi,Scaffold,GCA_017140785.1,na,Calonectria pauciramosa
GCA_020226115.1,Colletotrichum viniferum,Y,assembly_exact,fungi,Contig,GCA_020226115.1,na,Colletotrichum viniferum
GCA_020809705.1,Calonectria ilicicola,Y,assembly_exact,fungi,Complete Genome,GCA_020809705.1,na,Calonectria ilicicola
GCA_021272945.2,Cytospora paraplurivora,Y,assembly_exact,fungi,Contig,GCA_021272945.2,na,Cytospora paraplurivora
GCA_022376545.1,Russula dissimulans,Y,assembly_exact,fungi,Contig,GCA_022376545.1,na,Russula dissimulans
GCA_022577715.1,Wickerhamiella alocasiicola,Y,assembly_exact,fungi,Contig,GCA_022577715.1,na,Wickerhamiella alocasiicola
GCA_022985055.1,Beauveria pseudobassiana,Y,assembly_exact,fungi,Contig,GCA_022985055.1,na,Beauveria pseudobassiana
GCA_024472245.1,Beauveria sp. NWAFU-1,Y,assembly_exact,fungi,Scaffold,GCA_024472245.1,na,Beauveria sp. NWAFU-1
GCA_027577075.1,Coemansia sp. S85,Y,assembly_exact,fungi,Scaffold,GCA_027577075.1,na,Coemansia sp. S85
GCA_027577315.1,Coemansia sp. RSA 921,Y,assembly_exact,fungi,Scaffold,GCA_027577315.1,na,Coemansia sp. RSA 921
GCA_027578495.1,Coemansia sp. RSA 2610,Y,assembly_exact,fungi,Scaffold,GCA_027578495.1,na,Coemansia sp. RSA 2610
GCA_029372045.1,Scleroderma citrinum,Y,assembly_exact,fungi,Contig,GCA_029372045.1,na,Scleroderma citrinum
GCA_030563265.1,[Candida] khao-thaluensis,Y,assembly_exact,fungi,Scaffold,GCA_030563265.1,na,[Candida] khao-thaluensis
GCA_030564145.1,[Candida] takata,Y,assembly_exact,fungi,Scaffold,GCA_030564145.1,na,Williopsis takata
GCA_030568495.1,Suhomyces chickasaworum,Y,assembly_exact,fungi,Scaffold,GCA_030568495.1,na,Suhomyces chickasaworum
GCA_030568835.1,Kodamaea hsintzibuensis (nom. inval.),Y,assembly_exact,fungi,Scaffold,GCA_030568835.1,na,Kodamaea hsintzibuensis (nom. inval.)
GCA_030569155.1,Nakazawaea molendinolei,Y,assembly_exact,fungi,Scaffold,GCA_030569155.1,na,Nakazawaea molendinolei
GCA_030569375.1,Ogataea ganodermae,Y,assembly_exact,fungi,Scaffold,GCA_030569375.1,na,Ogataea ganodermae
GCA_030578475.1,Hyphopichia wangnamkhiaoensis,Y,assembly_exact,fungi,Scaffold,GCA_030578475.1,na,Hyphopichia wangnamkhiaoensis
GCA_030578635.1,Kodamaea sp. yHQL451,Y,assembly_exact,fungi,Scaffold,GCA_030578635.1,na,Kodamaea sp. yHQL451
GCA_030579395.1,Aciculoconidium aculeatum,Y,assembly_exact,fungi,Scaffold,GCA_030579395.1,na,Aciculoconidium aculeatum
GCA_030685255.1,Podospora conica,Y,assembly_exact,fungi,Scaffold,GCA_030685255.1,na,Podospora conica
GCA_037102785.1,Maudiozyma humilis,Y,assembly_exact,fungi,Scaffold,GCA_037102785.1,na,Maudiozyma humilis
GCA_038086965.1,Tardiomyces depauwii (nom. inval.),Y,assembly_exact,fungi,Contig,GCA_038086965.1,na,Tardiomyces depauwii
GCA_038091885.1,Leccinum laetum,Y,assembly_exact,fungi,Scaffold,GCA_038091885.1,na,Leccinum laetum
GCA_038093075.1,Boletus patriciae,Y,assembly_exact,fungi,Scaffold,GCA_038093075.1,na,Boletus patriciae
GCA_038093955.1,Boletus albobrunnescens,Y,assembly_exact,fungi,Scaffold,GCA_038093955.1,na,Boletus albobrunnescens
GCA_038497805.1,Lipomyces mesembrius,Y,assembly_exact,fungi,Scaffold,GCA_038497805.1,na,Lipomyces mesembrius
GCF_000223465.1,Yamadazyma tenuis,Y,assembly_exact,fungi,Scaffold,GCA_000223465.1,GCF_000223465.1,Yamadazyma tenuis ATCC 10573
GCF_000225605.1,Cordyceps militaris,Y,assembly_exact,fungi,Scaffold,GCA_000225605.1,GCF_000225605.1,Cordyceps militaris CM01
GCF_000328475.2,Mycosarcoma maydis,Y,assembly_exact,fungi,Chromosome,GCA_000328475.2,GCF_000328475.2,Mycosarcoma maydis
GCF_000814965.1,Metarhizium brunneum,Y,assembly_exact,fungi,Scaffold,GCA_000814965.1,GCF_000814965.1,Metarhizium brunneum ARSEF 3297
GCF_003184765.1,Aspergillus aculeatinus,Y,assembly_exact,fungi,Scaffold,GCA_003184765.1,GCF_003184765.1,Aspergillus aculeatinus CBS 121060
GCF_010015615.1,Cucurbitaria berberidis,Y,assembly_exact,fungi,Scaffold,GCA_010015615.1,GCF_010015615.1,Cucurbitaria berberidis CBS 394.84
GCF_011074865.1,Brettanomyces nanus,Y,assembly_exact,fungi,Complete Genome,GCA_011074865.2,GCF_011074865.1,Brettanomyces nanus
GCF_019202705.1,[Candida] subhashii,Y,assembly_exact,fungi,Scaffold,GCA_019202705.1,GCF_019202705.1,Hemisphaericaspora subhashii
GCF_021653875.1,Nematocida major,Y,assembly_exact,fungi,Scaffold,GCA_021653875.1,GCF_021653875.1,Nematocida major
GCF_023758065.1,Alternaria ventricosa,Y,assembly_exact,fungi,Scaffold,GCA_023758065.1,GCF_023758065.1,Alternaria ventricosa
GCF_028829465.1,Penicillium soppii,Y,assembly_exact,fungi,Contig,GCA_028829465.1,GCF_028829465.1,Penicillium soppii
GCF_900074925.1,Ramularia collo-cygni,Y,name_exact,fungi,,,,Ramularia collo-cygni
GCA_000193285.1,Magnaporthiopsis poae,Y,assembly_exact,fungi,Scaffold,GCA_000193285.1,na,Magnaporthiopsis poae ATCC 64411
GCA_000235945.1,Homolaphlyctis polyrhiza,Y,assembly_exact,fungi,Scaffold,GCA_000235945.1,na,Homolaphlyctis polyrhiza JEL 142
GCA_000385875.2,Anncaliia algerae,Y,assembly_exact,fungi,Scaffold,GCA_000385875.2,na,Anncaliia algerae PRA339
GCA_000827215.1,Sphaerobolus stellatus,Y,assembly_exact,fungi,Scaffold,GCA_000827215.1,na,Sphaerobolus stellatus SS14
GCA_000836195.1,Taphrina populina,Y,assembly_exact,fungi,Scaffold,GCA_000836195.1,na,Taphrina populina JCM 22190
GCA_001566295.1,Microdochium bolleyi,Y,assembly_exact,fungi,Scaffold,GCA_001566295.1,na,Microdochium bolleyi
GCA_001661475.1,Tortispora caseinolytica,Y,assembly_exact,fungi,Scaffold,GCA_001661475.1,na,Tortispora caseinolytica NRRL Y-17796
GCA_002102555.1,Catenaria anguillulae,Y,assembly_exact,fungi,Contig,GCA_002102555.1,na,Catenaria anguillulae PL171
GCA_002370575.1,Metschnikowia sp. M2Y3,Y,assembly_exact,fungi,Scaffold,GCA_002370575.1,na,Metschnikowia sp. M2Y3
GCA_002374405.1,Metschnikowia cubensis,Y,assembly_exact,fungi,Scaffold,GCA_002374405.1,na,Metschnikowia cubensis
GCA_002572885.1,Blastomyces parvus,Y,assembly_exact,fungi,Scaffold,GCA_002572885.1,na,Blastomyces parvus
GCA_003012085.1,Trichoderma brevicompactum,Y,assembly_exact,fungi,Scaffold,GCA_003012085.1,na,Trichoderma brevicompactum
GCA_003020785.1,Hanseniaspora gamundiae,Y,assembly_exact,fungi,Scaffold,GCA_003020785.1,na,Hanseniaspora gamundiae
GCA_003313155.1,Boletus sp. MG95,Y,assembly_exact,fungi,Scaffold,GCA_003313155.1,na,Boletus sp. MG95
GCA_003313675.1,Termitomyces heimii,Y,assembly_exact,fungi,Scaffold,GCA_003313675.1,na,Termitomyces heimii
GCA_003614145.1,Piptocephalis cylindrospora,Y,assembly_exact,fungi,Scaffold,GCA_003614145.1,na,Piptocephalis cylindrospora
GCA_003614705.1,Blyttiomyces helicus,Y,assembly_exact,fungi,Scaffold,GCA_003614705.1,na,Blyttiomyces helicus
GCA_003706765.3,Wickerhamomyces hampshirensis,Y,assembly_exact,fungi,Scaffold,GCA_003706765.3,na,Xingzhongia hampshirensis
GCA_003988965.1,Neobulgaria alba,Y,assembly_exact,fungi,Scaffold,GCA_003988965.1,na,Neobulgaria alba
GCA_004348175.1,Puccinia novopanici,Y,assembly_exact,fungi,Contig,GCA_004348175.1,na,Puccinia novopanici
GCA_009805435.1,Neurospora sp. FGSC 26625,Y,assembly_exact,fungi,Scaffold,GCA_009805435.1,na,Neurospora sp. FGSC 26625
GCA_010093585.1,Melanomma pulvis-pyrius,Y,assembly_exact,fungi,Scaffold,GCA_010093585.1,na,Melanomma pulvis-pyrius CBS 109.77
GCA_010093825.1,Teratosphaeria nubilosa,Y,assembly_exact,fungi,Scaffold,GCA_010093825.1,na,Teratosphaeria nubilosa
GCA_010203745.1,Mucor lusitanicus,Y,assembly_exact,fungi,Contig,GCA_010203745.1,na,Mucor lusitanicus
GCA_011800825.1,Fonsecaea pugnacius,Y,assembly_exact,fungi,Scaffold,GCA_011800825.1,na,Fonsecaea pugnacius
GCA_013186425.2,Fusarium sp. NRRL 62610,Y,assembly_exact,fungi,Scaffold,GCA_013186425.2,na,Fusarium sp. NRRL 62610
GCA_013365245.1,Cercospora brassicicola,Y,assembly_exact,fungi,Scaffold,GCA_013365245.1,na,Cercospora brassicicola
GCA_014461115.1,Mycena chlorophos,Y,assembly_exact,fungi,Contig,GCA_014461115.1,na,Mycena chlorophos
GCA_014839955.1,Trichophyton simii,Y,assembly_exact,fungi,Scaffold,GCA_014839955.1,na,Trichophyton simii
GCA_015849295.1,Modicella reniformis,Y,assembly_exact,fungi,Scaffold,GCA_015849295.1,na,Modicella reniformis
GCA_016098025.1,Mortierella sp. AD032,Y,assembly_exact,fungi,Scaffold,GCA_016098025.1,na,Mortierella sp. AD032
GCA_018858115.1,Tephrocybe rancida,Y,assembly_exact,fungi,Scaffold,GCA_018858115.1,na,Tephrocybe rancida
GCA_022376435.1,Amylocystis lapponica,Y,assembly_exact,fungi,Contig,GCA_022376435.1,na,Amylocystis lapponica
GCA_022385715.1,Xylaria cubensis,Y,assembly_exact,fungi,Scaffold,GCA_022385715.1,na,Xylaria cubensis
GCA_022578945.1,Hypoxylon fuscum,Y,assembly_exact,fungi,Scaffold,GCA_022578945.1,na,Hypoxylon fuscum
GCA_023658475.1,Epichloe elymi,Y,assembly_exact,fungi,Complete Genome,GCA_023658475.1,na,Epichloe elymi
GCA_024139405.1,Backusella mclennaniae,Y,assembly_exact,fungi,Scaffold,GCA_024139405.1,na,Backusella mclennaniae
GCA_024271845.1,Cryptococcus sp. VH57_BW,Y,assembly_exact,fungi,Scaffold,GCA_024271845.1,na,Cryptococcus sp. VH57_BW
GCA_025094145.1,Spinellus fusiger,Y,assembly_exact,fungi,Contig,GCA_025094145.1,na,Spinellus fusiger
GCA_026538315.1,Cryptococcus sp. GC_Crypt_6,Y,assembly_exact,fungi,Contig,GCA_026538315.1,na,Cryptococcus sp. GC_Crypt_6
GCA_026724345.1,Candida sp. AC06,Y,assembly_exact,fungi,Scaffold,GCA_026724345.1,na,Candida sp. AC06
GCA_027569675.1,Penicillium crystallinum,Y,assembly_exact,fungi,Contig,GCA_027569675.1,na,Penicillium crystallinum
GCA_027886305.1,Lentinula aff. lateritia,Y,assembly_exact,fungi,Scaffold,GCA_027886305.1,na,Lentinula aff. lateritia
GCA_029281795.1,Mycena crocata,Y,assembly_exact,fungi,Contig,GCA_029281795.1,na,Mycena crocata
GCA_030556385.1,Nakaseomyces kungkrabaensis,Y,assembly_exact,fungi,Scaffold,GCA_030556385.1,na,Nakaseomyces kungkrabaensis
GCA_030562575.1,Wickerhamiella parazyma,Y,assembly_exact,fungi,Scaffold,GCA_030562575.1,na,Wickerhamiella parazyma
GCA_030565225.1,Allodekkera sacchari,Y,assembly_exact,fungi,Scaffold,GCA_030565225.1,na,Allodekkera sacchari
GCA_030570155.1,Magnusiomyces magnusii,Y,assembly_exact,fungi,Scaffold,GCA_030570155.1,na,Magnusiomyces magnusii
GCA_030578415.1,Ogataea chonburiensis,Y,assembly_exact,fungi,Scaffold,GCA_030578415.1,na,Ogataea chonburiensis
GCA_037042355.1,Candida sp. Y128-05E,Y,assembly_exact,fungi,Scaffold,GCA_037042355.1,na,Candida sp. Y128-05E
GCA_038091575.1,Leccinum subgranulosum,Y,assembly_exact,fungi,Scaffold,GCA_038091575.1,na,Leccinum subgranulosum
GCA_038407005.1,Ceratocystis sp. C1944,Y,assembly_exact,fungi,Contig,GCA_038407005.1,na,Ceratocystis sp. C1944
GCA_900128795.2,Malbranchea cinnamomea,Y,name_exact,fungi,,,,Malbranchea cinnamomea
GCF_000150505.1,Schizosaccharomyces octosporus,Y,assembly_exact,fungi,Scaffold,GCA_000150505.2,GCF_000150505.1,Schizosaccharomyces octosporus yFS286
GCF_000151505.1,Trichophyton verrucosum,Y,assembly_exact,fungi,Scaffold,GCA_000151505.1,GCF_000151505.1,Trichophyton verrucosum HKI 0517
GCF_001664035.1,Metschnikowia bicuspidata,Y,assembly_exact,fungi,Scaffold,GCA_001664035.1,GCF_001664035.1,Metschnikowia bicuspidata var. bicuspidata NRRL YB-4993
GCF_011692745.1,Arthroderma uncinatum,Y,assembly_exact,fungi,Contig,GCA_011692745.1,GCF_011692745.1,Arthroderma uncinatum
GCF_011745365.1,Cryphonectria parasitica,Y,assembly_exact,fungi,Scaffold,GCA_011745365.1,GCF_011745365.1,Cryphonectria parasitica EP155
GCF_025528875.1,Mycotypha africana,Y,assembly_exact,fungi,Contig,GCA_025528875.1,GCF_025528875.1,Mycotypha africana
GCF_028827825.1,Penicillium malachiteum,Y,assembly_exact,fungi,Contig,GCA_028827825.1,GCF_028827825.1,Penicillium malachiteum
GCA_000412615.1,Pecoramyces ruminantium,Y,assembly_exact,fungi,Contig,GCA_000412615.1,na,Pecoramyces ruminantium
GCA_001021365.1,Stachybotrys chartarum,Y,assembly_exact,fungi,Scaffold,GCA_001021365.1,na,Stachybotrys chartarum
GCA_001457955.1,Heterobasidion annosum,Y,assembly_exact,fungi,Scaffold,GCA_001457955.1,na,Heterobasidion annosum
GCA_001600055.1,Filobasidium wieringae,Y,assembly_exact,fungi,Scaffold,GCA_001600055.1,na,Filobasidium wieringae
GCA_001636715.1,Ascosphaera apis,Y,assembly_exact,fungi,Scaffold,GCA_001636715.1,na,Ascosphaera apis ARSEF 7405
GCA_001644525.1,Phaeosphaeriaceae sp. SRC1lsM3a,Y,assembly_exact,fungi,Scaffold,GCA_001644525.1,na,Phaeosphaeriaceae sp. SRC1lsM3a
GCA_002370325.1,Metschnikowia hawaiiensis,Y,assembly_exact,fungi,Scaffold,GCA_002370325.1,na,Metschnikowia hawaiiensis
GCA_002718315.1,Agaricales sp. HM26-F1,Y,assembly_exact,fungi,Scaffold,GCA_002718315.1,na,Agaricales sp. HM26-F1
GCA_003705805.3,Kluyveromyces dobzhanskii,Y,assembly_exact,fungi,Scaffold,GCA_003705805.3,na,Kluyveromyces dobzhanskii
GCA_003707885.2,Barnettozyma salicaria,Y,assembly_exact,fungi,Scaffold,GCA_003707885.2,na,Komagataea salicaria
GCA_008931925.1,Penicillium sp. BW_12,Y,assembly_exact,fungi,Scaffold,GCA_008931925.1,na,Penicillium sp. BW_12
GCA_009176405.1,Aspergillus novoparasiticus,Y,assembly_exact,fungi,Scaffold,GCA_009176405.1,na,Aspergillus novoparasiticus
GCA_009666275.1,Saccharomyces cerevisiae x Saccharomyces eubayanus x Saccharomyces uvarum,Y,assembly_exact,fungi,Scaffold,GCA_009666275.1,na,Saccharomyces cerevisiae x Saccharomyces eubayanus x Saccharomyces uvarum
GCA_010093485.1,Karstenula rhodostoma,Y,assembly_exact,fungi,Scaffold,GCA_010093485.1,na,Karstenula rhodostoma CBS 690.94
GCA_011319275.2,Echinosphaeria canescens,Y,assembly_exact,fungi,Scaffold,GCA_011319275.2,na,Echinosphaeria canescens
GCA_012980515.1,Ophiocordyceps camponoti-floridani,Y,assembly_exact,fungi,Contig,GCA_012980515.1,na,Ophiocordyceps camponoti-floridani
GCA_013364935.1,Fusarium anthophilum,Y,assembly_exact,fungi,Scaffold,GCA_013364935.1,na,Fusarium anthophilum
GCA_013755755.1,Fusarium sp. NRRL 25184,Y,assembly_exact,fungi,Scaffold,GCA_013755755.1,na,Fusarium sp. NRRL 25184
GCA_014282315.1,Neospermospora avenae,Y,assembly_exact,fungi,Contig,GCA_014282315.1,na,Neospermospora avenae
GCA_015039435.1,Imleria badia,Y,assembly_exact,fungi,Scaffold,GCA_015039435.1,na,Imleria badia
GCA_015529795.1,Haplosporangium sp. Z 27,Y,assembly_exact,fungi,Scaffold,GCA_015529795.1,na,Haplosporangium sp. Z 27
GCA_015584075.1,Collybia nuda,Y,assembly_exact,fungi,Scaffold,GCA_015584075.1,na,Collybia nuda
GCA_016630905.1,Capillidium heterosporum,Y,assembly_exact,fungi,Contig,GCA_016630905.1,na,Capillidium heterosporum
GCA_017656695.1,Fusarium ussurianum,Y,assembly_exact,fungi,Scaffold,GCA_017656695.1,na,Fusarium ussurianum
GCA_019633405.1,Tulasnella sp. 408,Y,assembly_exact,fungi,Scaffold,GCA_019633405.1,na,Tulasnella sp. 408
GCA_021396245.1,Sporothrix humicola,Y,assembly_exact,fungi,Scaffold,GCA_021396245.1,na,Sporothrix humicola
GCA_022225955.2,Diaporthe eres,Y,assembly_exact,fungi,Contig,GCA_022225955.2,na,Diaporthe eres
GCA_023014405.1,Amanita molliuscula,Y,assembly_exact,fungi,Contig,GCA_023014405.1,na,Amanita molliuscula
GCA_023628915.1,Trichomonascaceae sp. Y4102,Y,assembly_exact,fungi,Scaffold,GCA_023628915.1,na,Trichomonascaceae sp. Y4102
GCA_024112705.1,Microcera coccophila,Y,assembly_exact,fungi,Scaffold,GCA_024112705.1,na,Microcera coccophila
GCA_025327145.1,Colletotrichum sp. SAR 10_76,Y,assembly_exact,fungi,Contig,GCA_025327145.1,na,Colletotrichum sp. SAR 10_76
GCA_027478445.1,Coemansia asiatica,Y,assembly_exact,fungi,Contig,GCA_027478445.1,na,Coemansia asiatica
GCA_027569715.1,Hamigera avellanea,Y,assembly_exact,fungi,Contig,GCA_027569715.1,na,Hamigera avellanea
GCA_027577415.1,Coemansia sp. RSA 922,Y,assembly_exact,fungi,Scaffold,GCA_027577415.1,na,Coemansia sp. RSA 922
GCA_027579435.1,Candolleomyces eurysporus,Y,assembly_exact,fungi,Scaffold,GCA_027579435.1,na,Candolleomyces eurysporus
GCA_027604505.1,Gonapodya sp. JEL0774,Y,assembly_exact,fungi,Scaffold,GCA_027604505.1,na,Gonapodya sp. JEL0774
GCA_029298825.1,Ophiostoma quercus,Y,assembly_exact,fungi,Contig,GCA_029298825.1,na,Ophiostoma quercus
GCA_029448655.1,Wolfiporia cocos,Y,assembly_exact,fungi,Contig,GCA_029448655.1,na,Wolfiporia cocos
GCA_030556085.1,Aspergillus tamarii,Y,assembly_exact,fungi,Contig,GCA_030556085.1,na,Aspergillus tamarii
GCA_030561035.1,Wickerhamiella bombiphila,Y,assembly_exact,fungi,Scaffold,GCA_030561035.1,na,Wickerhamiella bombiphila
GCA_030565125.1,Candida pseudoviswanathii (nom. inval.),Y,assembly_exact,fungi,Scaffold,GCA_030565125.1,na,Candida pseudoviswanathii
GCA_030568915.1,Starmerella powellii (nom. inval.),Y,assembly_exact,fungi,Scaffold,GCA_030568915.1,na,Starmerella powellii
GCA_030570795.1,Wickerhamomyces silvicola,Y,assembly_exact,fungi,Scaffold,GCA_030570795.1,na,Wickerhamomyces silvicola
GCA_030571035.1,[Candida] buinensis,Y,assembly_exact,fungi,Scaffold,GCA_030571035.1,na,[Candida] buinensis
GCA_030571275.1,Zygotorulaspora sp. UFMG-CM-Y6047,Y,assembly_exact,fungi,Scaffold,GCA_030571275.1,na,Zygotorulaspora sp. UFMG-CM-Y6047
GCA_030572695.1,Scheffersomyces illinoinensis,Y,assembly_exact,fungi,Scaffold,GCA_030572695.1,na,Scheffersomyces illinoinensis
GCA_030579095.1,Starmerella davenportii,Y,assembly_exact,fungi,Scaffold,GCA_030579095.1,na,Starmerella davenportii
GCA_030582815.1,[Candida] krabiensis,Y,assembly_exact,fungi,Scaffold,GCA_030582815.1,na,Ogataea krabiensis
GCA_030582855.1,[Candida] lyxosophila,Y,assembly_exact,fungi,Scaffold,GCA_030582855.1,na,Hemisphaericaspora lyxosophila
GCA_030674195.1,Starmerella stellata,Y,assembly_exact,fungi,Scaffold,GCA_030674195.1,na,Starmerella stellata
GCA_030867225.1,Colletotrichum caudatum,Y,assembly_exact,fungi,Scaffold,GCA_030867225.1,na,Colletotrichum caudatum
GCA_038090935.1,Hortiboletus campestris,Y,assembly_exact,fungi,Scaffold,GCA_038090935.1,na,Hortiboletus campestris
GCA_038092555.1,Boletus subgraveolens,Y,assembly_exact,fungi,Scaffold,GCA_038092555.1,na,Boletus subgraveolens
GCA_038092815.1,Hortiboletus rubellus,Y,assembly_exact,fungi,Scaffold,GCA_038092815.1,na,Hortiboletus rubellus
GCA_038093055.1,Boletus mariae,Y,assembly_exact,fungi,Scaffold,GCA_038093055.1,na,Boletus mariae
GCA_038094535.1,Tubosaeta aff. alveolata,Y,assembly_exact,fungi,Scaffold,GCA_038094535.1,na,Tubosaeta aff. alveolata
GCA_038382365.1,Ceratocystis costaricensis,Y,assembly_exact,fungi,Contig,GCA_038382365.1,na,Ceratocystis costaricensis
GCA_900519015.1,Yarrowia osloensis,Y,name_exact,fungi,,,,Yarrowia osloensis
GCA_900519085.1,Yarrowia deformans,Y,name_exact,fungi,,,,Yarrowia deformans
GCF_000240135.3,Fusarium graminearum,Y,assembly_exact,fungi,Chromosome,GCA_000240135.3,GCF_000240135.3,Fusarium graminearum PH-1
GCF_000243375.1,Torulaspora delbrueckii,Y,assembly_exact,fungi,Chromosome,GCA_000243375.1,GCF_000243375.1,Torulaspora delbrueckii
GCF_000721755.1,Aureobasidium subglaciale,Y,assembly_exact,fungi,Scaffold,GCA_000721755.1,GCF_000721755.1,Aureobasidium subglaciale EXF-2481
GCF_021015755.1,Lentinula edodes,Y,assembly_exact,fungi,Contig,GCA_021015755.1,GCF_021015755.1,Lentinula edodes
GCF_023758075.1,Alternaria novae-zelandiae,Y,assembly_exact,fungi,Scaffold,GCA_023758075.1,GCF_023758075.1,Alternaria novae-zelandiae
GCF_028828495.1,Penicillium riverlandense,Y,assembly_exact,fungi,Contig,GCA_028828495.1,GCF_028828495.1,Penicillium riverlandense
GCF_035222275.1,Podospora bellae-mahoneyi,Y,assembly_exact,fungi,Chromosome,GCA_035222275.1,GCF_035222275.1,Podospora bellae-mahoneyi
GCA_000712465.1,Huntiella moniliformis,Y,assembly_exact,fungi,Scaffold,GCA_000712465.1,na,Huntiella moniliformis
GCA_000732775.1,Stachybotrys chlorohalonatus,Y,assembly_exact,fungi,Scaffold,GCA_000732775.1,na,Stachybotrys chlorohalonatus IBT 40285
GCA_000812245.1,Onygena corvina,Y,assembly_exact,fungi,Contig,GCA_000812245.1,na,Onygena corvina
GCA_001432165.1,Pseudoloma neurophilia,Y,assembly_exact,fungi,Contig,GCA_001432165.1,na,Pseudoloma neurophilia
GCA_001599655.1,Golubevia pallescens,Y,assembly_exact,fungi,Scaffold,GCA_001599655.1,na,Golubevia pallescens
GCA_001600655.1,Dioszegia aurantiaca,Y,assembly_exact,fungi,Scaffold,GCA_001600655.1,na,Dioszegia aurantiaca
GCA_001600735.1,Apiotrichum laibachii,Y,assembly_exact,fungi,Scaffold,GCA_001600735.1,na,Apiotrichum laibachii
GCA_001931905.2,Cladosporium sp. IMV 00045,Y,assembly_exact,fungi,Scaffold,GCA_001931905.2,na,Cladosporium sp. IMV 00045
GCA_002018255.1,Bretziella fagacearum,Y,assembly_exact,fungi,Scaffold,GCA_002018255.1,na,Bretziella fagacearum
GCA_002157005.1,Melampsora allii-populina,Y,assembly_exact,fungi,Scaffold,GCA_002157005.1,na,Melampsora allii-populina
GCA_002370915.1,Metschnikowia lochheadii,Y,assembly_exact,fungi,Scaffold,GCA_002370915.1,na,Metschnikowia lochheadii
GCA_002894445.1,Metschnikowia sp. AWRI3582,Y,assembly_exact,fungi,Contig,GCA_002894445.1,na,Metschnikowia sp. AWRI3582
GCA_002968875.1,Cordyceps cicadae,Y,assembly_exact,fungi,Scaffold,GCA_002968875.1,na,Cordyceps cicadae
GCA_003316375.1,Tylopilus plumbeoviolaceoides,Y,assembly_exact,fungi,Scaffold,GCA_003316375.1,na,Tylopilus plumbeoviolaceoides
GCA_003708145.3,[Candida] orba,Y,assembly_exact,fungi,Scaffold,GCA_003708145.3,na,Phaffomyces orbus
GCA_004369065.1,Pluteus cervinus,Y,assembly_exact,fungi,Scaffold,GCA_004369065.1,na,Pluteus cervinus
GCA_006535975.1,Chytriomyces confervae,Y,assembly_exact,fungi,Scaffold,GCA_006535975.1,na,Chytriomyces confervae
GCA_009193505.1,Aspergillus transmontanensis,Y,assembly_exact,fungi,Scaffold,GCA_009193505.1,na,Aspergillus transmontanensis
GCA_009194965.1,Coniochaeta sp. 2T2.1,Y,assembly_exact,fungi,Contig,GCA_009194965.1,na,Coniochaeta sp. 2T2.1
GCA_009599575.1,Blumeriella jaapii,Y,assembly_exact,fungi,Contig,GCA_009599575.1,na,Blumeriella jaapii
GCA_009756535.1,Metschnikowia sp. UFMG-CM-y6306,Y,assembly_exact,fungi,Scaffold,GCA_009756535.1,na,Metschnikowia sp. UFMG-CM-y6306
GCA_018703675.1,Cladosporium sp. SW67,Y,assembly_exact,fungi,Scaffold,GCA_018703675.1,na,Cladosporium sp. SW67
GCA_019623675.1,Serendipita sp. 398,Y,assembly_exact,fungi,Scaffold,GCA_019623675.1,na,Serendipita sp. 398
GCA_020827535.1,Ustilago esculenta,Y,assembly_exact,fungi,Scaffold,GCA_020827535.1,na,Ustilago esculenta
GCA_021307315.1,Bisporella sp. PMI_857,Y,assembly_exact,fungi,Contig,GCA_021307315.1,na,Bisporella sp. PMI_857
GCA_022577855.1,Wickerhamiella azyma,Y,assembly_exact,fungi,Contig,GCA_022577855.1,na,Wickerhamiella azyma
GCA_022578875.1,Hypoxylon crocopeplum,Y,assembly_exact,fungi,Scaffold,GCA_022578875.1,na,Hypoxylon crocopeplum
GCA_022606215.1,Trametes maxima,Y,assembly_exact,fungi,Contig,GCA_022606215.1,na,Trametes maxima
GCA_022814615.1,Waltergamsia citrina,Y,assembly_exact,fungi,Scaffold,GCA_022814615.1,na,Waltergamsia citrina
GCA_023627795.1,Barnettozyma californica,Y,assembly_exact,fungi,Scaffold,GCA_023627795.1,na,Barnettozyma californica
GCA_023653615.1,Apiotrichum siamense,Y,assembly_exact,fungi,Scaffold,GCA_023653615.1,na,Apiotrichum siamense
GCA_024340795.1,Tolypocladium amazonense,Y,assembly_exact,fungi,Scaffold,GCA_024340795.1,na,Tolypocladium amazonense
GCA_025201845.1,Martensiomyces pterosporus,Y,assembly_exact,fungi,Scaffold,GCA_025201845.1,na,Martensiomyces pterosporus
GCA_026119845.1,Pezicula carpinea,Y,assembly_exact,fungi,Scaffold,GCA_026119845.1,na,Pezicula carpinea
GCA_027579765.1,Candolleomyces efflorescens,Y,assembly_exact,fungi,Scaffold,GCA_027579765.1,na,Candolleomyces efflorescens
GCA_029282125.1,Mycena amicta,Y,assembly_exact,fungi,Contig,GCA_029282125.1,na,Mycena amicta
GCA_029542765.1,Malassezia psittaci,Y,assembly_exact,fungi,Complete Genome,GCA_029542765.1,na,Malassezia psittaci
GCA_030567555.1,Kuraishia hungarica,Y,assembly_exact,fungi,Scaffold,GCA_030567555.1,na,Kuraishia hungarica
GCA_030569615.1,[Candida] rishiriensis,Y,assembly_exact,fungi,Scaffold,GCA_030569615.1,na,Ogataea rishiriensis
GCA_030578795.1,Debaryomyces prosopidis,Y,assembly_exact,fungi,Scaffold,GCA_030578795.1,na,Debaryomyces prosopidis
GCA_031010545.1,Laburnicola sp. JP_R_19,Y,assembly_exact,fungi,Contig,GCA_031010545.1,na,Laburnicola sp. JP_R_19
GCA_037074925.1,Tetracladium maxilliforme,Y,assembly_versionless,fungi,Contig,GCA_037074925.2,na,Tetracladium maxilliforme
GCA_038089395.1,Pulveroboletus frians,Y,assembly_exact,fungi,Scaffold,GCA_038089395.1,na,Pulveroboletus frians
GCA_038090515.1,Pulveroboletus cf. viridisquamosus,Y,assembly_exact,fungi,Scaffold,GCA_038090515.1,na,Pulveroboletus cf. viridisquamosus
GCA_038092475.1,Boletus tomentosulus,Y,assembly_exact,fungi,Scaffold,GCA_038092475.1,na,Boletus tomentosulus
GCA_038092915.1,Boletus pseudopeckii,Y,assembly_exact,fungi,Scaffold,GCA_038092915.1,na,Boletus pseudopeckii
GCA_038093195.1,Boletus fagicola,Y,assembly_exact,fungi,Scaffold,GCA_038093195.1,na,Boletus fagicola
GCA_963281015.1,Lactarius tabidus,Y,name_exact,fungi,,,,Lactarius tabidus
GCF_000221225.1,Thermochaetoides thermophila,Y,assembly_exact,fungi,Scaffold,GCA_000221225.1,GCF_000221225.1,Thermochaetoides thermophila DSM 1495
GCF_001642045.1,Paraphaeosphaeria sporulosa,Y,assembly_exact,fungi,Scaffold,GCA_001642045.1,GCF_001642045.1,Paraphaeosphaeria sporulosa
GCA_000223825.2,Zymoseptoria passerinii,Y,assembly_exact,fungi,Contig,GCA_000223825.2,na,Zymoseptoria passerinii SP63
GCA_000292665.1,Helotiales sp. EF0021,Y,assembly_exact,fungi,Contig,GCA_000292665.1,na,Helotiales sp. EF0021
GCA_000498155.1,Shiraia sp. slf14,Y,assembly_exact,fungi,Contig,GCA_000498155.1,na,Shiraia sp. slf14
GCA_000585475.3,Hanseniaspora vineae,Y,assembly_exact,fungi,Scaffold,GCA_000585475.3,na,Hanseniaspora vineae
GCA_000769265.1,Hapsidospora chrysogena,Y,assembly_exact,fungi,Scaffold,GCA_000769265.1,na,Hapsidospora chrysogenum ATCC 11550
GCA_000812885.1,Lanzia echinophila,Y,assembly_exact,fungi,Scaffold,GCA_000812885.1,na,Lanzia echinophila
GCA_000835755.1,Cryptococcus tetragattii,Y,assembly_versionless,fungi,Chromosome,GCA_000835755.2,GCF_000835755.1,Cryptococcus tetragattii IND107
GCA_001006345.1,Phaeomoniella chlamydospora,Y,assembly_exact,fungi,Scaffold,GCA_001006345.1,na,Phaeomoniella chlamydospora
GCA_002197995.1,Gaeumannomyces sp. JS-464,Y,assembly_exact,fungi,Scaffold,GCA_002197995.1,na,Gaeumannomyces sp. JS-464
GCA_003706255.2,Ogataea nonfermentans,Y,assembly_exact,fungi,Scaffold,GCA_003706255.2,na,Ogataea nonfermentans
GCA_003708795.3,Cyberlindnera americana,Y,assembly_exact,fungi,Scaffold,GCA_003708795.3,na,Petasospora americana
GCA_009829365.1,Neofusicoccum umdonicola,Y,assembly_exact,fungi,Scaffold,GCA_009829365.1,na,Neofusicoccum umdonicola
GCA_012977755.1,Fusarium nurragi,Y,assembly_exact,fungi,Scaffold,GCA_012977755.1,na,Fusarium nurragi
GCA_013266195.1,Fusarium zealandicum,Y,assembly_exact,fungi,Scaffold,GCA_013266195.1,na,Fusarium zealandicum
GCA_013368325.1,Ephemerocybe angulata,Y,assembly_exact,fungi,Contig,GCA_013368325.1,na,Ephemerocybe angulata
GCA_014898425.1,Botryotinia globosa,Y,assembly_exact,fungi,Contig,GCA_014898425.1,na,Botryotinia globosa
GCA_014905255.1,Herpotrichia juniperi,Y,assembly_exact,fungi,Scaffold,GCA_014905255.1,na,Herpotrichia juniperi
GCA_018360575.1,Claviceps sp. LM454 group G7,Y,assembly_exact,fungi,Contig,GCA_018360575.1,na,Claviceps sp. LM454 group G7
GCA_019022785.1,Pseudomonodictys pantanalensis,Y,assembly_exact,fungi,Scaffold,GCA_019022785.1,na,Pseudomonodictys pantanalensis
GCA_019190355.1,Penicillium palitans,Y,assembly_exact,fungi,Scaffold,GCA_019190355.1,na,Penicillium palitans
GCA_019925385.1,Raffaelea deltoideospora,Y,assembly_exact,fungi,Scaffold,GCA_019925385.1,na,Raffaelea deltoideospora
GCA_020726505.1,Leptodontidium sp. MPI-SDFR-AT-0119,Y,assembly_exact,fungi,Contig,GCA_020726505.1,na,Leptodontidium sp. MPI-SDFR-AT-0119
GCA_020912385.1,Neofusicoccum parvum,Y,assembly_exact,fungi,Complete Genome,GCA_020912385.1,na,Neofusicoccum parvum
GCA_022609215.1,Alternaria triticina,Y,assembly_exact,fungi,Scaffold,GCA_022609215.1,na,Alternaria triticina
GCA_023159155.1,Ustulina deusta,Y,assembly_exact,fungi,Contig,GCA_023159155.1,na,Ustulina deusta
GCA_023629195.1,Kazachstania sp. Y4206,Y,assembly_exact,fungi,Scaffold,GCA_023629195.1,na,Kazachstania sp. Y4206
GCA_024047395.1,Fusarium circinatum,Y,assembly_exact,fungi,Chromosome,GCA_024047395.1,na,Fusarium circinatum
GCA_025331125.1,Mycogone perniciosa,Y,assembly_exact,fungi,Contig,GCA_025331125.1,na,Mycogone perniciosa
GCA_025617555.3,Puccinia polysora,Y,assembly_exact,fungi,Chromosome,GCA_025617555.3,na,Puccinia polysora
GCA_027405735.1,Mucor racemosus,Y,assembly_exact,fungi,Contig,GCA_027405735.1,na,Mucor racemosus
GCA_029169025.1,Colletotrichum nymphaeae,Y,assembly_exact,fungi,Contig,GCA_029169025.1,na,Colletotrichum nymphaeae
GCA_030549215.1,Schizothecium vesticola,Y,assembly_exact,fungi,Contig,GCA_030549215.1,na,Schizothecium vesticola
GCA_030558955.1,Diddensiella caesifluorescens,Y,assembly_exact,fungi,Scaffold,GCA_030558955.1,na,Diddensiella caesifluorescens
GCA_030565205.1,Cyberlindnera galapagoensis,Y,assembly_exact,fungi,Scaffold,GCA_030565205.1,na,Williopsis galapagoensis
GCA_030571435.1,Myxozyma mucilagina,Y,assembly_exact,fungi,Scaffold,GCA_030571435.1,na,Myxozyma mucilagina
GCA_030571545.1,Zygosaccharomyces gambellarensis,Y,assembly_exact,fungi,Scaffold,GCA_030571545.1,na,Zygosaccharomyces gambellarensis
GCA_030574395.1,Pichia californica,Y,assembly_exact,fungi,Scaffold,GCA_030574395.1,na,Pichia californica
GCA_030578595.1,Saccharomycopsis guyanensis,Y,assembly_exact,fungi,Contig,GCA_030578595.1,na,Saccharomycopsis guyanensis
GCA_030580015.1,Lachancea waltii,Y,assembly_exact,fungi,Scaffold,GCA_030580015.1,na,Lachancea waltii
GCA_033296725.1,Corynascus novoguineensis,Y,assembly_exact,fungi,Scaffold,GCA_033296725.1,na,Corynascus novoguineensis
GCA_033297205.1,Pseudoneurospora amorphoporcata,Y,assembly_exact,fungi,Scaffold,GCA_033297205.1,na,Pseudoneurospora amorphoporcata
GCA_034753255.1,Fusarium kyushuense,Y,assembly_exact,fungi,Chromosome,GCA_034753255.1,na,Fusarium kyushuense
GCA_036872635.1,Orbilia brochopaga,Y,assembly_exact,fungi,Contig,GCA_036872635.1,na,Orbilia brochopaga
GCA_036986855.1,Diaporthe destruens,Y,assembly_exact,fungi,Contig,GCA_036986855.1,na,Diaporthe destruens
GCA_037126485.1,Daldinia eschscholtzii,Y,assembly_exact,fungi,Contig,GCA_037126485.1,na,Daldinia eschscholtzii
GCA_038089675.1,Boletales sp. KT-2023b,Y,assembly_exact,fungi,Scaffold,GCA_038089675.1,na,Boletales sp. KT-2023b
GCA_038092655.1,Boletus sensibilis,Y,assembly_exact,fungi,Scaffold,GCA_038092655.1,na,Boletus sensibilis
GCA_911649645.1,Thelonectria discophora,Y,name_exact,fungi,,,,Thelonectria discophora
GCF_000091025.4,Eremothecium gossypii,Y,assembly_exact,fungi,Complete Genome,GCA_000091025.4,GCF_000091025.4,Eremothecium gossypii ATCC 10895
GCF_000344685.1,Gloeophyllum trabeum,Y,assembly_exact,fungi,Scaffold,GCA_000344685.1,GCF_000344685.1,Gloeophyllum trabeum ATCC 11539
GCF_009193585.1,Aspergillus caelatus,Y,assembly_exact,fungi,Scaffold,GCA_009193585.1,GCF_009193585.1,Aspergillus caelatus
GCF_016861625.1,Aspergillus luchuensis,Y,assembly_exact,fungi,Complete Genome,GCA_016861625.1,GCF_016861625.1,Aspergillus luchuensis
GCF_021052385.1,Filobasidium floriforme,Y,assembly_exact,fungi,Contig,GCA_021052385.1,GCF_021052385.1,Filobasidium floriforme
GCF_024521635.1,Tricharina praecox,Y,assembly_exact,fungi,Contig,GCA_024521635.1,GCF_024521635.1,Tricharina praecox
GCA_000467715.1,Hysterium pulicare,Y,assembly_exact,fungi,Contig,GCA_000467715.1,na,Hysterium pulicare CBS 123377
GCA_000827255.1,Suillus luteus,Y,assembly_exact,fungi,Scaffold,GCA_000827255.1,na,Suillus luteus UH-Slu-Lm8-n1
GCA_001574975.1,Gonapodya prolifera,Y,assembly_exact,fungi,Scaffold,GCA_001574975.1,na,Gonapodya prolifera JEL478
GCA_001578235.1,Pseudocercospora eumusae,Y,assembly_exact,fungi,Scaffold,GCA_001578235.1,na,Pseudocercospora eumusae
GCA_001630605.1,Pseudogymnoascus pannorum,Y,assembly_exact,fungi,Scaffold,GCA_001630605.1,na,Pseudogymnoascus pannorum
GCA_001969225.1,Ceriporiopsis andreanae,Y,assembly_exact,fungi,Contig,GCA_001969225.1,na,Ceriporiopsis andreanae CBS 279.92
GCA_002794465.1,Paramicrosporidium saccamoebae,Y,assembly_exact,fungi,Scaffold,GCA_002794465.1,na,Paramicrosporidium saccamoebae
GCA_003073195.1,Ramalina intermedia,Y,assembly_exact,fungi,Scaffold,GCA_003073195.1,na,Ramalina intermedia
GCA_003934905.1,Neonectria sp. DH2,Y,assembly_exact,fungi,Contig,GCA_003934905.1,na,Neonectria sp. DH2
GCA_004786065.1,Ascodesmis nigricans,Y,assembly_exact,fungi,Scaffold,GCA_004786065.1,na,Ascodesmis nigricans
GCA_008065275.1,Vanrija humicola,Y,assembly_exact,fungi,Scaffold,GCA_008065275.1,na,Vanrija humicola
GCA_010623925.1,Antarctomyces pellizariae,Y,assembly_exact,fungi,Contig,GCA_010623925.1,na,Antarctomyces pellizariae
GCA_014849955.1,Cryphonectria carpinicola,Y,assembly_exact,fungi,Scaffold,GCA_014849955.1,na,Cryphonectria carpinicola
GCA_018902385.1,Physcia stellaris,Y,assembly_exact,fungi,Scaffold,GCA_018902385.1,na,Physcia stellaris
GCA_019616325.1,Ceratobasidium sp. 394,Y,assembly_exact,fungi,Scaffold,GCA_019616325.1,na,Ceratobasidium sp. 394
GCA_020623665.1,Calonectria multiphialidica,Y,assembly_exact,fungi,Scaffold,GCA_020623665.1,na,Calonectria multiphialidica
GCA_021347865.1,Sarocladiaceae sp. CBMAI 1973,Y,assembly_exact,fungi,Contig,GCA_021347865.1,na,Sarocladiaceae sp. CBMAI 1973
GCA_022814645.1,Ganoderma meredithae,Y,assembly_exact,fungi,Scaffold,GCA_022814645.1,na,Ganoderma meredithae
GCA_023212725.1,Tranzscheliella williamsii,Y,assembly_exact,fungi,Scaffold,GCA_023212725.1,na,Tranzscheliella williamsii
GCA_023628055.1,Naganishia sp. PT2105A,Y,assembly_exact,fungi,Scaffold,GCA_023628055.1,na,Naganishia sp. PT2105A
GCA_023628655.1,Sarocladiaceae sp. R1802,Y,assembly_exact,fungi,Scaffold,GCA_023628655.1,na,Sarocladiaceae sp. R1802
GCA_025504955.1,Alternaria dauci,Y,assembly_exact,fungi,Contig,GCA_025504955.1,na,Alternaria dauci
GCA_025677835.1,Sporodiniella umbellata,Y,assembly_exact,fungi,Contig,GCA_025677835.1,na,Sporodiniella umbellata
GCA_026743855.1,Pleurotus sapidus,Y,assembly_exact,fungi,Contig,GCA_026743855.1,na,Pleurotus sapidus
GCA_027577115.1,Coemansia sp. S680,Y,assembly_exact,fungi,Scaffold,GCA_027577115.1,na,Coemansia sp. S680
GCA_030247915.1,Neophaeococcomyces mojaviensis,Y,assembly_exact,fungi,Contig,GCA_030247915.1,na,Neophaeococcomyces mojaviensis
GCA_030444895.1,Metschnikowia sp. yHMJ9,Y,assembly_exact,fungi,Scaffold,GCA_030444895.1,na,Metschnikowia sp. yHMJ9
GCA_030490795.1,Saccharomycopsis sp. yHQL182,Y,assembly_exact,fungi,Scaffold,GCA_030490795.1,na,Saccharomycopsis sp. yHQL182
GCA_030563365.1,[Candida] xylanilytica (nom. inval.),Y,assembly_exact,fungi,Scaffold,GCA_030563365.1,na,Hemisphaericaspora xylanilytica
GCA_030564005.1,Wickerhamomyces tratensis,Y,assembly_exact,fungi,Scaffold,GCA_030564005.1,na,Ruyongia tratensis
GCA_030569015.1,Millerozyma miso,Y,assembly_exact,fungi,Scaffold,GCA_030569015.1,na,Millerozyma miso
GCA_030569775.1,Nakazawaea siamensis,Y,assembly_exact,fungi,Scaffold,GCA_030569775.1,na,Nakazawaea siamensis
GCA_030573865.1,Tortispora ganteri,Y,assembly_exact,fungi,Scaffold,GCA_030573865.1,na,Tortispora ganteri
GCA_030583325.1,Saccharomycopsis selenospora,Y,assembly_exact,fungi,Scaffold,GCA_030583325.1,na,Saccharomycopsis selenospora
GCA_030674735.1,Sungouiella pseudoflosculorum,Y,assembly_exact,fungi,Scaffold,GCA_030674735.1,na,Sungouiella pseudoflosculorum
GCA_034509035.1,Saxispiralis lemnorum,Y,assembly_exact,fungi,Scaffold,GCA_034509035.1,na,Saxispiralis lemnorum
GCA_036986335.1,Aspergillus sp. AS01,Y,assembly_exact,fungi,Contig,GCA_036986335.1,na,Aspergillus sp. AS01
GCA_037042915.1,Auricularia sp. M13,Y,assembly_exact,fungi,Chromosome,GCA_037042915.1,na,Auricularia sp. M13
GCA_037356115.1,Neofusicoccum sp. Z2,Y,assembly_exact,fungi,Contig,GCA_037356115.1,na,Neofusicoccum sp. Z2
GCA_039778275.1,Seiridium unicorne,Y,assembly_exact,fungi,Scaffold,GCA_039778275.1,na,Seiridium unicorne
GCA_900180425.1,Maudiozyma saulgeensis,Y,name_exact,fungi,,,,Maudiozyma saulgeensis
GCF_000219625.1,Zymoseptoria tritici,Y,assembly_exact,fungi,Chromosome,GCA_000219625.1,GCF_000219625.1,Zymoseptoria tritici IPO323
GCF_000226095.1,Thermothelomyces thermophilus,Y,assembly_exact,fungi,Complete Genome,GCA_000226095.1,GCF_000226095.1,Thermothelomyces thermophilus ATCC 42464
GCF_000721775.1,Aureobasidium melanogenum,Y,assembly_exact,fungi,Scaffold,GCA_000721775.1,GCF_000721775.1,Aureobasidium melanogenum CBS 110374
GCF_001661395.1,Hyphopichia burtonii,Y,assembly_exact,fungi,Scaffold,GCA_001661395.1,GCF_001661395.1,Hyphopichia burtonii NRRL Y-1933
GCF_001662655.1,Pseudogymnoascus verrucosus,Y,assembly_exact,fungi,Scaffold,GCA_001662655.1,GCF_001662655.1,Pseudogymnoascus verrucosus
GCF_002104995.1,Linderina pennispora,Y,assembly_exact,fungi,Contig,GCA_002104995.1,GCF_002104995.1,Linderina pennispora
GCF_021901695.1,Puccinia striiformis,Y,assembly_exact,fungi,Chromosome,GCA_021901695.1,GCF_021901695.1,Puccinia striiformis f. sp. tritici
GCF_025399195.1,Umbelopsis ramanniana,Y,assembly_exact,fungi,Scaffold,GCA_025399195.1,GCF_025399195.1,Umbelopsis ramanniana AG
GCA_000826855.1,Basidioascus undulatus,Y,assembly_exact,fungi,Scaffold,GCA_000826855.1,na,Basidioascus undulatus
GCA_000833645.1,Huntiella omanensis,Y,assembly_exact,fungi,Scaffold,GCA_000833645.1,na,Huntiella omanensis
GCA_000985935.1,Talaromyces islandicus,Y,assembly_exact,fungi,Scaffold,GCA_000985935.1,na,Talaromyces islandicus
GCA_001578225.1,Pseudocercospora musae,Y,assembly_exact,fungi,Scaffold,GCA_001578225.1,na,Pseudocercospora musae
GCA_001599295.1,Sporopachydermia quercuum,Y,assembly_exact,fungi,Scaffold,GCA_001599295.1,na,Sporopachydermia quercuum
GCA_001599835.1,Thermoascus crustaceus,Y,assembly_exact,fungi,Scaffold,GCA_001599835.1,na,Thermoascus crustaceus
GCA_001747045.1,Hanseniaspora osmophila,Y,assembly_exact,fungi,Scaffold,GCA_001747045.1,na,Hanseniaspora osmophila
GCA_001856765.1,Endoconidiophora polonica,Y,assembly_exact,fungi,Scaffold,GCA_001856765.1,na,Endoconidiophora polonica
GCA_002104895.1,Anaeromyces robustus,Y,assembly_exact,fungi,Contig,GCA_002104895.1,na,Anaeromyces robustus
GCA_002917775.1,Glaciozyma antarctica,Y,assembly_exact,fungi,Scaffold,GCA_002917775.1,na,Glaciozyma antarctica PI12
GCA_002946415.1,Rutstroemia sp. NJR-2017a BVV2,Y,assembly_exact,fungi,Contig,GCA_002946415.1,na,Rutstroemia sp. NJR-2017a BVV2
GCA_002995095.1,Rhizopogon sp. AM-2018a,Y,assembly_exact,fungi,Scaffold,GCA_002995095.1,na,Rhizopogon sp. AM-2018a
GCA_003025255.1,Cordyceps pruinosa,Y,assembly_exact,fungi,Scaffold,GCA_003025255.1,na,Cordyceps pruinosa
GCA_003353625.1,Fusarium fracticaudum,Y,assembly_exact,fungi,Scaffold,GCA_003353625.1,na,Fusarium fracticaudum
GCA_003705225.2,Ambrosiozyma vanderkliftii,Y,assembly_exact,fungi,Scaffold,GCA_003705225.2,na,Ambrosiozyma vanderkliftii
GCA_003707555.2,Kluyveromyces aestuarii,Y,assembly_exact,fungi,Scaffold,GCA_003707555.2,na,Kluyveromyces aestuarii
GCA_004156035.1,Alternaria tenuissima,Y,assembly_exact,fungi,Contig,GCA_004156035.1,na,Alternaria tenuissima
GCA_004369135.1,Dendrothele bispora,Y,assembly_exact,fungi,Scaffold,GCA_004369135.1,na,Dendrothele bispora CBS 962.96
GCA_013368445.1,Leucocoprinus leucothites,Y,assembly_exact,fungi,Contig,GCA_013368445.1,na,Leucocoprinus leucothites
GCA_013420905.1,Collybia mongolica,Y,assembly_exact,fungi,Contig,GCA_013420905.1,na,Collybia mongolica
GCA_014849355.1,Cryphonectria radicalis,Y,assembly_exact,fungi,Scaffold,GCA_014849355.1,na,Cryphonectria radicalis
GCA_015039465.1,Phlegmacium glaucopus,Y,assembly_exact,fungi,Scaffold,GCA_015039465.1,na,Phlegmacium glaucopus
GCA_019925595.1,Grosmannia huntii,Y,assembly_exact,fungi,Scaffold,GCA_019925595.1,na,Grosmannia huntii
GCA_021654155.1,Rhodotorula sp. CC01,Y,assembly_exact,fungi,Scaffold,GCA_021654155.1,na,Rhodotorula sp. CC01
GCA_022160335.1,Irpex rosettiformis,Y,assembly_exact,fungi,Scaffold,GCA_022160335.1,na,Irpex rosettiformis
GCA_022343325.1,Plenodomus biglobosus,Y,assembly_exact,fungi,Contig,GCA_022343325.1,na,Plenodomus biglobosus
GCA_022385825.1,Amylostereum chailletii,Y,assembly_exact,fungi,Scaffold,GCA_022385825.1,na,Amylostereum chailletii
GCA_022560015.1,Diplodia mutila,Y,assembly_exact,fungi,Scaffold,GCA_022560015.1,na,Diplodia mutila
GCA_022570795.1,Sphaerulina vaccinii,Y,assembly_exact,fungi,Contig,GCA_022570795.1,na,Sphaerulina vaccinii
GCA_023087525.1,Lasiodiplodia sp. KE8368,Y,assembly_exact,fungi,Scaffold,GCA_023087525.1,na,Lasiodiplodia sp. KE8368
GCA_024364755.1,Pseudohyphozyma bogoriensis,Y,assembly_exact,fungi,Contig,GCA_024364755.1,na,Pseudohyphozyma bogoriensis
GCA_025526955.1,Gorgonomyces haynaldii,Y,assembly_exact,fungi,Contig,GCA_025526955.1,na,Gorgonomyces haynaldii
GCA_026745475.1,Microdochium nivale,Y,assembly_exact,fungi,Contig,GCA_026745475.1,na,Microdochium nivale
GCA_027575275.1,Coemansia sp. RSA 2711,Y,assembly_exact,fungi,Scaffold,GCA_027575275.1,na,Coemansia sp. RSA 2711
GCA_027578755.1,Coemansia sp. RSA 1199,Y,assembly_exact,fungi,Scaffold,GCA_027578755.1,na,Coemansia sp. RSA 1199
GCA_029542845.1,Malassezia nana,Y,assembly_exact,fungi,Complete Genome,GCA_029542845.1,na,Malassezia nana
GCA_030573095.1,Pichia paraexigua,Y,assembly_exact,fungi,Scaffold,GCA_030573095.1,na,Pichia paraexigua
GCA_030573495.1,Hanseniaspora nectarophila,Y,assembly_exact,fungi,Scaffold,GCA_030573495.1,na,Hanseniaspora nectarophila
GCA_030705205.1,Huiozyma sinensis,Y,assembly_exact,fungi,Scaffold,GCA_030705205.1,na,Huiozyma sinensis
GCA_037042205.1,Schizothecium sp. R5324,Y,assembly_exact,fungi,Scaffold,GCA_037042205.1,na,Schizothecium sp. R5324
GCA_038089955.1,Strobilomyces dryophilus,Y,assembly_exact,fungi,Scaffold,GCA_038089955.1,na,Strobilomyces dryophilus
GCA_038093575.1,Rubinoboletus rubinus,Y,assembly_exact,fungi,Scaffold,GCA_038093575.1,na,Rubinoboletus rubinus
GCA_038093975.1,Chalciporus piperatus,Y,assembly_exact,fungi,Scaffold,GCA_038093975.1,na,Chalciporus piperatus
GCA_038406885.1,Ceratocystis papillata,Y,assembly_exact,fungi,Contig,GCA_038406885.1,na,Ceratocystis papillata
GCA_039634465.1,Didymella pinodella,Y,assembly_exact,fungi,Complete Genome,GCA_039634465.1,na,Didymella pinodella
GCA_900323505.1,Ustilago trichophora,Y,name_exact,fungi,,,,Ustilago trichophora
GCF_001646965.1,Fonsecaea nubica,Y,assembly_exact,fungi,Scaffold,GCA_001646965.1,GCF_001646965.1,Fonsecaea nubica
GCF_003025115.1,Trichoderma citrinoviride,Y,assembly_exact,fungi,Scaffold,GCA_003025115.1,GCF_003025115.1,Trichoderma citrinoviride
GCF_024521655.1,Durotheca rogersii,Y,assembly_exact,fungi,Contig,GCA_024521655.1,GCF_024521655.1,Durotheca rogersii
GCF_028827675.1,Penicillium lagena,Y,assembly_exact,fungi,Contig,GCA_028827675.1,GCF_028827675.1,Penicillium lagena
GCF_030913505.1,Colletotrichum phormii,Y,assembly_exact,fungi,Contig,GCA_030913505.1,GCF_030913505.1,Colletotrichum phormii
GCF_034447905.1,Colletotrichum destructivum,Y,assembly_exact,fungi,Complete Genome,GCA_034447905.1,GCF_034447905.1,Colletotrichum destructivum
GCF_035222375.1,Podospora pseudocomata,Y,assembly_exact,fungi,Chromosome,GCA_035222375.1,GCF_035222375.1,Podospora pseudocomata
GCA_001600395.1,Mrakia frigida,Y,assembly_exact,fungi,Scaffold,GCA_001600395.1,na,Mrakia frigida
GCA_001640655.1,Endoconidiophora laricicola,Y,assembly_exact,fungi,Scaffold,GCA_001640655.1,na,Endoconidiophora laricicola
GCA_001679825.1,Armillaria fuscipes,Y,assembly_exact,fungi,Scaffold,GCA_001679825.1,na,Armillaria fuscipes
GCA_001691775.3,Amanita inopinata,Y,assembly_exact,fungi,Scaffold,GCA_001691775.3,na,Amanita inopinata Kibby_2008
GCA_001931875.2,Byssochlamys sp. IMV 00236,Y,assembly_exact,fungi,Scaffold,GCA_001931875.2,na,Byssochlamys sp. IMV 00236
GCA_003314315.1,Annulohypoxylon stygium,Y,assembly_exact,fungi,Scaffold,GCA_003314315.1,na,Annulohypoxylon stygium
GCA_004000155.1,Tubulinosema ratisbonensis,Y,assembly_exact,fungi,Scaffold,GCA_004000155.1,na,Tubulinosema ratisbonensis
GCA_009613015.1,Mollisiaceae sp. DMI_Dod_QoI,Y,assembly_exact,fungi,Contig,GCA_009613015.1,na,Mollisiaceae sp. DMI_Dod_QoI
GCA_010015635.1,Clathrospora elynae,Y,assembly_exact,fungi,Scaffold,GCA_010015635.1,na,Clathrospora elynae
GCA_010405405.1,Microthyrium microscopicum,Y,assembly_exact,fungi,Scaffold,GCA_010405405.1,na,Microthyrium microscopicum
GCA_014825765.1,Cystofilobasidium macerans,Y,assembly_exact,fungi,Scaffold,GCA_014825765.1,na,Cystofilobasidium macerans
GCA_014904985.1,Hydnum rufescens,Y,assembly_exact,fungi,Scaffold,GCA_014904985.1,na,Hydnum rufescens UP504
GCA_016508695.1,Hyphodiscus hymeniophilus,Y,assembly_exact,fungi,Contig,GCA_016508695.1,na,Hyphodiscus hymeniophilus
GCA_019632285.1,Tulasnella sp. 332,Y,assembly_exact,fungi,Scaffold,GCA_019632285.1,na,Tulasnella sp. 332
GCA_020045945.2,Trichoderma semiorbis,Y,assembly_exact,fungi,Complete Genome,GCA_020045945.2,na,Trichoderma semiorbis
GCA_021235465.1,Umbelopsis sp. PMI_123,Y,assembly_exact,fungi,Contig,GCA_021235465.1,na,Umbelopsis sp. PMI_123
GCA_021525025.1,Lactarius hengduanensis,Y,assembly_exact,fungi,Contig,GCA_021525025.1,na,Lactarius hengduanensis
GCA_022392945.1,Ophiostoma australiae,Y,assembly_exact,fungi,Scaffold,GCA_022392945.1,na,Ophiostoma australiae
GCA_022813215.1,Talaromyces ruber,Y,assembly_exact,fungi,Scaffold,GCA_022813215.1,na,Talaromyces ruber
GCA_022984935.1,Hypoxylon sp. NC1633,Y,assembly_exact,fungi,Contig,GCA_022984935.1,na,Hypoxylon sp. NC1633
GCA_023626435.1,Penicillium sp. M1327,Y,assembly_exact,fungi,Scaffold,GCA_023626435.1,na,Penicillium sp. M1327
GCA_025769875.1,Russula earlei,Y,assembly_exact,fungi,Contig,GCA_025769875.1,na,Russula earlei
GCA_025769895.1,Lactarius psammicola,Y,assembly_exact,fungi,Contig,GCA_025769895.1,na,Lactarius psammicola
GCA_026013035.2,Dothideomycetes sp. NU30,Y,assembly_exact,fungi,Contig,GCA_026013035.2,na,Dothideomycetes sp. NU30
GCA_027627245.1,Meripilus lineatus,Y,assembly_exact,fungi,Scaffold,GCA_027627245.1,na,Meripilus lineatus
GCA_029532415.1,Marasmius tenuissimus,Y,assembly_exact,fungi,Scaffold,GCA_029532415.1,na,Marasmius tenuissimus
GCA_030407095.1,Calocybe indica,Y,assembly_exact,fungi,Contig,GCA_030407095.1,na,Calocybe indica
GCA_030556425.1,[Candida] ovalis,Y,assembly_exact,fungi,Scaffold,GCA_030556425.1,na,Ogataea ovalis
GCA_030566735.1,Australozyma touchengensis,Y,assembly_exact,fungi,Scaffold,GCA_030566735.1,na,Australozyma touchengensis
GCA_030568035.1,Tetrapisispora nanseiensis,Y,assembly_exact,fungi,Scaffold,GCA_030568035.1,na,Tetrapisispora nanseiensis
GCA_030568155.1,[Candida] suzukii,Y,assembly_exact,fungi,Scaffold,GCA_030568155.1,na,Wenyingozyma suzukii
GCA_030572015.1,Yamadazyma kitorensis,Y,assembly_exact,fungi,Scaffold,GCA_030572015.1,na,Yamadazyma kitorensis
GCA_030572985.1,Zygotorulaspora danielsina,Y,assembly_exact,fungi,Scaffold,GCA_030572985.1,na,Zygotorulaspora danielsina
GCA_030762955.1,Starmerella magnoliae,Y,assembly_exact,fungi,Contig,GCA_030762955.1,na,Entelexis paramagnoliae
GCA_031125405.1,Saccharomycopsis oosterbeekiorum,Y,assembly_exact,fungi,Scaffold,GCA_031125405.1,na,Saccharomycopsis oosterbeekiorum
GCA_033439745.1,Lasiosphaeria hispida,Y,assembly_exact,fungi,Contig,GCA_033439745.1,na,Lasiosphaeria hispida
GCA_036429605.1,Cladobotryum mycophilum,Y,assembly_exact,fungi,Chromosome,GCA_036429605.1,na,Cladobotryum mycophilum
GCA_036971615.1,Amyloporia xantha,Y,assembly_exact,fungi,Contig,GCA_036971615.1,na,Amyloporia xantha
GCA_037176885.1,Favolaschia claudopus,Y,assembly_exact,fungi,Contig,GCA_037176885.1,na,Favolaschia claudopus
GCA_037954315.1,Neonectria punicea,Y,assembly_exact,fungi,Scaffold,GCA_037954315.1,na,Neonectria punicea
GCA_038092855.1,Boletus piedmontensis,Y,assembly_exact,fungi,Scaffold,GCA_038092855.1,na,Boletus piedmontensis
GCA_039880875.1,Aspergillus pseudoglaucus,Y,assembly_exact,fungi,Scaffold,GCA_039880875.1,na,Aspergillus pseudoglaucus
GCF_002105105.1,Protomyces lactucae-debilis,Y,assembly_exact,fungi,Contig,GCA_002105105.1,GCF_002105105.1,Protomyces lactucae-debilis
GCF_003184745.1,Aspergillus uvarum,Y,assembly_exact,fungi,Scaffold,GCA_003184745.1,GCF_003184745.1,Aspergillus uvarum CBS 121591
GCF_010094085.1,Westerdykella ornata,Y,assembly_exact,fungi,Scaffold,GCA_010094085.1,GCF_010094085.1,Westerdykella ornata
GCF_014898435.1,Botrytis sinoallii,Y,assembly_exact,fungi,Contig,GCA_014898435.1,GCF_014898435.1,Botrytis sinoallii
GCF_020726555.1,Boeremia exigua,Y,assembly_exact,fungi,Contig,GCA_020726555.1,GCF_020726555.1,Boeremia exigua
GCA_000349905.1,Volvariella volvacea,Y,assembly_exact,fungi,Scaffold,GCA_000349905.1,na,Volvariella volvacea V23
GCA_000604205.2,Neurospora africana,Y,assembly_exact,fungi,Scaffold,GCA_000604205.2,na,Neurospora africana FGSC 1740
GCA_000697335.1,Conidiobolus incongruus,Y,assembly_exact,fungi,Contig,GCA_000697335.1,na,Conidiobolus incongruus B7586
GCA_000814955.1,Metarhizium guizhouense,Y,assembly_exact,fungi,Scaffold,GCA_000814955.1,na,Metarhizium guizhouense ARSEF 977
GCA_000827485.1,Amanita muscaria,Y,assembly_exact,fungi,Scaffold,GCA_000827485.1,na,Amanita muscaria Koide BX008
GCA_000956045.1,Hirsutella minnesotensis,Y,assembly_exact,fungi,Scaffold,GCA_000956045.1,na,Hirsutella minnesotensis 3608
GCA_001599715.1,Phaeotremella fagi,Y,assembly_exact,fungi,Scaffold,GCA_001599715.1,na,Phaeotremella fagi
GCA_001630575.1,Pseudogymnoascus sp. 04NY16,Y,assembly_exact,fungi,Scaffold,GCA_001630575.1,na,Pseudogymnoascus sp. 04NY16
GCA_001633055.2,Ophiocordyceps polyrhachis-furcata,Y,assembly_exact,fungi,Scaffold,GCA_001633055.2,na,Ophiocordyceps polyrhachis-furcata BCC 54312
GCA_001736125.1,Pseudozyma tsukubaensis,Y,assembly_exact,fungi,Contig,GCA_001736125.1,na,Pseudozyma tsukubaensis
GCA_002224055.1,Pezizomycotina sp. ARF18,Y,assembly_exact,fungi,Scaffold,GCA_002224055.1,na,Pezizomycotina sp. ARF18
GCA_002573605.1,Polytolypa hystricis,Y,assembly_exact,fungi,Scaffold,GCA_002573605.1,na,Polytolypa hystricis UAMH7299
GCA_003574525.1,Alternaria sp. MG1,Y,assembly_exact,fungi,Scaffold,GCA_003574525.1,na,Alternaria sp. MG1
GCA_003676035.1,Spathaspora sp. JA1,Y,assembly_exact,fungi,Scaffold,GCA_003676035.1,na,Spathaspora sp. JA1
GCA_003706155.2,Ogataea glucozyma,Y,assembly_exact,fungi,Scaffold,GCA_003706155.2,na,Ogataea glucozyma
GCA_003708905.3,Monosporozyma siamensis,Y,assembly_exact,fungi,Scaffold,GCA_003708905.3,na,Monosporozyma siamensis
GCA_003709245.3,Cyberlindnera saturnus,Y,assembly_exact,fungi,Scaffold,GCA_003709245.3,na,Williopsis saturnus
GCA_005298045.1,Pleurotus ostreatoroseus,Y,assembly_exact,fungi,Contig,GCA_005298045.1,na,Pleurotus ostreatoroseus
GCA_009193565.1,Aspergillus coremiiformis,Y,assembly_exact,fungi,Scaffold,GCA_009193565.1,na,Aspergillus coremiiformis
GCA_012184295.1,Dactylella cylindrospora,Y,assembly_exact,fungi,Scaffold,GCA_012184295.1,na,Dactylella cylindrospora
GCA_016584495.1,Celoporthe dispersa,Y,assembly_exact,fungi,Contig,GCA_016584495.1,na,Celoporthe dispersa
GCA_016758765.1,Suillus cothurnatus,Y,assembly_exact,fungi,Contig,GCA_016758765.1,na,Suillus cothurnatus
GCA_017139545.1,Ambrosiella cleistominuta,Y,assembly_exact,fungi,Scaffold,GCA_017139545.1,na,Ambrosiella cleistominuta
GCA_017301755.1,Pneumocystis wakefieldiae,Y,assembly_exact,fungi,Complete Genome,GCA_017301755.1,na,Pneumocystis wakefieldiae
GCA_018857265.1,Termitomyces sp. T32_za158,Y,assembly_exact,fungi,Scaffold,GCA_018857265.1,na,Termitomyces sp. T32_za158
GCA_021730345.1,Fusarium cicatricum,Y,assembly_exact,fungi,Scaffold,GCA_021730345.1,na,Fusarium cicatricum
GCA_022432395.1,Pestalotiopsis sp. NC0098,Y,assembly_exact,fungi,Contig,GCA_022432395.1,na,Pestalotiopsis sp. NC0098
GCA_023212645.1,Farysia itapuensis,Y,assembly_exact,fungi,Scaffold,GCA_023212645.1,na,Farysia itapuensis
GCA_023628415.1,Hypoxylon sp. PDH2405,Y,assembly_exact,fungi,Scaffold,GCA_023628415.1,na,Hypoxylon sp. PDH2405
GCA_024339985.1,Tolypocladium endophyticum,Y,assembly_exact,fungi,Scaffold,GCA_024339985.1,na,Tolypocladium endophyticum
GCA_024611085.1,Exophiala sp. LBMH1013,Y,assembly_exact,fungi,Contig,GCA_024611085.1,na,Exophiala sp. LBMH1013
GCA_026725115.1,Cercospora janseana,Y,assembly_exact,fungi,Chromosome,GCA_026725115.1,na,Cercospora janseana
GCA_027578455.1,Coemansia sp. RSA 2052,Y,assembly_exact,fungi,Scaffold,GCA_027578455.1,na,Coemansia sp. RSA 2052
GCA_027579375.1,Coemansia aciculifera,Y,assembly_exact,fungi,Scaffold,GCA_027579375.1,na,Coemansia aciculifera
GCA_027595885.1,Globomyces sp. JEL0801,Y,assembly_exact,fungi,Contig,GCA_027595885.1,na,Globomyces sp. JEL0801
GCA_027946365.1,Kalmusia sp. IMI 367209,Y,assembly_exact,fungi,Contig,GCA_027946365.1,na,Kalmusia sp. IMI 367209
GCA_028565235.1,Hypoxylon lenormandii,Y,assembly_exact,fungi,Scaffold,GCA_028565235.1,na,Hypoxylon lenormandii
GCA_030555865.1,Ogataea corticis,Y,assembly_exact,fungi,Scaffold,GCA_030555865.1,na,Ogataea corticis
GCA_030557565.1,Tetrapisispora arboricola,Y,assembly_exact,fungi,Scaffold,GCA_030557565.1,na,Tetrapisispora arboricola
GCA_030560805.1,[Candida] palmioleophila,Y,assembly_exact,fungi,Scaffold,GCA_030560805.1,na,Suzukiozyma palmioleophila
GCA_030562905.1,Tanozyma kutaoensis,Y,assembly_exact,fungi,Scaffold,GCA_030562905.1,na,Tanozyma kutaoensis
GCA_030567475.1,Ambrosiozyma angophorae,Y,assembly_exact,fungi,Scaffold,GCA_030567475.1,na,Ambrosiozyma angophorae
GCA_030579535.1,Saturnispora saitoi,Y,assembly_exact,fungi,Scaffold,GCA_030579535.1,na,Saturnispora saitoi
GCA_036172615.1,Curvularia verruculosa,Y,assembly_exact,fungi,Contig,GCA_036172615.1,na,Curvularia verruculosa
GCA_038088975.1,Xerocomus cyaneibrunnescens,Y,assembly_exact,fungi,Scaffold,GCA_038088975.1,na,Xerocomus cyaneibrunnescens
GCA_038089055.1,Tylopilus aff. balloui,Y,assembly_exact,fungi,Scaffold,GCA_038089055.1,na,Tylopilus aff. balloui
GCA_038091015.1,Boletus vermiculosoides,Y,assembly_exact,fungi,Scaffold,GCA_038091015.1,na,Boletus vermiculosoides
GCA_039880735.1,Diaporthe australafricana,Y,assembly_exact,fungi,Contig,GCA_039880735.1,na,Diaporthe australafricana
GCA_963674455.1,Lecanosticta acicola,Y,name_exact,fungi,,,,Lecanosticta acicola
GCF_000027005.1,Komagataella phaffii,Y,assembly_exact,fungi,Chromosome,GCA_000027005.1,GCF_000027005.1,Komagataella phaffii GS115
GCF_003184755.1,Aspergillus piperis,Y,assembly_exact,fungi,Scaffold,GCA_003184755.1,GCF_003184755.1,Aspergillus piperis CBS 112811
GCF_013396075.1,Fusarium subglutinans,Y,assembly_exact,fungi,Contig,GCA_013396075.1,GCF_013396075.1,Fusarium subglutinans
GCF_014898465.1,Botrytis porri,Y,assembly_exact,fungi,Contig,GCA_014898465.1,GCF_014898465.1,Botrytis porri
GCF_024628925.1,Candida margitis,Y,assembly_exact,fungi,Scaffold,GCA_024628925.1,GCF_024628925.1,Lodderomyces margitis
GCF_900519145.1,Ustilago hordei,Y,name_exact,fungi,,,,Ustilago hordei
GCA_001721665.1,Trichoderma pleuroti,Y,assembly_exact,fungi,Contig,GCA_001721665.1,na,Trichoderma pleuroti
GCA_002261195.1,Bifiguratus adelaidae,Y,assembly_exact,fungi,Scaffold,GCA_002261195.1,na,Bifiguratus adelaidae
GCA_003004525.2,Aspergillus sp. MA 6038,Y,assembly_exact,fungi,Contig,GCA_003004525.2,na,Aspergillus sp. MA 6038
GCA_003316125.1,Auricularia polytricha,Y,assembly_exact,fungi,Scaffold,GCA_003316125.1,na,Auricularia polytricha
GCA_003501895.1,Phaeosphaeria sp. A1 3.1a,Y,assembly_exact,fungi,Scaffold,GCA_003501895.1,na,Phaeosphaeria sp. A1 3.1a
GCA_003676015.1,Meyerozyma sp. JA9,Y,assembly_exact,fungi,Scaffold,GCA_003676015.1,na,Meyerozyma sp. JA9
GCA_003706535.2,Teunomyces kruisii,Y,assembly_exact,fungi,Scaffold,GCA_003706535.2,na,Teunomyces kruisii
GCA_003708095.3,Saturnispora dispora,Y,assembly_exact,fungi,Scaffold,GCA_003708095.3,na,Saturnispora dispora
GCA_003708355.3,Cyberlindnera maclurae,Y,assembly_exact,fungi,Scaffold,GCA_003708355.3,na,Williopsis maclurae
GCA_003719415.1,Aspergillus olivimuriae,Y,assembly_exact,fungi,Scaffold,GCA_003719415.1,na,Aspergillus olivimuriae
GCA_003795295.1,Cytospora leucostoma,Y,assembly_exact,fungi,Scaffold,GCA_003795295.1,na,Cytospora leucostoma
GCA_005406065.1,Metschnikowia sp. JCM 33374,Y,assembly_exact,fungi,Contig,GCA_005406065.1,na,Metschnikowia sp. JCM 33374
GCA_010093895.1,Myriangium duriaei,Y,assembly_exact,fungi,Scaffold,GCA_010093895.1,na,Myriangium duriaei CBS 260.36
GCA_010093925.1,Zopfia rhizophila,Y,assembly_exact,fungi,Scaffold,GCA_010093925.1,na,Zopfia rhizophila CBS 207.26
GCA_011057905.1,Xylaria multiplex,Y,assembly_exact,fungi,Contig,GCA_011057905.1,na,Xylaria multiplex
GCA_013461505.1,Ramularia coccinea,Y,assembly_exact,fungi,Contig,GCA_013461505.1,na,Ramularia coccinea
GCA_014898485.2,Botrytis squamosa,Y,assembly_exact,fungi,Contig,GCA_014898485.2,na,Botrytis squamosa
GCA_015951145.1,Cronartium quercuum,Y,assembly_exact,fungi,Scaffold,GCA_015951145.1,na,Cronartium quercuum f. sp. fusiforme G11
GCA_017163955.1,Apiospora koreana,Y,assembly_exact,fungi,Contig,GCA_017163955.1,na,Apiospora koreana
GCA_017309295.1,Nakaseomyces nivariensis,Y,assembly_exact,fungi,Contig,GCA_017309295.1,na,Nakaseomyces nivariensis
GCA_019828575.1,Talaromyces thailandensis,Y,assembly_exact,fungi,Scaffold,GCA_019828575.1,na,Talaromyces thailandensis
GCA_020744425.1,Dactylonectria macrodidyma,Y,assembly_exact,fungi,Contig,GCA_020744425.1,na,Dactylonectria macrodidyma
GCA_020826765.1,Teratosphaeria viscida,Y,assembly_exact,fungi,Scaffold,GCA_020826765.1,na,Teratosphaeria viscida
GCA_022592445.1,Cytidiella melzeri,Y,assembly_exact,fungi,Contig,GCA_022592445.1,na,Cytidiella melzeri
GCA_023510015.1,Pestalotiopsis sp. LF_19_12,Y,assembly_exact,fungi,Contig,GCA_023510015.1,na,Pestalotiopsis sp. LF_19_12
GCA_023515795.1,Amoeboaphelidium occidentale,Y,assembly_exact,fungi,Scaffold,GCA_023515795.1,na,Amoeboaphelidium occidentale
GCA_023629975.1,Cutaneotrichosporon sp. PL3408A,Y,assembly_exact,fungi,Scaffold,GCA_023629975.1,na,Cutaneotrichosporon sp. PL3408A
GCA_023848595.1,Aureobasidium sp. EXF-10727,Y,assembly_exact,fungi,Contig,GCA_023848595.1,na,Aureobasidium sp. EXF-10727
GCA_024340765.1,Tolypocladium cylindrosporum,Y,assembly_exact,fungi,Scaffold,GCA_024340765.1,na,Tolypocladium cylindrosporum
GCA_027577595.1,Coemansia sp. RSA 487,Y,assembly_exact,fungi,Scaffold,GCA_027577595.1,na,Coemansia sp. RSA 487
GCA_027946375.1,Neodidymelliopsis sp. IMI 364377,Y,assembly_exact,fungi,Contig,GCA_027946375.1,na,Neodidymelliopsis sp. IMI 364377
GCA_030549175.1,Lasiosphaeris hirsuta,Y,assembly_exact,fungi,Contig,GCA_030549175.1,na,Lasiosphaeris hirsuta
GCA_030556895.1,Kodamaea jinghongensis,Y,assembly_exact,fungi,Scaffold,GCA_030556895.1,na,Kodamaea jinghongensis
GCA_030558205.1,Kodamaea kaohsiungensis (nom. inval.),Y,assembly_exact,fungi,Scaffold,GCA_030558205.1,na,Kodamaea kaohsiungensis (nom. inval.)
GCA_030563805.1,[Candida] namnaoensis,Y,assembly_exact,fungi,Scaffold,GCA_030563805.1,na,Ruyongia namnaoensis
GCA_030568295.1,Myxozyma neotropica,Y,assembly_exact,fungi,Scaffold,GCA_030568295.1,na,Myxozyma neotropica
GCA_030570755.1,[Candida] methanosorbosa,Y,assembly_exact,fungi,Scaffold,GCA_030570755.1,na,Wenyingozyma methanosorbosa
GCA_030574495.1,Trigonopsis cantarellii,Y,assembly_exact,fungi,Scaffold,GCA_030574495.1,na,Trigonopsis cantarellii
GCA_030574555.1,Tortispora phaffii,Y,assembly_exact,fungi,Scaffold,GCA_030574555.1,na,Tortispora phaffii
GCA_030674695.1,Diutina mesorugosa,Y,assembly_exact,fungi,Scaffold,GCA_030674695.1,na,Diutina mesorugosa
GCA_031472005.1,Tetracladium setigerum,Y,assembly_exact,fungi,Scaffold,GCA_031472005.1,na,Tetracladium setigerum
GCA_036851105.1,Colletotrichum tabaci,Y,assembly_exact,fungi,Contig,GCA_036851105.1,na,Colletotrichum tabaci
GCA_038088675.1,Xanthoconium separans,Y,assembly_exact,fungi,Scaffold,GCA_038088675.1,na,Xanthoconium separans
GCA_038093355.1,Boletus calvinii,Y,assembly_exact,fungi,Scaffold,GCA_038093355.1,na,Boletus calvinii
GCA_038406795.1,Ceratocystis diversiconidia,Y,assembly_exact,fungi,Contig,GCA_038406795.1,na,Ceratocystis diversiconidia
GCA_038501195.1,Nemania diffusa,Y,assembly_exact,fungi,Contig,GCA_038501195.1,na,Nemania diffusa
GCF_000230375.1,Plenodomus lingam,Y,assembly_exact,fungi,Scaffold,GCA_000230375.1,GCF_000230375.1,Plenodomus lingam JN3
GCF_000298775.1,Drepanopeziza brunnea,Y,assembly_exact,fungi,Scaffold,GCA_000298775.1,GCF_000298775.1,Drepanopeziza brunnea f. sp. 'multigermtubi' MB_m1
GCF_019207475.1,Ogataea angusta,Y,assembly_exact,fungi,Contig,GCA_019207475.1,GCF_019207475.1,Ogataea angusta
GCF_019915245.1,Fusarium musae,Y,assembly_exact,fungi,Chromosome,GCA_019915245.1,GCF_019915245.1,Fusarium musae
GCF_022497035.1,Daldinia vernicosa,Y,assembly_exact,fungi,Scaffold,GCA_022497035.1,GCF_022497035.1,Daldinia vernicosa
GCF_035658355.1,Kwoniella shivajii,Y,assembly_exact,fungi,Complete Genome,GCA_035658355.1,GCF_035658355.1,Kwoniella shivajii
GCA_000750925.1,Pseudogymnoascus sp. VKM F-4518 (FW-2643),Y,assembly_exact,fungi,Contig,GCA_000750925.1,na,Pseudogymnoascus sp. VKM F-4518 (FW-2643)
GCA_001566745.1,Conidiobolus coronatus,Y,assembly_exact,fungi,Scaffold,GCA_001566745.1,na,Conidiobolus coronatus NRRL 28638
GCA_001599175.1,Pestalotiopsis sp. JCM 9685,Y,assembly_exact,fungi,Scaffold,GCA_001599175.1,na,Pestalotiopsis sp. JCM 9685
GCA_001632445.1,Peniophora sp. CONT,Y,assembly_exact,fungi,Scaffold,GCA_001632445.1,na,Peniophora sp. CONT
GCA_002099365.1,Phialophora verrucosa,Y,assembly_exact,fungi,Contig,GCA_002099365.1,na,Phialophora verrucosa
GCA_002157015.1,Melampsora aecidioides,Y,assembly_exact,fungi,Scaffold,GCA_002157015.1,na,Melampsora aecidioides
GCA_002682825.1,Neonectria sp. B-13,Y,assembly_exact,fungi,Scaffold,GCA_002682825.1,na,Neonectria sp. B-13
GCA_003055925.1,Escovopsis sp. Ae720,Y,assembly_exact,fungi,Scaffold,GCA_003055925.1,na,Escovopsis sp. Ae720
GCA_003116875.1,Takashimella koratensis,Y,assembly_exact,fungi,Scaffold,GCA_003116875.1,na,Takashimella koratensis
GCA_003316405.1,Thelephora aurantiotincta,Y,assembly_exact,fungi,Scaffold,GCA_003316405.1,na,Thelephora aurantiotincta
GCA_003415645.1,Articulospora tetracladia,Y,assembly_exact,fungi,Scaffold,GCA_003415645.1,na,Articulospora tetracladia
GCA_003705735.3,Blastobotrys peoriensis,Y,assembly_exact,fungi,Scaffold,GCA_003705735.3,na,Blastobotrys peoriensis
GCA_003709845.1,Chaetothyriales sp. CBS 134916,Y,assembly_exact,fungi,Scaffold,GCA_003709845.1,na,Chaetothyriales sp. CBS 134916
GCA_003788615.2,Terfezia boudieri,Y,assembly_exact,fungi,Scaffold,GCA_003788615.2,na,Terfezia boudieri ATCC MYA-4762
GCA_007026445.1,Schizophyllum amplum,Y,assembly_exact,fungi,Contig,GCA_007026445.1,na,Schizophyllum amplum
GCA_007825375.1,Lachnellula willkommii,Y,assembly_exact,fungi,Contig,GCA_007825375.1,na,Lachnellula willkommii
GCA_009193545.1,Aspergillus arachidicola,Y,assembly_exact,fungi,Scaffold,GCA_009193545.1,na,Aspergillus arachidicola
GCA_010015875.1,Fusarium haematococcum,Y,assembly_exact,fungi,Scaffold,GCA_010015875.1,na,Fusarium haematococcum
GCA_013186415.1,Fusarium sp. NRRL 66088,Y,assembly_exact,fungi,Scaffold,GCA_013186415.1,na,Fusarium sp. NRRL 66088
GCA_013623665.1,Fusarium sublunatum,Y,assembly_exact,fungi,Scaffold,GCA_013623665.1,na,Fusarium sublunatum
GCA_015585785.1,Penicillium dipodomyicola,Y,assembly_exact,fungi,Scaffold,GCA_015585785.1,na,Penicillium dipodomyicola
GCA_019721455.1,Psilocybe mexicana,Y,assembly_exact,fungi,Scaffold,GCA_019721455.1,na,Psilocybe mexicana
GCA_022559915.2,Septoria petroselini,Y,assembly_exact,fungi,Scaffold,GCA_022559915.2,na,Septoria petroselini
GCA_022578765.1,Xylaria sp. FL0933,Y,assembly_exact,fungi,Scaffold,GCA_022578765.1,na,Xylaria sp. FL0933
GCA_023014455.1,Amanita exitialis,Y,assembly_exact,fungi,Scaffold,GCA_023014455.1,na,Amanita exitialis
GCA_023626555.1,Penicillium sp. PF2412A,Y,assembly_exact,fungi,Scaffold,GCA_023626555.1,na,Penicillium sp. PF2412A
GCA_025328345.1,Colletotrichum sp. SAR11_59,Y,assembly_exact,fungi,Scaffold,GCA_025328345.1,na,Colletotrichum sp. SAR11_59
GCA_026937265.1,Coelomomyces lativittatus,Y,assembly_exact,fungi,Scaffold,GCA_026937265.1,na,Coelomomyces lativittatus
GCA_027569145.1,Aspergillus funiculosus,Y,assembly_exact,fungi,Contig,GCA_027569145.1,na,Aspergillus funiculosus
GCA_028637635.1,Xylariaceae sp. X802,Y,assembly_exact,fungi,Contig,GCA_028637635.1,na,Xylariaceae sp. X802
GCA_028637755.1,Xylariaceae sp. X170,Y,assembly_exact,fungi,Scaffold,GCA_028637755.1,na,Xylariaceae sp. X170
GCA_029952725.1,Salmacisia buchloeana,Y,assembly_exact,fungi,Complete Genome,GCA_029952725.1,na,Salmacisia buchloeana
GCA_030571835.1,Yamadazyma dushanensis,Y,assembly_exact,fungi,Scaffold,GCA_030571835.1,na,Yamadazyma dushanensis
GCA_030575175.1,Sugiyamaella novakii,Y,assembly_exact,fungi,Scaffold,GCA_030575175.1,na,Sugiyamaella novakii
GCA_031081795.1,Debaryomyces singareniensis,Y,assembly_exact,fungi,Scaffold,GCA_031081795.1,na,Debaryomyces singareniensis
GCA_037951595.1,[Candida] sonorensis,Y,assembly_exact,fungi,Contig,GCA_037951595.1,na,Ogataea sonorensis
GCA_038089075.1,Singerocomus inundabilis,Y,assembly_exact,fungi,Scaffold,GCA_038089075.1,na,Singerocomus inundabilis
GCA_038089475.1,Boletus aff. vermiculosoides,Y,assembly_exact,fungi,Scaffold,GCA_038089475.1,na,Boletus aff. vermiculosoides
GCA_038089735.1,Exsudoporus frostii,Y,assembly_exact,fungi,Scaffold,GCA_038089735.1,na,Exsudoporus frostii
GCA_038090955.1,Xerocomellus intermedius,Y,assembly_exact,fungi,Scaffold,GCA_038090955.1,na,Xerocomellus intermedius
GCA_038093995.1,Tylopilus aff. callainus,Y,assembly_exact,fungi,Scaffold,GCA_038093995.1,na,Tylopilus aff. callainus
GCF_001642475.1,Fonsecaea monophora,Y,assembly_exact,fungi,Contig,GCA_001642475.1,GCF_001642475.1,Fonsecaea monophora
GCF_001653265.1,Purpureocillium lilacinum,Y,assembly_exact,fungi,Scaffold,GCA_001653265.1,GCF_001653265.1,Purpureocillium lilacinum
GCF_004154835.1,Alternaria arborescens,Y,assembly_exact,fungi,Scaffold,GCA_004154835.1,GCF_004154835.1,Alternaria arborescens
GCF_022605165.1,Purpureocillium takamizusanense,Y,assembly_exact,fungi,Complete Genome,GCA_022605165.1,GCF_022605165.1,Purpureocillium takamizusanense
GCF_022829205.1,Neoarthrinium moseri,Y,assembly_exact,fungi,Scaffold,GCA_022829205.1,GCF_022829205.1,Neoarthrinium moseri
GCF_023757985.1,Alternaria ethzedia,Y,assembly_exact,fungi,Scaffold,GCA_023757985.1,GCF_023757985.1,Alternaria ethzedia
GCF_028826845.1,Penicillium canariense,Y,assembly_exact,fungi,Contig,GCA_028826845.1,GCF_028826845.1,Penicillium canariense
GCA_001600595.1,Apiotrichum veenhuisii,Y,assembly_exact,fungi,Scaffold,GCA_001600595.1,na,Apiotrichum veenhuisii
GCA_002077045.2,Rachicladosporium sp. CCFEE 5018,Y,assembly_exact,fungi,Scaffold,GCA_002077045.2,na,Rachicladosporium sp. CCFEE 5018
GCA_002179835.1,Calonectria leucothoes,Y,assembly_exact,fungi,Scaffold,GCA_002179835.1,na,Calonectria leucothoes
GCA_002564235.1,Saccharomycopsis fodiens,Y,assembly_exact,fungi,Scaffold,GCA_002564235.1,na,Saccharomycopsis fodiens
GCA_003008705.1,Pezicula radicicola,Y,assembly_exact,fungi,Scaffold,GCA_003008705.1,na,Pezicula radicicola
GCA_003339455.1,Ophiocordyceps camponoti-leonardi (nom. inval.),Y,assembly_exact,fungi,Scaffold,GCA_003339455.1,na,Ophiocordyceps camponoti-leonardi (nom. inval.)
GCA_004125185.1,Starmerella vaccinii,Y,assembly_exact,fungi,Scaffold,GCA_004125185.1,na,Entelexis vaccinii
GCA_005059865.1,Friedmanniomyces simplex,Y,assembly_exact,fungi,Scaffold,GCA_005059865.1,na,Friedmanniomyces simplex
GCA_009805285.1,Neurospora terricola,Y,assembly_exact,fungi,Scaffold,GCA_009805285.1,na,Neurospora terricola FGSC 1889
GCA_016098005.1,Podila minutissima,Y,assembly_exact,fungi,Scaffold,GCA_016098005.1,na,Podila minutissima
GCA_017654735.1,Vishniacozyma victoriae,Y,assembly_exact,fungi,Contig,GCA_017654735.1,na,Vishniacozyma victoriae
GCA_017657315.1,Termitomyces sp. K1Ag,Y,assembly_exact,fungi,Scaffold,GCA_017657315.1,na,Termitomyces sp. K1Ag
GCA_019359905.1,Candida africana,Y,assembly_exact,fungi,Scaffold,GCA_019359905.1,na,Candida africana
GCA_020615375.1,Aspergillus sp. ADI1,Y,assembly_exact,fungi,Contig,GCA_020615375.1,na,Aspergillus sp. ADI1
GCA_020744225.1,Paraphoma chrysanthemicola,Y,assembly_exact,fungi,Contig,GCA_020744225.1,na,Paraphoma chrysanthemicola
GCA_021030915.1,Astrothelium macrocarpum,Y,assembly_exact,fungi,Scaffold,GCA_021030915.1,na,Astrothelium macrocarpum
GCA_021432625.1,Leptodontidium sp. 2 PMI_412,Y,assembly_exact,fungi,Scaffold,GCA_021432625.1,na,Leptodontidium sp. 2 PMI_412
GCA_022495115.1,Xylaria castorea,Y,assembly_exact,fungi,Scaffold,GCA_022495115.1,na,Xylaria castorea
GCA_022559985.1,Parastagonospora avenae,Y,assembly_exact,fungi,Scaffold,GCA_022559985.1,na,Parastagonospora avenae f. sp. tritici 18332-5
GCA_022578575.1,Hypoxylon sp. FL0543,Y,assembly_exact,fungi,Scaffold,GCA_022578575.1,na,Hypoxylon sp. FL0543
GCA_023522825.1,Diaporthe ampelina,Y,assembly_exact,fungi,Contig,GCA_023522825.1,na,Diaporthe ampelina
GCA_023629715.1,Wickerhamomyces sp. PG4208,Y,assembly_exact,fungi,Scaffold,GCA_023629715.1,na,Wickerhamomyces sp. PG4208
GCA_023701735.1,Pestalotiopsis sp. 9143b,Y,assembly_exact,fungi,Scaffold,GCA_023701735.1,na,Pestalotiopsis sp. 9143b
GCA_025093555.1,Circinella umbellata,Y,assembly_exact,fungi,Contig,GCA_025093555.1,na,Circinella umbellata
GCA_025201345.1,Thamnidium elegans,Y,assembly_exact,fungi,Contig,GCA_025201345.1,na,Thamnidium elegans
GCA_025389075.1,Sclerotinia minor,Y,assembly_exact,fungi,Contig,GCA_025389075.1,na,Sclerotinia minor
GCA_027577835.1,Coemansia sp. RSA 2705,Y,assembly_exact,fungi,Scaffold,GCA_027577835.1,na,Coemansia sp. RSA 2705
GCA_027604365.1,Rhizoclosmatium sp. JEL0117,Y,assembly_exact,fungi,Contig,GCA_027604365.1,na,Rhizoclosmatium sp. JEL0117
GCA_027919835.1,Lentinula raphanica,Y,assembly_exact,fungi,Contig,GCA_027919835.1,na,Lentinula raphanica
GCA_029298765.1,Ophiostoma sp. 15807,Y,assembly_exact,fungi,Scaffold,GCA_029298765.1,na,Ophiostoma sp. 15807
GCA_030247875.1,Cladophialophora chaetospira,Y,assembly_exact,fungi,Scaffold,GCA_030247875.1,na,Cladophialophora chaetospira
GCA_030566955.1,[Candida] anutae,Y,assembly_exact,fungi,Scaffold,GCA_030566955.1,na,[Candida] anutae
GCA_030568475.1,Suhomyces choctaworum,Y,assembly_exact,fungi,Contig,GCA_030568475.1,na,Suhomyces choctaworum
GCA_030570475.1,[Candida] dendrica,Y,assembly_exact,fungi,Contig,GCA_030570475.1,na,Liangdongia dendrica
GCA_030570935.1,Geotrichum klebahnii,Y,assembly_exact,fungi,Scaffold,GCA_030570935.1,na,Geotrichum klebahnii
GCA_030580255.1,Yamadazyma sp. yHMH393,Y,assembly_exact,fungi,Scaffold,GCA_030580255.1,na,Yamadazyma sp. yHMH393
GCA_030580295.1,Yamadazyma sp. yHKS699,Y,assembly_exact,fungi,Scaffold,GCA_030580295.1,na,Yamadazyma sp. yHKS699
GCA_032158265.1,Bacidia rubella,Y,assembly_exact,fungi,Scaffold,GCA_032158265.1,na,Bacidia rubella
GCA_032248835.1,Ophiostoma piceae,Y,assembly_exact,fungi,Chromosome,GCA_032248835.1,na,Ophiostoma piceae
GCA_032718865.1,Tilletia caries,Y,assembly_exact,fungi,Scaffold,GCA_032718865.1,na,Tilletia caries
GCA_033296695.1,Staphylotrichum tortipilum,Y,assembly_exact,fungi,Scaffold,GCA_033296695.1,na,Staphylotrichum tortipilum
GCA_035985395.1,Penicillium coffeae,Y,assembly_exact,fungi,Complete Genome,GCA_035985395.1,na,Penicillium coffeae
GCA_036872735.1,Orbilia javanica,Y,assembly_exact,fungi,Contig,GCA_036872735.1,na,Orbilia javanica
GCA_038090155.1,Rossbeevera pachydermis,Y,assembly_exact,fungi,Scaffold,GCA_038090155.1,na,Rossbeevera pachydermis
GCA_931305995.1,Torulaspora indica,Y,name_exact,fungi,,,,Torulaspora indica
GCF_000182965.3,Candida albicans,Y,assembly_exact,fungi,Chromosome,GCA_000182965.3,GCF_000182965.3,Candida albicans SC5314
GCF_000204055.1,Melampsora laricis-populina,Y,assembly_exact,fungi,Scaffold,GCA_000204055.1,GCF_000204055.1,Melampsora larici-populina 98AG31
GCF_000303195.2,Fusarium pseudograminearum,Y,assembly_exact,fungi,Chromosome,GCA_000303195.2,GCF_000303195.2,Fusarium pseudograminearum CS3096
GCF_003184835.1,Aspergillus costaricensis,Y,assembly_exact,fungi,Scaffold,GCA_003184835.1,GCF_003184835.1,Aspergillus costaricaensis CBS 115574
GCF_010093505.1,Neohortaea acidophila,Y,assembly_exact,fungi,Scaffold,GCA_010093505.1,GCF_010093505.1,Neohortaea acidophila
GCF_010093815.1,Pseudovirgaria hyperparasitica,Y,assembly_exact,fungi,Scaffold,GCA_010093815.1,GCF_010093815.1,Pseudovirgaria hyperparasitica
GCF_020536065.1,Ogataea philodendri,Y,assembly_exact,fungi,Scaffold,GCA_020536065.1,GCF_020536065.1,Ogataea philodendri
GCA_000151295.1,Allomyces macrogynus,Y,assembly_exact,fungi,Scaffold,GCA_000151295.1,na,Allomyces macrogynus ATCC 38327
GCA_000464975.1,Cronartium comandrae,Y,assembly_exact,fungi,Scaffold,GCA_000464975.1,na,Cronartium comandrae C4
GCA_000604185.2,Neurospora sublineolata,Y,assembly_exact,fungi,Scaffold,GCA_000604185.2,na,Neurospora sublineolata FGSC 5508
GCA_000765035.1,Trametes cinnabarina,Y,assembly_exact,fungi,Scaffold,GCA_000765035.1,na,Trametes cinnabarina
GCA_000827205.1,Plicatura crispa,Y,assembly_exact,fungi,Scaffold,GCA_000827205.1,na,Plicaturopsis crispa FD-325 SS-3
GCA_001599095.1,Hyphopichia homilentoma,Y,assembly_exact,fungi,Scaffold,GCA_001599095.1,na,Hyphopichia homilentoma
GCA_001658105.1,Rhizopogon vinicolor,Y,assembly_exact,fungi,Scaffold,GCA_001658105.1,na,Rhizopogon vinicolor AM-OR11-026
GCA_002873125.1,Puccinia coronata,Y,assembly_exact,fungi,Contig,GCA_002873125.1,na,Puccinia coronata f. sp. avenae
GCA_003019895.1,Coniella lustricola,Y,assembly_exact,fungi,Scaffold,GCA_003019895.1,na,Coniella lustricola
GCA_003055955.1,Escovopsis sp. AC,Y,assembly_exact,fungi,Scaffold,GCA_003055955.1,na,Escovopsis sp. AC
GCA_003706505.3,Suhomyces pyralidae,Y,assembly_exact,fungi,Contig,GCA_003706505.3,na,Suhomyces pyralidae
GCA_003971905.1,Moniliella sp. 'wahieum',Y,assembly_exact,fungi,Contig,GCA_003971905.1,na,Moniliella sp. 'wahieum'
GCA_004114315.1,Cochlonema odontosperma,Y,assembly_exact,fungi,Scaffold,GCA_004114315.1,na,Cochlonema odontosperma
GCA_011800035.1,Thermochaetoides dissita,Y,assembly_exact,fungi,Contig,GCA_011800035.1,na,Thermochaetoides dissita
GCA_012295335.1,Brettanomyces custersianus,Y,assembly_exact,fungi,Scaffold,GCA_012295335.1,na,Brettanomyces custersianus
GCA_013186855.1,Fusarium ramigenum,Y,assembly_exact,fungi,Scaffold,GCA_013186855.1,na,Fusarium ramigenum
GCA_015039315.1,Clavulina sp. PMI_390,Y,assembly_exact,fungi,Scaffold,GCA_015039315.1,na,Clavulina sp. PMI_390
GCA_015678955.1,Chrysoporthe puriensis,Y,assembly_exact,fungi,Complete Genome,GCA_015678955.1,na,Chrysoporthe puriensis
GCA_016109575.1,Phialophora chinensis,Y,assembly_exact,fungi,Scaffold,GCA_016109575.1,na,Phialophora chinensis
GCA_019627685.1,Serendipita sp. 399,Y,assembly_exact,fungi,Scaffold,GCA_019627685.1,na,Serendipita sp. 399
GCA_020002325.1,Chrysosphaeria jannelii,Y,assembly_exact,fungi,Scaffold,GCA_020002325.1,na,Chrysosphaeria jannelii
GCA_022315425.1,Pseudevernia furfuracea,Y,assembly_exact,fungi,Contig,GCA_022315425.1,na,Pseudevernia furfuracea
GCA_022606055.1,Trametes gibbosa,Y,assembly_exact,fungi,Contig,GCA_022606055.1,na,Trametes gibbosa
GCA_022606255.1,Trametes meyenii,Y,assembly_exact,fungi,Contig,GCA_022606255.1,na,Trametes meyenii
GCA_022813185.1,Floridaphiala radiotolerans,Y,assembly_exact,fungi,Scaffold,GCA_022813185.1,na,Floridaphiala radiotolerans
GCA_024713595.1,Morchella rufobrunnea,Y,assembly_exact,fungi,Scaffold,GCA_024713595.1,na,Morchella rufobrunnea
GCA_027577655.1,Coemansia sp. RSA 454,Y,assembly_exact,fungi,Scaffold,GCA_027577655.1,na,Coemansia sp. RSA 454
GCA_029931735.1,Dactylonectria alcacerensis,Y,assembly_exact,fungi,Scaffold,GCA_029931735.1,na,Dactylonectria alcacerensis
GCA_030370665.1,Hanseniaspora meyeri,Y,assembly_exact,fungi,Complete Genome,GCA_030370665.1,na,Hanseniaspora meyeri
GCA_030411455.1,Arthroderma sp. MBC 290,Y,assembly_exact,fungi,Contig,GCA_030411455.1,na,Arthroderma sp. MBC 290
GCA_030512335.1,Immersiella caudata,Y,assembly_exact,fungi,Contig,GCA_030512335.1,na,Immersiella caudata
GCA_030569695.1,[Candida] vaughaniae,Y,assembly_exact,fungi,Scaffold,GCA_030569695.1,na,[Candida] vaughaniae
GCA_030575095.1,Scheffersomyces ergatensis,Y,assembly_exact,fungi,Scaffold,GCA_030575095.1,na,Scheffersomyces ergatensis
GCA_030579375.1,Ogataea populi-albae,Y,assembly_exact,fungi,Scaffold,GCA_030579375.1,na,Ogataea populi-albae
GCA_030582055.1,Wickerhamiella lipophila,Y,assembly_exact,fungi,Scaffold,GCA_030582055.1,na,Wickerhamiella lipophila
GCA_032988205.1,Onygenales sp. PD_40,Y,assembly_exact,fungi,Scaffold,GCA_032988205.1,na,Onygenales sp. PD_40
GCA_036940585.1,Cyathus olla,Y,assembly_exact,fungi,Scaffold,GCA_036940585.1,na,Cyathus olla
GCA_038090415.1,Rossbeevera mucosa,Y,assembly_exact,fungi,Scaffold,GCA_038090415.1,na,Rossbeevera mucosa
GCA_038091595.1,Leccinum subatratum,Y,assembly_exact,fungi,Scaffold,GCA_038091595.1,na,Leccinum subatratum
GCA_038091915.1,Leccinum griseonigrum,Y,assembly_exact,fungi,Scaffold,GCA_038091915.1,na,Leccinum griseonigrum
GCA_038091995.1,Leccinum holopus,Y,assembly_exact,fungi,Scaffold,GCA_038091995.1,na,Leccinum holopus
GCA_039105145.1,Kwoniella newhampshirensis,Y,assembly_exact,fungi,Chromosome,GCA_039105145.1,GCF_039105145.1,Kwoniella newhampshirensis
GCF_000250985.1,Nematocida parisii,Y,assembly_exact,fungi,Scaffold,GCA_000250985.1,GCF_000250985.1,Nematocida parisii ERTm1
GCF_000365145.1,Cyphellophora europaea,Y,assembly_exact,fungi,Scaffold,GCA_000365145.2,GCF_000365145.1,Cyphellophora europaea CBS 101466
GCF_001890805.1,Aspergillus glaucus,Y,assembly_exact,fungi,Scaffold,GCA_001890805.1,GCF_001890805.1,Aspergillus glaucus CBS 516.65
GCF_013396195.1,Fusarium tjaetaba,Y,assembly_exact,fungi,Scaffold,GCA_013396195.1,GCF_013396195.1,Fusarium tjaetaba
GCF_020906515.1,Vanrija pseudolonga,Y,assembly_exact,fungi,Complete Genome,GCA_020906515.1,GCF_020906515.1,Vanrija pseudolonga
GCF_023758085.1,Alternaria hordeiaustralica,Y,assembly_exact,fungi,Scaffold,GCA_023758085.1,GCF_023758085.1,Alternaria hordeiaustralica
GCF_028974065.1,Penicillium cinerascens,Y,assembly_exact,fungi,Contig,GCA_028974065.1,GCF_028974065.1,Penicillium cinerascens
GCA_000733355.1,Falciphora oryzae,Y,assembly_exact,fungi,Scaffold,GCA_000733355.1,na,Falciphora oryzae
GCA_000966885.1,Xylaria sp. JS573,Y,assembly_exact,fungi,Scaffold,GCA_000966885.1,na,Xylaria sp. JS573
GCA_001680515.1,Fusarium phaseoli,Y,assembly_exact,fungi,Contig,GCA_001680515.1,na,Fusarium phaseoli
GCA_001879275.1,Coniochaeta ligniaria,Y,assembly_exact,fungi,Scaffold,GCA_001879275.1,na,Coniochaeta ligniaria NRRL 30616
GCA_002105135.1,Syncephalastrum racemosum,Y,assembly_exact,fungi,Contig,GCA_002105135.1,na,Syncephalastrum racemosum
GCA_002161795.1,Curvularia sp. IFB-Z10,Y,assembly_exact,fungi,Scaffold,GCA_002161795.1,na,Curvularia sp. IFB-Z10
GCA_002778055.1,Dryadomyces sulphureus,Y,assembly_exact,fungi,Scaffold,GCA_002778055.1,na,Dryadomyces sulphureus
GCA_002901145.1,Cladosporium cladosporioides,Y,assembly_exact,fungi,Contig,GCA_002901145.1,na,Cladosporium cladosporioides
GCA_003004685.1,Pseudozyma sp. F8B2,Y,assembly_exact,fungi,Contig,GCA_003004685.1,na,Pseudozyma sp. F8B2
GCA_003314395.1,Albatrellus ellisii,Y,assembly_exact,fungi,Scaffold,GCA_003314395.1,na,Albatrellus ellisii
GCA_003315875.1,Lactifluus piperatus,Y,assembly_exact,fungi,Scaffold,GCA_003315875.1,na,Lactifluus piperatus
GCA_003706395.2,Danielozyma ontarioensis,Y,assembly_exact,fungi,Contig,GCA_003706395.2,na,Danielozyma ontarioensis
GCA_003717275.1,Protomyces pachydermus,Y,assembly_exact,fungi,Contig,GCA_003717275.1,na,Protomyces pachydermus
GCA_004369125.1,Pterulicium gracile,Y,assembly_exact,fungi,Scaffold,GCA_004369125.1,na,Pterulicium gracile
GCA_004380135.1,Stemphylium vesicarium,Y,assembly_exact,fungi,Scaffold,GCA_004380135.1,na,Stemphylium vesicarium
GCA_005059885.1,Salinomyces thailandicus,Y,assembly_exact,fungi,Scaffold,GCA_005059885.1,na,Salinomyces thailandicus
GCA_008271525.1,Sarocladium brachiariae,Y,assembly_exact,fungi,Contig,GCA_008271525.1,na,Sarocladium brachiariae
GCA_010093515.1,Lineolata rhizophorae,Y,assembly_exact,fungi,Scaffold,GCA_010093515.1,na,Lineolata rhizophorae
GCA_011058905.1,Curvularia kusanoi,Y,assembly_exact,fungi,Scaffold,GCA_011058905.1,na,Curvularia kusanoi
GCA_013365235.1,Cercospora sesami,Y,assembly_exact,fungi,Scaffold,GCA_013365235.1,na,Cercospora sesami
GCA_013461525.1,Naganishia randhawae,Y,assembly_exact,fungi,Contig,GCA_013461525.1,na,Naganishia randhawae
GCA_018221655.1,Myochromella boudieri,Y,assembly_exact,fungi,Scaffold,GCA_018221655.1,na,Myochromella boudieri
GCA_018524395.1,Podaxis carcinomalis,Y,assembly_exact,fungi,Scaffold,GCA_018524395.1,na,Podaxis carcinomalis
GCA_019775415.1,Penicillium sp. VS I D KN,Y,assembly_exact,fungi,Scaffold,GCA_019775415.1,na,Penicillium sp. VS I D KN
GCA_019775565.1,Melanodothis sp. VS III C KN 2,Y,assembly_exact,fungi,Scaffold,GCA_019775565.1,na,Melanodothis sp. VS III C KN 2
GCA_019925375.1,Sporothrix euskadiensis,Y,assembly_exact,fungi,Scaffold,GCA_019925375.1,na,Sporothrix euskadiensis
GCA_021365335.1,Phaeosphaeriaceae sp. PMI808,Y,assembly_exact,fungi,Contig,GCA_021365335.1,na,Phaeosphaeriaceae sp. PMI808
GCA_022385635.1,Xylaria scruposa,Y,assembly_exact,fungi,Scaffold,GCA_022385635.1,na,Xylaria scruposa
GCA_022432515.1,Hypoxylon sp. NC0597,Y,assembly_exact,fungi,Contig,GCA_022432515.1,na,Hypoxylon sp. NC0597
GCA_022453515.1,Astrocystis sublimbata,Y,assembly_exact,fungi,Contig,GCA_022453515.1,na,Astrocystis sublimbata
GCA_022478985.1,Massospora cicadina,Y,assembly_exact,fungi,Contig,GCA_022478985.1,na,Massospora cicadina
GCA_022813445.1,Neophaeococcomyces aloes,Y,assembly_exact,fungi,Scaffold,GCA_022813445.1,na,Neophaeococcomyces aloes
GCA_024072835.1,Epichloe amarillans,Y,assembly_exact,fungi,Complete Genome,GCA_024072835.1,na,Epichloe amarillans
GCA_024244595.1,Ascosphaera atra,Y,assembly_exact,fungi,Contig,GCA_024244595.1,na,Ascosphaera atra
GCA_024340015.1,Tolypocladium ovalisporum,Y,assembly_exact,fungi,Scaffold,GCA_024340015.1,na,Tolypocladium ovalisporum
GCA_025094155.1,Lichtheimia hyalospora,Y,assembly_exact,fungi,Scaffold,GCA_025094155.1,na,Lichtheimia hyalospora FSU 10163
GCA_025327135.1,Colletotrichum sp. SAR 10_71,Y,assembly_exact,fungi,Scaffold,GCA_025327135.1,na,Colletotrichum sp. SAR 10_71
GCA_025854295.1,Lyophyllum decastes,Y,assembly_exact,fungi,Complete Genome,GCA_025854295.1,na,Lyophyllum decastes
GCA_026538405.1,Cryptococcus sp. GC_Crypt_2,Y,assembly_exact,fungi,Contig,GCA_026538405.1,na,Cryptococcus sp. GC_Crypt_2
GCA_027569235.1,Aspergillus sparsus,Y,assembly_exact,fungi,Contig,GCA_027569235.1,na,Aspergillus sparsus
GCA_027574685.1,Coemansia erecta,Y,assembly_exact,fungi,Contig,GCA_027574685.1,na,Coemansia erecta
GCA_027577555.1,Coemansia sp. RSA 551,Y,assembly_exact,fungi,Scaffold,GCA_027577555.1,na,Coemansia sp. RSA 551
GCA_029289555.1,Mycena latifolia,Y,assembly_exact,fungi,Contig,GCA_029289555.1,na,Mycena latifolia
GCA_030462905.1,Jamesozyma gamospora,Y,assembly_exact,fungi,Scaffold,GCA_030462905.1,na,Jamesozyma gamospora
GCA_030558835.1,Blastobotrys illinoisensis,Y,assembly_exact,fungi,Scaffold,GCA_030558835.1,na,Blastobotrys illinoisensis
GCA_030563965.1,Pichia cactophila,Y,assembly_exact,fungi,Scaffold,GCA_030563965.1,na,Pichia cactophila
GCA_030564365.1,Blastobotrys arbuscula,Y,assembly_exact,fungi,Scaffold,GCA_030564365.1,na,Blastobotrys arbuscula
GCA_030567655.1,Nakazawaea ernobii,Y,assembly_exact,fungi,Scaffold,GCA_030567655.1,na,Nakazawaea ernobii
GCA_030568695.1,Suhomyces wounanorum,Y,assembly_exact,fungi,Scaffold,GCA_030568695.1,na,Suhomyces wounanorum
GCA_030569095.1,Zygoascus tannicola,Y,assembly_exact,fungi,Scaffold,GCA_030569095.1,na,Daia tannicola
GCA_030571865.1,Scheffersomyces parashehatae,Y,assembly_exact,fungi,Scaffold,GCA_030571865.1,na,Scheffersomyces parashehatae
GCA_030574135.1,Cyberlindnera petersonii,Y,assembly_exact,fungi,Scaffold,GCA_030574135.1,na,Petasospora petersonii
GCA_030578175.1,[Candida] santamariae,Y,assembly_exact,fungi,Scaffold,GCA_030578175.1,na,Dujonia santamariae
GCA_030580055.1,Starmera stellimalicola,Y,assembly_exact,fungi,Scaffold,GCA_030580055.1,na,Starmera stellimalicola
GCA_030582095.1,Trigonopsis vinaria,Y,assembly_exact,fungi,Scaffold,GCA_030582095.1,na,Trigonopsis vinaria
GCA_032158125.1,Papiliotrema nemorosa,Y,assembly_exact,fungi,Scaffold,GCA_032158125.1,na,Papiliotrema nemorosa
GCA_037042135.1,Penicillium sp. PG113-03A,Y,assembly_exact,fungi,Scaffold,GCA_037042135.1,na,Penicillium sp. PG113-03A
GCA_037178675.1,Scleroderma bovista,Y,assembly_exact,fungi,Contig,GCA_037178675.1,na,Scleroderma bovista
GCA_038094675.1,Spongispora temasekensis,Y,assembly_exact,fungi,Scaffold,GCA_038094675.1,na,Spongispora temasekensis
GCA_038362585.1,Apiospora marii,Y,assembly_exact,fungi,Contig,GCA_038362585.1,GCF_038362585.1,Apiospora marii
GCA_038407165.1,Ceratocystis variospora,Y,assembly_exact,fungi,Contig,GCA_038407165.1,na,Ceratocystis variospora
GCF_000585565.1,Capronia epimyces,Y,assembly_exact,fungi,Scaffold,GCA_000585565.1,GCF_000585565.1,Capronia epimyces CBS 606.96
GCF_028827025.1,Penicillium cataractarum,Y,assembly_exact,fungi,Contig,GCA_028827025.1,GCF_028827025.1,Penicillium cataractarum
GCA_001599795.1,Exophiala calicioides,Y,assembly_exact,fungi,Scaffold,GCA_001599795.1,na,Exophiala calicioides
GCA_002233555.1,Limonomyces culmigenus,Y,assembly_exact,fungi,Scaffold,GCA_002233555.1,na,Limonomyces culmigenus
GCA_002245345.1,Scheffersomyces stambukii,Y,assembly_exact,fungi,Contig,GCA_002245345.1,na,Scheffersomyces stambukii
GCA_003313425.1,Pseudopyrenochaeta lycopersici,Y,assembly_exact,fungi,Contig,GCA_003313425.1,na,Pseudopyrenochaeta lycopersici
GCA_003614865.1,Arthrocladium fulminans,Y,assembly_exact,fungi,Scaffold,GCA_003614865.1,na,Arthrocladium fulminans
GCA_004379285.1,Botryotinia calthae,Y,assembly_exact,fungi,Scaffold,GCA_004379285.1,na,Botryotinia calthae
GCA_011032825.1,Massariosphaeria phaeospora,Y,assembly_exact,fungi,Contig,GCA_011032825.1,na,Massariosphaeria phaeospora
GCA_013396175.1,Fusarium denticulatum,Y,assembly_exact,fungi,Scaffold,GCA_013396175.1,na,Fusarium denticulatum
GCA_013423325.1,Usnea hakonensis,Y,assembly_exact,fungi,Scaffold,GCA_013423325.1,na,Usnea hakonensis
GCA_015680635.1,Lunasporangiospora selenospora,Y,assembly_exact,fungi,Scaffold,GCA_015680635.1,na,Lunasporangiospora selenospora
GCA_017654865.1,Fusarium sp. FW16.1,Y,assembly_exact,fungi,Scaffold,GCA_017654865.1,na,Fusarium sp. FW16.1
GCA_018855915.1,Tephrocybe sp. NHM501043,Y,assembly_exact,fungi,Scaffold,GCA_018855915.1,na,Tephrocybe sp. NHM501043
GCA_019054645.1,Fusarium sporotrichioides,Y,assembly_exact,fungi,Scaffold,GCA_019054645.1,na,Fusarium sporotrichioides
GCA_019925425.1,Ophiostoma pallidulum,Y,assembly_exact,fungi,Scaffold,GCA_019925425.1,na,Ophiostoma pallidulum
GCA_022179045.1,Colletotrichum liriopes,Y,assembly_exact,fungi,Contig,GCA_022179045.1,na,Colletotrichum liriopes
GCA_022344085.1,Microsporum audouinii,Y,assembly_exact,fungi,Scaffold,GCA_022344085.1,na,Microsporum audouinii
GCA_023212875.1,Komagataella pseudopastoris,Y,assembly_exact,fungi,Contig,GCA_023212875.1,na,Komagataella pseudopastoris
GCA_024139485.1,Backusella psychrophila,Y,assembly_exact,fungi,Scaffold,GCA_024139485.1,na,Backusella psychrophila
GCA_027405785.1,Ophiocordyceps robertsii,Y,assembly_exact,fungi,Contig,GCA_027405785.1,na,Ophiocordyceps robertsii
GCA_027406025.1,Colletotrichum musae,Y,assembly_exact,fungi,Contig,GCA_027406025.1,na,Colletotrichum musae
GCA_027559495.1,Aurifilum marmelostoma,Y,assembly_exact,fungi,Contig,GCA_027559495.1,na,Aurifilum marmelostoma
GCA_027604665.1,Polyrhizophydium stewartii,Y,assembly_versionless,fungi,Contig,GCA_027604665.2,na,Polyrhizophydium stewartii
GCA_028532985.1,Stropharia rugosoannulata,Y,assembly_exact,fungi,Contig,GCA_028532985.1,na,Stropharia rugosoannulata
GCA_028827535.1,Penicillium sp. DV-2018c,Y,assembly_exact,fungi,Contig,GCA_028827535.1,na,Penicillium sp. DV-2018c
GCA_029281405.1,Mycena pura,Y,assembly_exact,fungi,Contig,GCA_029281405.1,na,Mycena pura
GCA_029489945.1,Nigrospora osmanthi,Y,assembly_exact,fungi,Complete Genome,GCA_029489945.1,na,Nigrospora osmanthi
GCA_030556595.1,Debaryomyces udenii,Y,assembly_exact,fungi,Scaffold,GCA_030556595.1,na,Debaryomyces udenii
GCA_030565345.1,Suhomyces coccinellae,Y,assembly_exact,fungi,Scaffold,GCA_030565345.1,na,Suhomyces coccinellae
GCA_030568535.1,Suhomyces anneliseae,Y,assembly_exact,fungi,Scaffold,GCA_030568535.1,na,Suhomyces anneliseae
GCA_030570095.1,Kurtzmaniella quercitrusa,Y,assembly_exact,fungi,Scaffold,GCA_030570095.1,na,Kurtzmaniella quercitrusa
GCA_030571055.1,Yamadazyma sp. yHMH685,Y,assembly_exact,fungi,Scaffold,GCA_030571055.1,na,Yamadazyma sp. yHMH685
GCA_030571235.1,Wickerhamomyces sp. yHMH26,Y,assembly_exact,fungi,Scaffold,GCA_030571235.1,na,Wickerhamomyces sp. yHMH26
GCA_030571955.1,Yamadazyma phyllophila,Y,assembly_exact,fungi,Scaffold,GCA_030571955.1,na,Yamadazyma phyllophila
GCA_030572655.1,Ogataea allantospora,Y,assembly_exact,fungi,Scaffold,GCA_030572655.1,na,Ogataea allantospora
GCA_030572875.1,Wickerhamomyces kurtzmanii,Y,assembly_exact,fungi,Contig,GCA_030572875.1,na,Wickerhamomyces kurtzmanii
GCA_030573315.1,Osmozyma mogii,Y,assembly_exact,fungi,Scaffold,GCA_030573315.1,na,Osmozyma mogii
GCA_030580095.1,Trichomonascus petasosporus,Y,assembly_exact,fungi,Scaffold,GCA_030580095.1,na,Blastobotrys petasosporus
GCA_030581435.1,Saturnispora quitensis,Y,assembly_exact,fungi,Scaffold,GCA_030581435.1,na,Saturnispora quitensis
GCA_030582995.1,Candida maltosa,Y,assembly_exact,fungi,Scaffold,GCA_030582995.1,na,Candida maltosa
GCA_030674515.1,Geotrichum armillariae,Y,assembly_exact,fungi,Scaffold,GCA_030674515.1,na,Geotrichum armillariae
GCA_034406715.1,Rhodotorula mucilaginosa,Y,assembly_exact,fungi,Complete Genome,GCA_034406715.1,na,Rhodotorula mucilaginosa
GCA_036426225.1,Cryptococcus sp. DSM 104548,Y,assembly_exact,fungi,Complete Genome,GCA_036426225.1,na,Cryptococcus sp. DSM 104548
GCA_037179335.1,Cyclaneusma minus,Y,assembly_exact,fungi,Scaffold,GCA_037179335.1,na,Cyclaneusma minus
GCA_038090055.1,Hemileccinum hortonii,Y,assembly_exact,fungi,Scaffold,GCA_038090055.1,na,Hemileccinum hortonii
GCA_900175165.2,Rhizomucor pusillus,Y,name_exact,fungi,,,,Rhizomucor pusillus
GCF_000151645.1,Tuber melanosporum,Y,assembly_exact,fungi,Scaffold,GCA_000151645.1,GCF_000151645.1,Tuber melanosporum
GCF_000209165.1,Scheffersomyces stipitis,Y,assembly_exact,fungi,Chromosome,GCA_000209165.1,GCF_000209165.1,Scheffersomyces stipitis CBS 6054
GCF_001661265.1,Saitoella complicata,Y,assembly_exact,fungi,Scaffold,GCA_001661265.1,GCF_001661265.1,Saitoella complicata NRRL Y-17804
GCF_002102565.1,Kockovaella imperatae,Y,assembly_exact,fungi,Contig,GCA_002102565.1,GCF_002102565.1,Kockovaella imperatae
GCA_000827475.1,Paxillus involutus,Y,assembly_exact,fungi,Scaffold,GCA_000827475.1,na,Paxillus involutus ATCC 200175
GCA_001304625.1,Trametes sp. AH28-2,Y,assembly_exact,fungi,Scaffold,GCA_001304625.1,na,Trametes sp. AH28-2
GCA_001592805.2,Peltaster fructicola,Y,assembly_exact,fungi,Complete Genome,GCA_001592805.2,na,Peltaster fructicola
GCA_001632435.1,Calocera cornea,Y,assembly_exact,fungi,Scaffold,GCA_001632435.1,na,Calocera cornea HHB12733
GCA_002778215.1,Esteya vermicola,Y,assembly_exact,fungi,Contig,GCA_002778215.1,na,Esteya vermicola
GCA_003313785.1,Termitomyces sp. MG148,Y,assembly_exact,fungi,Scaffold,GCA_003313785.1,na,Termitomyces sp. MG148
GCA_003316195.1,Neoboletus brunneissimus,Y,assembly_exact,fungi,Scaffold,GCA_003316195.1,na,Neoboletus brunneissimus
GCA_004216415.1,Aeminium ludgeri,Y,assembly_exact,fungi,Scaffold,GCA_004216415.1,na,Aeminium ludgeri
GCA_004338095.1,Gloeostereum incarnatum,Y,assembly_exact,fungi,Scaffold,GCA_004338095.1,na,Gloeostereum incarnatum
GCA_010994365.1,Saccharomycopsis schoenii,Y,assembly_exact,fungi,Scaffold,GCA_010994365.1,na,Saccharomycopsis schoenii
GCA_013306195.1,Aspergillus latus,Y,assembly_exact,fungi,Scaffold,GCA_013306195.1,na,Aspergillus latus
GCA_014621425.1,Cylindrodendrum hubeiense,Y,assembly_exact,fungi,Scaffold,GCA_014621425.1,na,Cylindrodendrum hubeiense
GCA_014635975.1,Plectosphaerella sp. P0831,Y,assembly_exact,fungi,Scaffold,GCA_014635975.1,na,Plectosphaerella sp. P0831
GCA_014898975.1,Fusarium nodosum,Y,assembly_exact,fungi,Scaffold,GCA_014898975.1,na,Fusarium nodosum
GCA_015178965.1,Russula ochroleuca,Y,assembly_exact,fungi,Contig,GCA_015178965.1,na,Russula ochroleuca
GCA_015501595.1,Hymenopellis radicata,Y,assembly_exact,fungi,Contig,GCA_015501595.1,na,Hymenopellis radicata
GCA_017657125.1,Scopulariopsis brevicaulis,Y,assembly_exact,fungi,Contig,GCA_017657125.1,na,Scopulariopsis brevicaulis
GCA_018524415.1,Podaxis rugospora,Y,assembly_exact,fungi,Contig,GCA_018524415.1,na,Podaxis rugospora
GCA_018831755.1,Niveomyces coronatus,Y,assembly_exact,fungi,Scaffold,GCA_018831755.1,na,Niveomyces coronatus
GCA_019633465.1,Tulasnella sp. 417,Y,assembly_exact,fungi,Scaffold,GCA_019633465.1,na,Tulasnella sp. 417
GCA_022225945.1,Didymella pomorum,Y,assembly_versionless,fungi,Scaffold,GCA_022225945.2,na,Didymella pomorum
GCA_022814545.1,Alternaria angustiovoidea,Y,assembly_exact,fungi,Scaffold,GCA_022814545.1,na,Alternaria angustiovoidea
GCA_025388405.1,Paraconiothyrium brasiliense,Y,assembly_exact,fungi,Contig,GCA_025388405.1,na,Paraconiothyrium brasiliense
GCA_026262445.1,Bipolaris bicolor,Y,assembly_exact,fungi,Scaffold,GCA_026262445.1,na,Bipolaris bicolor
GCA_028828645.1,Rhodotorula sp. PL61-2,Y,assembly_exact,fungi,Scaffold,GCA_028828645.1,na,Rhodotorula sp. PL61-2
GCA_029203975.1,Mycena vitilis,Y,assembly_exact,fungi,Contig,GCA_029203975.1,na,Mycena vitilis
GCA_029405325.1,Claviceps purpurea,Y,assembly_exact,fungi,Chromosome,GCA_029405325.1,na,Claviceps purpurea
GCA_029581775.1,[Candida] boleticola,Y,assembly_exact,fungi,Contig,GCA_029581775.1,na,Dujonia boleticola
GCA_029876055.1,Madurella fahalii,Y,assembly_exact,fungi,Chromosome,GCA_029876055.1,na,Madurella fahalii
GCA_030052785.1,Coniochaeta hoffmannii,Y,assembly_exact,fungi,Scaffold,GCA_030052785.1,na,Coniochaeta hoffmannii
GCA_030557035.1,Saturnispora kantuleensis,Y,assembly_exact,fungi,Scaffold,GCA_030557035.1,na,Saturnispora kantuleensis
GCA_030562885.1,Sungouiella inulinophila,Y,assembly_exact,fungi,Scaffold,GCA_030562885.1,na,Sungouiella inulinophila
GCA_030563345.1,Diutina scorzettiae,Y,assembly_exact,fungi,Scaffold,GCA_030563345.1,na,Diutina scorzettiae
GCA_030568215.1,Lipomyces kockii,Y,assembly_exact,fungi,Scaffold,GCA_030568215.1,na,Lipomyces kockii
GCA_030569675.1,[Candida] ulmi,Y,assembly_exact,fungi,Scaffold,GCA_030569675.1,na,Wickerhamomyces ulmi
GCA_030572135.1,[Candida] alai,Y,assembly_exact,fungi,Scaffold,GCA_030572135.1,na,Intestinozyma alai
GCA_030578775.1,Sugiyamaella chiloensis,Y,assembly_exact,fungi,Scaffold,GCA_030578775.1,na,Sugiyamaella chiloensis
GCA_030580115.1,Kregervanrija pseudodelftensis,Y,assembly_exact,fungi,Scaffold,GCA_030580115.1,na,Kregervanrija pseudodelftensis
GCA_030770535.1,Conidiobolus obscurus,Y,assembly_exact,fungi,Contig,GCA_030770535.1,na,Conidiobolus obscurus
GCA_030789285.1,Arthroderma sp. MBC 929,Y,assembly_exact,fungi,Contig,GCA_030789285.1,na,Arthroderma sp. MBC 929
GCA_035521515.1,Phenoliferia sp. Uapishka_3,Y,assembly_exact,fungi,Scaffold,GCA_035521515.1,na,Phenoliferia sp. Uapishka_3
GCA_038089515.1,Leccinellum crocipodium,Y,assembly_exact,fungi,Scaffold,GCA_038089515.1,na,Leccinellum crocipodium
GCA_038090395.1,Boletales sp. KT-2023a,Y,assembly_exact,fungi,Scaffold,GCA_038090395.1,na,Boletales sp. KT-2023a
GCA_038090555.1,Boletus subcaerulescens,Y,assembly_exact,fungi,Scaffold,GCA_038090555.1,na,Boletus subcaerulescens
GCA_038093095.1,Boletus insuetus,Y,assembly_exact,fungi,Scaffold,GCA_038093095.1,na,Boletus insuetus
GCA_038093235.1,Boletus harrisonii,Y,assembly_exact,fungi,Scaffold,GCA_038093235.1,na,Boletus harrisonii
GCA_038094075.1,Xerocomus spinulosus,Y,assembly_exact,fungi,Scaffold,GCA_038094075.1,na,Xerocomus spinulosus
GCA_900184765.1,Hymenoscyphus fraxineus,Y,name_exact,fungi,,,,Hymenoscyphus fraxineus
GCF_000146915.1,Parastagonospora nodorum,Y,assembly_exact,fungi,Scaffold,GCA_000146915.2,GCF_000146915.1,Parastagonospora nodorum SN15
GCF_001500285.1,Mollisia scopiformis,Y,assembly_exact,fungi,Scaffold,GCA_001500285.1,GCF_001500285.1,Mollisia scopiformis
GCF_003316985.1,Fusarium coffeatum,Y,assembly_exact,fungi,Contig,GCA_003316985.1,GCF_003316985.1,Fusarium coffeatum
GCF_003426965.1,Aspergillus tanneri,Y,assembly_exact,fungi,Contig,GCA_003426965.1,GCF_003426965.1,Aspergillus tanneri
GCF_025024165.1,Kickxella alabastrina,Y,assembly_exact,fungi,Contig,GCA_025024165.1,GCF_025024165.1,Kickxella alabastrina
GCF_035048745.1,Mucor velutinosus,Y,assembly_exact,fungi,Contig,GCA_035048745.1,GCF_035048745.1,Mucor velutinosus
GCF_036872675.1,Lithohypha guttulata,Y,assembly_exact,fungi,Scaffold,GCA_036872675.1,GCF_036872675.1,Lithohypha guttulata
GCA_000320605.2,Gelatoporia subvermispora,Y,assembly_exact,fungi,Scaffold,GCA_000320605.2,na,Gelatoporia subvermispora B
GCA_000743315.1,Lignosus rhinocerus,Y,assembly_exact,fungi,Scaffold,GCA_000743315.1,na,Lignosus rhinocerotis TM02
GCA_001600635.1,Leucosporidium creatinivorum,Y,assembly_exact,fungi,Scaffold,GCA_001600635.1,na,Leucosporidium creatinivorum
GCA_001636815.1,Niveomyces insectorum,Y,assembly_exact,fungi,Scaffold,GCA_001636815.1,na,Niveomyces insectorum RCEF 264
GCA_001950475.1,Trichoderma koningii,Y,assembly_exact,fungi,Scaffold,GCA_001950475.1,na,Trichoderma koningii
GCA_003313825.1,Sarcodon aspratus,Y,assembly_exact,fungi,Scaffold,GCA_003313825.1,na,Sarcodon aspratus
GCA_003665825.1,Microbotryum silenes-acaulis,Y,assembly_exact,fungi,Contig,GCA_003665825.1,na,Microbotryum silenes-acaulis
GCA_003706565.3,Teunomyces gatunensis,Y,assembly_exact,fungi,Contig,GCA_003706565.3,na,Teunomyces gatunensis
GCA_003707595.2,Zygosaccharomyces bisporus,Y,assembly_exact,fungi,Scaffold,GCA_003707595.2,na,Zygosaccharomyces bisporus
GCA_003868215.1,Pseudophaeomoniella oleicola,Y,assembly_exact,fungi,Scaffold,GCA_003868215.1,na,Pseudophaeomoniella oleicola
GCA_004011705.1,Ascochyta lentis,Y,assembly_exact,fungi,Contig,GCA_004011705.1,na,Ascochyta lentis
GCA_009756565.1,Metschnikowia sp. UWOPS 03-167b3,Y,assembly_exact,fungi,Scaffold,GCA_009756565.1,na,Metschnikowia sp. UWOPS 03-167b3
GCA_012184565.1,Aspergillus floridensis,Y,assembly_exact,fungi,Scaffold,GCA_012184565.1,na,Aspergillus floridensis
GCA_013368375.1,Tricholomella constricta,Y,assembly_exact,fungi,Contig,GCA_013368375.1,na,Tricholomella constricta
GCA_015708815.1,Kodamaea anthophila,Y,assembly_exact,fungi,Scaffold,GCA_015708815.1,na,Kodamaea anthophila
GCA_016647755.1,Suillus subluteus,Y,assembly_exact,fungi,Contig,GCA_016647755.1,na,Suillus subluteus
GCA_017499575.1,Sanguinoderma rugosum,Y,assembly_exact,fungi,Contig,GCA_017499575.1,na,Sanguinoderma rugosum
GCA_022496205.1,Gloeopeniophorella convolvens,Y,assembly_exact,fungi,Contig,GCA_022496205.1,na,Gloeopeniophorella convolvens
GCA_022578495.1,Nemania sp. NC0429,Y,assembly_exact,fungi,Scaffold,GCA_022578495.1,na,Nemania sp. NC0429
GCA_022578605.1,Camillea tinctor,Y,assembly_exact,fungi,Scaffold,GCA_022578605.1,na,Camillea tinctor
GCA_022814695.1,Neocatenulostroma microsporum,Y,assembly_exact,fungi,Scaffold,GCA_022814695.1,na,Neocatenulostroma microsporum
GCA_023628855.1,Coniochaeta sp. PK30-01,Y,assembly_exact,fungi,Scaffold,GCA_023628855.1,na,Coniochaeta sp. PK30-01
GCA_024220505.1,Rhizopus arrhizus,Y,assembly_exact,fungi,Contig,GCA_024220505.1,na,Rhizopus arrhizus
GCA_024305745.1,Polyporus tsugae,Y,assembly_exact,fungi,Contig,GCA_024305745.1,na,Polyporus tsugae
GCA_024516215.1,Geopyxis carbonaria,Y,assembly_exact,fungi,Contig,GCA_024516215.1,na,Geopyxis carbonaria
GCA_025605225.1,Geotrichum bryndzae,Y,assembly_exact,fungi,Scaffold,GCA_025605225.1,na,Geotrichum bryndzae
GCA_026538705.1,Aureobasidium sp. GC_Fusr_1,Y,assembly_exact,fungi,Contig,GCA_026538705.1,na,Aureobasidium sp. GC_Fusr_1
GCA_027575335.1,Coemansia sp. RSA 2599,Y,assembly_exact,fungi,Contig,GCA_027575335.1,na,Coemansia sp. RSA 2599
GCA_027578475.1,Coemansia sp. RSA 2607,Y,assembly_exact,fungi,Scaffold,GCA_027578475.1,na,Coemansia sp. RSA 2607
GCA_027579095.1,Coemansia nantahalensis,Y,assembly_exact,fungi,Scaffold,GCA_027579095.1,na,Coemansia nantahalensis
GCA_030462915.1,Cyberlindnera meyerae,Y,assembly_exact,fungi,Scaffold,GCA_030462915.1,na,Petasospora meyerae
GCA_030556435.1,Teunomyces pallodes,Y,assembly_exact,fungi,Scaffold,GCA_030556435.1,na,Teunomyces pallodes
GCA_030563065.1,Cyberlindnera veronae,Y,assembly_exact,fungi,Scaffold,GCA_030563065.1,na,Petasospora veronae
GCA_030563865.1,[Candida] oleophila,Y,assembly_exact,fungi,Scaffold,GCA_030563865.1,na,Dujonia oleophila
GCA_030567715.1,Nakazawaea wyomingensis,Y,assembly_exact,fungi,Scaffold,GCA_030567715.1,na,Nakazawaea wyomingensis
GCA_030572515.1,[Candida] trypodendri,Y,assembly_exact,fungi,Scaffold,GCA_030572515.1,na,[Candida] trypodendri
GCA_030582715.1,Kodamaea sp. yHQL449,Y,assembly_exact,fungi,Scaffold,GCA_030582715.1,na,Kodamaea sp. yHQL449
GCA_030583235.1,Metschnikowia lunata,Y,assembly_exact,fungi,Scaffold,GCA_030583235.1,na,Metschnikowia lunata
GCA_030780425.1,Beauveria varroae,Y,assembly_exact,fungi,Contig,GCA_030780425.1,na,Beauveria varroae
GCA_030849465.1,Moesziomyces globuligerus,Y,assembly_exact,fungi,Contig,GCA_030849465.1,na,Moesziomyces globuligerus
GCA_032357745.1,Camptophora hylomeconis,Y,assembly_exact,fungi,Contig,GCA_032357745.1,na,Camptophora hylomeconis
GCA_033220655.1,Pseudopithomyces chartarum,Y,assembly_exact,fungi,Contig,GCA_033220655.1,na,Pseudopithomyces chartarum
GCA_033296915.1,Triangularia setosa,Y,assembly_exact,fungi,Scaffold,GCA_033296915.1,na,Triangularia setosa
GCA_035521475.1,Tremellales sp. Uapishka_1,Y,assembly_exact,fungi,Scaffold,GCA_035521475.1,na,Tremellales sp. Uapishka_1
GCA_037040985.1,Penicillium glabrum,Y,assembly_exact,fungi,Scaffold,GCA_037040985.1,na,Penicillium glabrum
GCA_037042595.1,Aspergillus sp. DX7217,Y,assembly_exact,fungi,Scaffold,GCA_037042595.1,na,Aspergillus sp. DX7217
GCA_037044905.1,Hortaea werneckii,Y,assembly_exact,fungi,Contig,GCA_037044905.1,na,Hortaea werneckii
GCA_038090115.1,Strobilomyces echinocephalus,Y,assembly_exact,fungi,Scaffold,GCA_038090115.1,na,Strobilomyces echinocephalus
GCA_038092795.1,Boletus rubissimus,Y,assembly_exact,fungi,Scaffold,GCA_038092795.1,na,Boletus rubissimus
GCA_038093135.1,Leccinum longicurvipes,Y,assembly_exact,fungi,Scaffold,GCA_038093135.1,na,Leccinum longicurvipes
GCA_038093615.1,Austroboletus olivaceoglutinosus,Y,assembly_exact,fungi,Scaffold,GCA_038093615.1,na,Austroboletus olivaceoglutinosus
GCA_039105305.1,Apiospora arundinis,Y,assembly_exact,fungi,Contig,GCA_039105305.1,na,Apiospora arundinis
GCA_910592205.1,Paraglomus occultum,Y,name_exact,fungi,,,,Paraglomus occultum
GCF_000003125.1,Talaromyces stipitatus,Y,assembly_exact,fungi,Scaffold,GCA_000003125.1,GCF_000003125.1,Talaromyces stipitatus ATCC 10500
GCF_000003835.1,Clavispora lusitaniae,Y,assembly_exact,fungi,Scaffold,GCA_000003835.1,GCF_000003835.1,Clavispora lusitaniae ATCC 42720
GCF_000187405.1,Metarhizium acridum,Y,assembly_exact,fungi,Scaffold,GCA_000187405.1,GCF_000187405.1,Metarhizium acridum CQMa 102
GCF_000227115.2,Naumovozyma dairenensis,Y,assembly_exact,fungi,Chromosome,GCA_000227115.2,GCF_000227115.2,Naumovozyma dairenensis CBS 421
GCF_001638985.1,Phycomyces blakesleeanus,Y,assembly_exact,fungi,Scaffold,GCA_001638985.2,GCF_001638985.1,Phycomyces blakesleeanus NRRL 1555(-)
GCF_003144205.1,Meira miltonrushii,Y,assembly_exact,fungi,Scaffold,GCA_003144205.1,GCF_003144205.1,Meira miltonrushii
GCF_003851025.1,Sparassis crispa,Y,assembly_exact,fungi,Contig,GCA_003851025.1,GCF_003851025.1,Sparassis crispa
GCF_014066305.1,Letharia columbiana,Y,assembly_exact,fungi,Contig,GCA_014066305.1,GCF_014066305.1,Letharia columbiana
