organism_name,assembly_id
Abeoforma whisleri,GCA_002812265.1
Acanthamoeba astronyxis,GCA_000826245.1
Acanthamoeba castellanii,GCA_000193105.1
Acanthamoeba castellanii,GCA_000826485.1
Acanthamoeba castellanii,GCA_021020595.1
Acanthamoeba castellanii,GCA_021020605.1
Acanthamoeba castellanii,GCA_046056115.1
Acanthamoeba castellanii,GCA_903821525.1
Acanthamoeba castellanii,GCA_937900865.1
Acanthamoeba castellanii str. Neff,GCA_000313135.1
Acanthamoeba comandoni,GCA_002025285.2
Acanthamoeba culbertsoni,GCA_000826265.1
Acanthamoeba divionensis,GCA_000826405.1
Acanthamoeba griffini,GCA_046056075.1
Acanthamoeba healyi,GCA_000826305.1
Acanthamoeba lenticulata,GCA_000826285.1
Acanthamoeba lenticulata,GCA_002105255.2
Acanthamoeba lenticulata,GCA_002179805.1
Acanthamoeba lugdunensis,GCA_000826425.1
Acanthamoeba mauritaniensis,GCA_000826465.1
Acanthamoeba palestinensis,GCA_000826325.1
Acanthamoeba pearcei,GCA_000826505.1
Acanthamoeba polyphaga,GCA_000826345.1
Acanthamoeba polyphaga,GCA_001567625.1
Acanthamoeba quina,GCA_000826445.1
Acanthamoeba rhysodes,GCA_000826385.1
Acanthamoeba royreba,GCA_000826365.1
Acanthamoeba sp. GP39-C1,GCA_978143355.1
Acanthamoeba sp. SK_2022a,GCA_027943295.1
Acanthamoeba sp. SK_2022b,GCA_027943245.1
Acanthamoeba sp. SK_2022c,GCA_027944975.1
Acanthamoeba terricola,GCA_046055985.1
Acanthamoeba triangularis,GCA_902749335.1
Acanthophora spicifera,GCA_043090175.1
Achlya hypogyna,GCA_002081595.1
Acrasis kona,GCA_026419775.2
Actinocyclus actinochilus,GCA_056152665.1
Acytostelium leptosomum,GCA_900092245.1
Acytostelium subglobosum LB1,GCA_000787575.2
Aduncisulcus paluster,GCA_024181965.1
Agarophyton chilense,GCA_030374765.1
Agarophyton chilense,GCA_965643885.1
Alaria marginata,GCA_037833945.1
Alaria nana,GCA_040966275.1
Albugo candida,GCA_000313105.1
Albugo candida,GCA_000326045.1
Albugo candida,GCA_000326065.1
Albugo candida,GCA_000961115.1
Albugo candida,GCA_001078535.1
Albugo candida,GCA_001306755.1
Albugo candida,GCA_001306775.1
Albugo candida,GCA_038020745.1
Albugo candida,GCA_040437565.1
Albugo candida,GCA_905220665.1
Albugo candida 2VRR,GCA_020283525.1
Albugo laibachii,GCA_902706625.1
Alsidium corallinum,GCA_980437035.1
Amoebidium appalachense,GCA_963693365.1
Amoebophrya sp. A120,GCA_905178155.1
Amoebophrya sp. A25,GCA_905178165.1
Amoebophrya sp. AT5.2,GCA_005223375.1
Amoebophrya sp. ex Karlodinium veneficum,GCA_047430905.1
Amorphochlora amoebiformis,GCA_054601695.1
Amphidinium carterae,GCA_019702695.1
Amphidinium carterae,GCA_051942585.1
Amphiroa fragilissima,GCA_040437705.1
Anaeramoeba flamelloides,GCA_027625915.1
Anaeramoeba flamelloides,GCA_028892595.1
Anaeramoeba ignava,GCA_028826165.1
Andalucia godoyi,GCA_009859145.1
Angomonas ambiguus,GCA_019695575.1
Angomonas deanei,GCA_000442575.2
Angomonas deanei,GCA_000482225.1
Angomonas deanei,GCA_001659865.1
Angomonas deanei,GCA_903995115.1
Angomonas desouzai,GCA_000482185.1
Aphanomyces astaci,GCA_000520075.1
Aphanomyces astaci,GCA_002197585.2
Aphanomyces astaci,GCA_003546545.1
Aphanomyces astaci,GCA_003546565.1
Aphanomyces astaci,GCA_003546585.1
Aphanomyces astaci,GCA_003546605.1
Aphanomyces astaci,GCA_003546625.1
Aphanomyces astaci,GCA_003546765.1
Aphanomyces astaci,GCA_003546785.1
Aphanomyces astaci,GCA_003546805.1
Aphanomyces astaci,GCA_003546825.1
Aphanomyces astaci,GCA_003666305.1
Aphanomyces astaci,GCA_009835205.1
Aphanomyces astaci,GCA_900243735.1
Aphanomyces cochlioides,GCA_019828595.1
Aphanomyces euteiches,GCA_009835175.1
Aphanomyces euteiches,GCA_021527665.1
Aphanomyces euteiches,GCA_021527685.1
Aphanomyces euteiches,GCA_021527745.1
Aphanomyces euteiches,GCA_021527785.1
Aphanomyces euteiches,GCA_021527805.1
Aphanomyces euteiches,GCA_900312765.1
Aphanomyces euteiches,GCA_963681205.1
Aphanomyces euteiches,GCA_963681215.1
Aphanomyces euteiches,GCA_963681225.1
Aphanomyces euteiches,GCA_963681235.1
Aphanomyces euteiches,GCA_963681245.1
Aphanomyces euteiches,GCA_963681255.1
Aphanomyces euteiches,GCA_963681265.1
Aphanomyces euteiches,GCA_963681275.1
Aphanomyces euteiches,GCA_963681285.1
Aphanomyces euteiches,GCA_963681295.1
Aphanomyces euteiches,GCA_963681305.1
Aphanomyces euteiches,GCA_963681315.1
Aphanomyces euteiches,GCA_963681325.1
Aphanomyces euteiches,GCA_963681335.1
Aphanomyces euteiches,GCA_963681345.1
Aphanomyces euteiches,GCA_963681355.1
Aphanomyces euteiches,GCA_963681365.1
Aphanomyces euteiches,GCA_963681375.1
Aphanomyces euteiches,GCA_963681385.1
Aphanomyces euteiches,GCA_963681395.1
Aphanomyces euteiches,GCA_963681405.1
Aphanomyces euteiches,GCA_963681415.1
Aphanomyces euteiches,GCA_963681425.1
Aphanomyces euteiches,GCA_963681435.1
Aphanomyces euteiches,GCA_963681445.1
Aphanomyces euteiches,GCA_963681455.1
Aphanomyces euteiches,GCA_963681465.1
Aphanomyces euteiches,GCA_963681475.1
Aphanomyces euteiches,GCA_963681485.1
Aphanomyces euteiches,GCA_963681515.1
Aphanomyces euteiches,GCA_963681525.1
Aphanomyces euteiches,GCA_963681555.1
Aphanomyces euteiches,GCA_963681565.1
Aphanomyces euteiches,GCA_963681575.1
Aphanomyces euteiches,GCA_963681585.1
Aphanomyces euteiches,GCA_963681595.1
Aphanomyces euteiches,GCA_963681605.1
Aphanomyces euteiches,GCA_963681615.1
Aphanomyces euteiches,GCA_963681625.1
Aphanomyces euteiches,GCA_963681635.1
Aphanomyces euteiches,GCA_963681645.1
Aphanomyces euteiches,GCA_963681655.1
Aphanomyces euteiches,GCA_963681665.1
Aphanomyces euteiches,GCA_963681675.1
Aphanomyces euteiches,GCA_963681685.1
Aphanomyces euteiches,GCA_963681695.1
Aphanomyces euteiches,GCA_963681705.1
Aphanomyces euteiches,GCA_963681715.1
Aphanomyces euteiches,GCA_963681725.1
Aphanomyces euteiches,GCA_963681735.1
Aphanomyces euteiches,GCA_963681745.1
Aphanomyces euteiches,GCA_963681755.1
Aphanomyces euteiches,GCA_963681765.1
Aphanomyces euteiches,GCA_963681775.1
Aphanomyces euteiches,GCA_963681785.1
Aphanomyces euteiches,GCA_963681795.1
Aphanomyces euteiches,GCA_963681805.1
Aphanomyces euteiches,GCA_963681815.1
Aphanomyces euteiches,GCA_963681825.1
Aphanomyces euteiches,GCA_963681845.1
Aphanomyces euteiches,GCA_963681855.1
Aphanomyces euteiches,GCA_963681865.1
Aphanomyces euteiches,GCA_963681875.1
Aphanomyces euteiches,GCA_963681885.1
Aphanomyces euteiches,GCA_963681895.1
Aphanomyces euteiches,GCA_963681905.1
Aphanomyces euteiches,GCA_963681915.1
Aphanomyces euteiches,GCA_963682615.1
Aphanomyces invadans,GCA_000520115.1
Aphanomyces invadans,GCA_003546525.1
Aphanomyces stellatus,GCA_009835185.1
Aphanomyces stellatus,GCA_900708865.1
Ascogregarina taiwanensis,GCA_000172235.1
Ascophyllum nodosum,GCA_964200345.2
Asparagopsis taxiformis,GCA_018397955.1
Asparagopsis taxiformis,GCA_018397975.1
Asparagopsis taxiformis,GCA_030407315.1
Asterionella formosa,GCA_002256025.1
Asterionellopsis glacialis,GCA_014885115.2
Asterionellopsis sp. RCC1712,GCA_977969985.1
Astrammina rara,GCA_000211355.2
Aurantiochytrium acetophilum,GCA_004332575.1
Aurantiochytrium limacinum,GCA_036850685.1
Aurantiochytrium sp. 10LW,GCA_041155005.1
Aurantiochytrium sp. 10W,GCA_041155025.1
Aurantiochytrium sp. 8W,GCA_041155065.1
Aurantiochytrium sp. 9LR,GCA_041155045.1
Aurantiochytrium sp. AURO_iCABeR20,GCA_047655155.1
Aurantiochytrium sp. KH105,GCA_003116975.1
Aurantiochytrium sp. L3W,GCA_041154985.1
Aurantiochytrium sp. T66,GCA_001462505.1
Aureococcus anophagefferens,GCA_000186865.1
Aureococcus anophagefferens,GCA_021029035.1
Aureococcus anophagefferens,GCA_021029045.1
Aureococcus anophagefferens,GCA_021029115.1
Aureococcus anophagefferens,GCA_037953725.1
Babesia bigemina,GCA_000723445.1
Babesia bigemina,GCA_000981445.1
Babesia bigemina,GCA_018901905.1
Babesia bigemina,GCA_018901925.1
Babesia bovis,GCA_020449125.1
Babesia bovis,GCA_020449135.1
Babesia bovis,GCA_030583055.1
Babesia bovis,GCA_053569505.1
Babesia bovis T2Bo,GCA_000165395.2
Babesia caballi,GCA_024862765.1
Babesia caballi,GCA_053477425.1
Babesia canis rossi,GCA_045269395.1
Babesia divergens,GCA_001077455.2
Babesia divergens,GCA_018398725.1
Babesia duncani,GCA_024586265.1
Babesia duncani,GCA_028658345.1
Babesia gibsoni,GCA_030849525.1
Babesia gibsoni,GCA_035575875.1
Babesia gibsoni,GCA_052818155.1
Babesia microti,GCA_001650055.1
Babesia microti,GCA_001650065.1
Babesia microti,GCA_001650075.1
Babesia microti,GCA_001650105.1
Babesia microti,GCA_001650135.1
Babesia microti,GCA_001650145.1
Babesia microti,GCA_026802255.1
Babesia microti,GCA_026802285.1
Babesia microti,GCA_026802315.1
Babesia microti strain RI,GCA_000691945.2
Babesia ovata,GCA_002897235.1
Babesia ovis,GCA_023705535.2
Babesia ovis,GCA_051529585.1
Babesia sp.,GCA_041734975.1
Babesia sp.,GCA_041734995.1
Babesia sp. Xinjiang,GCA_002095265.1
Bacillariaceae sp.,GCA_046255035.1
Bacillariaceae sp.,GCA_046255245.1
Bacillariaceae sp.,GCA_046255265.1
Bacillariaceae sp.,GCA_051339905.1
Bacillariaceae sp.,GCA_051339925.1
Bacillariophyta sp.,GCA_010367165.1
Bacillariophyta sp.,GCA_010367175.1
Bacillariophyta sp.,GCA_013299085.1
Bacillariophyta sp.,GCA_020048535.1
Bacillariophyta sp.,GCA_020048575.1
Bacillariophyta sp.,GCA_023345945.1
Bacillariophyta sp.,GCA_023346715.1
Bacillariophyta sp.,GCA_023346745.1
Bacillariophyta sp.,GCA_023346865.1
Bacillariophyta sp.,GCA_023346925.1
Bacillariophyta sp.,GCA_023347125.1
Bacterosira constricta,GCA_037356235.1
Badhamia polycephala,GCA_000413255.3
Baffinella frigidus,GCA_026770585.1
Balamuthia mandrillaris,GCA_001185145.1
Balamuthia mandrillaris,GCA_001262475.1
Balamuthia mandrillaris,GCA_031835245.2
Balamuthia mandrillaris,GCA_057986245.1
Balantidium ctenopharyngodoni,GCA_036325645.1
Barthelona sp. PAP020,GCA_040182905.1
Barthelona sp. PCE,GCA_040285745.1
Besnoitia besnoiti,GCA_002563875.1
Bigelowiella natans,GCA_000002455.1
Bigelowiella natans CCMP2755,GCA_000320545.1
Bilabrum cf. latius,GCA_965178095.1
Bilabrum cf. latius,GCA_965178125.1
Blastocrithidia frustrata,GCA_049481415.1
Blastocrithidia nonstop,GCA_028554745.1
Blastocrithidia raabei,GCA_049481475.1
Blastocrithidia triatomae,GCA_046254795.1
Blastocystis hominis,GCA_000151665.1
Blastocystis hominis,GCA_003575125.1
Blastocystis hominis,GCA_948471165.1
Blastocystis sp. ATCC 50177/Nand II,GCA_001651215.1
Blastocystis sp. ATCC 50177/Nand II,GCA_039096935.1
Blastocystis sp. ATCC 50177/Nand II,GCA_981451855.1
Blastocystis sp. BT1,GCA_039096195.1
Blastocystis sp. Blastoise,GCA_039096225.1
Blastocystis sp. DL,GCA_039096925.1
Blastocystis sp. JDR,GCA_039096365.1
Blastocystis sp. NMH,GCA_039096215.1
Blastocystis sp. subtype 1,GCA_027406365.1
Blastocystis sp. subtype 1,GCA_027406405.1
Blastocystis sp. subtype 1,GCA_027406485.1
Blastocystis sp. subtype 1,GCA_054643315.1
Blastocystis sp. subtype 1,GCA_934883995.1
Blastocystis sp. subtype 1,GCA_937863765.1
Blastocystis sp. subtype 1,GCA_937871655.1
Blastocystis sp. subtype 2,GCA_000963365.1
Blastocystis sp. subtype 2,GCA_027406325.1
Blastocystis sp. subtype 3,GCA_000963385.1
Blastocystis sp. subtype 3,GCA_025449415.1
Blastocystis sp. subtype 3,GCA_027406385.1
Blastocystis sp. subtype 3,GCA_029240965.1
Blastocystis sp. subtype 3,GCA_029240975.1
Blastocystis sp. subtype 3,GCA_029241015.1
Blastocystis sp. subtype 3,GCA_029241035.1
Blastocystis sp. subtype 3,GCA_029241045.1
Blastocystis sp. subtype 3,GCA_029241065.1
Blastocystis sp. subtype 3,GCA_029241095.1
Blastocystis sp. subtype 3,GCA_029241115.1
Blastocystis sp. subtype 3,GCA_029241125.1
Blastocystis sp. subtype 3,GCA_029241145.1
Blastocystis sp. subtype 3,GCA_029241155.1
Blastocystis sp. subtype 3,GCA_029241195.1
Blastocystis sp. subtype 3,GCA_029241215.1
Blastocystis sp. subtype 3,GCA_029241235.1
Blastocystis sp. subtype 3,GCA_029241245.1
Blastocystis sp. subtype 3,GCA_029241275.1
Blastocystis sp. subtype 3,GCA_029241355.1
Blastocystis sp. subtype 3,GCA_029241375.1
Blastocystis sp. subtype 3,GCA_029241395.1
Blastocystis sp. subtype 3,GCA_029241405.1
Blastocystis sp. subtype 3,GCA_029241435.1
Blastocystis sp. subtype 3,GCA_029241455.1
Blastocystis sp. subtype 3,GCA_029241475.1
Blastocystis sp. subtype 3,GCA_029241495.1
Blastocystis sp. subtype 3,GCA_029241515.1
Blastocystis sp. subtype 3,GCA_029241535.1
Blastocystis sp. subtype 3,GCA_029241555.1
Blastocystis sp. subtype 3,GCA_029241565.1
Blastocystis sp. subtype 3,GCA_029241595.1
Blastocystis sp. subtype 3,GCA_029241605.1
Blastocystis sp. subtype 3,GCA_029241635.1
Blastocystis sp. subtype 3,GCA_029241645.1
Blastocystis sp. subtype 3,GCA_029241675.1
Blastocystis sp. subtype 3,GCA_029241685.1
Blastocystis sp. subtype 3,GCA_029241715.1
Blastocystis sp. subtype 3,GCA_029241725.1
Blastocystis sp. subtype 3,GCA_029241755.1
Blastocystis sp. subtype 3,GCA_029241775.1
Blastocystis sp. subtype 3,GCA_029241785.1
Blastocystis sp. subtype 3,GCA_029241815.1
Blastocystis sp. subtype 4,GCA_000743755.1
Blastocystis sp. subtype 4,GCA_000963395.1
Blastocystis sp. subtype 4,GCA_937862745.1
Blastocystis sp. subtype 4,GCA_937873115.1
Blastocystis sp. subtype 4,GCA_981425075.1
Blastocystis sp. subtype 4,GCA_982246525.1
Blastocystis sp. subtype 4,GCA_982253245.1
Blastocystis sp. subtype 4,GCA_982266135.1
Blastocystis sp. subtype 6,GCA_000963415.1
Blastocystis sp. subtype 6,GCA_025449385.1
Blastocystis sp. subtype 6,GCA_944391175.1
Blastocystis sp. subtype 7,GCA_027406465.1
Blastocystis sp. subtype 7,GCA_944320215.1
Blastocystis sp. subtype 8,GCA_000963455.1
Blastocystis sp. subtype 8,GCA_027406425.1
Blastocystis sp. subtype 8,GCA_027406445.1
Blastocystis sp. subtype 9,GCA_000963465.1
Blattamonas nauphoetae,GCA_033064195.1
Blechomonas ayalai,GCA_020509355.1
Blepharisma japonicum,GCA_949751835.1
Blepharisma stoltei,GCA_914767885.1
Blepharisma stoltei,GCA_949751815.1
Blepharisma stoltei,GCA_965603825.1
Blepharisma undulans,GCA_949751825.1
Bodo saltans,GCA_001460835.1
Bodo sp.,GCA_977966515.1
Bonamia ostreae,GCA_040357525.1
Bonnemaisonia californica,GCA_032355485.1
Borovskyia barvae,GCA_030849085.1
Bostrychia moritziana,GCA_050630625.1
Braarudosphaera bigelowii,GCA_020885515.1
Bremia lactucae,GCA_004359215.2
Breviolum minutum,GCA_965643015.1
Breviolum minutum Mf 1.05b.01,GCA_000507305.1
Breviolum psygmophilum,GCA_977036015.1
Caecitellus pseudoparvulus,GCA_965644315.1
Caenomorpha sp.,GCA_966172865.1
Cafeteria burkhardae,GCA_945788115.1
Cafeteria roenbergensis,GCA_008330625.1
Cafeteria roenbergensis,GCA_008330635.1
Cafeteria roenbergensis,GCA_008330645.1
Cafeteria roenbergensis,GCA_008330665.1
Cafeteria roenbergensis,GCA_964010995.1
Calcidiscus leptoporus,GCA_057557405.1
Callophyllis flabellulata,GCA_032270525.1
Capsaspora owczarzaki,GCA_033442345.1
Capsaspora owczarzaki,GCA_055379525.1
Capsaspora owczarzaki ATCC 30864,GCA_000151315.2
Cardiosporidium cionae,GCA_015476325.1
Carpediemonas membranifera,GCA_019828565.1
Cavenderia deminutiva,GCA_900092275.1
Cavenderia fasciculata,GCA_000203815.1
Cercozoa sp. M6MM,GCA_040357565.2
Certesia quadrinucleata,GCA_021439955.1
Chaetoceros muelleri,GCA_019693545.1
Chaetoceros neogracilis,GCA_055048815.1
Chaetoceros socialis,GCA_056412565.1
Chaetoceros sp.,GCA_043251635.1
Chaetoceros tenuissimus,GCA_021927905.1
Chlorellidium tetrabotrys,GCA_032273165.1
Chloridella minuta,GCA_032273045.1
Choanoeca flexa,GCA_056507845.1
Chondracanthus exasperatus,GCA_032358215.1
Chondria armata,GCA_021653855.1
Chondrus crispus,GCA_000350225.2
Choristocarpus tenellus,GCA_964200185.2
Chromera velia,GCA_000585135.1
Chromera velia,GCA_018398765.1
Chromulina nebulosa,GCA_015148605.1
Chromulinospumella sphaerica,GCA_015144965.1
Chroomonas mesostigmatica CCMP1168,GCA_000286095.1
Chrysochromulina parva,GCA_002887195.1
Chrysochromulina tobinii,GCA_001275005.1
Chrysoparadoxa australica,GCA_964200425.2
Chrysophaeum taylorii,GCA_029834535.1
Chrysotila carterae,GCA_054660715.1
Cladocopium goreaui,GCA_947184155.2
Cladosiphon okamuranus,GCA_001742925.1
Cochliopodium minus,GCA_024220525.1
Collodictyon triciliatum,GCA_043381765.1
Colpoda cucullus,GCA_046529125.1
Condylostoma magnum,GCA_001499635.1
Condylostoma magnum,GCA_920105805.1
Conticribra guillardii,GCA_036939335.1
Conticribra weissflogii,GCA_036940025.2
Corallochytrium limacisporum,GCA_002811645.1
Coremiostelium polycephalum,GCA_900092265.1
Costaria costata,GCA_036873775.2
Craspedostauros australis,GCA_026770025.1
Craspedostauros australis,GCA_030167865.1
Creolimax fragrantissima,GCA_002024145.1
Creolimax fragrantissima,GCA_033442365.1
Crithidia acanthocephali,GCA_000482105.1
Crithidia bombi,GCA_002216585.1
Crithidia bombi,GCA_002216605.1
Crithidia bombi,GCA_900240985.1
Crithidia brevicula,GCA_030849845.1
Crithidia expoeki,GCA_900240875.1
Crithidia fasciculata,GCA_000331325.2
Crithidia mellificae,GCA_002216535.1
Crithidia mellificae,GCA_002216565.1
Crithidia sp. LVH-60A,GCA_030078075.1
Crithidia thermophila,GCA_030849055.1
Cruzella marina,GCA_977035865.1
Cruzella marina,GCA_977035905.1
Cryptomonas baltica,GCA_965233955.1
Cryptomonas baltica,GCA_982374245.1
Cryptomonas baltica,GCA_982374495.1
Cryptomonas borealis,GCA_965233945.1
Cryptomonas paramaecium,GCA_000194455.1
Cryptomonas pyrenoidifera,GCA_965119555.1
Cryptosporidium andersoni,GCA_001835725.1
Cryptosporidium andersoni,GCA_001835735.1
Cryptosporidium andersoni,GCA_001865355.1
Cryptosporidium baileyi,GCA_001593455.1
Cryptosporidium bovis,GCA_009768925.2
Cryptosporidium bovis,GCA_020826745.1
Cryptosporidium bovis,GCA_023213035.1
Cryptosporidium bovis,GCA_023213085.1
Cryptosporidium bovis,GCA_023213095.1
Cryptosporidium bovis,GCA_023213115.1
Cryptosporidium bovis,GCA_023213155.1
Cryptosporidium bovis,GCA_057166865.1
Cryptosporidium canis,GCA_027243965.1
Cryptosporidium canis,GCA_027243975.1
Cryptosporidium canis,GCA_027243985.1
Cryptosporidium cuniculus,GCA_004337835.1
Cryptosporidium felis,GCA_014529505.1
Cryptosporidium hominis,GCA_000804495.1
Cryptosporidium hominis,GCA_001305325.1
Cryptosporidium hominis,GCA_001305395.1
Cryptosporidium hominis,GCA_001307845.1
Cryptosporidium hominis,GCA_001483505.1
Cryptosporidium hominis,GCA_001483515.1
Cryptosporidium hominis,GCA_001483535.1
Cryptosporidium hominis,GCA_001593465.1
Cryptosporidium hominis,GCA_001593475.1
Cryptosporidium hominis,GCA_001945495.1
Cryptosporidium hominis,GCA_002223825.1
Cryptosporidium hominis,GCA_018342955.1
Cryptosporidium hominis,GCA_018342975.1
Cryptosporidium hominis,GCA_045269125.1
Cryptosporidium hominis TU502,GCA_000006425.2
Cryptosporidium meleagridis,GCA_001593445.1
Cryptosporidium meleagridis,GCA_004337925.1
Cryptosporidium meleagridis,GCA_004348035.1
Cryptosporidium meleagridis,GCA_039657295.1
Cryptosporidium muris RN66,GCA_000006515.1
Cryptosporidium parvum,GCA_000209695.1
Cryptosporidium parvum,GCA_001305335.1
Cryptosporidium parvum,GCA_001305415.1
Cryptosporidium parvum,GCA_001305435.1
Cryptosporidium parvum,GCA_001305455.2
Cryptosporidium parvum,GCA_001305475.1
Cryptosporidium parvum,GCA_001306235.1
Cryptosporidium parvum,GCA_001306245.1
Cryptosporidium parvum,GCA_002093595.1
Cryptosporidium parvum,GCA_002093605.1
Cryptosporidium parvum,GCA_002093615.1
Cryptosporidium parvum,GCA_003024765.1
Cryptosporidium parvum,GCA_003057855.1
Cryptosporidium parvum,GCA_003148445.1
Cryptosporidium parvum,GCA_004337825.1
Cryptosporidium parvum,GCA_004337865.1
Cryptosporidium parvum,GCA_004337875.1
Cryptosporidium parvum,GCA_004337945.1
Cryptosporidium parvum,GCA_015245375.1
Cryptosporidium parvum,GCA_019844115.2
Cryptosporidium parvum,GCA_030415315.1
Cryptosporidium parvum,GCA_030415325.1
Cryptosporidium parvum,GCA_030415335.1
Cryptosporidium parvum,GCA_030415345.1
Cryptosporidium parvum,GCA_030415355.1
Cryptosporidium parvum,GCA_035232765.1
Cryptosporidium parvum,GCA_040285075.1
Cryptosporidium parvum,GCA_045166965.1
Cryptosporidium parvum,GCA_045166985.1
Cryptosporidium parvum,GCA_045167005.1
Cryptosporidium parvum,GCA_048859185.1
Cryptosporidium parvum Iowa II,GCA_000165345.1
Cryptosporidium proliferans,GCA_056278765.1
Cryptosporidium ryanae,GCA_009792415.2
Cryptosporidium serpentis,GCA_049309605.1
Cryptosporidium serpentis,GCA_050437105.1
Cryptosporidium serpentis,GCA_050494125.1
Cryptosporidium serpentis,GCA_050494235.1
Cryptosporidium serpentis,GCA_051169045.1
Cryptosporidium sp. 43IA8,GCA_031892065.1
Cryptosporidium sp. SCAU42500,GCA_029747635.1
Cryptosporidium sp. chipmunk LX-2015,GCA_000831705.1
Cryptosporidium sp. chipmunk genotype I,GCA_004936735.2
Cryptosporidium tyzzeri,GCA_007210665.1
Cryptosporidium ubiquitum,GCA_001835705.1
Cryptosporidium ubiquitum,GCA_001835715.1
Cryptosporidium ubiquitum,GCA_001865345.1
Cryptosporidium ubiquitum,GCA_004337805.1
Cryptosporidium ubiquitum,GCA_004337815.1
Cryptosporidium viatorum,GCA_004337795.1
Cryptosporidium xiaoi,GCA_037039495.1
Cryptosporidium xiaoi,GCA_037042805.1
Cumathamnion decipiens,GCA_032356425.1
Cyanidiococcus yangmingshanensis,GCA_013995675.1
Cyanidiococcus yangmingshanensis,GCA_026122185.1
Cyanidioschyzon merolae,GCA_006232315.1
Cyanidioschyzon merolae,GCA_010725195.1
Cyanidioschyzon merolae,GCA_011170005.1
Cyanidioschyzon merolae strain 10D,GCA_000091205.1
Cyanidium caldarium,GCA_019693505.1
Cyanidium caldarium,GCA_026184775.1
Cyanophora paradoxa,GCA_004431415.1
Cyclospora cayetanensis,GCA_000769155.2
Cyclospora cayetanensis,GCA_001305735.1
Cyclospora cayetanensis,GCA_002019455.1
Cyclospora cayetanensis,GCA_002019465.1
Cyclospora cayetanensis,GCA_002019475.1
Cyclospora cayetanensis,GCA_002019905.1
Cyclospora cayetanensis,GCA_002893305.1
Cyclospora cayetanensis,GCA_002893315.1
Cyclospora cayetanensis,GCA_002893335.1
Cyclospora cayetanensis,GCA_002893365.1
Cyclospora cayetanensis,GCA_002893375.1
Cyclospora cayetanensis,GCA_002893405.1
Cyclospora cayetanensis,GCA_002893425.1
Cyclospora cayetanensis,GCA_002893445.1
Cyclospora cayetanensis,GCA_002893465.1
Cyclospora cayetanensis,GCA_002893485.1
Cyclospora cayetanensis,GCA_002999335.1
Cyclospora cayetanensis,GCA_003057635.1
Cyclospora cayetanensis,GCA_003351235.1
Cyclospora cayetanensis,GCA_003351245.2
Cyclospora cayetanensis,GCA_003351265.1
Cyclospora cayetanensis,GCA_003351285.1
Cyclospora cayetanensis,GCA_003935065.1
Cyclospora cayetanensis,GCA_003944945.1
Cyclospora cayetanensis,GCA_003944955.1
Cyclospora cayetanensis,GCA_003944965.1
Cyclospora cayetanensis,GCA_003944975.1
Cyclospora cayetanensis,GCA_003944985.1
Cyclospora cayetanensis,GCA_003945045.1
Cyclospora cayetanensis,GCA_003945055.1
Cyclospora cayetanensis,GCA_003945065.1
Cyclospora cayetanensis,GCA_003945075.1
Cyclospora cayetanensis,GCA_003945085.1
Cyclospora cayetanensis,GCA_003945135.1
Cyclospora cayetanensis,GCA_003945145.1
Cyclospora cayetanensis,GCA_003945155.1
Cyclospora cayetanensis,GCA_003945175.1
Cyclospora cayetanensis,GCA_020557325.1
Cyclospora cayetanensis,GCA_020557355.1
Cyclospora cayetanensis,GCA_020976615.1
Cyclospora cayetanensis,GCA_038051855.1
Cyclostephanos invisitatus,GCA_036939675.1
Cyclostephanos tholiformis,GCA_036939975.2
Cyclotella atomus,GCA_036939575.1
Cyclotella atomus,GCA_036939935.2
Cyclotella atomus,GCA_036940135.2
Cyclotella baltica,GCA_036939635.1
Cyclotella cf. meneghiniana,GCA_036940065.2
Cyclotella choctawhatcheeana,GCA_036939855.1
Cyclotella cryptica,GCA_013187285.2
Cyclotella cryptica,GCA_036939815.1
Cyclotella distinguenda,GCA_036939455.1
Cyclotella kingstonii,GCA_036939535.1
Cylindrotheca closterium,GCA_933822405.4
Cylindrotheca fusiformis,GCA_019693525.1
Cymathaere triplicata,GCA_035584555.1
Cystoisospora suis,GCA_002600585.1
Cytauxzoon felis,GCA_020283715.1
Dasytricha ruminantium,GCA_023805455.1
Dasytricha ruminantium,GCA_023805465.1
Dasytricha ruminantium,GCA_023805545.1
Dasytricha ruminantium,GCA_023805585.1
Dasytricha ruminantium,GCA_023806945.1
Delisea pulchra,GCA_978019225.1
Detonula confervacea,GCA_036939375.1
Detonula confervacea,GCA_036939415.1
Devaleraea mollis,GCA_032361265.1
Diacronema lutheri,GCA_019448385.1
Diacronema lutheri,GCA_019693415.1
Dictyopteris delicatula,GCA_047404155.1
Dictyostelium brefeldianum,GCA_013375695.1
Dictyostelium capitatum,GCA_015252635.1
Dictyostelium cf. discoideum,GCA_054859205.1
Dictyostelium cf. discoideum,GCA_054859235.1
Dictyostelium citrinum,GCA_000286055.1
Dictyostelium citrinum,GCA_054859145.1
Dictyostelium citrinum,GCA_054859325.1
Dictyostelium dimigraforme,GCA_054859025.1
Dictyostelium discoideum,GCA_054859355.1
Dictyostelium discoideum,GCA_054859385.1
Dictyostelium discoideum,GCA_054883475.1
Dictyostelium discoideum AX4,GCA_000004695.1
Dictyostelium firmibasis,GCA_000277485.1
Dictyostelium firmibasis,GCA_036169595.1
Dictyostelium gargantuum,GCA_015252675.1
Dictyostelium intermedium,GCA_000277465.1
Dictyostelium purpureum,GCA_000190715.1
Dictyostelium purpureum,GCA_003640415.1
Dictyostelium rosarium,GCA_013375675.1
Dictyota dichotoma,GCA_964261275.1
Digenea simplex,GCA_004798425.1
Dinobryon divergens,GCA_015146095.1
Dinobryon sp. LO226KS,GCA_015143705.1
Diophrys appendiculata,GCA_006510565.1
Diophrys sp. 3 WChen-2021,GCA_021441625.1
Diplodinium dentatum,GCA_023783175.1
Diplodinium dentatum,GCA_023807105.1
Diplodinium dentatum,GCA_023807165.1
Diplodinium dentatum,GCA_023897215.1
Diplodinium flabellum,GCA_023805565.1
Diplodinium flabellum,GCA_023806845.1
Diplonema japonicum,GCA_964019325.1
Diplonema japonicum,GCA_964019335.1
Diplonema papillatum,GCA_001655075.1
Diplonema papillatum,GCA_030068145.1
Discosporangium mesarthrocarpum,GCA_964200235.2
Discostella pseudostelligera,GCA_036939915.2
Discostella pseudostelligera,GCA_036940085.2
Discostella stelligera,GCA_036939735.1
Discostella stelligeroides,GCA_036939555.1
Dudresnaya verticillata,GCA_977862235.1
Durusdinium trenchii,GCA_963969995.1
Durusdinium trenchii,GCA_963970005.1
Ectocarpus fasciculatus,GCA_964200205.2
Ectocarpus fasciculatus,GCA_964200585.2
Ectocarpus siliculosus,GCA_000310025.1
Ectocarpus sp. 12 AP-2014,GCA_964200265.2
Ectocarpus sp. 12 AP-2014,GCA_964200275.2
Ectocarpus sp. 13 AM-2016,GCA_964200085.2
Ectocarpus sp. 4 AP-2014,GCA_964200485.2
Ectocarpus sp. 6 AP-2014,GCA_964200375.2
Ectocarpus sp. 8 AP-2014,GCA_964200495.2
Ectocarpus sp. CCAP 1310/34,GCA_902602495.3
Ectocarpus sp. CCAP 1310/34,GCA_902705575.1
Ectocarpus sp. Ec32,GCA_004764655.1
Effrenium voratum,GCA_054658055.1
Effrenium voratum,GCA_963377065.1
Effrenium voratum,GCA_963377175.1
Effrenium voratum,GCA_963377275.1
Effrenium voratum,GCA_975362855.1
Effrenium voratum,GCA_975480655.1
Egregia menziesii,GCA_035584435.1
Eimeria acervulina,GCA_000499425.1
Eimeria acervulina,GCA_031753475.3
Eimeria acervulina,GCA_046718765.1
Eimeria acervulina,GCA_981118555.1
Eimeria brunetti,GCA_000499725.1
Eimeria falciformis,GCA_002271815.1
Eimeria flavescens,GCA_051911515.1
Eimeria intestinalis,GCA_051911535.1
Eimeria magna,GCA_051911575.1
Eimeria maxima,GCA_000499605.1
Eimeria maxima,GCA_030644505.1
Eimeria maxima,GCA_031753495.1
Eimeria maxima,GCA_047654765.1
Eimeria maxima,GCA_977970305.1
Eimeria maxima,GCA_977970315.1
Eimeria media,GCA_051911595.1
Eimeria mitis,GCA_000499745.2
Eimeria necatrix,GCA_000499385.1
Eimeria nieschulzi,GCA_000826945.1
Eimeria praecox,GCA_000499445.1
Eimeria praecox,GCA_963920585.1
Eimeria praecox,GCA_963920595.1
Eimeria sp. OTU-X,GCA_904066255.1
Eimeria sp. OTU-Y,GCA_904066245.1
Eimeria stiedae,GCA_051911505.1
Eimeria tenella,GCA_000002835.1
Eimeria tenella,GCA_000499545.1
Eimeria tenella,GCA_030644485.1
Eimeria tenella,GCA_905310635.1
Eimeria zaria,GCA_904066265.1
Elongisporangium anandrum,GCA_023337935.1
Elongisporangium dimorphum,GCA_023336395.1
Elongisporangium prolatum,GCA_023335875.1
Elongisporangium senticosum,GCA_023335835.1
Elongisporangium undulatum,GCA_023334555.1
Emiliania huxleyi CCMP1516,GCA_000372725.1
Endocladia muricata,GCA_032356245.1
Endotrypanum monterogeii,GCA_000333855.2
Endotrypanum monterogeii,GCA_018683865.1
Endotrypanum monterogeii,GCA_034641325.1
Enoploplastron triloricatum,GCA_023783215.1
Enoploplastron triloricatum,GCA_023783335.1
Enoploplastron triloricatum,GCA_023807245.1
Entamoeba dispar,GCA_057946545.1
Entamoeba dispar SAW760,GCA_000209125.2
Entamoeba histolytica,GCA_001662325.1
Entamoeba histolytica,GCA_015099795.1
Entamoeba histolytica,GCA_057946535.1
Entamoeba histolytica DS4-868,GCA_018466815.1
Entamoeba histolytica HM-1:IMSS,GCA_000208925.2
Entamoeba histolytica HM-1:IMSS,GCA_917563895.1
Entamoeba histolytica HM-1:IMSS-A,GCA_000365475.1
Entamoeba histolytica HM-1:IMSS-B,GCA_000344925.1
Entamoeba histolytica HM-3:IMSS,GCA_000346345.1
Entamoeba histolytica KU27,GCA_000338855.1
Entamoeba histolytica KU48,GCA_019059535.1
Entamoeba histolytica KU50,GCA_020283535.1
Entamoeba histolytica MS96-3382,GCA_020283505.1
Entamoeba invadens IP1,GCA_000330505.1
Entamoeba marina,GCA_051620835.1
Entamoeba moshkovskii,GCA_002914575.1
Entamoeba nuttalli,GCA_045861985.1
Entamoeba nuttalli P19,GCA_000257125.1
Entodinium bursa,GCA_023805665.1
Entodinium bursa,GCA_023807005.1
Entodinium bursa,GCA_023807345.1
Entodinium caudatum,GCA_002087855.3
Entodinium caudatum,GCA_023783295.1
Entodinium caudatum,GCA_023807325.1
Entodinium longinucleatum,GCA_023807305.1
Entodinium longinucleatum,GCA_023897235.1
Epidinium cattanei,GCA_023805485.1
Epidinium cattanei,GCA_023805505.1
Epidinium cattanei,GCA_023805625.1
Epidinium caudatum,GCA_023805705.1
Epidinium caudatum,GCA_023807185.1
Epidinium caudatum,GCA_023807225.1
Epipyxis sp. PR26KG,GCA_015144975.1
Epithemia catenata,GCA_964019905.2
Epithemia catenata,GCA_964019935.2
Epithemia clementina (nom. ined.),GCA_051400955.1
Epithemia pelagica,GCA_946965045.2
Epithemia pelagica,GCA_946965055.2
Eremoplastron rostratum,GCA_023805755.1
Eremoplastron rostratum,GCA_023807145.1
Ericaria zosteroides,GCA_965615335.1
Eucheuma denticulatum,GCA_054131385.1
Euglena gracilis,GCA_039621445.1
Euglena gracilis,GCA_900893395.1
Euglena gracilis var. bacillaris,GCA_001638955.2
Eukaryota sp.,GCA_023346065.1
Eukaryota sp.,GCA_023346095.1
Eukaryota sp.,GCA_023346115.1
Eukaryota sp.,GCA_029290635.1
Eukaryota sp.,GCA_029290655.1
Eukaryota sp.,GCA_029290775.1
Eukaryota sp.,GCA_029290835.1
Eukaryota sp.,GCA_029290915.1
Eukaryota sp.,GCA_029290925.1
Eukaryota sp.,GCA_029290955.1
Eukaryota sp.,GCA_029290975.1
Eukaryota sp.,GCA_029290985.1
Eukaryota sp.,GCA_029291735.1
Eukaryota sp.,GCA_029291765.1
Eukaryota sp.,GCA_029291795.1
Eukaryota sp.,GCA_029291835.1
Eukaryota sp.,GCA_029291845.1
Eukaryota sp.,GCA_029291895.1
Eukaryota sp.,GCA_029291905.1
Eukaryota sp.,GCA_029291935.1
Eukaryota sp.,GCA_029291985.1
Eukaryota sp.,GCA_029292025.1
Eukaryota sp.,GCA_029292055.1
Eukaryota sp.,GCA_029292095.1
Eukaryota sp.,GCA_029292135.1
Eukaryota sp.,GCA_029292165.1
Eukaryota sp.,GCA_029292225.1
Eukaryota sp.,GCA_029292265.1
Eukaryota sp.,GCA_029292295.1
Eukaryota sp.,GCA_029292325.1
Eukaryota sp.,GCA_029292345.1
Eukaryota sp.,GCA_029292395.1
Eukaryota sp.,GCA_029292465.1
Eukaryota sp.,GCA_029292475.1
Eukaryota sp.,GCA_029292535.1
Eukaryota sp.,GCA_029292565.1
Eukaryota sp.,GCA_029292585.1
Eukaryota sp.,GCA_029292645.1
Eukaryota sp.,GCA_029292705.1
Eukaryota sp.,GCA_029292715.1
Eukaryota sp.,GCA_029292745.1
Eukaryota sp.,GCA_029292755.1
Eukaryota sp.,GCA_029292775.1
Eukaryota sp.,GCA_029292815.1
Eukaryota sp.,GCA_029292825.1
Eukaryota sp.,GCA_029292855.1
Eukaryota sp.,GCA_029292955.1
Eukaryota sp.,GCA_029293065.1
Eukaryota sp.,GCA_029293085.1
Eukaryota sp.,GCA_029293095.1
Eukaryota sp.,GCA_029293135.1
Eukaryota sp.,GCA_029293145.1
Eukaryota sp.,GCA_029293165.1
Eukaryota sp.,GCA_029293195.1
Eukaryota sp.,GCA_029293205.1
Eukaryota sp.,GCA_029293215.1
Eukaryota sp.,GCA_029293255.1
Eukaryota sp.,GCA_029293305.1
Eukaryota sp.,GCA_029293325.1
Eukaryota sp.,GCA_029293535.1
Eukaryota sp.,GCA_029293555.1
Eukaryota sp.,GCA_029293595.1
Eukaryota sp.,GCA_029293625.1
Eukaryota sp.,GCA_029293695.1
Eukaryota sp.,GCA_029293705.1
Eukaryota sp.,GCA_029293735.1
Eukaryota sp.,GCA_029293745.1
Eukaryota sp.,GCA_029293775.1
Eukaryota sp.,GCA_029293785.1
Eukaryota sp.,GCA_029293795.1
Eukaryota sp.,GCA_029293835.1
Eukaryota sp.,GCA_029293845.1
Eukaryota sp.,GCA_029293865.1
Eukaryota sp.,GCA_029293895.1
Eukaryota sp.,GCA_029293905.1
Eukaryota sp.,GCA_029293925.1
Eukaryota sp.,GCA_029293945.1
Eukaryota sp.,GCA_029293965.1
Eukaryota sp.,GCA_029293995.1
Eukaryota sp.,GCA_029294015.1
Eukaryota sp.,GCA_029294025.1
Eukaryota sp.,GCA_029294055.1
Eukaryota sp.,GCA_029294075.1
Eukaryota sp.,GCA_029294085.1
Eukaryota sp.,GCA_029294115.1
Eukaryota sp.,GCA_029294135.1
Eukaryota sp.,GCA_029294155.1
Eukaryota sp.,GCA_029294175.1
Eukaryota sp.,GCA_029294185.1
Eukaryota sp.,GCA_029294195.1
Eukaryota sp.,GCA_029294235.1
Eukaryota sp.,GCA_029294255.1
Eukaryota sp.,GCA_029294275.1
Eukaryota sp.,GCA_029294285.1
Eukaryota sp.,GCA_029294295.1
Eukaryota sp.,GCA_029294335.1
Eukaryota sp.,GCA_029294385.1
Eukaryota sp.,GCA_029294415.1
Eukaryota sp.,GCA_029296275.1
Eukaryota sp.,GCA_029296305.1
Eukaryota sp.,GCA_029296345.1
Eukaryota sp.,GCA_029296385.1
Eukaryota sp.,GCA_029296415.1
Eukaryota sp.,GCA_029296445.1
Eukaryota sp.,GCA_029296455.1
Eukaryota sp.,GCA_029296495.1
Eukaryota sp.,GCA_029296535.1
Eukaryota sp.,GCA_029296605.1
Eukaryota sp.,GCA_029296635.1
Eukaryota sp.,GCA_029296655.1
Eukaryota sp.,GCA_029296695.1
Eukaryota sp.,GCA_029296705.1
Eukaryota sp.,GCA_029296765.1
Eukaryota sp.,GCA_029296815.1
Eukaryota sp.,GCA_029296835.1
Eukaryota sp.,GCA_029296875.1
Eukaryota sp.,GCA_029296895.1
Eukaryota sp.,GCA_029296925.1
Eukaryota sp.,GCA_029296975.1
Eukaryota sp.,GCA_029296995.1
Eukaryota sp.,GCA_029297005.1
Eukaryota sp.,GCA_029297015.1
Eukaryota sp.,GCA_029297075.1
Eukaryota sp.,GCA_029297115.1
Eukaryota sp.,GCA_029297135.1
Eukaryota sp.,GCA_029297145.1
Eukaryota sp.,GCA_029297155.1
Eukaryota sp.,GCA_029297195.1
Eukaryota sp.,GCA_029297215.1
Eukaryota sp.,GCA_029297235.1
Eukaryota sp.,GCA_029297245.1
Eukaryota sp.,GCA_029297265.1
Eukaryota sp.,GCA_029297295.1
Eukaryota sp.,GCA_029297305.1
Eukaryota sp.,GCA_029297335.1
Eukaryota sp.,GCA_029297355.1
Eukaryota sp.,GCA_029297375.1
Eukaryota sp.,GCA_029297395.1
Eukaryota sp.,GCA_029297415.1
Eukaryota sp.,GCA_029297425.1
Eukaryota sp.,GCA_029297435.1
Eukaryota sp.,GCA_029297475.1
Eukaryota sp.,GCA_029297485.1
Eukaryota sp.,GCA_029297515.1
Eukaryota sp.,GCA_029297525.1
Eukaryota sp.,GCA_029297555.1
Eukaryota sp.,GCA_029297585.1
Eukaryota sp.,GCA_029297655.1
Eukaryota sp.,GCA_029297675.1
Eukaryota sp.,GCA_029297695.1
Eukaryota sp.,GCA_029297715.1
Eukaryota sp.,GCA_029297725.1
Eukaryota sp.,GCA_029297755.1
Eukaryota sp.,GCA_029297765.1
Eukaryota sp.,GCA_029297785.1
Eukaryota sp.,GCA_029297865.1
Eukaryota sp.,GCA_029297975.1
Eukaryota sp.,GCA_029298005.1
Eukaryota sp.,GCA_029298035.1
Eukaryota sp.,GCA_029298045.1
Eukaryota sp.,GCA_029298075.1
Eukaryota sp.,GCA_029298095.1
Eukaryota sp.,GCA_029298135.1
Eukaryota sp.,GCA_029298155.1
Eukaryota sp.,GCA_029298175.1
Eukaryota sp.,GCA_029298225.1
Eukaryota sp.,GCA_029298285.1
Eukaryota sp.,GCA_029298385.1
Eukaryota sp.,GCA_029298495.1
Eukaryota sp.,GCA_029298535.1
Eukaryota sp.,GCA_029298545.1
Eukaryota sp.,GCA_029298575.1
Eukaryota sp.,GCA_029298595.1
Eukaryota sp.,GCA_029298605.1
Eukaryota sp.,GCA_029298625.1
Eukaryota sp.,GCA_029298645.1
Eukaryota sp.,GCA_029298675.1
Eukaryota sp.,GCA_029299615.1
Eukaryota sp.,GCA_029299695.1
Eukaryota sp.,GCA_029299715.1
Eukaryota sp.,GCA_029299735.1
Eukaryota sp.,GCA_029299755.1
Eukaryota sp.,GCA_029299775.1
Eukaryota sp.,GCA_029299795.1
Eukaryota sp.,GCA_029299815.1
Eukaryota sp.,GCA_029299945.1
Eukaryota sp.,GCA_029299985.1
Eukaryota sp.,GCA_029300155.1
Eukaryota sp.,GCA_029300275.1
Eukaryota sp.,GCA_029300315.1
Eukaryota sp.,GCA_029300535.1
Eukaryota sp.,GCA_029300835.1
Eukaryota sp.,GCA_029300855.1
Eukaryota sp.,GCA_029300875.1
Eukaryota sp.,GCA_029300895.1
Eukaryota sp.,GCA_029300905.1
Eukaryota sp.,GCA_029300935.1
Eukaryota sp.,GCA_029300955.1
Eukaryota sp.,GCA_029300965.1
Eukaryota sp.,GCA_029300995.1
Eukaryota sp.,GCA_029301015.1
Eukaryota sp.,GCA_029301025.1
Eukaryota sp.,GCA_029301055.1
Eukaryota sp.,GCA_029301075.1
Eukaryota sp.,GCA_029301095.1
Eukaryota sp.,GCA_029301115.1
Eukaryota sp.,GCA_029301125.1
Eukaryota sp.,GCA_029301155.1
Eukaryota sp.,GCA_029301175.1
Eukaryota sp.,GCA_029301185.1
Eukaryota sp.,GCA_029301205.1
Eukaryota sp.,GCA_029301315.1
Eukaryota sp.,GCA_029301355.1
Eukaryota sp.,GCA_029301415.1
Eukaryota sp.,GCA_029301455.1
Eukaryota sp.,GCA_029301715.1
Eukaryota sp.,GCA_029301815.1
Eukaryota sp.,GCA_029301885.1
Eukaryota sp.,GCA_029301895.1
Eukaryota sp.,GCA_029302035.1
Eukaryota sp.,GCA_029302215.1
Eukaryota sp.,GCA_029302325.1
Eukaryota sp.,GCA_029302405.1
Eukaryota sp.,GCA_029302445.1
Eukaryota sp.,GCA_029302475.1
Eukaryota sp.,GCA_029302515.1
Eukaryota sp.,GCA_029302545.1
Eukaryota sp.,GCA_029302565.1
Eukaryota sp.,GCA_029302615.1
Eukaryota sp.,GCA_029302645.1
Eukaryota sp.,GCA_029302655.1
Eukaryota sp.,GCA_029302735.1
Eukaryota sp.,GCA_029302765.1
Eukaryota sp.,GCA_029302775.1
Eukaryota sp.,GCA_029302845.1
Eukaryota sp.,GCA_029302885.1
Eukaryota sp.,GCA_029302895.1
Eukaryota sp.,GCA_029302965.1
Eukaryota sp.,GCA_029303015.1
Eukaryota sp.,GCA_029303025.1
Eukaryota sp.,GCA_029303075.1
Eukaryota sp.,GCA_029303395.1
Eukaryota sp.,GCA_029304055.1
Eukaryota sp.,GCA_029304125.1
Eukaryota sp.,GCA_029304155.1
Eukaryota sp.,GCA_029304195.1
Eukaryota sp.,GCA_029304205.1
Eukaryota sp.,GCA_029304235.1
Eukaryota sp.,GCA_029304255.1
Eukaryota sp.,GCA_029304265.1
Eukaryota sp.,GCA_029304275.1
Eukaryota sp.,GCA_029304315.1
Eukaryota sp.,GCA_029304335.1
Eukaryota sp.,GCA_029304355.1
Eukaryota sp. GEM-RC1,GCA_040285855.1
Eukaryota sp. TZLM1-RC,GCA_040285825.1
Eukaryota sp. TZLM3-RCL,GCA_040285805.1
Euplotes aediculatus,GCA_030463445.1
Euplotes amieti,GCA_048569255.1
Euplotes cf. woodruffi 2 WChen-2021,GCA_021441665.1
Euplotes focardii,GCA_001880345.2
Euplotes octocarinatus,GCA_977035975.1
Euplotes parawoodruffi,GCA_021440025.1
Euplotes sp.,GCA_018295905.1
Euplotes weissei,GCA_021440005.1
Euplotes woodruffi,GCA_021439945.1
Euplotes woodruffi,GCA_027382585.1
Euplotes woodruffi,GCA_027382605.1
Eutreptiella sp. 'Long Island Sound 2002',GCA_964036045.2
Fabrea salina,GCA_022984795.1
Fistulifera pelliculosa,GCA_019693425.1
Fistulifera pelliculosa,GCA_026008555.1
Fistulifera solaris,GCA_002217885.1
Fistulifera solaris,GCA_030295235.1
Flectonema sp. DT1601,GCA_964019375.1
Flectonema sp. DT1601,GCA_964019425.1
Fonticula alba,GCA_000388065.2
Fonticula-like sp. SCN 57-25,GCA_001724245.1
Fragilaria crotonensis,GCA_022925895.1
Fragilaria radians,GCA_900642245.1
Fragilariophycidae sp.,GCA_023346165.1
Fragilariophycidae sp.,GCA_023346305.1
Fragilariophycidae sp.,GCA_023346465.1
Fragilariophycidae sp.,GCA_023346625.1
Fragilariophycidae sp.,GCA_023346885.1
Fragilariophycidae sp.,GCA_023346985.1
Fragilariophycidae sp.,GCA_023347105.1
Fragilariophycidae sp.,GCA_023347145.1
Fragilariopsis cylindrus CCMP1102,GCA_001750085.1
Fragilariopsis cylindrus CCMP1102,GCA_900095095.1
Fragilariopsis cylindrus CCMP1102,GCA_964014685.1
Fragilariopsis kerguelensis,GCA_902825245.1
Fragilariopsis sp. CCMP1102,GCA_052057465.1
Fragilariopsis sp. K-0637,GCA_052057305.1
Fragilariopsis sp. RCC4289,GCA_056151495.1
Fragilariopsis sp. RCC4604,GCA_052057445.1
Fragilariopsis sp. RCC4608,GCA_052057425.1
Fragilariopsis sp. RCC4612,GCA_052057345.1
Fragilariopsis sp. RCC5208,GCA_056151475.1
Fragilariopsis sp. RCC5325,GCA_056151455.1
Fragilariopsis sp. RCC5501,GCA_056151425.1
Fragilariopsis sp. RCC5511,GCA_056151395.1
Freudenthalidium endolithicum,GCA_979612505.1
Freudenthalidium heronense,GCA_977020485.2
Fucus vesiculosus,GCA_014849475.1
Galdieria mesoamericana,GCA_057165405.1
Galdieria partita,GCA_025991245.1
Galdieria phlegrea,GCA_006232345.1
Galdieria sulphuraria,GCA_000341285.1
Galdieria sulphuraria,GCA_001704855.1
Galdieria sulphuraria,GCA_006232335.1
Galdieria sulphuraria,GCA_006232365.1
Galdieria sulphuraria,GCA_006232395.1
Galdieria sulphuraria,GCA_006232405.1
Galdieria sulphuraria,GCA_006232475.1
Galdieria sulphuraria,GCA_006232505.1
Galdieria sulphuraria,GCA_006232515.1
Galdieria sulphuraria,GCA_006232545.1
Galdieria sulphuraria,GCA_019693475.1
Galdieria sulphuraria,GCA_024341865.1
Galdieria sulphuraria,GCA_057165425.1
Galdieria yellowstonensis,GCA_026122205.1
Geminigera sp.,GCA_043251375.1
Geminigera sp.,GCA_043251435.1
Gerakladium sp. JEP-2021,GCA_977969885.1
Giardia duodenalis,GCA_000002435.2
Giardia duodenalis,GCA_000498715.1
Giardia duodenalis,GCA_000498735.1
Giardia duodenalis,GCA_009192805.1
Giardia duodenalis,GCA_009192825.1
Giardia duodenalis,GCA_011634545.1
Giardia duodenalis,GCA_011634555.1
Giardia duodenalis,GCA_011634595.1
Giardia duodenalis,GCA_022985015.1
Giardia duodenalis,GCA_022985025.1
Giardia duodenalis,GCA_026248805.1
Giardia duodenalis,GCA_029168715.1
Giardia duodenalis,GCA_029168725.1
Giardia duodenalis,GCA_029168735.1
Giardia duodenalis,GCA_029168785.1
Giardia duodenalis,GCA_029168795.1
Giardia duodenalis,GCA_029168805.1
Giardia duodenalis,GCA_029168835.1
Giardia duodenalis,GCA_029168845.1
Giardia duodenalis,GCA_029168855.1
Giardia duodenalis,GCA_038381485.1
Giardia duodenalis,GCA_038381495.1
Giardia duodenalis,GCA_038381505.1
Giardia duodenalis,GCA_038381595.1
Giardia duodenalis,GCA_038381605.1
Giardia duodenalis,GCA_038381615.1
Giardia duodenalis,GCA_900069105.1
Giardia duodenalis,GCA_902209425.1
Giardia duodenalis,GCA_902221465.1
Giardia duodenalis,GCA_902221485.1
Giardia duodenalis,GCA_902221515.1
Giardia duodenalis,GCA_902221535.1
Giardia duodenalis,GCA_902221545.1
Giardia duodenalis ATCC 50581,GCA_000182405.1
Giardia duodenalis assemblage A,GCA_001493575.1
Giardia duodenalis assemblage A,GCA_049639855.1
Giardia duodenalis assemblage B,GCA_001543975.1
Giardia lamblia P15,GCA_000182665.1
Giardia muris,GCA_006247105.1
Globisporangium abappressorium,GCA_023334355.1
Globisporangium acanthophoron,GCA_023334365.1
Globisporangium alternatum,GCA_023334315.1
Globisporangium apiculatum,GCA_023337825.1
Globisporangium barbulae,GCA_023337805.1
Globisporangium camurandrum,GCA_023337595.1
Globisporangium canariense,GCA_023334305.1
Globisporangium carolinianum,GCA_023334275.1
Globisporangium cederbergense,GCA_023334245.1
Globisporangium cryptoirregulare,GCA_023337535.1
Globisporangium cryptoirregulare,GCA_037965435.1
Globisporangium cryptoirregulare,GCA_038050695.1
Globisporangium cryptoirregulare,GCA_038050715.1
Globisporangium cryptoirregulare,GCA_038050755.1
Globisporangium cryptoirregulare,GCA_038050795.1
Globisporangium cryptoirregulare,GCA_038050825.1
Globisporangium cryptoirregulare,GCA_038050845.1
Globisporangium cryptoirregulare,GCA_038050865.1
Globisporangium cryptoirregulare,GCA_038050885.1
Globisporangium cryptoirregulare,GCA_051996535.1
Globisporangium cylindrosporum,GCA_023334255.1
Globisporangium cylindrosporum,GCA_038050585.1
Globisporangium cylindrosporum,GCA_038050675.1
Globisporangium cylindrosporum,GCA_038050735.1
Globisporangium cylindrosporum,GCA_038050775.1
Globisporangium cystogenes,GCA_023334215.1
Globisporangium debaryanum,GCA_023334175.1
Globisporangium echinulatum,GCA_023336405.1
Globisporangium emineosum,GCA_023334195.1
Globisporangium erinaceum,GCA_023334135.1
Globisporangium heterothallicum,GCA_023334155.1
Globisporangium huanghuaiense,GCA_044231605.1
Globisporangium irregulare,GCA_004117815.1
Globisporangium irregulare,GCA_023336235.1
Globisporangium irregulare,GCA_037965455.1
Globisporangium irregulare,GCA_038048875.1
Globisporangium irregulare,GCA_038048945.1
Globisporangium irregulare,GCA_038050905.1
Globisporangium irregulare,GCA_038050925.1
Globisporangium irregulare,GCA_038050935.1
Globisporangium irregulare,GCA_038050945.1
Globisporangium irregulare,GCA_038050995.1
Globisporangium irregulare,GCA_038051025.1
Globisporangium irregulare,GCA_038051045.1
Globisporangium irregulare,GCA_038051075.1
Globisporangium irregulare,GCA_038051095.1
Globisporangium irregulare,GCA_038051115.1
Globisporangium irregulare,GCA_038051135.1
Globisporangium irregulare,GCA_038051155.1
Globisporangium irregulare,GCA_038051175.1
Globisporangium irregulare,GCA_038051185.1
Globisporangium irregulare,GCA_038051225.1
Globisporangium irregulare,GCA_038051295.1
Globisporangium irregulare,GCA_051997085.1
Globisporangium irregulare DAOM BR486,GCA_000387425.2
Globisporangium iwayamae,GCA_023336215.1
Globisporangium iwayamae DAOM BR242034,GCA_000387465.2
Globisporangium lucens,GCA_023336175.1
Globisporangium mamillatum,GCA_023336125.1
Globisporangium mamillatum,GCA_038050575.1
Globisporangium megalacanthum,GCA_023334115.1
Globisporangium middletonii,GCA_023334085.1
Globisporangium nagaii,GCA_023335995.1
Globisporangium nodosum,GCA_023334105.1
Globisporangium nunn,GCA_023334075.1
Globisporangium okanoganense,GCA_023334035.1
Globisporangium ornacarpum,GCA_023334055.1
Globisporangium orthogonon,GCA_023334005.1
Globisporangium paddicum,GCA_023334015.1
Globisporangium paroecandrum,GCA_023333955.1
Globisporangium parvum,GCA_023333885.1
Globisporangium perplexum,GCA_023333865.1
Globisporangium polare,GCA_023333845.1
Globisporangium polare,GCA_054786475.1
Globisporangium radiosum,GCA_023333825.1
Globisporangium recalcitrans,GCA_023333815.1
Globisporangium rhizosaccharum,GCA_023333795.1
Globisporangium solare,GCA_023335675.1
Globisporangium spiculum,GCA_023335655.1
Globisporangium spinosum,GCA_023335535.1
Globisporangium splendens,GCA_006386115.1
Globisporangium splendens,GCA_023335435.1
Globisporangium sylvaticum,GCA_023334975.1
Globisporangium takayamanum,GCA_023333735.1
Globisporangium ultimum DAOM BR144,GCA_000143045.1
Globisporangium ultimum var. sporangiiferum,GCA_023334565.1
Globisporangium ultimum var. sporangiiferum BR650,GCA_000387525.2
Globisporangium uncinulatum,GCA_023333755.1
Globisporangium viniferum,GCA_023333705.1
Globisporangium yorkense,GCA_023333695.1
Globobulimina sp.,GCA_003354225.1
Goniomonas avonlea,GCA_003573635.1
Gracilaria caudata,GCA_030374735.1
Gracilaria domingensis,GCA_022539475.1
Gracilaria gracilis,GCA_030374805.1
Gracilaria parvispora,GCA_042902725.1
Gracilaria salicornia,GCA_049174655.1
Gracilaria vermiculophylla,GCA_019155205.2
Gracilaria vermiculophylla,GCA_054346105.1
Gracilariopsis chorda,GCA_003194525.1
Gracilariopsis lemaneiformis,GCA_003346895.1
Gregarina niphandrodes,GCA_000223845.4
Guillardia theta,GCA_000002975.1
Guillardia theta CCMP2712,GCA_000315625.1
Gulsonia nodulosa,GCA_965246695.1
Haemoproteus tartakovskyi,GCA_001625125.1
Halamphora sp. AAB,GCA_004335955.1
Halamphora sp. MG8b,GCA_004335815.1
Halluxium pauxillum,GCA_977016805.1
Halocafeteria seosinensis,GCA_001687465.1
Halocafeteria seosinensis,GCA_057816405.1
Halocafeteria seosinensis,GCA_057816425.1
Halophytophthora batemanensis,GCA_023338225.1
Halophytophthora polymorphica,GCA_023338205.2
Halteria grandinella,GCA_006369765.1
Halteria grandinella,GCA_047495895.1
Hammondia hammondi,GCA_000258005.2
Hammondia hammondi,GCA_000447165.1
Haplosporidium nelsoni,GCA_055256115.1
Haplosporidium pinnae,GCA_025330925.1
Hapterophycus canaliculatus,GCA_964200335.2
Hedophyllum nigripes,GCA_046269345.1
Helminthora divaricata,GCA_978020535.1
Hemiselmis andersenii,GCA_000018645.1
Hepatocystis sp. ex Piliocolobus tephrosceles,GCA_902459845.2
Herpetomonas muscarum,GCA_000482205.1
Herpetomonas samuelpessoai,GCA_030849835.1
Herpetomonas tarakana,GCA_030849825.1
Herpochondria borealis,GCA_032274145.1
Heterococcus sp. DN1,GCA_000498555.1
Heterosigma akashiwo,GCA_964200215.2
Heterostelium album PN500,GCA_000004825.1
Heterostelium multicystogenum,GCA_003667245.1
Heterostelium pallidum,GCA_054501735.1
Heterotrichella gracilis,GCA_032358255.1
Hexamita inflata,GCA_963988835.2
Histomonas meleagridis,GCA_020184695.1
Histomonas meleagridis,GCA_020186115.1
Hondaea fermentalgiana,GCA_002897355.1
Hondaea fermentalgiana,GCA_014084085.1
Hyaloperonospora arabidopsidis,GCA_001414265.2
Hyaloperonospora arabidopsidis,GCA_001414525.2
Hyaloperonospora arabidopsidis Emoy2,GCA_000173235.2
Hyaloperonospora brassicae,GCA_019297655.1
Hyaloperonospora brassicae,GCA_019297675.1
Hyaloperonospora brassicae,GCA_947650285.1
Hyaloperonospora parasitica,GCA_029452305.1
Hydrurus foetidus,GCA_900617105.1
Hydrurus foetidus,GCA_978795795.1
Hyphochytrium catenoides,GCA_000327025.2
Hyphochytrium catenoides,GCA_900088475.1
Ichthyophonus hoferi,GCA_002751075.1
Ichthyophthirius multifiliis,GCA_000220395.1
Ichthyosporea sp. XGB-2017a,GCA_002811675.1
Internoretia fryeana,GCA_036784875.1
Isochrysis galbana,GCA_018136815.1
Isotricha intestinalis,GCA_023806885.1
Isotricha intestinalis,GCA_023807045.1
Isotricha intestinalis,GCA_023807065.1
Isotricha prostoma,GCA_023806925.1
Isotricha prostoma,GCA_023806985.1
Isotricha prostoma,GCA_023807205.1
Isotricha sp. SAG1,GCA_049901795.1
Isotricha sp. YL-2021a,GCA_023806865.1
Isotricha sp. YL-2021a,GCA_023807085.1
Isotricha sp. YL-2021b,GCA_023805655.1
Isotricha sp. YL-2021b,GCA_023805725.1
Isotricha sp. YL-2021b,GCA_023805745.1
Isotricha sp. YL-2021b,GCA_023805775.1
Isotricha sp. YL-2021b,GCA_023806045.1
Jaenimonas drosophilae,GCA_030849065.1
Kappaphycus alvarezii,GCA_002205965.3
Kappaphycus striatus,GCA_043790055.1
Kentomonas sorsogonicus,GCA_030347455.1
Kipferlia bialata,GCA_003568945.1
Labyrinthula sp. Ha,GCA_015227615.1
Lafontella sp. GMO-01,GCA_046056295.1
Lagenidium giganteum,GCA_002286825.1
Lagenidium giganteum,GCA_002980415.1
Lagenidium giganteum,GCA_027925865.1
Lagenidium sp. CBS 127285,GCA_023338185.1
Laminaria digitata,GCA_964200635.2
Laminaria ephemera,GCA_036873875.1
Laminaria setchellii,GCA_037834435.1
Laminaria sinclairii,GCA_036873665.1
Laurentiella sp. PUJRC_G5,GCA_001272975.2
Leidyana gryllorum,GCA_048772705.1
Leishmania adleri,GCA_902369305.1
Leishmania aethiopica,GCA_003992445.1
Leishmania aethiopica L147,GCA_000444285.2
Leishmania amazonensis,GCA_000438535.1
Leishmania amazonensis,GCA_003992505.1
Leishmania amazonensis,GCA_005317125.1
Leishmania amazonensis,GCA_025688915.1
Leishmania amazonensis,GCA_030937385.1
Leishmania arabica,GCA_000410695.2
Leishmania braziliensis,GCA_003304975.1
Leishmania braziliensis,GCA_024505685.1
Leishmania braziliensis,GCA_041682335.1
Leishmania braziliensis,GCA_041682345.1
Leishmania braziliensis,GCA_041682365.1
Leishmania braziliensis,GCA_044509535.1
Leishmania braziliensis,GCA_044509545.1
Leishmania braziliensis,GCA_902369275.1
Leishmania braziliensis MHOM/BR/75/M2903,GCA_000340355.2
Leishmania braziliensis MHOM/BR/75/M2903,GCA_964014055.1
Leishmania braziliensis MHOM/BR/75/M2904,GCA_000002845.2
Leishmania braziliensis MHOM/BR/75/M2904,GCA_900537975.2
Leishmania braziliensis MHOM/BR/75/M2904,GCA_964014045.1
Leishmania cf. guyanensis/panamensis,GCA_041682205.1
Leishmania cf. guyanensis/panamensis,GCA_041682225.1
Leishmania chagasi,GCA_014466935.1
Leishmania chagasi,GCA_014466975.1
Leishmania chagasi,GCA_018290745.1
Leishmania chagasi,GCA_018291365.1
Leishmania donovani,GCA_000227135.2
Leishmania donovani,GCA_000470725.1
Leishmania donovani,GCA_001989955.1
Leishmania donovani,GCA_001989975.1
Leishmania donovani,GCA_002243465.1
Leishmania donovani,GCA_003719575.1
Leishmania donovani,GCA_003730175.1
Leishmania donovani,GCA_003730215.1
Leishmania donovani,GCA_900635355.2
Leishmania donovani,GCA_963920605.1
Leishmania donovani Ld 2001,GCA_000283395.1
Leishmania donovani Ld 39,GCA_000316305.1
Leishmania enriettii,GCA_000410755.2
Leishmania enriettii,GCA_017916305.1
Leishmania gerbilli,GCA_000443025.1
Leishmania guyanensis,GCA_003664525.1
Leishmania guyanensis,GCA_022701395.1
Leishmania guyanensis,GCA_024970365.1
Leishmania guyanensis,GCA_041682325.1
Leishmania guyanensis,GCA_051201275.1
Leishmania guyanensis,GCA_051989525.1
Leishmania guyanensis,GCA_902369315.1
Leishmania infantum,GCA_003020905.1
Leishmania infantum,GCA_003671315.1
Leishmania infantum,GCA_020705095.1
Leishmania infantum,GCA_037177885.1
Leishmania infantum,GCA_037177905.1
Leishmania infantum,GCA_037177915.1
Leishmania infantum,GCA_037177945.1
Leishmania infantum,GCA_037177955.1
Leishmania infantum,GCA_037177985.1
Leishmania infantum,GCA_037178005.1
Leishmania infantum,GCA_037178015.1
Leishmania infantum,GCA_037178045.1
Leishmania infantum,GCA_037178065.1
Leishmania infantum,GCA_037178075.1
Leishmania infantum,GCA_037178095.1
Leishmania infantum,GCA_037178125.1
Leishmania infantum,GCA_037178145.1
Leishmania infantum,GCA_037178165.1
Leishmania infantum,GCA_037178175.1
Leishmania infantum,GCA_037178195.1
Leishmania infantum,GCA_037178225.1
Leishmania infantum,GCA_037178235.1
Leishmania infantum,GCA_037178265.1
Leishmania infantum,GCA_037178275.1
Leishmania infantum,GCA_037178305.1
Leishmania infantum,GCA_037178315.1
Leishmania infantum,GCA_037178345.1
Leishmania infantum,GCA_037178365.1
Leishmania infantum,GCA_037178385.1
Leishmania infantum,GCA_037178395.1
Leishmania infantum,GCA_037178405.1
Leishmania infantum,GCA_037178465.1
Leishmania infantum,GCA_037178485.1
Leishmania infantum,GCA_037178505.1
Leishmania infantum,GCA_037178515.1
Leishmania infantum,GCA_037178525.1
Leishmania infantum,GCA_037178565.1
Leishmania infantum,GCA_037178585.1
Leishmania infantum,GCA_902369335.1
Leishmania infantum JPCM5,GCA_000002875.2
Leishmania infantum JPCM5,GCA_900500625.2
Leishmania lainsoni,GCA_003664395.1
Leishmania lindenbergi,GCA_040363675.1
Leishmania major,GCA_020783415.1
Leishmania major,GCA_051013985.1
Leishmania major strain Friedlin,GCA_000002725.2
Leishmania major strain Friedlin,GCA_902369385.1
Leishmania major strain Friedlin,GCA_902498725.1
Leishmania major strain Friedlin,GCA_916722125.1
Leishmania major strain LV39c5,GCA_000331345.1
Leishmania major strain SD 75.1,GCA_000250755.2
Leishmania martiniquensis,GCA_017916325.1
Leishmania martiniquensis,GCA_023158965.1
Leishmania mexicana,GCA_003992435.2
Leishmania mexicana,GCA_977035625.1
Leishmania mexicana MHOM/GT/2001/U1103,GCA_000234665.4
Leishmania naiffi,GCA_040363635.1
Leishmania naiffi,GCA_051201425.1
Leishmania orientalis,GCA_017916335.1
Leishmania orientalis,GCA_023159015.1
Leishmania panamensis,GCA_000755165.2
Leishmania panamensis,GCA_041682195.1
Leishmania panamensis,GCA_041682215.1
Leishmania panamensis MHOM/COL/81/L13,GCA_000340495.1
Leishmania peruviana,GCA_001403675.1
Leishmania peruviana,GCA_001403695.1
Leishmania peruviana,GCA_055690235.1
Leishmania peruviana,GCA_055690245.1
Leishmania peruviana,GCA_055690285.1
Leishmania shawi,GCA_040363515.1
Leishmania shawi,GCA_040363645.1
Leishmania shawi,GCA_051201445.1
Leishmania shawi,GCA_051989855.1
Leishmania sp. AIIMS/LM/SS/PKDL/LD-974,GCA_000981925.2
Leishmania sp. Ghana 2012 LV757,GCA_017918215.1
Leishmania sp. MAR LEM2494,GCA_000409445.2
Leishmania sp. Namibia,GCA_017918225.1
Leishmania tarentolae,GCA_009731335.1
Leishmania tarentolae,GCA_009770625.1
Leishmania tarentolae,GCA_033953505.1
Leishmania tarentolae,GCA_053525035.1
Leishmania tarentolae,GCA_977064355.1
Leishmania tropica,GCA_003067545.1
Leishmania tropica,GCA_003352575.1
Leishmania tropica,GCA_011316065.1
Leishmania tropica,GCA_014139745.1
Leishmania tropica,GCA_048773145.2
Leishmania tropica L590,GCA_000410715.1
Leishmania turanica,GCA_000441995.1
Leishmania utingensis,GCA_040363505.1
Lenisia limosa,GCA_001655205.1
Leptomonas pyrrhocoris,GCA_001293395.1
Leptomonas seymouri,GCA_001299535.1
Leptomonas seymouri BHU1095,GCA_000333875.2
Lessoniopsis littoralis,GCA_040966315.1
Licmophora abbreviata,GCA_900291995.1
Lingulaulax polyedra,GCA_037575995.1
Lithophyllum stictiforme,GCA_982384165.1
Lithothamnion corallioides,GCA_040759835.1
Lotharella oceanica,GCA_000698435.2
Lotmaria passim,GCA_000635995.1
Lotmaria passim,GCA_002216525.1
Lotmaria passim,GCA_002216625.1
Lotmaria passim,GCA_030247965.2
Lotmaria passim,GCA_030247975.2
Lotmaria passim,GCA_034478905.1
Lotmaria passim,GCA_037349495.1
Loxodes magnus,GCA_946699065.2
Macrocystis pyrifera,GCA_012273945.1
Macrocystis pyrifera,GCA_031763025.1
Macrocystis pyrifera,GCA_055673625.1
Macrocystis pyrifera,GCA_055673715.1
Macrocystis pyrifera,GCA_055697805.1
Macrocystis pyrifera,GCA_055768785.1
Malawimonas sp.,GCA_018606705.1
Mallomonas annulata,GCA_015143345.1
Mantamonas sphyraenae,GCA_026936335.1
Margolisiella sp. 23004-MA1,GCA_057381155.1
Maristentor dinoferus,GCA_977017595.1
Marteilia pararefringens,GCA_039583845.1
Mastigamoeba balamuthi,GCA_000765095.1
Mastigamoeba balamuthi,GCA_902651635.1
Mastocarpus papillatus,GCA_032356145.1
Mayamaea pseudoterrestris,GCA_027923505.1
Mediolabrus comicus,GCA_036940125.2
Meristiella gelidium,GCA_982557675.1
Metadinium minorum,GCA_023807265.1
Miamiensis avidus,GCA_037039875.1
Miamiensis avidus,GCA_037039885.1
Microchloropsis salina,GCA_051200715.1
Mikrocytos mackini,GCA_030180075.1
Ministeria vibrans ATCC 50519,GCA_943704425.1
Minutocellus sp. GHC0000111,GCA_977018835.1
Minutocellus sp. GHC0000111,GCA_977018905.1
Moneuplotes crassus,GCA_001880385.1
Moneuplotes crassus,GCA_946863485.1
Monocercomonoides exilis,GCA_001643675.2
Monosiga brevicollis MX1,GCA_000002865.1
Naegleria clarki,GCA_045837705.1
Naegleria fowleri,GCA_000499105.1
Naegleria fowleri,GCA_008403515.1
Naegleria fowleri,GCA_014843625.1
Naegleria fowleri,GCA_020891285.1
Naegleria fowleri,GCA_027563055.1
Naegleria fowleri,GCA_027563075.1
Naegleria fowleri,GCA_027563095.1
Naegleria fowleri,GCA_902703645.1
Naegleria gruberi,GCA_000004985.1
Naegleria lovaniensis,GCA_003324165.2
Naegleria lovaniensis,GCA_022530875.1
Naegleria lovaniensis,GCA_027562995.1
Naegleria lovaniensis,GCA_027563015.1
Naegleria lovaniensis,GCA_027563035.1
Nannochloropsis gaditana,GCA_000569095.1
Nannochloropsis gaditana,GCA_001614215.1
Nannochloropsis gaditana,GCA_002838785.1
Nannochloropsis gaditana CCMP526,GCA_000240725.1
Nannochloropsis granulata CCMP529,GCA_004335405.1
Nannochloropsis limnetica,GCA_001614225.1
Nannochloropsis oceanica,GCA_000226695.1
Nannochloropsis oceanica,GCA_004519485.1
Nannochloropsis oceanica,GCA_009014695.1
Nannochloropsis oceanica,GCA_009014725.1
Nannochloropsis oceanica,GCA_037830525.2
Nannochloropsis oceanica,GCA_041531705.1
Nannochloropsis oceanica,GCA_051622145.2
Nannochloropsis oceanica,GCA_054655715.1
Nannochloropsis oceanica CCMP531,GCA_004335385.1
Nannochloropsis oceanica OZ-1,GCA_001614235.1
Nannochloropsis oceanica strain IMET1,GCA_001870945.1
Nannochloropsis oculata CCMP525,GCA_004335455.1
Nannochloropsis salina CCMP1776,GCA_001614245.1
Nannochloropsis salina CCMP1776,GCA_004565275.1
Nannochloropsis salina CCMP537,GCA_004335465.1
Nannochloropsis sp. QH25,GCA_024741955.1
Neoagarum fimbriatum,GCA_036873965.1
Neospora caninum,GCA_000208865.2
Neospora caninum,GCA_016097395.1
Neospora caninum,GCA_016097425.1
Neospora caninum,GCA_016801225.1
Neovahlkampfia damariscottae,GCA_016618085.1
Nephromyces sp. MM_2019,GCA_015657535.1
Nephromyces sp. ex Molgula occidentalis,GCA_004523865.1
Nereocystis luetkeana,GCA_031213475.2
Nitzschia inconspicua,GCA_019154785.2
Nitzschia palea,GCA_019593585.1
Nitzschia putrida,GCA_016586335.1
Nitzschia sp. DOCU1,GCA_951393995.1
Nitzschia sp. DOCU1,GCA_951394045.1
Nitzschia sp. Nitz4,GCA_013372465.1
Nitzschia sp. pyKryTriq1,GCA_956465555.1
Nitzschia sp. pyKryTriq1,GCA_956465565.1
Nitzschia sp. sing1,GCA_047456565.1
Nothophytophthora amphigynosa,GCA_042082265.1
Nothophytophthora sp. Chile5,GCA_001712635.2
Novymonas esmeraldas,GCA_019188245.1
Obscuromonas eliasi,GCA_049481335.1
Obscuromonas oborniki,GCA_049481365.1
Obscuromonas volfi,GCA_049481355.1
Ochromonadaceae sp. CCMP2298,GCA_026770595.1
Ochromonas danica,GCA_015146655.1
Ochromonas danica,GCA_965119565.1
Ochromonas sp.,GCA_023345975.1
Ochromonas sp.,GCA_023346245.1
Ochromonas sp.,GCA_023346265.1
Ochromonas sp.,GCA_023346365.1
Ochromonas sp.,GCA_023346425.1
Ochromonas sp.,GCA_023346525.1
Ochromonas sp.,GCA_023346535.1
Ochromonas sp.,GCA_023346705.1
Ochromonas sp.,GCA_023346895.1
Ochromonas sp.,GCA_023346965.1
Odonthalia washingtoniensis,GCA_032358235.1
Ophiocytium majus,GCA_032358315.1
Ophryocystis elektroscirrha,GCA_030141585.1
Ophryoscolex caudatus,GCA_023783155.1
Ophryoscolex caudatus,GCA_023783195.1
Ophryoscolex caudatus,GCA_023783275.1
Ophryoscolex caudatus,GCA_023783395.1
Ophryoscolex caudatus,GCA_023783415.1
Ophryoscolex caudatus,GCA_023805605.1
Ophryoscolex caudatus,GCA_023805735.1
Ophryoscolex caudatus,GCA_023806795.1
Ophryoscolex caudatus,GCA_023806825.1
Ophryoscolex caudatus,GCA_023806975.1
Opuntiella californica,GCA_032270645.1
Osmundea hybrida,GCA_965362265.2
Ostracodinium dentatum,GCA_023805525.1
Ostracodinium gracile,GCA_023783255.1
Ostracodinium gracile,GCA_023805685.1
Ostracodinium gracile,GCA_023806765.1
Oxytricha trifallax,GCA_000295675.2
Oxytricha trifallax,GCA_000711775.1
Oxytricha trifallax,GCA_001297925.1
Padina boergesenii,GCA_047404095.1
Palmaria palmata,GCA_046563775.1
Paralagenidium karlingii,GCA_002980425.1
Paralagenidium karlingii,GCA_027475765.1
Paralagenidium karlingii,GCA_056868315.1
Paralia guyana,GCA_041146295.1
Paramarteilia canceri,GCA_040357535.1
Paramecium biaurelia,GCA_000733385.1
Paramecium biaurelia,GCA_980646935.1
Paramecium bursaria,GCA_016759035.1
Paramecium bursaria,GCA_016759055.1
Paramecium bursaria,GCA_016802755.1
Paramecium bursaria,GCA_016802775.1
Paramecium bursaria,GCA_016807985.1
Paramecium bursaria,GCA_016808005.1
Paramecium bursaria,GCA_016808045.1
Paramecium bursaria,GCA_016808065.2
Paramecium bursaria,GCA_043974915.1
Paramecium bursaria,GCA_043974975.1
Paramecium bursaria,GCA_053455385.1
Paramecium bursaria,GCA_976925385.1
Paramecium calkinsi,GCA_054733055.1
Paramecium caudatum,GCA_000715435.1
Paramecium deuterobursaria,GCA_977966355.1
Paramecium nephridiatum,GCA_973845125.1
Paramecium octaurelia,GCA_905182995.1
Paramecium octaurelia,GCA_980644265.1
Paramecium pentaurelia,GCA_905183005.1
Paramecium pentaurelia,GCA_980645695.1
Paramecium primaurelia,GCA_905182975.1
Paramecium primaurelia,GCA_980642815.1
Paramecium sexaurelia,GCA_000733375.1
Paramecium sexaurelia,GCA_980645855.1
Paramecium sonneborni,GCA_905182985.1
Paramecium sonneborni,GCA_980648905.1
Paramecium tetratobursaria,GCA_977966395.1
Paramecium tetraurelia,GCA_000165425.1
Paramecium tetraurelia,GCA_054790855.1
Paramecium tetraurelia,GCA_977072105.1
Paramecium tetraurelia,GCA_980648895.1
Paramecium tetraurelia,GCA_980649275.1
Paramecium tetraurelia,GCA_980650655.1
Paramecium tetraurelia,GCA_980654785.1
Paramoeba atlantica,GCA_977017575.1
Paramoeba atlantica,GCA_977017615.1
Paramoeba pemaquidensis,GCA_002151225.1
Paraphysomonas bandaiensis,GCA_965644295.1
Paratrimastix pyriformis,GCA_027972325.1
Paratrypanosoma confusum,GCA_002921335.1
Paraurostyla sp. PUJRC_G6,GCA_001272965.2
Parietichytrium sp. I65-24A,GCA_012862575.1
Parmales sp. scaly parma,GCA_030267985.1
Parvularia atlantis,GCA_943704415.1
Paulinella micropora,GCA_009731375.1
Paulinella micropora,GCA_019918135.1
Pavlovales sp. CCMP2436,GCA_026770615.1
Pedospumella encystans,GCA_015143685.1
Pedospumella encystans,GCA_015148585.1
Pelagococcus subviridis,GCA_019702425.1
Pelagomonas calceolata,GCA_055505165.1
Pelagomonas calceolata,GCA_918797485.2
Pelagomonas sp. RCC986,GCA_978041885.1
Pelagophyceae sp. CCMP2097,GCA_026770575.1
Pelomyxa schiedti,GCA_020536535.1
Pentatrichomonas hominis,GCA_047301545.1
Perkinsela sp. CCAP 1560/4,GCA_001235845.1
Perkinsela sp. CCAP 1560/9,GCA_965644455.1
Perkinsela sp. CCAP 1560/9,GCA_965644495.1
Perkinsela sp. pyNocScin1,GCA_964019655.1
Perkinsela sp. pyNocScin1,GCA_964019675.1
Perkinsus chesapeaki,GCA_013115145.1
Perkinsus chesapeaki,GCA_978019755.1
Perkinsus marinus,GCA_978019715.1
Perkinsus marinus ATCC 50983,GCA_000006405.1
Perkinsus olseni,GCA_013115115.1
Perkinsus olseni,GCA_013115125.1
Perkinsus olseni,GCA_013115135.1
Perkinsus olseni,GCA_013115865.1
Perkinsus olseni,GCA_013115895.1
Perkinsus olseni,GCA_051622615.1
Perkinsus olseni,GCA_978019485.1
Perkinsus olseni,GCA_978019665.1
Perkinsus sp. BL_2016,GCA_004369235.1
Peronosclerospora sorghi,GCA_026184515.1
Peronospora belbahrii,GCA_002864105.1
Peronospora belbahrii,GCA_902712285.1
Peronospora belbahrii,GCA_920618645.1
Peronospora belbahrii,GCA_921012115.1
Peronospora destructor,GCA_011800735.1
Peronospora destructor,GCA_947650345.1
Peronospora effusa,GCA_002245715.1
Peronospora effusa,GCA_002245725.1
Peronospora effusa,GCA_002245735.1
Peronospora effusa,GCA_003704535.1
Peronospora effusa,GCA_003843895.1
Peronospora effusa,GCA_013122855.1
Peronospora effusa,GCA_021491655.1
Peronospora effusa,GCA_947641895.1
Peronospora farinosa,GCA_920940705.1
Peronospora farinosa,GCA_947646735.1
Peronospora tabacina,GCA_002099245.1
Phaeocystis sp.,GCA_043251255.1
Phaeocystis sp.,GCA_043251265.1
Phaeodactylum tricornutum,GCA_037954215.1
Phaeodactylum tricornutum,GCA_055434865.1
Phaeodactylum tricornutum,GCA_914521175.1
Phaeodactylum tricornutum CCAP 1055/1,GCA_000150955.2
Phaeosaccion multiseriatum,GCA_965112735.1
Phaeostrophion irregulare,GCA_046269665.1
Phaeothamnion confervicola,GCA_964200195.2
Phymatolithon calcareum,GCA_040759855.1
Phymatolithon calcareum,GCA_977006965.1
Phytomonas francai,GCA_001766655.1
Phytomonas serpens,GCA_977035635.1
Phytomonas serpens 9T,GCA_000331125.1
Phytomonas sp. EM1,GCA_000582765.1
Phytomonas sp. Hart1,GCA_000982615.1
Phytophthora abietivora,GCA_052575295.1
Phytophthora agathidicida,GCA_001314435.1
Phytophthora agathidicida,GCA_001314445.1
Phytophthora agathidicida,GCA_025722995.1
Phytophthora aleatoria,GCA_018873745.1
Phytophthora asiatica,GCA_042082275.1
Phytophthora attenuata,GCA_042082295.1
Phytophthora austrocedri,GCA_055305815.1
Phytophthora austrocedri,GCA_055305935.1
Phytophthora betacei,GCA_011320135.1
Phytophthora boehmeriae,GCA_011947355.1
Phytophthora boehmeriae,GCA_019155685.1
Phytophthora boehmeriae,GCA_024679105.1
Phytophthora brassicae,GCA_024679045.1
Phytophthora cactorum,GCA_002081965.1
Phytophthora cactorum,GCA_003287315.1
Phytophthora cactorum,GCA_010194725.1
Phytophthora cactorum,GCA_016864635.1
Phytophthora cactorum,GCA_016864655.1
Phytophthora cactorum,GCA_016864665.1
Phytophthora cactorum,GCA_016864695.1
Phytophthora cactorum,GCA_016864715.1
Phytophthora cactorum,GCA_016864735.1
Phytophthora cactorum,GCA_016864755.1
Phytophthora cactorum,GCA_016864775.1
Phytophthora cactorum,GCA_016864795.1
Phytophthora cactorum,GCA_016864815.1
Phytophthora cactorum,GCA_016864835.1
Phytophthora cactorum,GCA_016864855.1
Phytophthora cactorum,GCA_016865055.1
Phytophthora cactorum,GCA_016865075.1
Phytophthora cactorum,GCA_016865085.1
Phytophthora cactorum,GCA_016906365.1
Phytophthora cactorum,GCA_017309695.1
Phytophthora cactorum,GCA_018873755.1
Phytophthora cactorum,GCA_030374165.1
Phytophthora cactorum,GCA_030374175.1
Phytophthora cactorum,GCA_030374185.1
Phytophthora cactorum,GCA_030374195.1
Phytophthora cactorum,GCA_030374205.1
Phytophthora cactorum,GCA_033557905.1
Phytophthora cactorum,GCA_033557935.1
Phytophthora cactorum,GCA_049863115.1
Phytophthora cajani,GCA_024679175.1
Phytophthora capsici,GCA_004137865.1
Phytophthora capsici,GCA_004137885.1
Phytophthora capsici,GCA_004137955.1
Phytophthora capsici,GCA_004137965.1
Phytophthora capsici,GCA_004137975.1
Phytophthora capsici,GCA_004138045.1
Phytophthora capsici,GCA_016618375.1
Phytophthora capsici,GCA_018292885.1
Phytophthora capsici,GCA_018292895.1
Phytophthora capsici,GCA_018292905.1
Phytophthora capsici,GCA_029168885.1
Phytophthora capsici,GCA_030324255.1
Phytophthora capsici,GCA_032158065.1
Phytophthora capsici,GCA_032161705.1
Phytophthora capsici,GCA_053541045.1
Phytophthora capsici,GCA_053574365.1
Phytophthora capsici,GCA_949795465.1
Phytophthora capsici LT1534,GCA_000325885.1
Phytophthora capsici LT1534,GCA_949795235.1
Phytophthora castanetorum,GCA_014706115.1
Phytophthora chlamydospora,GCA_012295415.1
Phytophthora cinnamomi,GCA_001314365.1
Phytophthora cinnamomi,GCA_001314505.1
Phytophthora cinnamomi,GCA_002734105.1
Phytophthora cinnamomi,GCA_002734125.1
Phytophthora cinnamomi,GCA_018691715.1
Phytophthora cinnamomi,GCA_029747605.1
Phytophthora cinnamomi,GCA_042082325.1
Phytophthora cinnamomi,GCA_050331855.1
Phytophthora cinnamomi var. cinnamomi,GCA_020283495.1
Phytophthora cinnamomi var. robiniae,GCA_024679195.1
Phytophthora citricola,GCA_007655245.1
Phytophthora citrophthora,GCA_031305395.1
Phytophthora citrophthora,GCA_035080265.1
Phytophthora colocasiae,GCA_002288995.1
Phytophthora colocasiae,GCA_018806915.1
Phytophthora colocasiae,GCA_020226015.1
Phytophthora constricta,GCA_011947335.1
Phytophthora crassamura,GCA_033557995.1
Phytophthora crassamura,GCA_042082245.1
Phytophthora cryptogea,GCA_000468175.2
Phytophthora elongata,GCA_042082345.1
Phytophthora europaea,GCA_030463285.1
Phytophthora flexuosa,GCA_042082425.1
Phytophthora foliorum,GCA_024679135.1
Phytophthora formosa,GCA_042082445.1
Phytophthora fragariae,GCA_000686205.4
Phytophthora fragariae,GCA_002025845.1
Phytophthora fragariae,GCA_009729435.1
Phytophthora fragariae,GCA_009729455.1
Phytophthora fragariae,GCA_009732925.1
Phytophthora fragariae,GCA_009732985.1
Phytophthora fragariae,GCA_009733005.1
Phytophthora fragariae,GCA_009733025.1
Phytophthora fragariae,GCA_009733045.1
Phytophthora fragariae,GCA_009733065.1
Phytophthora fragariae,GCA_009733085.1
Phytophthora fragariae,GCA_009733105.1
Phytophthora fragariae,GCA_009733125.1
Phytophthora fragariaefolia,GCA_030267785.1
Phytophthora gibbosa,GCA_042082505.1
Phytophthora gonapodyides,GCA_012295475.1
Phytophthora gonapodyides,GCA_047676585.1
Phytophthora gregata,GCA_042082525.1
Phytophthora hedraiandra,GCA_042082605.1
Phytophthora hibernalis,GCA_012656075.1
Phytophthora hibernalis,GCA_024679025.1
Phytophthora humicola,GCA_042082705.1
Phytophthora idaei,GCA_016865095.1
Phytophthora idaei,GCA_016880175.1
Phytophthora idaei,GCA_016880985.1
Phytophthora infestans,GCA_001661535.1
Phytophthora infestans,GCA_011316315.1
Phytophthora infestans,GCA_012295175.1
Phytophthora infestans,GCA_012552325.1
Phytophthora infestans,GCA_026225685.1
Phytophthora infestans,GCA_044509515.1
Phytophthora infestans T30-4,GCA_000142945.1
Phytophthora intricata,GCA_042082625.1
Phytophthora kernoviae,GCA_000448265.2
Phytophthora kernoviae,GCA_000785725.3
Phytophthora kernoviae,GCA_000785735.3
Phytophthora kernoviae,GCA_001707905.2
Phytophthora kernoviae,GCA_001712645.2
Phytophthora kernoviae,GCA_001712655.1
Phytophthora kernoviae,GCA_001712705.2
Phytophthora kernoviae,GCA_001712715.2
Phytophthora kernoviae,GCA_008080845.1
Phytophthora kernoviae 00238/432,GCA_000333075.3
Phytophthora kernoviae 00629/1,GCA_000333095.2
Phytophthora kernoviae 00844/4,GCA_000333115.2
Phytophthora lateralis,GCA_000333055.2
Phytophthora lateralis,GCA_000500205.2
Phytophthora lateralis MPF4,GCA_000318465.3
Phytophthora lateralis MPF6,GCA_000338795.2
Phytophthora lateralis SMST21,GCA_000338815.2
Phytophthora lilii,GCA_030267725.1
Phytophthora lilii,GCA_042082685.1
Phytophthora litchii,GCA_002812785.1
Phytophthora litoralis,GCA_042082645.1
Phytophthora macrochlamydospora,GCA_011947325.1
Phytophthora meadii,GCA_032432875.1
Phytophthora meadii,GCA_042082825.1
Phytophthora medicaginis,GCA_056364845.1
Phytophthora megakarya,GCA_002215365.1
Phytophthora melonis,GCA_008553785.1
Phytophthora melonis,GCA_024211575.1
Phytophthora melonis,GCA_024679155.1
Phytophthora melonis,GCA_042257365.1
Phytophthora melonis,GCA_977064985.1
Phytophthora multivora,GCA_001314345.1
Phytophthora multivora,GCA_001314355.1
Phytophthora multivora,GCA_042082745.1
Phytophthora nagaii,GCA_042082865.1
Phytophthora nicotianae,GCA_000509465.1
Phytophthora nicotianae,GCA_000509485.1
Phytophthora nicotianae,GCA_000509505.1
Phytophthora nicotianae,GCA_000509525.1
Phytophthora nicotianae,GCA_001482985.1
Phytophthora nicotianae,GCA_001483015.1
Phytophthora nicotianae,GCA_003328465.1
Phytophthora nicotianae,GCA_012658955.1
Phytophthora nicotianae CJ01A1,GCA_000365545.1
Phytophthora nicotianae INRA-310,GCA_000247585.2
Phytophthora nicotianae P10297,GCA_000367145.1
Phytophthora nicotianae P1569,GCA_000365505.1
Phytophthora nicotianae P1976,GCA_000365525.1
Phytophthora niederhauseri,GCA_024679275.1
Phytophthora ohioensis (nom. inval.),GCA_014706125.1
Phytophthora oleae,GCA_046127205.1
Phytophthora ornamentata,GCA_042082885.1
Phytophthora palmivora,GCA_002911725.1
Phytophthora palmivora,GCA_008079305.1
Phytophthora palmivora,GCA_012932265.1
Phytophthora parvispora,GCA_024679295.1
Phytophthora pini,GCA_023611945.1
Phytophthora pini,GCA_024679215.1
Phytophthora pini,GCA_033558055.1
Phytophthora pinifolia,GCA_000500225.2
Phytophthora pisi,GCA_000751395.2
Phytophthora pisi,GCA_024679225.1
Phytophthora pistaciae,GCA_024679115.1
Phytophthora plurivora,GCA_002247145.1
Phytophthora plurivora,GCA_030027945.1
Phytophthora plurivora,GCA_042082905.1
Phytophthora pluvialis,GCA_001314425.1
Phytophthora pluvialis,GCA_001314455.1
Phytophthora podocarpi,GCA_001314375.1
Phytophthora podocarpi,GCA_001314925.1
Phytophthora pseudolactucae,GCA_042083055.1
Phytophthora pseudosyringae,GCA_012295425.1
Phytophthora pseudosyringae,GCA_019155715.1
Phytophthora quercina,GCA_014706105.1
Phytophthora quininea,GCA_011947345.1
Phytophthora ramorum,GCA_000149735.1
Phytophthora ramorum,GCA_000336535.2
Phytophthora ramorum,GCA_000340395.2
Phytophthora ramorum,GCA_001278135.1
Phytophthora ramorum,GCA_001278145.1
Phytophthora ramorum,GCA_001278155.1
Phytophthora ramorum,GCA_001278165.1
Phytophthora ramorum,GCA_001278215.1
Phytophthora ramorum,GCA_001278225.1
Phytophthora ramorum,GCA_001278235.1
Phytophthora ramorum,GCA_001933315.1
Phytophthora ramorum,GCA_001933325.1
Phytophthora ramorum,GCA_001933335.1
Phytophthora ramorum,GCA_001933345.1
Phytophthora ramorum,GCA_001933395.1
Phytophthora ramorum,GCA_001933405.1
Phytophthora ramorum,GCA_001933415.1
Phytophthora ramorum,GCA_001933455.1
Phytophthora ramorum,GCA_001933465.1
Phytophthora ramorum,GCA_001933485.1
Phytophthora ramorum,GCA_001955675.1
Phytophthora ramorum,GCA_002968915.1
Phytophthora ramorum,GCA_003956735.1
Phytophthora ramorum,GCA_004343245.1
Phytophthora ramorum,GCA_020800205.1
Phytophthora ramorum,GCA_020800215.2
Phytophthora ramorum,GCA_020800225.1
Phytophthora ramorum,GCA_020800235.2
Phytophthora ramorum,GCA_046861845.1
Phytophthora ramorum,GCA_046861995.1
Phytophthora ramorum,GCA_046862035.1
Phytophthora rosacearum,GCA_042082915.1
Phytophthora rosacearum,GCA_975902205.1
Phytophthora rubi,GCA_000687305.2
Phytophthora rubi,GCA_002025925.1
Phytophthora rubi,GCA_009732905.1
Phytophthora rubi,GCA_009732945.1
Phytophthora rubi,GCA_009733145.1
Phytophthora sansomeana,GCA_032158285.1
Phytophthora sansomeana,GCA_032158355.1
Phytophthora sojae,GCA_000149755.2
Phytophthora sojae,GCA_009848525.1
Phytophthora sojae,GCA_030278985.1
Phytophthora sojae,GCA_030279005.1
Phytophthora sojae,GCA_030279015.1
Phytophthora sojae,GCA_030279045.1
Phytophthora sojae,GCA_030279065.1
Phytophthora sojae,GCA_030279085.1
Phytophthora sojae,GCA_030279095.1
Phytophthora sojae,GCA_030279125.1
Phytophthora sojae,GCA_039619315.1
Phytophthora sp. 'mugwort',GCA_033558025.1
Phytophthora sp. ST_20190627,GCA_014706145.1
Phytophthora syringae,GCA_012656105.1
Phytophthora syringae,GCA_024679005.1
Phytophthora syringae,GCA_035080225.1
Phytophthora taxon juncus,GCA_033558005.1
Phytophthora tentaculata,GCA_033557915.1
Phytophthora tubulina,GCA_014706135.1
Phytophthora tubulina,GCA_042083075.1
Phytophthora uliginosa,GCA_024679075.1
Phytophthora versiformis,GCA_014706215.1
Phytophthora vignae,GCA_016169925.1
Phytophthora vignae,GCA_022496125.1
Phytophthora vignae f. sp. adzukicola,GCA_016169935.1
Phytophthora vignae f. sp. vignae,GCA_016169955.1
Phytophthora x alni,GCA_000439335.1
Phytophthora x cambivora,GCA_000443045.1
Phytophthora x cambivora,GCA_033557925.1
Phytophthora x cambivora,GCA_042083235.1
Phytophthora x heterohybrida,GCA_042083115.1
Phytophthora x incrassata,GCA_042083155.1
Phytopythium aichiense,GCA_023338125.1
Phytopythium boreale,GCA_023338115.1
Phytopythium chamaehyphon,GCA_023334415.1
Phytopythium cucurbitacearum (nom. inval.),GCA_023336425.1
Phytopythium delawarense,GCA_023338175.1
Phytopythium helicoides,GCA_023338155.1
Phytopythium helicoides,GCA_024867545.1
Phytopythium kandeliae,GCA_023338135.1
Phytopythium litorale,GCA_023338075.1
Phytopythium mirpurense,GCA_023338055.1
Phytopythium montanum,GCA_023338065.1
Phytopythium oedochilum,GCA_023338025.1
Phytopythium ostracodes,GCA_023337975.1
Phytopythium sindhum,GCA_023334395.1
Phytopythium vexans,GCA_003413675.1
Phytopythium vexans,GCA_022023675.2
Phytopythium vexans,GCA_023337965.1
Phytopythium vexans DAOM BR484,GCA_000387545.2
Pigoraptor chileana,GCA_943704495.1
Pigoraptor vietnamica,GCA_943704525.1
Pilasporangium apinafurcum,GCA_001600475.1
Pilasporangium apinafurcum,GCA_001600495.1
Pilasporangium apinafurcum,GCA_023337955.1
Pinguiococcus pyrenoidosus,GCA_019677205.1
Pirum gemmata,GCA_002812295.1
Plagiogrammopsis vanheurckii,GCA_978489235.1
Plagiopyla frontata,GCA_977017605.1
Plagiopyla sp. F26,GCA_977966335.1
Plagiopyla sp. strain F1A,GCA_977018885.1
Plagiopyla sp. strain JUDRED,GCA_977017555.1
Planoprotostelium fungivorum,GCA_003024175.1
Plasmodiophora brassicae,GCA_001049375.1
Plasmodiophora brassicae,GCA_002093825.1
Plasmodiophora brassicae,GCA_003833335.1
Plasmodiophora brassicae,GCA_003992685.1
Plasmodiophora brassicae,GCA_004156335.1
Plasmodiophora brassicae,GCA_004195245.1
Plasmodiophora brassicae,GCA_009726225.1
Plasmodiophora brassicae,GCA_009726235.1
Plasmodiophora brassicae,GCA_009726245.1
Plasmodiophora brassicae,GCA_009726255.1
Plasmodiophora brassicae,GCA_009726265.1
Plasmodiophora brassicae,GCA_009726325.1
Plasmodiophora brassicae,GCA_009726335.1
Plasmodiophora brassicae,GCA_009726345.1
Plasmodiophora brassicae,GCA_009726355.1
Plasmodiophora brassicae,GCA_009726365.1
Plasmodiophora brassicae,GCA_009726425.1
Plasmodiophora brassicae,GCA_009726435.1
Plasmodiophora brassicae,GCA_009726445.1
Plasmodiophora brassicae,GCA_009726455.1
Plasmodiophora brassicae,GCA_009726465.1
Plasmodiophora brassicae,GCA_009726525.1
Plasmodiophora brassicae,GCA_009726535.1
Plasmodiophora brassicae,GCA_009726545.1
Plasmodiophora brassicae,GCA_009726555.1
Plasmodiophora brassicae,GCA_009726565.1
Plasmodiophora brassicae,GCA_009726625.1
Plasmodiophora brassicae,GCA_009726635.1
Plasmodiophora brassicae,GCA_009726645.1
Plasmodiophora brassicae,GCA_009726655.1
Plasmodiophora brassicae,GCA_009726665.1
Plasmodiophora brassicae,GCA_009726725.1
Plasmodiophora brassicae,GCA_009726735.1
Plasmodiophora brassicae,GCA_009726745.1
Plasmodiophora brassicae,GCA_009726755.1
Plasmodiophora brassicae,GCA_009726765.1
Plasmodiophora brassicae,GCA_009726825.1
Plasmodiophora brassicae,GCA_009726835.1
Plasmodiophora brassicae,GCA_009726845.1
Plasmodiophora brassicae,GCA_009726855.1
Plasmodiophora brassicae,GCA_009726865.1
Plasmodiophora brassicae,GCA_009726925.1
Plasmodiophora brassicae,GCA_009726935.1
Plasmodiophora brassicae,GCA_009726945.1
Plasmodiophora brassicae,GCA_009726955.1
Plasmodiophora brassicae,GCA_009726965.1
Plasmodiophora brassicae,GCA_009727025.1
Plasmodiophora brassicae,GCA_009727035.1
Plasmodiophora brassicae,GCA_009727045.1
Plasmodiophora brassicae,GCA_036867785.1
Plasmodiophora brassicae,GCA_039704465.1
Plasmodiophora brassicae,GCA_055690855.1
Plasmodiophora brassicae,GCA_900303365.2
Plasmodium adleri (nom. inval.),GCA_900097015.1
Plasmodium berghei,GCA_900044335.1
Plasmodium berghei,GCA_900088445.1
Plasmodium berghei,GCA_900095545.1
Plasmodium berghei,GCA_900095585.1
Plasmodium berghei,GCA_900095635.1
Plasmodium berghei ANKA,GCA_900002375.2
Plasmodium billcollinsi,GCA_900240055.1
Plasmodium billcollinsi,GCA_900257145.2
Plasmodium blacklocki (nom. inval.),GCA_900097035.1
Plasmodium brasilianum,GCA_001885115.2
Plasmodium brasilianum,GCA_023973825.1
Plasmodium cf. malariae,GCA_947331455.1
Plasmodium chabaudi adami,GCA_900095565.1
Plasmodium chabaudi adami,GCA_900095625.1
Plasmodium chabaudi chabaudi,GCA_900002335.2
Plasmodium chabaudi chabaudi,GCA_900095555.1
Plasmodium chabaudi chabaudi,GCA_900095605.1
Plasmodium coatneyi,GCA_000725905.1
Plasmodium coatneyi,GCA_001680005.1
Plasmodium cynomolgi,GCA_900180395.1
Plasmodium cynomolgi strain B,GCA_000321355.1
Plasmodium falciparum,GCA_009761425.1
Plasmodium falciparum,GCA_009761475.1
Plasmodium falciparum,GCA_009761515.1
Plasmodium falciparum,GCA_009761555.1
Plasmodium falciparum,GCA_019802405.2
Plasmodium falciparum,GCA_019802415.2
Plasmodium falciparum,GCA_019802425.2
Plasmodium falciparum,GCA_019802515.2
Plasmodium falciparum,GCA_024442135.1
Plasmodium falciparum,GCA_030710385.1
Plasmodium falciparum,GCA_030710445.1
Plasmodium falciparum,GCA_030710455.1
Plasmodium falciparum,GCA_030710485.1
Plasmodium falciparum,GCA_032712205.1
Plasmodium falciparum,GCA_056151745.1
Plasmodium falciparum,GCA_056151765.1
Plasmodium falciparum,GCA_900617135.1
Plasmodium falciparum,GCA_900631975.1
Plasmodium falciparum,GCA_900631985.1
Plasmodium falciparum,GCA_900631995.1
Plasmodium falciparum,GCA_900632005.1
Plasmodium falciparum,GCA_900632015.1
Plasmodium falciparum,GCA_900632025.1
Plasmodium falciparum,GCA_900632035.1
Plasmodium falciparum,GCA_900632045.1
Plasmodium falciparum,GCA_900632055.1
Plasmodium falciparum,GCA_900632065.1
Plasmodium falciparum,GCA_900632075.1
Plasmodium falciparum,GCA_900632085.1
Plasmodium falciparum,GCA_900632095.1
Plasmodium falciparum,GCA_977926795.1
Plasmodium falciparum,GCA_977926805.1
Plasmodium falciparum,GCA_977926835.1
Plasmodium falciparum 303.1,GCA_001861075.1
Plasmodium falciparum 309.1,GCA_001861135.1
Plasmodium falciparum 318.1,GCA_001861165.1
Plasmodium falciparum 326.1,GCA_001861235.1
Plasmodium falciparum 327.1,GCA_001861055.1
Plasmodium falciparum 365.1,GCA_001861175.1
Plasmodium falciparum 366.1,GCA_001861275.1
Plasmodium falciparum 377.1,GCA_001861065.1
Plasmodium falciparum 383.1,GCA_001861195.1
Plasmodium falciparum 397.1,GCA_001861215.1
Plasmodium falciparum 398.1,GCA_001861305.1
Plasmodium falciparum 3D7,GCA_000002765.3
Plasmodium falciparum 3D7,GCA_001715585.1
Plasmodium falciparum 3D7,GCA_032713075.1
Plasmodium falciparum 58.1,GCA_001861045.1
Plasmodium falciparum 7G8,GCA_000150435.3
Plasmodium falciparum CAMP/Malaysia,GCA_000521115.1
Plasmodium falciparum D10,GCA_000150395.1
Plasmodium falciparum D6,GCA_000150415.1
Plasmodium falciparum Dd2,GCA_000149795.1
Plasmodium falciparum FCC-2/Hainan,GCA_000150375.1
Plasmodium falciparum FCH/4,GCA_000521155.1
Plasmodium falciparum HB3,GCA_000149665.2
Plasmodium falciparum IGH-CR14,GCA_000186055.2
Plasmodium falciparum K1,GCA_000150355.1
Plasmodium falciparum MaliPS096_E11,GCA_000521035.1
Plasmodium falciparum NF135/5.C10,GCA_000521075.1
Plasmodium falciparum NF54,GCA_000401695.2
Plasmodium falciparum NF54,GCA_002831795.1
Plasmodium falciparum NF54,GCA_012898025.1
Plasmodium falciparum Palo Alto/Uganda,GCA_000521095.1
Plasmodium falciparum RAJ116,GCA_000186025.2
Plasmodium falciparum RO-33,GCA_000150335.1
Plasmodium falciparum Santa Lucia,GCA_000150455.3
Plasmodium falciparum Senegal_V34.04,GCA_000150315.1
Plasmodium falciparum Tanzania (2000708),GCA_000521055.1
Plasmodium falciparum UGT5.1,GCA_000401715.2
Plasmodium falciparum VS/1,GCA_000150295.1
Plasmodium falciparum Vietnam Oak-Knoll (FVO),GCA_000521015.1
Plasmodium fragile,GCA_000956335.1
Plasmodium gaboni,GCA_000576715.1
Plasmodium gaboni,GCA_001602025.1
Plasmodium gaboni,GCA_900097045.1
Plasmodium gallinaceum,GCA_900005855.1
Plasmodium gonderi,GCA_002157705.1
Plasmodium gonderi,GCA_036584725.1
Plasmodium inui San Antonio 1,GCA_000524495.1
Plasmodium knowlesi,GCA_002140095.1
Plasmodium knowlesi,GCA_023845515.1
Plasmodium knowlesi,GCA_023845535.1
Plasmodium knowlesi,GCA_023845545.1
Plasmodium knowlesi,GCA_900162085.1
Plasmodium knowlesi strain H,GCA_000006355.3
Plasmodium knowlesi strain H,GCA_900004885.2
Plasmodium knowlesi strain H,GCA_900005025.2
Plasmodium malariae,GCA_900088575.1
Plasmodium malariae,GCA_900090005.1
Plasmodium malariae,GCA_900090045.1
Plasmodium malariae,GCA_977926845.1
Plasmodium malariae,GCA_977926865.1
Plasmodium malariae,GCA_977926885.1
Plasmodium ovale,GCA_900090025.2
Plasmodium ovale,GCA_900090035.2
Plasmodium ovale,GCA_977926815.1
Plasmodium ovale,GCA_977926825.1
Plasmodium ovale,GCA_977926855.1
Plasmodium ovale,GCA_977926875.1
Plasmodium ovale curtisi,GCA_900088555.1
Plasmodium ovale curtisi,GCA_900088565.1
Plasmodium ovale wallikeri,GCA_900088485.1
Plasmodium ovale wallikeri,GCA_900088545.1
Plasmodium praefalciparum (nom. ined.),GCA_900095595.1
Plasmodium reichenowi,GCA_000723685.1
Plasmodium reichenowi,GCA_001601855.1
Plasmodium reichenowi,GCA_900097025.1
Plasmodium relictum,GCA_900005765.1
Plasmodium simium,GCA_050575225.1
Plasmodium simium,GCA_965178745.1
Plasmodium vinckei,GCA_903994265.1
Plasmodium vinckei brucechwatti,GCA_900617815.1
Plasmodium vinckei brucechwatti,GCA_903994205.1
Plasmodium vinckei lentum,GCA_903994225.1
Plasmodium vinckei petteri,GCA_000524515.1
Plasmodium vinckei petteri,GCA_900617785.1
Plasmodium vinckei petteri,GCA_903994235.1
Plasmodium vinckei vinckei,GCA_000709005.1
Plasmodium vinckei vinckei,GCA_900617805.1
Plasmodium vinckei vinckei,GCA_900681995.1
Plasmodium vivax,GCA_000002415.2
Plasmodium vivax,GCA_002754635.1
Plasmodium vivax,GCA_003402195.1
Plasmodium vivax,GCA_003402215.1
Plasmodium vivax,GCA_014843675.1
Plasmodium vivax,GCA_014843685.1
Plasmodium vivax,GCA_014843935.1
Plasmodium vivax,GCA_014843945.1
Plasmodium vivax,GCA_040114635.1
Plasmodium vivax,GCA_900093535.1
Plasmodium vivax,GCA_900093545.1
Plasmodium vivax,GCA_900093555.2
Plasmodium vivax,GCA_900178095.1
Plasmodium vivax,GCA_914969965.1
Plasmodium vivax,GCA_949152365.1
Plasmodium vivax Brazil I,GCA_000320645.2
Plasmodium vivax India VII,GCA_000320625.2
Plasmodium vivax Mauritania I,GCA_000320665.2
Plasmodium vivax North Korean,GCA_000320685.2
Plasmodium yoelii,GCA_900002385.2
Plasmodium yoelii,GCA_900002395.1
Plasmodium yoelii,GCA_900617845.1
Plasmodium yoelii,GCA_900617855.1
Plasmodium yoelii,GCA_900617865.1
Plasmodium yoelii,GCA_900617875.1
Plasmodium yoelii,GCA_900617885.1
Plasmodium yoelii 17X,GCA_000505035.1
Plasmodium yoelii killicki,GCA_900617825.1
Plasmodium yoelii killicki,GCA_900617835.1
Plasmodium yoelii nigeriensis,GCA_018340825.1
Plasmodium yoelii nigeriensis,GCA_043381365.1
Plasmodium yoelii nigeriensis,GCA_043381415.1
Plasmodium yoelii yoelii,GCA_000003085.2
Plasmodium yoelii yoelii,GCA_020844765.3
Plasmopara halstedii,GCA_003640465.1
Plasmopara halstedii,GCA_003640505.1
Plasmopara halstedii,GCA_003724065.1
Plasmopara halstedii,GCA_004380875.1
Plasmopara halstedii,GCA_051530165.1
Plasmopara halstedii,GCA_051820855.1
Plasmopara halstedii,GCA_051820915.1
Plasmopara halstedii,GCA_900000015.1
Plasmopara muralis,GCA_003676415.1
Plasmopara obducens,GCA_003640485.1
Plasmopara obducens,GCA_003640625.1
Plasmopara viticola,GCA_001695595.3
Plasmopara viticola,GCA_001974925.1
Plasmopara viticola,GCA_003123765.1
Plasmopara viticola,GCA_055472655.1
Pleurophycus gardneri,GCA_033042605.1
Polarella glacialis,GCA_905237085.1
Polarella glacialis,GCA_905237095.1
Polymyxa betae,GCA_003693705.1
Polyplastron multivesiculatum,GCA_023783315.1
Polyplastron multivesiculatum,GCA_023783355.1
Polyplastron multivesiculatum,GCA_023783375.1
Polyplastron multivesiculatum,GCA_023806905.1
Polyplastron multivesiculatum,GCA_023806955.1
Polyplastron multivesiculatum,GCA_023807025.1
Polyplastron multivesiculatum,GCA_023807125.1
Polyplastron multivesiculatum,GCA_023807285.1
Polysphondylium violaceum,GCA_000277445.1
Porcisia deanei,GCA_018683835.1
Porcisia hertigi,GCA_017918235.1
Porcisia hertigi,GCA_019345635.1
Porolithon onkodes,GCA_029407785.1
Porosira glacialis,GCA_036939395.1
Porospora cf. gigantea A,GCA_019968955.1
Porospora cf. gigantea B,GCA_019968985.2
Porphyra dioica,GCA_981602585.1
Porphyra linearis,GCA_981691865.1
Porphyra umbilicalis,GCA_002049455.2
Porphyridium purpureum,GCA_000397085.1
Porphyridium purpureum,GCA_008690995.1
Porphyridium purpureum,GCA_019702435.1
Postelsia palmaeformis,GCA_037834295.1
Poterioochromonas sp. DS,GCA_015145745.1
Poteriospumella lacustris,GCA_008000325.1
Poteriospumella lacustris,GCA_008000375.1
Poteriospumella lacustris,GCA_008000405.1
Prorocentrum cordatum,GCA_963575745.1
Prorocentrum minimum,GCA_001652855.1
Proteromonas lacertae,GCA_002245135.1
Protostelium mycophagum,GCA_002081555.1
Prymnesium parvum,GCA_040529085.1
Prymnesium parvum,GCA_040529105.1
Prymnesium parvum,GCA_041296205.1
Prymnesium sp.,GCA_046255225.1
Psammodictyon sp. RCC7710,GCA_982586505.1
Psammoneis japonica,GCA_008632985.1
Pseudo-nitzschia delicatissima,GCA_037355735.1
Pseudo-nitzschia multiseries,GCA_037355745.1
Pseudo-nitzschia multistriata,GCA_900660405.1
Pseudo-nitzschia pungens,GCA_037355855.1
Pseudo-nitzschia sp.,GCA_043176875.1
Pseudo-nitzschia sp.,GCA_043251575.1
Pseudo-nitzschia sp. YHN1,GCA_057381285.1
Pseudocohnilembus persalinus,GCA_001447515.1
Pseudokeronopsis carnea,GCA_006510595.1
Pseudokeronopsis flava,GCA_013420745.1
Pseudoperonospora cubensis,GCA_000252605.1
Pseudoperonospora humuli,GCA_003991265.1
Pterothamnion heteromorphum,GCA_032358295.1
Pterygophora californica,GCA_032273145.1
Pylaiella littoralis,GCA_964200295.2
Pyrocystis lunula,GCA_037576205.1
Pyropia haitanensis,GCA_008729055.1
Pyropia haitanensis,GCA_021651115.1
Pyropia vietnamensis,GCA_042855435.1
Pyropia yezoensis,GCA_009829735.1
Pyropia yezoensis,GCA_054658335.1
Pythium amasculinum,GCA_023337905.1
Pythium angustatum,GCA_023337915.1
Pythium aphanidermatum,GCA_023337855.1
Pythium aphanidermatum,GCA_027475745.1
Pythium aphanidermatum,GCA_057533505.1
Pythium aphanidermatum DAOM BR444,GCA_000387445.2
Pythium apleroticum,GCA_023337875.1
Pythium aquatile,GCA_023337775.1
Pythium aristosporum,GCA_023337755.1
Pythium arrhenomanes ATCC 12531,GCA_000387505.2
Pythium biforme,GCA_023337735.1
Pythium brachiatum,GCA_023337615.1
Pythium catenulatum,GCA_027475705.1
Pythium cedri,GCA_040581585.1
Pythium chondricola,GCA_023337575.1
Pythium coloratum,GCA_023337545.1
Pythium diclinum,GCA_023337495.1
Pythium dissimile,GCA_023336445.1
Pythium dissotocum,GCA_023336355.1
Pythium folliculosum,GCA_023336295.1
Pythium graminicola,GCA_023336255.1
Pythium grandisporangium,GCA_023336285.1
Pythium guiyangense,GCA_003730235.1
Pythium hydnosporum,GCA_023336225.1
Pythium inflatum,GCA_023336345.1
Pythium insidiosum,GCA_000764265.1
Pythium insidiosum,GCA_001029375.2
Pythium insidiosum,GCA_001950795.1
Pythium insidiosum,GCA_001950815.1
Pythium insidiosum,GCA_001950835.1
Pythium insidiosum,GCA_001950855.1
Pythium insidiosum,GCA_001950875.1
Pythium insidiosum,GCA_001950895.1
Pythium insidiosum,GCA_001950915.1
Pythium insidiosum,GCA_001950935.1
Pythium insidiosum,GCA_001950955.1
Pythium insidiosum,GCA_004138015.1
Pythium insidiosum,GCA_022836835.1
Pythium insidiosum,GCA_026401375.1
Pythium insidiosum,GCA_026401395.1
Pythium insidiosum,GCA_056152645.1
Pythium insidiosum,GCA_056152685.1
Pythium insidiosum,GCA_056152705.1
Pythium insidiosum,GCA_056152725.1
Pythium insidiosum,GCA_056152745.1
Pythium insidiosum,GCA_056152765.1
Pythium insidiosum,GCA_056152785.1
Pythium insidiosum,GCA_056152805.1
Pythium insidiosum,GCA_056152825.1
Pythium insidiosum,GCA_056152845.1
Pythium insidiosum,GCA_056152865.1
Pythium insidiosum,GCA_056152885.1
Pythium insidiosum,GCA_056152905.1
Pythium insidiosum,GCA_056152925.1
Pythium insidiosum,GCA_056152945.1
Pythium insidiosum,GCA_056152965.1
Pythium insidiosum,GCA_056152985.1
Pythium insidiosum,GCA_056153005.1
Pythium insidiosum,GCA_056153035.1
Pythium insidiosum,GCA_056153065.1
Pythium insidiosum,GCA_056153215.1
Pythium insidiosum,GCA_056153245.1
Pythium insidiosum,GCA_056868305.1
Pythium lycopersici,GCA_023336105.1
Pythium monospermum,GCA_023336165.1
Pythium myriotylum,GCA_020976625.1
Pythium myriotylum,GCA_023091665.1
Pythium myriotylum,GCA_023336135.1
Pythium myriotylum,GCA_025583705.1
Pythium oligandrum,GCA_001573145.1
Pythium oligandrum,GCA_002073175.1
Pythium oligandrum,GCA_005966545.1
Pythium oligandrum,GCA_020085045.1
Pythium oligandrum,GCA_023336055.1
Pythium ornamentatum,GCA_023336015.1
Pythium pectinolyticum,GCA_023336095.1
Pythium periplocum,GCA_001922765.1
Pythium periplocum,GCA_023336075.1
Pythium phragmiticola,GCA_023335935.1
Pythium phragmitis,GCA_023335925.1
Pythium plurisporium,GCA_023336035.1
Pythium porphyrae,GCA_023335885.1
Pythium pyrilobum,GCA_023335905.1
Pythium rhizo-oryzae,GCA_027475725.1
Pythium rishiriense,GCA_023335895.1
Pythium scleroteichum,GCA_023335855.1
Pythium sp. B7052-1,GCA_054083355.1
Pythium sp. CBS 101876,GCA_023333775.1
Pythium sp. MPC-2022a,GCA_038050625.1
Pythium sp. MPC-2022a,GCA_051996515.1
Pythium sukuiense,GCA_023334995.1
Pythium torulosum,GCA_023334615.1
Pythium utonaiense,GCA_023334595.1
Pythium vanterpoolii,GCA_023334535.1
Pythium volutum,GCA_023334575.1
Rebecca billardiae,GCA_965240325.2
Reclinomonas americana ATCC 50394,GCA_048213135.1
Reticulomyxa filosa,GCA_000512085.1
Rhabdomonas costata,GCA_019059605.1
Rhinomonas nottbeckii,GCA_965120255.1
Rhizaria sp. SCN 62-66,GCA_001724265.1
Rhodomonas lacustris,GCA_965120265.1
Rhodosorus marinus,GCA_029953675.1
Rhodymenia pacifica,GCA_032270325.1
Rhynchopus euleeides,GCA_963210315.1
Rhynchopus euleeides,GCA_963210325.1
Rhynchopus humris,GCA_964374155.1
Rhynchopus humris,GCA_964374165.1
Rhynchopus sp. YZ270_cl-10,GCA_964035565.1
Rhynchopus sp. YZ270_cl-10,GCA_964035575.1
Rostrostelium ellipticum,GCA_900092235.1
Saccharina japonica,GCA_000978595.1
Saccharina japonica,GCA_008828725.1
Saccharina japonica,GCA_046627945.1
Saccharina japonica,GCA_048937235.1
Saccharina japonica,GCA_048937375.1
Saccharina latissima,GCA_034768055.1
Saccharina sculpera,GCA_052056835.1
Saccharina sessilis,GCA_032270885.1
Salisapilia sapeloensis,GCA_023334545.1
Salpingoeca rosetta,GCA_000188695.1
Salpingoeca rosetta,GCA_033442325.1
Saprolegnia diclina VS20,GCA_000281045.1
Saprolegnia parasitica CBS 223.65,GCA_000151545.2
Sarcocystis neurona,GCA_000727475.1
Sarcocystis neurona,GCA_000875885.1
Sarcodiotheca gaudichaudii,GCA_032355985.1
Sargassum fluitans,GCA_046270385.1
Sargassum natans,GCA_046244995.1
Sargassum natans,GCA_964261315.1
Sargassum obtusifolium,GCA_046269565.1
Sargassum platycarpum,GCA_046270705.1
Sargassum wightii,GCA_978015465.1
Schizochytrium sp. CCTCC M209059,GCA_000818945.1
Schizochytrium sp. TIO01,GCA_004764695.1
Schmidingerella arcuata,GCA_014524975.1
Schmidingerella arcuata,GCA_023658695.1
Schmidingerella meunieri,GCA_023658685.1
Sclerospora graminicola,GCA_001887855.2
Sclerospora graminicola,GCA_002933675.1
Scytosiphon lomentaria,GCA_047748095.1
Scytosiphon promiscuus,GCA_964200315.2
Seminavis robusta,GCA_903772945.1
Sergeia podlipaevii,GCA_030849805.1
Shionodiscus oestrupii,GCA_036939715.1
Skeletonema costatum,GCA_018806925.1
Skeletonema costatum,GCA_046619385.1
Skeletonema dohrnii,GCA_036939515.1
Skeletonema grethae,GCA_036939775.1
Skeletonema marinoi,GCA_030544225.1
Skeletonema marinoi,GCA_030871285.1
Skeletonema menzelii,GCA_036940005.2
Skeletonema potamos,GCA_036940105.2
Skeletonema sp.,GCA_043172635.1
Skeletonema sp.,GCA_043176855.1
Skeletonema sp.,GCA_043251535.1
Skeletonema tropicum,GCA_036939475.1
Skeletonema tropicum,GCA_037178625.1
Speleostelium caveatum,GCA_003667305.1
Sphacelaria rigidula,GCA_964200075.2
Sphaeroforma arctica,GCA_008580545.1
Sphaeroforma arctica JP610,GCA_001186125.1
Sphaeroforma sirkka,GCA_001586965.3
Spironucleus salmonicida,GCA_000497125.2
Spongospora subterranea,GCA_900404475.1
Spongospora subterranea f. sp. subterranea,GCA_049724395.1
Spumella sp. AR4D6,GCA_015146115.1
Spumella vulgaris,GCA_015148565.1
Stentor coeruleus,GCA_001970955.1
Stentor roeselii,GCA_006503475.1
Stephanocyclus meneghinianus,GCA_036939605.1
Stephanocyclus meneghinianus,GCA_036940045.2
Stephanodiscus minutulus,GCA_036939435.1
Stephanodiscus triporus,GCA_036939755.2
Sterkiella histriomuscorum,GCA_001273305.2
Storeatula major,GCA_965120275.1
Stramenopiles sp. TOSAG23-2,GCA_900128395.1
Stramenopiles sp. TOSAG23-3,GCA_900128585.1
Stramenopiles sp. TOSAG23-6,GCA_900128565.1
Stramenopiles sp. TOSAG41-1,GCA_900128575.1
Streblomastix strix,GCA_008636045.1
Strigomonas culicis,GCA_000442495.1
Strigomonas culicis,GCA_000482145.1
Strigomonas galati,GCA_000482125.1
Strigomonas oncopelti,GCA_000482165.1
Strombidium cf. sulcatum,GCA_047495925.1
Strombidium stylifer,GCA_010577775.2
Stylonychia lemnae,GCA_000751175.1
Stylonychia lemnae 2x8/2,GCA_000325865.3
Symbiodinium kawagutii,GCA_009767595.1
Symbiodinium microadriaticum,GCA_001939145.1
Symbiodinium microadriaticum,GCA_018327485.1
Symbiodinium microadriaticum,GCA_905231925.1
Symbiodinium microadriaticum,GCA_977109205.1
Symbiodinium natans,GCA_905221605.1
Symbiodinium necroappetens,GCA_905231915.1
Symbiodinium pilosum,GCA_905231905.1
Symbiodinium pilosum,GCA_964212085.1
Symbiodinium pilosum,GCA_964212145.1
Symbiodinium sp. 240-249,GCA_977969955.2
Symbiodinium sp. 240-249,GCA_977969975.2
Symbiodinium sp. 259-268,GCA_977016855.1
Symbiodinium sp. CCMP2456,GCA_905221635.1
Symbiodinium sp. CCMP2592,GCA_905221615.1
Symbiodinium sp. D2,GCA_977969835.1
Symbiodinium sp. KB8,GCA_905221625.1
Symbiodinium sp. UOBC0000020,GCA_977036045.1
Symbiodinium sp. clade A Y106,GCA_003297005.1
Symbiodinium sp. clade C Y103,GCA_003297045.1
Symbiodinium tridacnidarum,GCA_965279495.1
Synstelium polycarpum,GCA_900092255.1
Synura sp. LO234KE,GCA_015143735.1
Tabularia sp. RCC1743,GCA_980915175.1
Tetmemena sp. SeJ-2015,GCA_001273295.2
Tetmemena sp. SeJ-2015,GCA_027382625.1
Tetrahymena borealis,GCA_000260095.1
Tetrahymena elliotti 4EA,GCA_000231825.2
Tetrahymena malaccensis,GCA_047372845.1
Tetrahymena malaccensis,GCA_047372885.1
Tetrahymena malaccensis 436,GCA_000231845.2
Tetrahymena thermophila,GCA_016584475.1
Tetrahymena thermophila,GCA_046463895.1
Tetrahymena thermophila SB210,GCA_000189635.1
Tetrahymena thermophila SB210,GCA_000261185.1
Tetrahymena utriculariae,GCA_047372865.1
Tetrahymena utriculariae,GCA_052426195.1
Tetramitus jugosus,GCA_937625935.1
Tetramitus jugosus,GCA_937658345.1
Tetramitus sp.,GCA_051313705.1
Tetraparma gracilis,GCA_030267505.1
Thalassiosira allenii,GCA_036939655.1
Thalassiosira delicatula,GCA_036939285.1
Thalassiosira delicatula,GCA_036939835.1
Thalassiosira exigua,GCA_036939895.2
Thalassiosira gravida,GCA_037356215.1
Thalassiosira hispida,GCA_036939495.1
Thalassiosira livingstoniorum,GCA_036939595.1
Thalassiosira mediterranea,GCA_036939795.1
Thalassiosira oceanica,GCA_000296195.2
Thalassiosira oceanica,GCA_019693575.1
Thalassiosira ordinaria,GCA_036939695.1
Thalassiosira pacifica,GCA_036939875.1
Thalassiosira profunda,GCA_036939355.2
Thalassiosira pseudonana CCMP1335,GCA_000149405.2
Thalassiosira rotula,GCA_047495695.1
Thalassiosira sp.,GCA_023345645.1
Thalassiosira sp.,GCA_043251475.1
Thalassiosira sp.,GCA_043251555.1
Thalassiosira sp. AJA248-18,GCA_036939945.2
Thalassiosira sundarbana,GCA_020086505.1
Thalassiosira tumida,GCA_037356255.1
Thecamonas trahens ATCC 50062,GCA_000142905.1
Theileria annulata,GCA_000003225.1
Theileria equi,GCA_002189625.1
Theileria equi,GCA_024610995.1
Theileria equi strain WA,GCA_000342415.1
Theileria haneyi,GCA_050329265.1
Theileria luwenshuni,GCA_029379255.1
Theileria orientalis,GCA_003072535.4
Theileria orientalis,GCA_003072545.4
Theileria orientalis strain Shintoku,GCA_000740895.1
Theileria parva,GCA_014884785.1
Theileria parva,GCA_014884835.1
Theileria parva,GCA_014884865.1
Theileria parva lawrencei,GCA_014884895.1
Theileria parva lawrencei,GCA_026724375.1
Theileria parva parva,GCA_026724335.1
Theileria parva parva,GCA_056747635.1
Theileria parva strain Muguga,GCA_000165365.1
Theileria sp. buffalo,GCA_026724395.1
Thraustochytriaceae sp. 12B,GCA_030159295.1
Thraustochytrium aureum,GCA_012862495.1
Thraustochytrium sp. ATCC 26185,GCA_002154235.1
Thraustochytrium sp. TN22,GCA_013306675.1
Thraustochytrium striatum,GCA_022244645.1
Thraustotheca clavata,GCA_002081575.1
Tieghemostelium lacteum,GCA_001606155.1
Toxoplasma gondii,GCA_009761385.1
Toxoplasma gondii,GCA_013099955.1
Toxoplasma gondii,GCA_014898695.1
Toxoplasma gondii,GCA_016807865.1
Toxoplasma gondii,GCA_016807875.1
Toxoplasma gondii,GCA_016807885.1
Toxoplasma gondii,GCA_016808245.1
Toxoplasma gondii,GCA_019455475.1
Toxoplasma gondii,GCA_019455545.1
Toxoplasma gondii,GCA_019455585.1
Toxoplasma gondii,GCA_033216535.1
Toxoplasma gondii,GCA_049996585.1
Toxoplasma gondii,GCA_947322955.1
Toxoplasma gondii ARI,GCA_000250965.2
Toxoplasma gondii CAST,GCA_000256705.2
Toxoplasma gondii COUG,GCA_000338675.2
Toxoplasma gondii CtCo5,GCA_000278365.1
Toxoplasma gondii FOU,GCA_000224905.2
Toxoplasma gondii GAB2-2007-GAL-DOM2,GCA_000325525.2
Toxoplasma gondii GT1,GCA_000149715.2
Toxoplasma gondii MAS,GCA_000224865.2
Toxoplasma gondii ME49,GCA_000006565.2
Toxoplasma gondii RH,GCA_001593265.1
Toxoplasma gondii RUB,GCA_000224805.2
Toxoplasma gondii TgCATBr5,GCA_000259835.1
Toxoplasma gondii TgCATBr9,GCA_000224825.2
Toxoplasma gondii TgCatPRC2,GCA_000256725.2
Toxoplasma gondii VAND,GCA_000224845.2
Toxoplasma gondii VEG,GCA_000150015.2
Toxoplasma gondii p89,GCA_000224885.2
Tribonema minus,GCA_017506865.1
Trichomonas gallinae,GCA_008369845.1
Trichomonas gallinae,GCA_047301465.1
Trichomonas sp. genotype 1c,GCA_047372395.1
Trichomonas sp. genotype 2a,GCA_047372375.1
Trichomonas tenax,GCA_023091735.1
Trichomonas tenax,GCA_047301845.1
Trichomonas tenax,GCA_900231805.1
Trichomonas vaginalis,GCA_002891335.1
Trichomonas vaginalis,GCA_052324655.1
Trichomonas vaginalis,GCA_054049055.1
Trichomonas vaginalis G3,GCA_000002825.3
Trichomonas vaginalis G3,GCA_026262505.1
Trichosphaerium sp. ATCC 40318,GCA_038496445.1
Triparma columacea,GCA_030267965.1
Triparma laevis f. inornata,GCA_012489335.1
Triparma laevis f. longispina,GCA_030267805.1
Triparma retinervis,GCA_030267625.1
Triparma strigata,GCA_030267945.1
Triparma verrucosa,GCA_030267905.1
Tritrichomonas casperi,GCA_056320305.1
Tritrichomonas foetus,GCA_001839685.2
Tritrichomonas foetus,GCA_041260205.1
Tritrichomonas foetus,GCA_905133005.1
Tritrichomonas musculus,GCA_039105265.1
Tritrichomonas sp. LL5,GCA_042220005.1
Tritrichomonas sp. MEG-2016a ic1,GCA_056320265.1
Trypanosoma avium,GCA_030849755.1
Trypanosoma boissoni,GCA_030849725.1
Trypanosoma brucei,GCA_019096175.1
Trypanosoma brucei brucei,GCA_900497135.1
Trypanosoma brucei brucei,GCA_964036035.1
Trypanosoma brucei brucei TREU927,GCA_000002445.1
Trypanosoma brucei equiperdum,GCA_003543875.1
Trypanosoma brucei gambiense DAL972,GCA_000210295.1
Trypanosoma caninum,GCA_036321205.1
Trypanosoma carassii,GCA_056247815.1
Trypanosoma congolense,GCA_002287245.1
Trypanosoma congolense,GCA_056783695.1
Trypanosoma congolense,GCA_982258845.1
Trypanosoma congolense IL3000,GCA_000227395.2
Trypanosoma congolense IL3000,GCA_003013265.1
Trypanosoma conorhini,GCA_003719485.1
Trypanosoma cruzi,GCA_000188675.2
Trypanosoma cruzi,GCA_000209065.1
Trypanosoma cruzi,GCA_002749415.1
Trypanosoma cruzi,GCA_002749425.1
Trypanosoma cruzi,GCA_003177095.1
Trypanosoma cruzi,GCA_003177105.1
Trypanosoma cruzi,GCA_003594385.1
Trypanosoma cruzi,GCA_003594405.1
Trypanosoma cruzi,GCA_003594425.1
Trypanosoma cruzi,GCA_003594445.1
Trypanosoma cruzi,GCA_003594465.1
Trypanosoma cruzi,GCA_003594485.1
Trypanosoma cruzi,GCA_003594585.1
Trypanosoma cruzi,GCA_003594605.1
Trypanosoma cruzi,GCA_003594625.1
Trypanosoma cruzi,GCA_003594645.1
Trypanosoma cruzi,GCA_003594685.1
Trypanosoma cruzi,GCA_003594705.1
Trypanosoma cruzi,GCA_003594715.1
Trypanosoma cruzi,GCA_003719155.1
Trypanosoma cruzi,GCA_003719455.1
Trypanosoma cruzi,GCA_010117175.1
Trypanosoma cruzi,GCA_010117215.1
Trypanosoma cruzi,GCA_013358655.1
Trypanosoma cruzi,GCA_015033625.1
Trypanosoma cruzi,GCA_015033655.1
Trypanosoma cruzi,GCA_015455285.1
Trypanosoma cruzi,GCA_019319545.1
Trypanosoma cruzi,GCA_019345295.1
Trypanosoma cruzi,GCA_019345315.1
Trypanosoma cruzi,GCA_019345335.1
Trypanosoma cruzi,GCA_028455865.1
Trypanosoma cruzi,GCA_030265225.1
Trypanosoma cruzi,GCA_033441735.1
Trypanosoma cruzi,GCA_034509385.1
Trypanosoma cruzi,GCA_036485875.1
Trypanosoma cruzi,GCA_036485885.1
Trypanosoma cruzi,GCA_044048535.1
Trypanosoma cruzi,GCA_051170875.1
Trypanosoma cruzi,GCA_056248245.1
Trypanosoma cruzi,GCA_056321935.1
Trypanosoma cruzi,GCA_057166885.1
Trypanosoma cruzi,GCA_057166905.1
Trypanosoma cruzi,GCA_900252365.1
Trypanosoma cruzi Dm28c,GCA_000496795.1
Trypanosoma cruzi JR cl. 4,GCA_000331405.1
Trypanosoma cruzi Tula cl2,GCA_000365225.1
Trypanosoma cruzi cruzi,GCA_002219105.2
Trypanosoma cruzi marinkellei,GCA_000300495.1
Trypanosoma cruzi strain Esmeraldo,GCA_000327425.1
Trypanosoma equiperdum,GCA_001457755.2
Trypanosoma erneyi,GCA_964197915.1
Trypanosoma evansi,GCA_043380945.1
Trypanosoma evansi,GCA_057657675.1
Trypanosoma evansi,GCA_917563935.1
Trypanosoma grayi,GCA_000691245.1
Trypanosoma grosi,GCA_058130045.1
Trypanosoma larimichthysi,GCA_054345675.1
Trypanosoma lewisi,GCA_036321185.1
Trypanosoma mega,GCA_030849715.1
Trypanosoma melophagium,GCA_022059095.1
Trypanosoma musculi,GCA_036321165.1
Trypanosoma pestanai,GCA_964197905.1
Trypanosoma platydactyli,GCA_030849675.1
Trypanosoma platydactyli,GCA_053525015.1
Trypanosoma platydactyli,GCA_977064345.1
Trypanosoma rangeli,GCA_003719475.1
Trypanosoma rangeli SC58,GCA_000492115.1
Trypanosoma scelopori,GCA_030849745.1
Trypanosoma suis,GCA_964197925.1
Trypanosoma theileri,GCA_002087225.1
Trypanosoma theileri,GCA_964197935.1
Trypanosoma vivax,GCA_019425475.1
Trypanosoma vivax,GCA_021307395.1
Trypanosoma vivax,GCA_046128835.1
Trypanosoma vivax Y486,GCA_000227375.1
Trypanosomatidae sp. Fi-14,GCA_023091115.2
Trypanosomatidae sp. JR-2017a,GCA_003671325.1
Trypanosomatidae sp. JR-2017a,GCA_003671345.1
Trypanosomatidae sp. JR-2017a,GCA_016642125.1
Trypanosomatidae sp. JR-2017a,GCA_016642145.1
Trypanosomatidae sp. JR-2017a,GCA_016642365.1
Trypanosomatidae sp. JR-2017b,GCA_016643115.1
Undaria pinnatifida,GCA_012845835.1
Undaria pinnatifida,GCA_020975765.1
Uroleptopsis citrina,GCA_001653735.1
Uronychia binucleata,GCA_021441645.1
Uronychia setigera,GCA_021439965.1
Urostyla sp. PUJRC_G1,GCA_001272955.2
Vannella sp.,GCA_023345925.1
Vannella sp.,GCA_023346485.1
Vaucheria bursata,GCA_032358265.1
Veerella sp. RCC6043,GCA_977862215.1
Vermamoeba vermiformis,GCA_020696425.1
Vermamoeba vermiformis,GCA_045837725.1
Vickermania ingenoplastis,GCA_010157825.1
Vickermania spadyakhi,GCA_030849815.1
Vischeria sp. NIBR-HCW20,GCA_056139075.1
Vischeria sp. WL1,GCA_056824635.1
Vitrella brassicaformis,GCA_001179505.1
Wallacemonas collosoma,GCA_030849615.1
Wallacemonas rigidus,GCA_030849045.1
Wallacemonas sp. 195SL,GCA_030849605.1
Wallacemonas sp. MBr04,GCA_030849635.1
Wallacemonas sp. TrypX,GCA_030849625.1
Wallacemonas sp. Wsd,GCA_030849645.1
Willaertia magna,GCA_022496025.1
Willaertia magna,GCA_022496075.1
Willaertia magna,GCA_022496095.1
Willaertia magna,GCA_041937235.1
Willaertia magna,GCA_045837595.1
Willaertia magna,GCA_902984215.1
Zelonia costaricensis,GCA_030849075.1
Zelonia costaricensis,GCA_034640465.1
[Pythium] brassicae (nom. inval.),GCA_008271595.1
uncultured Bacillariales,GCA_937871795.1
uncultured Blastocystis sp.,GCA_935749045.1
uncultured Blastocystis sp.,GCA_935749065.1
uncultured Blastocystis sp.,GCA_935749445.1
uncultured Blastocystis sp.,GCA_935750945.1
uncultured Blastocystis sp.,GCA_935751105.1
uncultured Blastocystis sp.,GCA_935751545.1
uncultured Blastocystis sp.,GCA_935751615.1
uncultured Blastocystis sp.,GCA_935752135.1
uncultured Blastocystis sp.,GCA_935752185.1
uncultured Blastocystis sp.,GCA_935752455.1
uncultured Blastocystis sp.,GCA_935752495.1
uncultured Blastocystis sp.,GCA_935752615.1
uncultured Blastocystis sp.,GCA_935752955.1
uncultured Blastocystis sp.,GCA_935753195.1
uncultured Blastocystis sp.,GCA_944319805.1
uncultured Blastocystis sp.,GCA_944319995.1
uncultured Cafeteriaceae,GCA_964026335.1
uncultured Chrysochromulina,GCA_947538835.1
uncultured Chrysochromulina,GCA_947538845.1
uncultured Cryptomonadales,GCA_947538865.1
uncultured Oligohymenophorea,GCA_947596155.1
uncultured Thalassiosira,GCA_947538825.1
uncultured ciliate,GCA_949319515.1
uncultured ciliate,GCA_949319695.1
uncultured ciliate,GCA_949320135.1
uncultured ciliate,GCA_949320175.1
uncultured ciliate,GCA_949320205.1
uncultured eukaryote,GCA_935750815.1
uncultured eukaryote,GCA_935751465.1
uncultured eukaryote,GCA_935752815.1
uncultured eukaryote,GCA_937872625.1
uncultured eukaryote,GCA_937894295.1
uncultured eukaryote,GCA_947538855.1
uncultured freshwater cryptophyte,GCA_977089945.1
